{"type":"FeatureCollection","features":[{"type":"Feature","properties":{"iso":"CHL","nombre":"CHILE"},"geometry":{"type":"MultiPolygon","coordinates":[[[[-69.51,-17.507],[-69.506,-17.585],[-69.497,-17.621],[-69.476,-17.652],[-69.395,-17.721],[-69.359,-17.759],[-69.334,-17.806],[-69.328,-17.842],[-69.327,-17.915],[-69.318,-17.952],[-69.302,-17.976],[-69.29,-17.977],[-69.278,-17.968],[-69.262,-17.964],[-69.242,-17.987],[-69.235,-17.993],[-69.228,-17.996],[-69.204,-18.001],[-69.174,-18.019],[-69.158,-18.026],[-69.141,-18.031],[-69.12,-18.03],[-69.104,-18.024],[-69.092,-18.023],[-69.082,-18.039],[-69.082,-18.04],[-69.089,-18.083],[-69.126,-18.111],[-69.155,-18.14],[-69.141,-18.187],[-69.111,-18.218],[-69.1,-18.234],[-69.097,-18.258],[-69.097,-18.268],[-69.096,-18.277],[-69.081,-18.319],[-69.079,-18.328],[-69.082,-18.382],[-69.078,-18.399],[-69.042,-18.458],[-69.034,-18.478],[-69.035,-18.501],[-69.042,-18.549],[-69.043,-18.6],[-69.034,-18.649],[-69.01,-18.69],[-69.003,-18.703],[-69.001,-18.716],[-69.003,-18.73],[-69.011,-18.743],[-69.011,-18.744],[-69.011,-18.745],[-69.01,-18.745],[-68.955,-18.857],[-68.951,-18.867],[-68.952,-18.889],[-68.96,-18.908],[-68.99,-18.946],[-68.974,-18.956],[-68.962,-18.969],[-68.943,-19.001],[-68.92,-19.054],[-68.909,-19.068],[-68.895,-19.077],[-68.847,-19.092],[-68.815,-19.113],[-68.721,-19.192],[-68.698,-19.216],[-68.663,-19.274],[-68.636,-19.291],[-68.6,-19.303],[-68.493,-19.377],[-68.473,-19.395],[-68.455,-19.415],[-68.448,-19.435],[-68.456,-19.441],[-68.496,-19.458],[-68.51,-19.472],[-68.532,-19.501],[-68.577,-19.565],[-68.631,-19.642],[-68.649,-19.66],[-68.69,-19.695],[-68.703,-19.716],[-68.705,-19.734],[-68.698,-19.746],[-68.65,-19.782],[-68.619,-19.813],[-68.602,-19.825],[-68.571,-19.838],[-68.561,-19.844],[-68.554,-19.858],[-68.553,-19.865],[-68.552,-19.894],[-68.547,-19.908],[-68.543,-19.914],[-68.542,-19.92],[-68.545,-19.935],[-68.565,-19.981],[-68.566,-20.001],[-68.575,-20.035],[-68.579,-20.045],[-68.588,-20.056],[-68.597,-20.057],[-68.608,-20.054],[-68.622,-20.051],[-68.653,-20.054],[-68.776,-20.09],[-68.793,-20.107],[-68.789,-20.126],[-68.759,-20.144],[-68.726,-20.151],[-68.723,-20.161],[-68.728,-20.19],[-68.729,-20.229],[-68.718,-20.262],[-68.679,-20.329],[-68.735,-20.348],[-68.758,-20.364],[-68.769,-20.391],[-68.765,-20.421],[-68.751,-20.452],[-68.73,-20.479],[-68.708,-20.501],[-68.686,-20.517],[-68.583,-20.563],[-68.536,-20.592],[-68.51,-20.602],[-68.481,-20.625],[-68.482,-20.643],[-68.55,-20.699],[-68.565,-20.72],[-68.573,-20.743],[-68.572,-20.872],[-68.555,-20.914],[-68.532,-20.928],[-68.51,-20.94],[-68.496,-20.942],[-68.454,-20.94],[-68.432,-20.945],[-68.416,-20.96],[-68.208,-21.284],[-68.194,-21.328],[-68.198,-21.572],[-68.191,-21.606],[-68.128,-21.712],[-68.108,-21.79],[-68.096,-21.954],[-68.092,-21.968],[-68.083,-21.98],[-68.059,-22.001],[-68.01,-22.045],[-67.99,-22.058],[-67.973,-22.079],[-67.961,-22.103],[-67.957,-22.125],[-67.961,-22.134],[-67.973,-22.15],[-67.977,-22.16],[-67.973,-22.171],[-67.945,-22.208],[-67.936,-22.232],[-67.935,-22.252],[-67.952,-22.314],[-67.952,-22.334],[-67.945,-22.354],[-67.907,-22.42],[-67.898,-22.441],[-67.89,-22.491],[-67.859,-22.547],[-67.859,-22.567],[-67.891,-22.716],[-67.891,-22.793],[-67.887,-22.819],[-67.876,-22.834],[-67.838,-22.841],[-67.833,-22.84],[-67.811,-22.872],[-67.804,-22.879],[-67.771,-22.889],[-67.617,-22.897],[-67.547,-22.893],[-67.51,-22.886],[-67.194,-22.822],[-67.014,-23.001],[-67.02,-23.032],[-67.037,-23.085],[-67.107,-23.298],[-67.178,-23.51],[-67.248,-23.723],[-67.251,-23.733],[-67.285,-23.834],[-67.318,-23.935],[-67.34,-24.001],[-67.362,-24.03],[-67.412,-24.056],[-67.452,-24.07],[-67.461,-24.073],[-67.481,-24.08],[-67.501,-24.087],[-67.51,-24.09],[-67.635,-24.141],[-67.76,-24.193],[-67.885,-24.244],[-68.01,-24.295],[-68.06,-24.314],[-68.111,-24.334],[-68.161,-24.353],[-68.211,-24.372],[-68.244,-24.385],[-68.262,-24.397],[-68.267,-24.404],[-68.277,-24.432],[-68.314,-24.487],[-68.327,-24.498],[-68.345,-24.5],[-68.362,-24.494],[-68.38,-24.491],[-68.398,-24.501],[-68.438,-24.58],[-68.444,-24.61],[-68.452,-24.629],[-68.463,-24.623],[-68.482,-24.599],[-68.496,-24.602],[-68.504,-24.612],[-68.508,-24.627],[-68.51,-24.641],[-68.521,-24.675],[-68.572,-24.77],[-68.579,-24.792],[-68.578,-24.809],[-68.555,-24.862],[-68.551,-24.869],[-68.542,-24.877],[-68.518,-24.89],[-68.51,-24.896],[-68.49,-24.896],[-68.479,-24.9],[-68.473,-24.908],[-68.466,-24.922],[-68.467,-24.923],[-68.469,-24.927],[-68.47,-24.932],[-68.469,-24.937],[-68.465,-24.941],[-68.454,-24.949],[-68.45,-24.954],[-68.445,-24.962],[-68.44,-24.968],[-68.437,-24.974],[-68.44,-24.984],[-68.444,-25.021],[-68.42,-25.051],[-68.389,-25.078],[-68.367,-25.103],[-68.367,-25.123],[-68.379,-25.137],[-68.399,-25.145],[-68.421,-25.149],[-68.442,-25.148],[-68.458,-25.145],[-68.474,-25.145],[-68.493,-25.156],[-68.496,-25.16],[-68.516,-25.184],[-68.554,-25.291],[-68.606,-25.437],[-68.61,-25.474],[-68.608,-25.493],[-68.603,-25.511],[-68.567,-25.552],[-68.555,-25.573],[-68.569,-25.588],[-68.56,-25.609],[-68.561,-25.635],[-68.559,-25.663],[-68.541,-25.687],[-68.522,-25.706],[-68.508,-25.729],[-68.498,-25.755],[-68.486,-25.837],[-68.417,-26.094],[-68.409,-26.144],[-68.42,-26.179],[-68.546,-26.269],[-68.575,-26.304],[-68.587,-26.338],[-68.594,-26.379],[-68.595,-26.457],[-68.587,-26.508],[-68.57,-26.551],[-68.544,-26.589],[-68.51,-26.629],[-68.32,-26.87],[-68.305,-26.898],[-68.302,-26.927],[-68.307,-26.945],[-68.324,-26.981],[-68.329,-27],[-68.331,-27.012],[-68.328,-27.037],[-68.33,-27.045],[-68.338,-27.046],[-68.366,-27.044],[-68.377,-27.044],[-68.422,-27.062],[-68.443,-27.067],[-68.494,-27.069],[-68.518,-27.077],[-68.54,-27.09],[-68.557,-27.107],[-68.569,-27.13],[-68.575,-27.149],[-68.586,-27.163],[-68.611,-27.166],[-68.649,-27.151],[-68.683,-27.127],[-68.719,-27.107],[-68.764,-27.105],[-68.801,-27.113],[-68.814,-27.12],[-68.829,-27.136],[-68.871,-27.198],[-68.88,-27.221],[-68.881,-27.239],[-68.879,-27.279],[-68.883,-27.295],[-68.931,-27.395],[-68.943,-27.409],[-68.959,-27.421],[-68.994,-27.438],[-69.01,-27.449],[-69.017,-27.46],[-69.021,-27.473],[-69.02,-27.487],[-69.016,-27.5],[-69.019,-27.524],[-69.029,-27.551],[-69.054,-27.6],[-69.063,-27.61],[-69.086,-27.629],[-69.092,-27.64],[-69.093,-27.657],[-69.087,-27.669],[-69.08,-27.682],[-69.076,-27.696],[-69.081,-27.704],[-69.108,-27.716],[-69.118,-27.722],[-69.124,-27.734],[-69.134,-27.772],[-69.173,-27.924],[-69.19,-27.951],[-69.216,-27.969],[-69.275,-27.983],[-69.291,-27.989],[-69.303,-28],[-69.313,-28.015],[-69.314,-28.023],[-69.311,-28.029],[-69.312,-28.037],[-69.331,-28.052],[-69.367,-28.13],[-69.39,-28.162],[-69.412,-28.203],[-69.42,-28.213],[-69.436,-28.209],[-69.456,-28.196],[-69.476,-28.188],[-69.491,-28.198],[-69.501,-28.25],[-69.51,-28.268],[-69.554,-28.318],[-69.607,-28.356],[-69.653,-28.398],[-69.654,-28.401],[-69.672,-28.458],[-69.675,-28.563],[-69.678,-28.574],[-69.685,-28.578],[-69.693,-28.58],[-69.701,-28.584],[-69.722,-28.611],[-69.741,-28.641],[-69.753,-28.673],[-69.756,-28.708],[-69.751,-28.73],[-69.736,-28.772],[-69.733,-28.794],[-69.736,-28.812],[-69.765,-28.859],[-69.767,-28.868],[-69.766,-28.876],[-69.767,-28.884],[-69.773,-28.893],[-69.785,-28.906],[-69.795,-28.921],[-69.803,-28.94],[-69.807,-28.96],[-69.806,-28.98],[-69.802,-29],[-69.796,-29.05],[-69.797,-29.077],[-69.804,-29.099],[-69.822,-29.12],[-69.844,-29.129],[-69.894,-29.137],[-69.911,-29.143],[-69.915,-29.149],[-69.915,-29.156],[-69.922,-29.168],[-69.933,-29.177],[-69.959,-29.192],[-69.975,-29.204],[-69.98,-29.206],[-69.985,-29.208],[-69.989,-29.214],[-69.988,-29.22],[-69.976,-29.233],[-69.975,-29.241],[-69.98,-29.25],[-69.989,-29.257],[-70,-29.263],[-70.01,-29.266],[-70.031,-29.277],[-70.041,-29.298],[-70.044,-29.346],[-70.043,-29.363],[-70.036,-29.377],[-70.027,-29.39],[-70.02,-29.404],[-70.01,-29.456],[-70.002,-29.466],[-69.996,-29.476],[-69.992,-29.488],[-69.968,-29.583],[-69.969,-29.613],[-69.973,-29.643],[-69.973,-29.666],[-69.964,-29.686],[-69.938,-29.705],[-69.929,-29.718],[-69.916,-29.806],[-69.922,-29.94],[-69.928,-29.977],[-69.941,-30.013],[-69.976,-30.059],[-69.98,-30.072],[-69.973,-30.089],[-69.958,-30.093],[-69.919,-30.088],[-69.881,-30.1],[-69.85,-30.127],[-69.836,-30.162],[-69.849,-30.199],[-69.857,-30.205],[-69.877,-30.213],[-69.886,-30.221],[-69.891,-30.229],[-69.894,-30.238],[-69.898,-30.257],[-69.9,-30.294],[-69.903,-30.313],[-69.912,-30.33],[-69.938,-30.356],[-69.965,-30.375],[-69.994,-30.388],[-70.03,-30.397],[-70.064,-30.389],[-70.147,-30.354],[-70.173,-30.365],[-70.174,-30.382],[-70.149,-30.419],[-70.144,-30.44],[-70.151,-30.46],[-70.164,-30.47],[-70.18,-30.477],[-70.197,-30.487],[-70.217,-30.515],[-70.235,-30.592],[-70.251,-30.627],[-70.27,-30.657],[-70.276,-30.673],[-70.28,-30.693],[-70.279,-30.706],[-70.277,-30.716],[-70.276,-30.726],[-70.282,-30.738],[-70.3,-30.758],[-70.305,-30.765],[-70.319,-30.801],[-70.339,-30.938],[-70.335,-30.956],[-70.325,-30.972],[-70.309,-30.988],[-70.28,-31.01],[-70.268,-31.024],[-70.267,-31.036],[-70.278,-31.039],[-70.321,-31.034],[-70.34,-31.042],[-70.362,-31.073],[-70.372,-31.092],[-70.381,-31.122],[-70.393,-31.138],[-70.409,-31.15],[-70.423,-31.154],[-70.436,-31.141],[-70.441,-31.119],[-70.448,-31.098],[-70.468,-31.089],[-70.48,-31.097],[-70.536,-31.173],[-70.541,-31.188],[-70.543,-31.208],[-70.543,-31.247],[-70.547,-31.265],[-70.569,-31.304],[-70.567,-31.323],[-70.56,-31.342],[-70.555,-31.363],[-70.558,-31.382],[-70.575,-31.413],[-70.579,-31.432],[-70.578,-31.469],[-70.581,-31.506],[-70.591,-31.55],[-70.59,-31.568],[-70.58,-31.592],[-70.527,-31.684],[-70.497,-31.715],[-70.486,-31.731],[-70.488,-31.774],[-70.484,-31.798],[-70.475,-31.82],[-70.464,-31.838],[-70.428,-31.87],[-70.394,-31.878],[-70.357,-31.877],[-70.313,-31.882],[-70.296,-31.891],[-70.275,-31.907],[-70.256,-31.926],[-70.244,-31.942],[-70.242,-31.961],[-70.248,-31.975],[-70.258,-31.986],[-70.267,-32.001],[-70.275,-32.038],[-70.285,-32.047],[-70.31,-32.048],[-70.352,-32.033],[-70.373,-32.03],[-70.387,-32.042],[-70.389,-32.053],[-70.385,-32.062],[-70.368,-32.077],[-70.361,-32.086],[-70.359,-32.094],[-70.36,-32.113],[-70.356,-32.123],[-70.339,-32.133],[-70.335,-32.14],[-70.337,-32.149],[-70.344,-32.166],[-70.346,-32.175],[-70.343,-32.187],[-70.331,-32.208],[-70.331,-32.21],[-70.327,-32.22],[-70.327,-32.229],[-70.33,-32.247],[-70.33,-32.256],[-70.322,-32.28],[-70.31,-32.288],[-70.293,-32.291],[-70.269,-32.299],[-70.256,-32.314],[-70.242,-32.33],[-70.245,-32.404],[-70.227,-32.435],[-70.189,-32.454],[-70.172,-32.465],[-70.161,-32.485],[-70.158,-32.506],[-70.16,-32.525],[-70.158,-32.542],[-70.138,-32.569],[-70.147,-32.572],[-70.171,-32.573],[-70.176,-32.58],[-70.179,-32.589],[-70.181,-32.608],[-70.18,-32.63],[-70.156,-32.738],[-70.14,-32.768],[-70.087,-32.823],[-70.054,-32.851],[-70.037,-32.86],[-70.014,-32.868],[-70,-32.877],[-70,-32.889],[-70.017,-32.917],[-70.024,-32.935],[-70.034,-32.977],[-70.042,-32.993],[-70.056,-33.001],[-70.089,-33.008],[-70.103,-33.018],[-70.111,-33.038],[-70.106,-33.053],[-70.105,-33.055],[-70.095,-33.071],[-70.092,-33.092],[-70.11,-33.149],[-70.109,-33.17],[-70.101,-33.187],[-70.086,-33.201],[-70.052,-33.225],[-70.041,-33.239],[-70.01,-33.299],[-69.984,-33.294],[-69.941,-33.243],[-69.905,-33.238],[-69.87,-33.25],[-69.837,-33.266],[-69.814,-33.289],[-69.806,-33.344],[-69.788,-33.379],[-69.787,-33.399],[-69.794,-33.415],[-69.821,-33.443],[-69.831,-33.458],[-69.834,-33.475],[-69.838,-33.521],[-69.841,-33.533],[-69.849,-33.537],[-69.869,-33.543],[-69.875,-33.547],[-69.879,-33.558],[-69.877,-33.567],[-69.874,-33.575],[-69.873,-33.586],[-69.894,-33.643],[-69.895,-33.662],[-69.887,-33.679],[-69.86,-33.711],[-69.86,-33.726],[-69.873,-33.737],[-69.907,-33.76],[-69.914,-33.772],[-69.915,-33.794],[-69.897,-33.871],[-69.899,-33.889],[-69.908,-33.928],[-69.91,-33.956],[-69.9,-33.959],[-69.884,-33.954],[-69.866,-33.958],[-69.856,-33.985],[-69.855,-34.031],[-69.864,-34.108],[-69.868,-34.123],[-69.872,-34.131],[-69.873,-34.14],[-69.869,-34.157],[-69.862,-34.17],[-69.837,-34.209],[-69.829,-34.233],[-69.833,-34.243],[-69.902,-34.269],[-69.905,-34.274],[-69.906,-34.281],[-69.912,-34.285],[-69.947,-34.274],[-69.968,-34.27],[-69.989,-34.269],[-70.04,-34.277],[-70.048,-34.283],[-70.058,-34.291],[-70.065,-34.314],[-70.064,-34.344],[-70.059,-34.373],[-70.059,-34.396],[-70.068,-34.415],[-70.114,-34.447],[-70.128,-34.469],[-70.151,-34.518],[-70.168,-34.538],[-70.209,-34.568],[-70.228,-34.585],[-70.242,-34.619],[-70.252,-34.696],[-70.273,-34.727],[-70.293,-34.737],[-70.309,-34.74],[-70.316,-34.746],[-70.308,-34.763],[-70.293,-34.778],[-70.281,-34.786],[-70.277,-34.798],[-70.354,-34.953],[-70.373,-35.025],[-70.372,-35.027],[-70.369,-35.097],[-70.387,-35.167],[-70.543,-35.209],[-70.579,-35.26],[-70.56,-35.298],[-70.521,-35.31],[-70.475,-35.314],[-70.44,-35.332],[-70.428,-35.357],[-70.441,-35.367],[-70.46,-35.371],[-70.472,-35.379],[-70.469,-35.395],[-70.445,-35.461],[-70.431,-35.478],[-70.416,-35.491],[-70.408,-35.506],[-70.418,-35.548],[-70.412,-35.587],[-70.412,-35.607],[-70.423,-35.644],[-70.422,-35.66],[-70.376,-35.761],[-70.362,-35.783],[-70.357,-35.815],[-70.42,-35.868],[-70.421,-35.904],[-70.412,-35.908],[-70.391,-35.906],[-70.384,-35.913],[-70.385,-35.921],[-70.391,-35.927],[-70.4,-35.933],[-70.405,-35.938],[-70.413,-35.957],[-70.413,-35.969],[-70.384,-36.031],[-70.38,-36.046],[-70.387,-36.059],[-70.404,-36.074],[-70.411,-36.084],[-70.423,-36.117],[-70.431,-36.129],[-70.435,-36.136],[-70.451,-36.152],[-70.471,-36.162],[-70.499,-36.164],[-70.545,-36.143],[-70.568,-36.139],[-70.581,-36.143],[-70.588,-36.15],[-70.598,-36.17],[-70.6,-36.175],[-70.601,-36.188],[-70.604,-36.195],[-70.609,-36.198],[-70.62,-36.202],[-70.625,-36.205],[-70.662,-36.245],[-70.675,-36.252],[-70.694,-36.257],[-70.703,-36.26],[-70.711,-36.266],[-70.715,-36.275],[-70.714,-36.284],[-70.712,-36.292],[-70.713,-36.3],[-70.73,-36.325],[-70.732,-36.334],[-70.729,-36.347],[-70.714,-36.368],[-70.709,-36.38],[-70.709,-36.403],[-70.719,-36.415],[-70.807,-36.433],[-70.814,-36.43],[-70.82,-36.425],[-70.829,-36.42],[-70.869,-36.405],[-70.89,-36.4],[-70.908,-36.405],[-70.916,-36.419],[-70.923,-36.457],[-70.935,-36.473],[-70.953,-36.482],[-70.971,-36.485],[-70.99,-36.483],[-71.01,-36.478],[-71.028,-36.481],[-71.043,-36.484],[-71.061,-36.52],[-71.069,-36.566],[-71.07,-36.604],[-71.055,-36.671],[-71.057,-36.688],[-71.073,-36.697],[-71.091,-36.689],[-71.11,-36.679],[-71.13,-36.677],[-71.145,-36.688],[-71.149,-36.704],[-71.147,-36.741],[-71.152,-36.76],[-71.177,-36.815],[-71.182,-36.822],[-71.189,-36.83],[-71.195,-36.839],[-71.197,-36.848],[-71.192,-36.858],[-71.183,-36.863],[-71.173,-36.866],[-71.165,-36.872],[-71.159,-36.883],[-71.159,-36.887],[-71.161,-36.89],[-71.161,-36.899],[-71.164,-36.906],[-71.169,-36.914],[-71.169,-36.922],[-71.14,-36.938],[-71.136,-36.951],[-71.143,-36.965],[-71.161,-36.975],[-71.181,-36.975],[-71.201,-36.971],[-71.207,-36.972],[-71.187,-36.987],[-71.156,-37.003],[-71.149,-37.014],[-71.14,-37.062],[-71.127,-37.078],[-71.089,-37.103],[-71.125,-37.12],[-71.139,-37.133],[-71.148,-37.155],[-71.148,-37.176],[-71.145,-37.195],[-71.146,-37.215],[-71.158,-37.236],[-71.197,-37.275],[-71.206,-37.293],[-71.205,-37.315],[-71.195,-37.344],[-71.168,-37.392],[-71.136,-37.425],[-71.123,-37.443],[-71.118,-37.466],[-71.121,-37.486],[-71.136,-37.524],[-71.142,-37.544],[-71.14,-37.555],[-71.127,-37.573],[-71.128,-37.584],[-71.133,-37.591],[-71.157,-37.603],[-71.172,-37.614],[-71.184,-37.626],[-71.191,-37.64],[-71.192,-37.661],[-71.185,-37.706],[-71.133,-37.838],[-71.095,-37.897],[-71.088,-37.94],[-71.061,-37.978],[-71.052,-37.999],[-71.046,-38.02],[-71.037,-38.037],[-71.01,-38.066],[-71.007,-38.071],[-71.007,-38.077],[-71.007,-38.082],[-71.01,-38.088],[-71.024,-38.105],[-71.023,-38.123],[-71.016,-38.144],[-71.01,-38.162],[-71.009,-38.165],[-71.009,-38.168],[-71.009,-38.17],[-71.018,-38.204],[-71.02,-38.234],[-71.017,-38.265],[-70.974,-38.425],[-70.95,-38.459],[-70.917,-38.483],[-70.88,-38.503],[-70.849,-38.528],[-70.834,-38.564],[-70.838,-38.584],[-70.848,-38.6],[-70.873,-38.628],[-70.883,-38.643],[-70.885,-38.649],[-70.886,-38.661],[-70.883,-38.669],[-70.877,-38.675],[-70.872,-38.682],[-70.874,-38.691],[-70.879,-38.695],[-70.91,-38.706],[-70.915,-38.712],[-70.929,-38.736],[-70.945,-38.747],[-70.967,-38.751],[-71.01,-38.746],[-71.048,-38.747],[-71.079,-38.757],[-71.137,-38.792],[-71.153,-38.799],[-71.228,-38.809],[-71.236,-38.812],[-71.241,-38.818],[-71.254,-38.833],[-71.28,-38.85],[-71.371,-38.888],[-71.4,-38.911],[-71.416,-38.935],[-71.43,-38.999],[-71.431,-39.026],[-71.413,-39.101],[-71.402,-39.236],[-71.412,-39.318],[-71.42,-39.342],[-71.439,-39.356],[-71.461,-39.367],[-71.477,-39.383],[-71.478,-39.402],[-71.462,-39.434],[-71.47,-39.449],[-71.482,-39.461],[-71.501,-39.488],[-71.516,-39.501],[-71.542,-39.532],[-71.496,-39.566],[-71.504,-39.602],[-71.52,-39.615],[-71.537,-39.616],[-71.555,-39.613],[-71.576,-39.615],[-71.601,-39.62],[-71.618,-39.617],[-71.632,-39.608],[-71.641,-39.6],[-71.677,-39.568],[-71.69,-39.568],[-71.705,-39.584],[-71.714,-39.601],[-71.719,-39.623],[-71.716,-39.645],[-71.694,-39.673],[-71.699,-39.69],[-71.709,-39.708],[-71.714,-39.726],[-71.71,-39.747],[-71.692,-39.79],[-71.687,-39.812],[-71.685,-39.833],[-71.679,-39.848],[-71.669,-39.859],[-71.635,-39.884],[-71.621,-39.895],[-71.617,-39.91],[-71.625,-39.931],[-71.662,-39.995],[-71.667,-40.001],[-71.674,-40.004],[-71.681,-40.009],[-71.683,-40.018],[-71.681,-40.029],[-71.673,-40.05],[-71.671,-40.061],[-71.684,-40.099],[-71.722,-40.094],[-71.767,-40.077],[-71.801,-40.08],[-71.814,-40.093],[-71.815,-40.1],[-71.807,-40.108],[-71.803,-40.116],[-71.805,-40.125],[-71.809,-40.134],[-71.816,-40.164],[-71.817,-40.175],[-71.812,-40.185],[-71.814,-40.188],[-71.822,-40.203],[-71.824,-40.21],[-71.816,-40.227],[-71.802,-40.242],[-71.771,-40.267],[-71.75,-40.292],[-71.743,-40.297],[-71.73,-40.299],[-71.726,-40.295],[-71.724,-40.29],[-71.718,-40.286],[-71.705,-40.282],[-71.699,-40.283],[-71.687,-40.289],[-71.679,-40.295],[-71.675,-40.304],[-71.674,-40.314],[-71.674,-40.324],[-71.678,-40.34],[-71.719,-40.413],[-71.729,-40.421],[-71.742,-40.421],[-71.785,-40.411],[-71.796,-40.415],[-71.804,-40.426],[-71.841,-40.516],[-71.859,-40.542],[-71.862,-40.55],[-71.861,-40.559],[-71.851,-40.57],[-71.848,-40.58],[-71.853,-40.616],[-71.873,-40.647],[-71.95,-40.709],[-71.956,-40.72],[-71.921,-40.828],[-71.911,-40.85],[-71.871,-40.896],[-71.86,-40.913],[-71.851,-40.938],[-71.851,-40.958],[-71.868,-40.999],[-71.867,-41.01],[-71.867,-41.02],[-71.853,-41.057],[-71.854,-41.079],[-71.863,-41.115],[-71.866,-41.15],[-71.871,-41.167],[-71.881,-41.173],[-71.889,-41.18],[-71.888,-41.2],[-71.876,-41.234],[-71.873,-41.249],[-71.878,-41.27],[-71.902,-41.336],[-71.904,-41.368],[-71.892,-41.405],[-71.884,-41.423],[-71.88,-41.437],[-71.879,-41.451],[-71.881,-41.47],[-71.889,-41.5],[-71.888,-41.513],[-71.881,-41.53],[-71.868,-41.545],[-71.857,-41.556],[-71.853,-41.567],[-71.863,-41.584],[-71.878,-41.595],[-71.912,-41.61],[-71.926,-41.623],[-71.926,-41.653],[-71.869,-41.716],[-71.859,-41.749],[-71.857,-41.786],[-71.839,-41.813],[-71.815,-41.838],[-71.794,-41.867],[-71.774,-41.939],[-71.775,-41.956],[-71.78,-41.972],[-71.781,-41.986],[-71.769,-42],[-71.763,-42.007],[-71.744,-42.024],[-71.74,-42.032],[-71.736,-42.084],[-71.749,-42.104],[-71.773,-42.12],[-71.801,-42.13],[-71.872,-42.14],[-71.884,-42.144],[-71.894,-42.153],[-71.901,-42.163],[-71.909,-42.172],[-71.924,-42.177],[-71.948,-42.167],[-71.961,-42.145],[-71.977,-42.125],[-72.01,-42.125],[-72.04,-42.145],[-72.051,-42.17],[-72.059,-42.198],[-72.077,-42.221],[-72.103,-42.241],[-72.125,-42.263],[-72.134,-42.288],[-72.122,-42.313],[-72.07,-42.35],[-72.061,-42.369],[-72.077,-42.423],[-72.075,-42.434],[-72.046,-42.47],[-72.039,-42.481],[-72.042,-42.491],[-72.093,-42.511],[-72.123,-42.53],[-72.143,-42.557],[-72.148,-42.593],[-72.145,-42.6],[-72.135,-42.615],[-72.132,-42.624],[-72.132,-42.632],[-72.141,-42.656],[-72.14,-42.67],[-72.126,-42.704],[-72.121,-42.72],[-72.113,-42.864],[-72.119,-42.899],[-72.142,-42.964],[-72.149,-42.999],[-72.129,-43.042],[-72.096,-43.079],[-72.054,-43.105],[-72.01,-43.12],[-71.862,-43.133],[-71.77,-43.161],[-71.75,-43.172],[-71.743,-43.19],[-71.746,-43.199],[-71.755,-43.216],[-71.758,-43.225],[-71.757,-43.235],[-71.751,-43.251],[-71.75,-43.259],[-71.748,-43.277],[-71.751,-43.295],[-71.761,-43.307],[-71.805,-43.3],[-71.824,-43.303],[-71.864,-43.318],[-71.889,-43.319],[-71.902,-43.322],[-71.907,-43.33],[-71.909,-43.36],[-71.912,-43.368],[-71.92,-43.374],[-71.927,-43.378],[-71.935,-43.383],[-71.941,-43.392],[-71.941,-43.398],[-71.937,-43.427],[-71.942,-43.434],[-71.951,-43.439],[-71.955,-43.444],[-71.947,-43.453],[-71.937,-43.457],[-71.927,-43.455],[-71.917,-43.451],[-71.906,-43.449],[-71.886,-43.453],[-71.869,-43.463],[-71.858,-43.477],[-71.859,-43.499],[-71.878,-43.519],[-71.882,-43.524],[-71.874,-43.539],[-71.851,-43.543],[-71.823,-43.542],[-71.801,-43.544],[-71.79,-43.549],[-71.783,-43.555],[-71.779,-43.561],[-71.773,-43.567],[-71.766,-43.572],[-71.724,-43.595],[-71.714,-43.602],[-71.711,-43.614],[-71.704,-43.672],[-71.709,-43.684],[-71.726,-43.697],[-71.744,-43.705],[-71.786,-43.717],[-71.803,-43.726],[-71.813,-43.739],[-71.819,-43.758],[-71.815,-43.774],[-71.797,-43.781],[-71.776,-43.776],[-71.762,-43.769],[-71.755,-43.771],[-71.753,-43.794],[-71.756,-43.803],[-71.761,-43.81],[-71.764,-43.817],[-71.762,-43.828],[-71.756,-43.835],[-71.737,-43.842],[-71.729,-43.846],[-71.716,-43.859],[-71.66,-43.926],[-71.659,-43.94],[-71.67,-43.96],[-71.745,-44.045],[-71.762,-44.064],[-71.796,-44.086],[-71.835,-44.094],[-71.859,-44.108],[-71.844,-44.145],[-71.812,-44.188],[-71.805,-44.205],[-71.806,-44.223],[-71.828,-44.252],[-71.832,-44.27],[-71.824,-44.287],[-71.812,-44.301],[-71.804,-44.315],[-71.81,-44.334],[-71.825,-44.341],[-71.848,-44.348],[-71.864,-44.359],[-71.861,-44.377],[-71.822,-44.403],[-71.781,-44.403],[-71.738,-44.393],[-71.694,-44.393],[-71.643,-44.403],[-71.438,-44.402],[-71.287,-44.423],[-71.235,-44.424],[-71.21,-44.428],[-71.186,-44.438],[-71.171,-44.452],[-71.166,-44.466],[-71.163,-44.481],[-71.155,-44.499],[-71.143,-44.512],[-71.131,-44.52],[-71.123,-44.53],[-71.122,-44.549],[-71.132,-44.571],[-71.147,-44.581],[-71.167,-44.584],[-71.189,-44.585],[-71.199,-44.592],[-71.213,-44.607],[-71.235,-44.639],[-71.241,-44.658],[-71.239,-44.674],[-71.231,-44.71],[-71.238,-44.748],[-71.263,-44.777],[-71.298,-44.796],[-71.336,-44.802],[-71.379,-44.792],[-71.457,-44.752],[-71.497,-44.743],[-71.54,-44.75],[-71.631,-44.78],[-71.673,-44.779],[-71.74,-44.758],[-71.763,-44.754],[-71.787,-44.757],[-71.801,-44.767],[-71.813,-44.779],[-71.831,-44.788],[-71.855,-44.791],[-71.988,-44.772],[-72.01,-44.766],[-72.048,-44.755],[-72.076,-44.761],[-72.089,-44.783],[-72.074,-44.837],[-72.075,-44.853],[-72.081,-44.887],[-72.074,-44.902],[-72.053,-44.907],[-72.01,-44.905],[-71.97,-44.915],[-71.929,-44.934],[-71.889,-44.947],[-71.85,-44.943],[-71.828,-44.935],[-71.806,-44.929],[-71.782,-44.927],[-71.76,-44.932],[-71.745,-44.941],[-71.719,-44.964],[-71.702,-44.974],[-71.662,-44.979],[-71.624,-44.975],[-71.589,-44.978],[-71.555,-45.006],[-71.515,-45.066],[-71.497,-45.112],[-71.487,-45.123],[-71.449,-45.159],[-71.395,-45.186],[-71.363,-45.209],[-71.339,-45.234],[-71.317,-45.267],[-71.312,-45.299],[-71.334,-45.323],[-71.351,-45.333],[-71.374,-45.359],[-71.389,-45.371],[-71.408,-45.379],[-71.508,-45.408],[-71.51,-45.418],[-71.502,-45.439],[-71.481,-45.468],[-71.478,-45.483],[-71.489,-45.499],[-71.526,-45.519],[-71.562,-45.524],[-71.639,-45.52],[-71.672,-45.524],[-71.714,-45.533],[-71.75,-45.549],[-71.765,-45.572],[-71.762,-45.576],[-71.747,-45.587],[-71.743,-45.594],[-71.745,-45.601],[-71.752,-45.607],[-71.759,-45.612],[-71.765,-45.617],[-71.782,-45.642],[-71.786,-45.653],[-71.788,-45.669],[-71.786,-45.677],[-71.783,-45.683],[-71.78,-45.689],[-71.784,-45.699],[-71.8,-45.717],[-71.802,-45.724],[-71.799,-45.74],[-71.789,-45.751],[-71.763,-45.769],[-71.749,-45.787],[-71.751,-45.802],[-71.76,-45.816],[-71.765,-45.831],[-71.758,-45.848],[-71.743,-45.858],[-71.701,-45.869],[-71.666,-45.884],[-71.641,-45.906],[-71.624,-45.934],[-71.612,-45.971],[-71.649,-45.999],[-71.723,-46.058],[-71.735,-46.071],[-71.756,-46.101],[-71.77,-46.113],[-71.792,-46.122],[-71.816,-46.127],[-71.891,-46.133],[-71.904,-46.136],[-71.913,-46.142],[-71.915,-46.152],[-71.909,-46.157],[-71.9,-46.159],[-71.891,-46.163],[-71.843,-46.196],[-71.783,-46.225],[-71.763,-46.245],[-71.759,-46.273],[-71.763,-46.319],[-71.762,-46.358],[-71.752,-46.393],[-71.685,-46.519],[-71.681,-46.538],[-71.686,-46.554],[-71.693,-46.569],[-71.696,-46.587],[-71.68,-46.66],[-71.687,-46.69],[-71.72,-46.716],[-71.776,-46.738],[-71.793,-46.751],[-71.82,-46.779],[-71.834,-46.789],[-71.856,-46.794],[-71.907,-46.795],[-71.934,-46.8],[-71.95,-46.814],[-71.951,-46.824],[-71.946,-46.831],[-71.94,-46.838],[-71.935,-46.846],[-71.936,-46.854],[-71.942,-46.861],[-71.949,-46.868],[-71.953,-46.875],[-71.97,-46.934],[-71.97,-46.948],[-71.96,-46.962],[-71.927,-46.984],[-71.915,-46.998],[-71.935,-47.014],[-72,-47.042],[-72.005,-47.062],[-71.984,-47.081],[-71.92,-47.107],[-71.893,-47.121],[-71.874,-47.143],[-71.863,-47.169],[-71.863,-47.197],[-71.881,-47.222],[-71.913,-47.235],[-71.946,-47.228],[-72.01,-47.198],[-72.03,-47.198],[-72.041,-47.204],[-72.045,-47.216],[-72.043,-47.233],[-72.037,-47.25],[-72.031,-47.26],[-72.029,-47.27],[-72.038,-47.287],[-72.058,-47.312],[-72.145,-47.382],[-72.171,-47.408],[-72.187,-47.417],[-72.209,-47.42],[-72.263,-47.414],[-72.288,-47.415],[-72.329,-47.426],[-72.347,-47.436],[-72.361,-47.451],[-72.37,-47.475],[-72.358,-47.483],[-72.338,-47.488],[-72.321,-47.498],[-72.32,-47.512],[-72.338,-47.566],[-72.34,-47.585],[-72.344,-47.602],[-72.352,-47.618],[-72.363,-47.635],[-72.457,-47.749],[-72.474,-47.783],[-72.5,-47.853],[-72.524,-47.883],[-72.544,-47.915],[-72.535,-47.946],[-72.509,-47.973],[-72.477,-47.994],[-72.456,-48.001],[-72.437,-48.004],[-72.419,-48.01],[-72.403,-48.024],[-72.399,-48.033],[-72.398,-48.042],[-72.395,-48.051],[-72.388,-48.058],[-72.377,-48.062],[-72.343,-48.07],[-72.333,-48.091],[-72.31,-48.211],[-72.312,-48.231],[-72.324,-48.269],[-72.326,-48.286],[-72.318,-48.299],[-72.304,-48.316],[-72.295,-48.333],[-72.302,-48.348],[-72.315,-48.35],[-72.345,-48.344],[-72.359,-48.343],[-72.371,-48.346],[-72.377,-48.35],[-72.389,-48.364],[-72.417,-48.391],[-72.433,-48.4],[-72.496,-48.415],[-72.538,-48.431],[-72.577,-48.452],[-72.615,-48.51],[-72.607,-48.561],[-72.584,-48.616],[-72.578,-48.722],[-72.582,-48.761],[-72.592,-48.791],[-72.619,-48.82],[-72.672,-48.863],[-72.743,-48.914],[-72.781,-48.934],[-72.825,-48.945],[-72.922,-48.952],[-72.97,-48.964],[-73.01,-48.99],[-73.017,-48.998],[-73.018,-48.998],[-73.079,-49.059],[-73.092,-49.081],[-73.095,-49.096],[-73.095,-49.109],[-73.097,-49.121],[-73.107,-49.135],[-73.171,-49.189],[-73.184,-49.214],[-73.183,-49.239],[-73.17,-49.251],[-73.163,-49.258],[-73.098,-49.267],[-73.098,-49.273],[-73.131,-49.279],[-73.141,-49.286],[-73.145,-49.304],[-73.458,-49.308],[-73.471,-49.317],[-73.47,-49.342],[-73.462,-49.375],[-73.467,-49.388],[-73.484,-49.401],[-73.522,-49.417],[-73.54,-49.428],[-73.551,-49.444],[-73.551,-49.463],[-73.544,-49.478],[-73.543,-49.491],[-73.556,-49.508],[-73.587,-49.53],[-73.588,-49.541],[-73.576,-49.559],[-73.562,-49.572],[-73.533,-49.594],[-73.521,-49.609],[-73.518,-49.628],[-73.528,-49.644],[-73.541,-49.659],[-73.546,-49.677],[-73.54,-49.693],[-73.525,-49.706],[-73.496,-49.725],[-73.493,-49.728],[-73.465,-49.76],[-73.463,-49.787],[-73.482,-49.812],[-73.534,-49.848],[-73.539,-49.862],[-73.538,-49.877],[-73.542,-49.895],[-73.554,-49.908],[-73.568,-49.92],[-73.573,-49.932],[-73.554,-49.947],[-73.5,-49.979],[-73.487,-49.991],[-73.479,-50.009],[-73.481,-50.023],[-73.532,-50.083],[-73.541,-50.114],[-73.531,-50.141],[-73.406,-50.217],[-73.365,-50.232],[-73.346,-50.244],[-73.323,-50.268],[-73.301,-50.3],[-73.284,-50.333],[-73.274,-50.364],[-73.273,-50.385],[-73.276,-50.426],[-73.274,-50.445],[-73.262,-50.499],[-73.262,-50.557],[-73.258,-50.573],[-73.245,-50.589],[-73.203,-50.626],[-73.192,-50.641],[-73.185,-50.678],[-73.187,-50.717],[-73.178,-50.749],[-73.139,-50.77],[-73.096,-50.771],[-73.052,-50.758],[-73.01,-50.736],[-72.938,-50.685],[-72.903,-50.667],[-72.778,-50.62],[-72.756,-50.616],[-72.734,-50.624],[-72.683,-50.66],[-72.663,-50.668],[-72.618,-50.667],[-72.549,-50.615],[-72.506,-50.601],[-72.383,-50.62],[-72.345,-50.637],[-72.322,-50.642],[-72.303,-50.649],[-72.305,-50.665],[-72.341,-50.715],[-72.348,-50.729],[-72.347,-50.743],[-72.338,-50.761],[-72.311,-50.789],[-72.284,-50.811],[-72.263,-50.836],[-72.257,-50.875],[-72.266,-50.961],[-72.277,-51.007],[-72.293,-51.029],[-72.322,-51.033],[-72.339,-51.037],[-72.351,-51.047],[-72.368,-51.067],[-72.397,-51.092],[-72.405,-51.106],[-72.403,-51.126],[-72.382,-51.161],[-72.349,-51.184],[-72.274,-51.217],[-72.258,-51.231],[-72.259,-51.245],[-72.27,-51.26],[-72.313,-51.298],[-72.32,-51.313],[-72.323,-51.334],[-72.324,-51.391],[-72.329,-51.409],[-72.334,-51.416],[-72.342,-51.423],[-72.348,-51.431],[-72.352,-51.44],[-72.351,-51.449],[-72.349,-51.459],[-72.348,-51.468],[-72.351,-51.476],[-72.422,-51.522],[-72.45,-51.553],[-72.429,-51.576],[-72.402,-51.58],[-72.376,-51.58],[-72.352,-51.583],[-72.331,-51.599],[-72.323,-51.616],[-72.314,-51.672],[-72.301,-51.691],[-72.281,-51.701],[-72.187,-51.721],[-72.142,-51.739],[-72.073,-51.779],[-72.01,-51.828],[-71.982,-51.845],[-71.958,-51.868],[-71.948,-51.896],[-71.96,-51.928],[-71.965,-51.971],[-71.918,-51.99],[-71.838,-51.991],[-71.612,-51.993],[-71.387,-51.995],[-71.161,-51.997],[-70.936,-51.999],[-70.71,-52.001],[-70.485,-52.003],[-70.259,-52.005],[-70.034,-52.007],[-69.953,-52.007],[-69.833,-52.039],[-69.664,-52.085],[-69.485,-52.132],[-69.212,-52.138],[-69.008,-52.179],[-68.859,-52.233],[-68.82,-52.243],[-68.622,-52.264],[-68.604,-52.268],[-68.573,-52.28],[-68.557,-52.284],[-68.478,-52.295],[-68.454,-52.3],[-68.448,-52.31],[-68.449,-52.347],[-68.472,-52.337],[-68.565,-52.341],[-68.713,-52.307],[-68.782,-52.313],[-68.822,-52.304],[-68.898,-52.304],[-68.947,-52.287],[-68.966,-52.284],[-69.008,-52.267],[-69.086,-52.225],[-69.13,-52.208],[-69.185,-52.199],[-69.235,-52.203],[-69.346,-52.245],[-69.403,-52.246],[-69.442,-52.252],[-69.452,-52.26],[-69.471,-52.273],[-69.48,-52.284],[-69.482,-52.29],[-69.489,-52.366],[-69.497,-52.385],[-69.517,-52.393],[-69.545,-52.399],[-69.555,-52.415],[-69.557,-52.435],[-69.562,-52.454],[-69.575,-52.468],[-69.616,-52.488],[-69.634,-52.499],[-69.655,-52.515],[-69.672,-52.531],[-69.716,-52.535],[-69.78,-52.523],[-69.812,-52.506],[-69.829,-52.492],[-69.847,-52.487],[-69.872,-52.496],[-69.912,-52.51],[-69.946,-52.531],[-70.083,-52.575],[-70.152,-52.587],[-70.18,-52.603],[-70.199,-52.622],[-70.208,-52.651],[-70.242,-52.639],[-70.275,-52.639],[-70.292,-52.635],[-70.322,-52.638],[-70.331,-52.645],[-70.333,-52.66],[-70.366,-52.656],[-70.384,-52.671],[-70.518,-52.723],[-70.548,-52.723],[-70.55,-52.703],[-70.524,-52.688],[-70.502,-52.677],[-70.506,-52.661],[-70.526,-52.66],[-70.546,-52.667],[-70.568,-52.669],[-70.583,-52.672],[-70.592,-52.688],[-70.57,-52.702],[-70.587,-52.714],[-70.608,-52.705],[-70.633,-52.708],[-70.659,-52.721],[-70.684,-52.725],[-70.698,-52.739],[-70.716,-52.737],[-70.716,-52.723],[-70.723,-52.704],[-70.734,-52.701],[-70.744,-52.708],[-70.755,-52.717],[-70.764,-52.721],[-70.807,-52.728],[-70.823,-52.728],[-70.834,-52.725],[-70.843,-52.721],[-70.852,-52.718],[-70.864,-52.721],[-70.857,-52.734],[-70.847,-52.737],[-70.835,-52.738],[-70.806,-52.748],[-70.802,-52.749],[-70.801,-52.753],[-70.803,-52.766],[-70.802,-52.77],[-70.791,-52.776],[-70.785,-52.776],[-70.777,-52.775],[-70.743,-52.778],[-70.739,-52.784],[-70.748,-52.797],[-70.756,-52.801],[-70.795,-52.811],[-70.806,-52.817],[-70.812,-52.821],[-70.823,-52.838],[-70.827,-52.847],[-70.832,-52.866],[-70.837,-52.873],[-70.841,-52.903],[-70.86,-52.902],[-70.878,-52.901],[-70.889,-52.914],[-70.861,-52.917],[-70.836,-52.921],[-70.81,-52.927],[-70.809,-52.942],[-70.809,-52.962],[-70.812,-52.979],[-70.817,-52.992],[-70.866,-53.05],[-70.871,-53.061],[-70.875,-53.089],[-70.887,-53.114],[-70.939,-53.177],[-70.951,-53.198],[-70.958,-53.223],[-70.959,-53.303],[-70.964,-53.327],[-70.987,-53.364],[-70.993,-53.383],[-70.995,-53.404],[-70.993,-53.427],[-70.983,-53.468],[-70.95,-53.547],[-70.939,-53.592],[-70.94,-53.614],[-70.946,-53.639],[-70.956,-53.659],[-70.97,-53.668],[-70.979,-53.679],[-70.978,-53.705],[-70.974,-53.735],[-70.974,-53.756],[-70.996,-53.787],[-71.034,-53.81],[-71.229,-53.875],[-71.285,-53.886],[-71.336,-53.88],[-71.43,-53.842],[-71.48,-53.829],[-71.645,-53.824],[-71.72,-53.798],[-71.73,-53.792],[-71.745,-53.781],[-71.754,-53.777],[-71.816,-53.76],[-71.838,-53.746],[-71.848,-53.742],[-71.865,-53.733],[-71.874,-53.697],[-71.892,-53.694],[-71.902,-53.702],[-71.917,-53.724],[-71.929,-53.729],[-71.943,-53.724],[-71.962,-53.706],[-71.977,-53.697],[-71.992,-53.678],[-72.001,-53.674],[-72.016,-53.676],[-72.018,-53.681],[-72.017,-53.687],[-72.022,-53.694],[-72.042,-53.707],[-72.053,-53.707],[-72.066,-53.698],[-72.077,-53.692],[-72.104,-53.689],[-72.114,-53.684],[-72.187,-53.626],[-72.228,-53.6],[-72.252,-53.589],[-72.284,-53.581],[-72.288,-53.572],[-72.291,-53.561],[-72.297,-53.551],[-72.307,-53.545],[-72.326,-53.537],[-72.337,-53.531],[-72.389,-53.485],[-72.398,-53.479],[-72.406,-53.459],[-72.444,-53.421],[-72.453,-53.407],[-72.445,-53.386],[-72.423,-53.373],[-72.406,-53.362],[-72.416,-53.342],[-72.423,-53.332],[-72.423,-53.324],[-72.419,-53.317],[-72.412,-53.311],[-72.41,-53.311],[-72.392,-53.304],[-72.301,-53.249],[-72.282,-53.243],[-72.159,-53.256],[-72.137,-53.255],[-72.115,-53.257],[-72.097,-53.268],[-72.08,-53.329],[-72.077,-53.35],[-72.083,-53.372],[-72.091,-53.383],[-72.1,-53.39],[-72.11,-53.391],[-72.136,-53.371],[-72.143,-53.376],[-72.149,-53.397],[-72.169,-53.412],[-72.218,-53.424],[-72.242,-53.435],[-72.211,-53.442],[-72.182,-53.438],[-72.154,-53.431],[-72.105,-53.426],[-72.093,-53.423],[-72.07,-53.407],[-72.056,-53.394],[-72.049,-53.39],[-72.042,-53.39],[-72.023,-53.395],[-72.015,-53.393],[-72.004,-53.35],[-72.018,-53.296],[-72.022,-53.247],[-71.981,-53.222],[-71.965,-53.223],[-71.939,-53.233],[-71.926,-53.235],[-71.914,-53.233],[-71.893,-53.224],[-71.882,-53.222],[-71.856,-53.225],[-71.842,-53.235],[-71.835,-53.252],[-71.818,-53.342],[-71.817,-53.362],[-71.811,-53.379],[-71.798,-53.398],[-71.788,-53.419],[-71.789,-53.441],[-71.803,-53.457],[-71.828,-53.472],[-71.855,-53.484],[-71.875,-53.489],[-71.901,-53.492],[-71.967,-53.517],[-71.994,-53.522],[-72.004,-53.528],[-72.008,-53.541],[-72.008,-53.554],[-72.005,-53.562],[-71.998,-53.564],[-71.984,-53.565],[-71.963,-53.56],[-71.92,-53.538],[-71.898,-53.531],[-71.842,-53.526],[-71.814,-53.521],[-71.793,-53.506],[-71.76,-53.472],[-71.754,-53.462],[-71.755,-53.451],[-71.765,-53.432],[-71.769,-53.421],[-71.762,-53.399],[-71.761,-53.385],[-71.765,-53.379],[-71.768,-53.374],[-71.776,-53.342],[-71.773,-53.319],[-71.742,-53.223],[-71.729,-53.212],[-71.692,-53.207],[-71.679,-53.203],[-71.672,-53.201],[-71.645,-53.201],[-71.63,-53.198],[-71.621,-53.194],[-71.585,-53.167],[-71.573,-53.162],[-71.544,-53.158],[-71.48,-53.136],[-71.467,-53.133],[-71.42,-53.134],[-71.405,-53.133],[-71.383,-53.126],[-71.36,-53.116],[-71.339,-53.103],[-71.32,-53.088],[-71.312,-53.079],[-71.298,-53.055],[-71.289,-53.044],[-71.279,-53.037],[-71.262,-53.026],[-71.254,-53.017],[-71.248,-52.998],[-71.243,-52.975],[-71.235,-52.956],[-71.199,-52.924],[-71.172,-52.931],[-71.119,-52.92],[-71.12,-52.88],[-71.149,-52.843],[-71.169,-52.813],[-71.21,-52.816],[-71.249,-52.789],[-71.309,-52.806],[-71.352,-52.807],[-71.369,-52.784],[-71.381,-52.768],[-71.399,-52.728],[-71.402,-52.751],[-71.402,-52.77],[-71.404,-52.789],[-71.4,-52.821],[-71.399,-52.832],[-71.421,-52.837],[-71.447,-52.83],[-71.468,-52.826],[-71.484,-52.825],[-71.491,-52.828],[-71.501,-52.839],[-71.506,-52.843],[-71.511,-52.845],[-71.531,-52.867],[-71.577,-52.89],[-71.612,-52.893],[-71.642,-52.916],[-71.667,-52.917],[-71.705,-52.934],[-71.736,-52.942],[-71.778,-52.967],[-71.839,-52.983],[-71.863,-53.002],[-71.906,-53.011],[-71.923,-53.034],[-71.995,-53.091],[-72.014,-53.119],[-72.022,-53.125],[-72.033,-53.126],[-72.046,-53.123],[-72.06,-53.122],[-72.086,-53.134],[-72.102,-53.133],[-72.117,-53.129],[-72.137,-53.116],[-72.156,-53.107],[-72.165,-53.099],[-72.173,-53.091],[-72.184,-53.074],[-72.193,-53.065],[-72.204,-53.055],[-72.215,-53.049],[-72.227,-53.045],[-72.254,-53.042],[-72.276,-53.032],[-72.286,-53.03],[-72.314,-53.033],[-72.307,-53.043],[-72.285,-53.056],[-72.269,-53.071],[-72.288,-53.072],[-72.308,-53.069],[-72.364,-53.052],[-72.38,-53.05],[-72.495,-53.056],[-72.535,-53.065],[-72.563,-53.079],[-72.543,-53.086],[-72.52,-53.082],[-72.497,-53.075],[-72.474,-53.071],[-72.433,-53.083],[-72.413,-53.085],[-72.395,-53.075],[-72.367,-53.068],[-72.322,-53.132],[-72.227,-53.15],[-72.21,-53.157],[-72.197,-53.17],[-72.191,-53.181],[-72.194,-53.191],[-72.206,-53.201],[-72.226,-53.206],[-72.253,-53.207],[-72.279,-53.202],[-72.299,-53.183],[-72.32,-53.18],[-72.365,-53.181],[-72.365,-53.188],[-72.328,-53.191],[-72.316,-53.207],[-72.328,-53.221],[-72.365,-53.222],[-72.452,-53.19],[-72.488,-53.188],[-72.45,-53.205],[-72.435,-53.216],[-72.44,-53.228],[-72.462,-53.23],[-72.485,-53.218],[-72.515,-53.194],[-72.538,-53.197],[-72.537,-53.207],[-72.522,-53.219],[-72.502,-53.228],[-72.451,-53.236],[-72.427,-53.242],[-72.412,-53.256],[-72.426,-53.265],[-72.435,-53.275],[-72.447,-53.282],[-72.467,-53.283],[-72.484,-53.277],[-72.5,-53.267],[-72.517,-53.262],[-72.536,-53.27],[-72.515,-53.286],[-72.504,-53.314],[-72.505,-53.344],[-72.522,-53.366],[-72.558,-53.375],[-72.593,-53.364],[-72.624,-53.343],[-72.645,-53.318],[-72.651,-53.341],[-72.637,-53.358],[-72.591,-53.387],[-72.579,-53.399],[-72.57,-53.41],[-72.559,-53.418],[-72.539,-53.421],[-72.536,-53.418],[-72.531,-53.404],[-72.53,-53.4],[-72.522,-53.4],[-72.498,-53.4],[-72.483,-53.409],[-72.382,-53.524],[-72.365,-53.537],[-72.523,-53.544],[-72.532,-53.542],[-72.537,-53.537],[-72.542,-53.53],[-72.55,-53.523],[-72.571,-53.515],[-72.617,-53.507],[-72.639,-53.497],[-72.646,-53.488],[-72.651,-53.479],[-72.657,-53.472],[-72.67,-53.469],[-72.712,-53.465],[-72.721,-53.462],[-72.733,-53.449],[-72.731,-53.418],[-72.741,-53.4],[-72.763,-53.388],[-72.77,-53.399],[-72.771,-53.419],[-72.776,-53.435],[-72.795,-53.44],[-72.801,-53.425],[-72.803,-53.403],[-72.81,-53.387],[-72.828,-53.384],[-72.857,-53.385],[-72.877,-53.382],[-72.872,-53.366],[-72.887,-53.36],[-72.944,-53.353],[-73.078,-53.286],[-73.141,-53.269],[-73.171,-53.256],[-73.199,-53.241],[-73.221,-53.222],[-73.252,-53.184],[-73.265,-53.176],[-73.293,-53.166],[-73.303,-53.153],[-73.182,-53.186],[-73.139,-53.188],[-73.119,-53.183],[-73.085,-53.17],[-72.981,-53.16],[-72.956,-53.161],[-72.94,-53.166],[-72.929,-53.177],[-72.916,-53.191],[-72.906,-53.195],[-72.88,-53.194],[-72.869,-53.198],[-72.861,-53.203],[-72.776,-53.233],[-72.759,-53.235],[-72.752,-53.242],[-72.757,-53.258],[-72.767,-53.274],[-72.776,-53.283],[-72.768,-53.29],[-72.757,-53.295],[-72.745,-53.294],[-72.734,-53.283],[-72.72,-53.293],[-72.713,-53.29],[-72.715,-53.28],[-72.725,-53.267],[-72.716,-53.262],[-72.7,-53.251],[-72.689,-53.24],[-72.697,-53.235],[-72.723,-53.228],[-72.754,-53.212],[-72.782,-53.192],[-72.796,-53.173],[-72.778,-53.173],[-72.728,-53.188],[-72.738,-53.17],[-72.755,-53.156],[-72.763,-53.146],[-72.748,-53.139],[-72.727,-53.14],[-72.653,-53.153],[-72.661,-53.142],[-72.675,-53.136],[-72.692,-53.131],[-72.707,-53.125],[-72.714,-53.108],[-72.714,-53.106],[-72.725,-53.105],[-72.731,-53.109],[-72.735,-53.115],[-72.741,-53.119],[-72.788,-53.116],[-72.803,-53.119],[-72.83,-53.142],[-72.845,-53.15],[-72.912,-53.119],[-72.934,-53.105],[-72.93,-53.088],[-72.891,-53.057],[-72.876,-53.036],[-72.878,-53.017],[-72.895,-53.03],[-72.905,-53.036],[-72.913,-53.037],[-72.921,-53.032],[-72.926,-53.025],[-72.928,-53.015],[-72.923,-53.006],[-72.917,-52.989],[-72.926,-52.97],[-72.939,-52.951],[-72.947,-52.934],[-72.948,-52.926],[-72.946,-52.92],[-72.94,-52.907],[-72.935,-52.901],[-72.927,-52.894],[-72.924,-52.886],[-72.93,-52.876],[-72.969,-52.851],[-72.976,-52.839],[-72.96,-52.825],[-72.934,-52.819],[-72.878,-52.813],[-72.834,-52.787],[-72.762,-52.77],[-72.744,-52.757],[-72.703,-52.708],[-72.69,-52.709],[-72.682,-52.713],[-72.659,-52.728],[-72.619,-52.739],[-72.612,-52.742],[-72.611,-52.774],[-72.65,-52.802],[-72.697,-52.827],[-72.721,-52.852],[-72.715,-52.869],[-72.695,-52.86],[-72.67,-52.841],[-72.628,-52.823],[-72.609,-52.807],[-72.588,-52.796],[-72.563,-52.804],[-72.58,-52.813],[-72.594,-52.824],[-72.596,-52.834],[-72.577,-52.838],[-72.562,-52.834],[-72.535,-52.815],[-72.526,-52.811],[-72.491,-52.804],[-72.474,-52.806],[-72.467,-52.821],[-72.461,-52.841],[-72.447,-52.855],[-72.431,-52.857],[-72.42,-52.838],[-72.426,-52.825],[-72.42,-52.808],[-72.409,-52.793],[-72.398,-52.783],[-72.381,-52.775],[-72.313,-52.751],[-72.304,-52.747],[-72.295,-52.741],[-72.286,-52.732],[-72.282,-52.725],[-72.274,-52.707],[-72.269,-52.701],[-72.247,-52.695],[-72.199,-52.693],[-72.18,-52.68],[-72.178,-52.658],[-72.161,-52.652],[-72.115,-52.659],[-72.096,-52.654],[-72.078,-52.654],[-72.064,-52.658],[-72.043,-52.674],[-72.015,-52.673],[-72.007,-52.656],[-72,-52.646],[-71.98,-52.645],[-71.964,-52.65],[-71.949,-52.667],[-71.92,-52.682],[-71.851,-52.695],[-71.629,-52.684],[-71.598,-52.675],[-71.585,-52.66],[-71.52,-52.656],[-71.478,-52.646],[-71.492,-52.613],[-71.535,-52.58],[-71.572,-52.561],[-71.631,-52.574],[-71.687,-52.563],[-71.729,-52.562],[-71.76,-52.568],[-71.833,-52.553],[-71.911,-52.542],[-71.975,-52.561],[-72.003,-52.551],[-72.028,-52.559],[-72.048,-52.557],[-72.072,-52.537],[-72.087,-52.521],[-72.098,-52.517],[-72.125,-52.513],[-72.203,-52.523],[-72.282,-52.514],[-72.31,-52.517],[-72.328,-52.525],[-72.346,-52.54],[-72.359,-52.558],[-72.365,-52.574],[-72.374,-52.588],[-72.419,-52.607],[-72.433,-52.619],[-72.424,-52.614],[-72.415,-52.613],[-72.406,-52.614],[-72.398,-52.619],[-72.414,-52.649],[-72.419,-52.653],[-72.432,-52.651],[-72.441,-52.646],[-72.461,-52.632],[-72.502,-52.615],[-72.506,-52.611],[-72.526,-52.6],[-72.549,-52.592],[-72.542,-52.577],[-72.508,-52.55],[-72.487,-52.539],[-72.469,-52.535],[-72.427,-52.536],[-72.402,-52.531],[-72.388,-52.519],[-72.39,-52.508],[-72.413,-52.502],[-72.424,-52.504],[-72.443,-52.513],[-72.453,-52.517],[-72.465,-52.517],[-72.49,-52.516],[-72.502,-52.517],[-72.531,-52.528],[-72.539,-52.53],[-72.547,-52.534],[-72.559,-52.553],[-72.57,-52.557],[-72.589,-52.554],[-72.612,-52.547],[-72.63,-52.538],[-72.632,-52.53],[-72.656,-52.522],[-72.679,-52.525],[-72.702,-52.532],[-72.779,-52.544],[-72.795,-52.541],[-72.8,-52.534],[-72.803,-52.526],[-72.81,-52.517],[-72.848,-52.503],[-72.858,-52.502],[-72.862,-52.51],[-72.857,-52.53],[-72.861,-52.54],[-72.867,-52.548],[-72.871,-52.556],[-72.872,-52.562],[-72.872,-52.564],[-72.89,-52.589],[-72.893,-52.595],[-72.896,-52.614],[-72.905,-52.63],[-72.915,-52.643],[-72.926,-52.653],[-72.98,-52.694],[-72.988,-52.704],[-72.973,-52.717],[-72.937,-52.691],[-72.864,-52.612],[-72.841,-52.594],[-72.819,-52.587],[-72.799,-52.615],[-72.773,-52.624],[-72.721,-52.632],[-72.695,-52.632],[-72.687,-52.634],[-72.676,-52.643],[-72.674,-52.653],[-72.68,-52.663],[-72.713,-52.693],[-72.762,-52.728],[-72.78,-52.746],[-72.791,-52.753],[-72.807,-52.756],[-72.832,-52.756],[-72.845,-52.759],[-72.851,-52.766],[-72.86,-52.789],[-72.884,-52.795],[-72.94,-52.797],[-73.005,-52.833],[-73.016,-52.842],[-73.007,-52.856],[-72.968,-52.879],[-72.954,-52.893],[-72.969,-52.907],[-72.973,-52.925],[-72.967,-52.958],[-72.964,-52.964],[-72.951,-52.977],[-72.947,-52.986],[-72.954,-53.024],[-72.963,-53.037],[-72.98,-53.055],[-72.995,-53.064],[-73.002,-53.054],[-73.01,-53.056],[-73.116,-53.097],[-73.14,-53.099],[-73.163,-53.088],[-73.178,-53.073],[-73.185,-53.065],[-73.187,-53.058],[-73.18,-53.051],[-73.168,-53.045],[-73.159,-53.036],[-73.16,-53.024],[-73.177,-53.015],[-73.195,-53.03],[-73.208,-53.053],[-73.211,-53.068],[-73.202,-53.074],[-73.191,-53.079],[-73.183,-53.084],[-73.18,-53.091],[-73.187,-53.102],[-73.198,-53.105],[-73.211,-53.103],[-73.221,-53.099],[-73.232,-53.094],[-73.242,-53.087],[-73.253,-53.081],[-73.327,-53.071],[-73.358,-53.051],[-73.386,-53.017],[-73.399,-53.015],[-73.426,-53.018],[-73.437,-53.013],[-73.453,-52.997],[-73.456,-52.987],[-73.444,-52.982],[-73.404,-52.981],[-73.392,-52.982],[-73.384,-52.986],[-73.376,-52.992],[-73.366,-52.997],[-73.351,-52.996],[-73.358,-52.987],[-73.364,-52.981],[-73.37,-52.974],[-73.372,-52.965],[-73.366,-52.957],[-73.353,-52.955],[-73.324,-52.955],[-73.322,-52.952],[-73.323,-52.945],[-73.321,-52.937],[-73.314,-52.934],[-73.309,-52.935],[-73.299,-52.94],[-73.278,-52.944],[-73.255,-52.957],[-73.242,-52.962],[-73.245,-52.951],[-73.262,-52.927],[-73.236,-52.931],[-73.228,-52.934],[-73.233,-52.914],[-73.224,-52.901],[-73.205,-52.897],[-73.214,-52.888],[-73.289,-52.902],[-73.303,-52.883],[-73.308,-52.874],[-73.32,-52.878],[-73.336,-52.885],[-73.351,-52.886],[-73.362,-52.876],[-73.371,-52.86],[-73.383,-52.845],[-73.403,-52.838],[-73.492,-52.826],[-73.542,-52.812],[-73.564,-52.797],[-73.541,-52.78],[-73.494,-52.775],[-73.459,-52.785],[-73.468,-52.811],[-73.448,-52.807],[-73.425,-52.782],[-73.409,-52.777],[-73.396,-52.783],[-73.384,-52.804],[-73.375,-52.8],[-73.367,-52.796],[-73.355,-52.792],[-73.343,-52.791],[-73.325,-52.798],[-73.315,-52.794],[-73.306,-52.787],[-73.296,-52.783],[-73.254,-52.791],[-73.233,-52.791],[-73.221,-52.777],[-73.234,-52.778],[-73.244,-52.777],[-73.25,-52.772],[-73.249,-52.763],[-73.261,-52.754],[-73.288,-52.762],[-73.303,-52.756],[-73.308,-52.749],[-73.31,-52.742],[-73.31,-52.725],[-73.307,-52.715],[-73.298,-52.716],[-73.283,-52.721],[-73.262,-52.713],[-73.249,-52.704],[-73.239,-52.692],[-73.228,-52.674],[-73.227,-52.666],[-73.228,-52.657],[-73.226,-52.649],[-73.217,-52.646],[-73.18,-52.646],[-73.163,-52.643],[-73.153,-52.634],[-73.147,-52.62],[-73.145,-52.602],[-73.127,-52.558],[-73.122,-52.55],[-73.049,-52.555],[-73.023,-52.564],[-73.011,-52.563],[-73.004,-52.558],[-73.009,-52.55],[-73.017,-52.548],[-73.05,-52.55],[-73.108,-52.536],[-73.118,-52.533],[-73.116,-52.524],[-73.109,-52.514],[-73.104,-52.506],[-73.092,-52.494],[-73.062,-52.491],[-73.009,-52.496],[-72.929,-52.513],[-72.907,-52.527],[-72.899,-52.53],[-72.886,-52.526],[-72.887,-52.515],[-72.896,-52.504],[-72.906,-52.496],[-72.918,-52.492],[-72.96,-52.489],[-73.021,-52.475],[-73.056,-52.471],[-73.081,-52.479],[-73.101,-52.489],[-73.123,-52.493],[-73.144,-52.49],[-73.16,-52.482],[-73.182,-52.446],[-73.195,-52.43],[-73.201,-52.437],[-73.199,-52.447],[-73.195,-52.457],[-73.192,-52.467],[-73.194,-52.476],[-73.204,-52.48],[-73.216,-52.479],[-73.228,-52.482],[-73.235,-52.496],[-73.197,-52.501],[-73.181,-52.515],[-73.174,-52.536],[-73.16,-52.564],[-73.186,-52.592],[-73.203,-52.606],[-73.224,-52.612],[-73.239,-52.62],[-73.256,-52.66],[-73.269,-52.674],[-73.291,-52.673],[-73.319,-52.663],[-73.338,-52.647],[-73.334,-52.629],[-73.314,-52.612],[-73.305,-52.602],[-73.303,-52.592],[-73.308,-52.585],[-73.317,-52.586],[-73.327,-52.59],[-73.338,-52.592],[-73.352,-52.591],[-73.362,-52.588],[-73.369,-52.581],[-73.372,-52.567],[-73.375,-52.558],[-73.383,-52.549],[-73.394,-52.544],[-73.403,-52.547],[-73.407,-52.564],[-73.385,-52.606],[-73.386,-52.626],[-73.397,-52.636],[-73.41,-52.637],[-73.437,-52.632],[-73.45,-52.635],[-73.453,-52.643],[-73.453,-52.653],[-73.458,-52.663],[-73.473,-52.664],[-73.494,-52.656],[-73.509,-52.656],[-73.509,-52.68],[-73.535,-52.675],[-73.558,-52.685],[-73.598,-52.721],[-73.603,-52.722],[-73.61,-52.721],[-73.616,-52.721],[-73.619,-52.725],[-73.618,-52.731],[-73.615,-52.734],[-73.613,-52.736],[-73.611,-52.739],[-73.616,-52.749],[-73.628,-52.745],[-73.653,-52.728],[-73.685,-52.721],[-73.7,-52.715],[-73.698,-52.704],[-73.671,-52.68],[-73.66,-52.674],[-73.608,-52.663],[-73.584,-52.653],[-73.571,-52.632],[-73.592,-52.634],[-73.646,-52.646],[-73.67,-52.643],[-73.677,-52.632],[-73.68,-52.616],[-73.688,-52.598],[-73.658,-52.591],[-73.644,-52.584],[-73.639,-52.574],[-73.636,-52.563],[-73.629,-52.561],[-73.62,-52.563],[-73.611,-52.564],[-73.605,-52.559],[-73.603,-52.555],[-73.601,-52.551],[-73.591,-52.55],[-73.584,-52.551],[-73.58,-52.553],[-73.578,-52.556],[-73.574,-52.557],[-73.562,-52.555],[-73.553,-52.551],[-73.551,-52.545],[-73.556,-52.536],[-73.567,-52.532],[-73.615,-52.523],[-73.619,-52.52],[-73.609,-52.514],[-73.584,-52.502],[-73.577,-52.496],[-73.565,-52.479],[-73.56,-52.476],[-73.495,-52.476],[-73.519,-52.465],[-73.531,-52.457],[-73.53,-52.444],[-73.515,-52.42],[-73.533,-52.415],[-73.547,-52.426],[-73.562,-52.441],[-73.581,-52.448],[-73.654,-52.431],[-73.666,-52.424],[-73.665,-52.4],[-73.66,-52.384],[-73.649,-52.375],[-73.629,-52.372],[-73.62,-52.375],[-73.614,-52.382],[-73.607,-52.387],[-73.598,-52.386],[-73.589,-52.379],[-73.585,-52.37],[-73.584,-52.348],[-73.578,-52.344],[-73.568,-52.333],[-73.563,-52.323],[-73.574,-52.318],[-73.598,-52.302],[-73.605,-52.297],[-73.613,-52.277],[-73.607,-52.265],[-73.595,-52.252],[-73.584,-52.235],[-73.581,-52.208],[-73.591,-52.2],[-73.611,-52.2],[-73.633,-52.194],[-73.632,-52.189],[-73.637,-52.176],[-73.643,-52.164],[-73.646,-52.163],[-73.651,-52.158],[-73.68,-52.146],[-73.688,-52.122],[-73.72,-52.096],[-73.745,-52.065],[-73.735,-52.03],[-73.716,-52.021],[-73.699,-52.026],[-73.677,-52.043],[-73.674,-52.051],[-73.639,-52.098],[-73.625,-52.13],[-73.615,-52.145],[-73.601,-52.143],[-73.581,-52.134],[-73.568,-52.149],[-73.559,-52.171],[-73.55,-52.187],[-73.529,-52.196],[-73.511,-52.19],[-73.494,-52.179],[-73.478,-52.174],[-73.468,-52.169],[-73.484,-52.158],[-73.523,-52.139],[-73.496,-52.132],[-73.463,-52.138],[-73.432,-52.153],[-73.387,-52.191],[-73.362,-52.208],[-73.334,-52.219],[-73.303,-52.222],[-73.272,-52.216],[-73.243,-52.202],[-73.222,-52.18],[-73.214,-52.15],[-73.216,-52.125],[-73.214,-52.119],[-73.204,-52.108],[-73.191,-52.104],[-73.173,-52.107],[-73.156,-52.115],[-73.145,-52.126],[-73.119,-52.102],[-73.087,-52.082],[-73.053,-52.069],[-73.019,-52.064],[-72.998,-52.065],[-72.988,-52.069],[-72.984,-52.08],[-72.981,-52.098],[-72.981,-52.11],[-72.983,-52.127],[-72.987,-52.143],[-72.995,-52.153],[-73.003,-52.154],[-73.024,-52.148],[-73.033,-52.146],[-73.041,-52.149],[-73.046,-52.156],[-73.049,-52.164],[-73.054,-52.17],[-73.064,-52.182],[-73.074,-52.196],[-73.082,-52.211],[-73.085,-52.225],[-73.079,-52.237],[-73.067,-52.232],[-73.027,-52.193],[-73.014,-52.187],[-72.995,-52.187],[-72.947,-52.202],[-72.922,-52.214],[-72.916,-52.225],[-72.922,-52.238],[-72.913,-52.245],[-72.886,-52.248],[-72.873,-52.253],[-72.866,-52.257],[-72.861,-52.256],[-72.841,-52.241],[-72.835,-52.234],[-72.832,-52.225],[-72.831,-52.211],[-72.828,-52.201],[-72.813,-52.179],[-72.81,-52.17],[-72.807,-52.147],[-72.799,-52.13],[-72.769,-52.098],[-72.754,-52.075],[-72.755,-52.057],[-72.768,-52.051],[-72.826,-52.091],[-72.841,-52.106],[-72.851,-52.126],[-72.851,-52.161],[-72.855,-52.178],[-72.869,-52.197],[-72.884,-52.198],[-72.907,-52.19],[-72.931,-52.178],[-72.947,-52.166],[-72.941,-52.151],[-72.949,-52.122],[-72.94,-52.096],[-72.95,-52.065],[-72.947,-52.05],[-72.933,-52.039],[-72.92,-52.046],[-72.91,-52.058],[-72.902,-52.064],[-72.895,-52.057],[-72.887,-52.024],[-72.882,-52.012],[-72.875,-52],[-72.871,-51.968],[-72.865,-51.955],[-72.854,-51.948],[-72.834,-51.942],[-72.815,-51.938],[-72.803,-51.937],[-72.741,-51.968],[-72.696,-51.981],[-72.687,-51.988],[-72.689,-52.008],[-72.704,-52.022],[-72.715,-52.037],[-72.703,-52.06],[-72.694,-52.067],[-72.67,-52.078],[-72.659,-52.085],[-72.652,-52.093],[-72.649,-52.1],[-72.644,-52.107],[-72.632,-52.112],[-72.632,-52.108],[-72.628,-52.102],[-72.622,-52.098],[-72.615,-52.101],[-72.601,-52.112],[-72.598,-52.117],[-72.581,-52.139],[-72.577,-52.143],[-72.569,-52.164],[-72.551,-52.179],[-72.537,-52.196],[-72.536,-52.222],[-72.541,-52.228],[-72.551,-52.234],[-72.559,-52.241],[-72.563,-52.252],[-72.564,-52.26],[-72.569,-52.275],[-72.574,-52.309],[-72.585,-52.327],[-72.602,-52.339],[-72.625,-52.345],[-72.637,-52.344],[-72.649,-52.341],[-72.66,-52.336],[-72.67,-52.328],[-72.679,-52.323],[-72.686,-52.329],[-72.697,-52.348],[-72.715,-52.363],[-72.74,-52.375],[-72.765,-52.378],[-72.783,-52.366],[-72.775,-52.383],[-72.782,-52.387],[-72.794,-52.386],[-72.803,-52.386],[-72.811,-52.393],[-72.831,-52.414],[-72.852,-52.425],[-72.879,-52.435],[-72.908,-52.44],[-72.934,-52.441],[-72.931,-52.448],[-72.927,-52.452],[-72.922,-52.453],[-72.913,-52.454],[-72.889,-52.452],[-72.839,-52.437],[-72.791,-52.43],[-72.746,-52.412],[-72.721,-52.407],[-72.693,-52.408],[-72.615,-52.42],[-72.59,-52.428],[-72.571,-52.443],[-72.551,-52.454],[-72.522,-52.448],[-72.506,-52.434],[-72.521,-52.425],[-72.606,-52.417],[-72.622,-52.413],[-72.632,-52.407],[-72.638,-52.398],[-72.634,-52.394],[-72.625,-52.392],[-72.612,-52.386],[-72.577,-52.365],[-72.546,-52.341],[-72.526,-52.33],[-72.51,-52.325],[-72.497,-52.315],[-72.47,-52.223],[-72.467,-52.204],[-72.476,-52.187],[-72.58,-52.097],[-72.609,-52.084],[-72.649,-52.049],[-72.659,-52.036],[-72.665,-51.971],[-72.67,-51.961],[-72.661,-51.957],[-72.654,-51.95],[-72.646,-51.945],[-72.632,-51.947],[-72.625,-51.954],[-72.62,-51.965],[-72.612,-51.973],[-72.598,-51.975],[-72.588,-51.968],[-72.582,-51.945],[-72.574,-51.941],[-72.562,-51.943],[-72.541,-51.953],[-72.529,-51.955],[-72.504,-51.951],[-72.485,-51.942],[-72.469,-51.929],[-72.453,-51.913],[-72.466,-51.896],[-72.498,-51.874],[-72.508,-51.859],[-72.508,-51.837],[-72.498,-51.821],[-72.467,-51.79],[-72.495,-51.769],[-72.51,-51.728],[-72.522,-51.713],[-72.563,-51.703],[-72.608,-51.678],[-72.625,-51.667],[-72.635,-51.655],[-72.67,-51.608],[-72.689,-51.593],[-72.713,-51.582],[-72.738,-51.575],[-72.762,-51.571],[-72.828,-51.571],[-72.838,-51.567],[-72.858,-51.553],[-72.869,-51.549],[-72.899,-51.549],[-72.915,-51.547],[-72.926,-51.543],[-72.933,-51.535],[-72.942,-51.515],[-72.947,-51.508],[-72.969,-51.498],[-73.029,-51.489],[-73.054,-51.487],[-73.068,-51.479],[-73.08,-51.458],[-73.084,-51.436],[-73.077,-51.42],[-73.091,-51.421],[-73.123,-51.44],[-73.139,-51.447],[-73.245,-51.465],[-73.26,-51.471],[-73.268,-51.481],[-73.262,-51.495],[-73.246,-51.507],[-73.227,-51.508],[-73.174,-51.497],[-73.157,-51.49],[-73.141,-51.488],[-73.122,-51.498],[-73.105,-51.502],[-73.054,-51.503],[-73.044,-51.512],[-73.042,-51.523],[-73.039,-51.529],[-73.039,-51.535],[-73.047,-51.546],[-73.054,-51.552],[-73.073,-51.561],[-73.106,-51.584],[-73.111,-51.593],[-73.098,-51.605],[-73.038,-51.565],[-73.025,-51.561],[-73.023,-51.555],[-73.024,-51.548],[-73.022,-51.543],[-73.013,-51.536],[-73.002,-51.529],[-72.989,-51.527],[-72.978,-51.533],[-72.95,-51.559],[-72.944,-51.563],[-72.923,-51.567],[-72.858,-51.597],[-72.836,-51.598],[-72.815,-51.595],[-72.794,-51.596],[-72.772,-51.608],[-72.758,-51.623],[-72.716,-51.682],[-72.711,-51.691],[-72.703,-51.698],[-72.69,-51.701],[-72.635,-51.707],[-72.632,-51.709],[-72.623,-51.718],[-72.618,-51.721],[-72.61,-51.722],[-72.593,-51.721],[-72.563,-51.725],[-72.555,-51.73],[-72.55,-51.741],[-72.552,-51.758],[-72.562,-51.778],[-72.578,-51.796],[-72.605,-51.807],[-72.632,-51.826],[-72.645,-51.831],[-72.658,-51.833],[-72.7,-51.831],[-72.716,-51.837],[-72.724,-51.838],[-72.728,-51.834],[-72.729,-51.83],[-72.736,-51.819],[-72.738,-51.817],[-72.786,-51.811],[-72.8,-51.803],[-72.812,-51.785],[-72.83,-51.768],[-72.858,-51.762],[-72.885,-51.774],[-72.899,-51.776],[-72.906,-51.766],[-72.909,-51.758],[-72.918,-51.757],[-72.963,-51.768],[-72.977,-51.769],[-72.988,-51.762],[-72.99,-51.753],[-72.986,-51.744],[-72.983,-51.733],[-72.988,-51.721],[-72.998,-51.719],[-73.029,-51.717],[-73.036,-51.711],[-73.04,-51.702],[-73.049,-51.697],[-73.06,-51.694],[-73.07,-51.694],[-73.123,-51.702],[-73.151,-51.703],[-73.173,-51.694],[-73.185,-51.67],[-73.18,-51.651],[-73.182,-51.637],[-73.228,-51.629],[-73.242,-51.612],[-73.255,-51.605],[-73.268,-51.604],[-73.28,-51.606],[-73.29,-51.611],[-73.296,-51.618],[-73.254,-51.636],[-73.238,-51.647],[-73.228,-51.667],[-73.228,-51.679],[-73.232,-51.688],[-73.233,-51.698],[-73.224,-51.711],[-73.214,-51.717],[-73.2,-51.72],[-73.07,-51.725],[-73.027,-51.744],[-72.995,-51.79],[-73.028,-51.777],[-73.067,-51.755],[-73.106,-51.745],[-73.139,-51.769],[-73.128,-51.776],[-73.116,-51.776],[-73.105,-51.773],[-73.094,-51.766],[-73.084,-51.761],[-73.074,-51.763],[-73.06,-51.769],[-73.049,-51.778],[-73.046,-51.798],[-73.047,-51.819],[-73.05,-51.831],[-73.082,-51.854],[-73.174,-51.86],[-73.207,-51.879],[-73.19,-51.887],[-73.168,-51.89],[-73.146,-51.886],[-73.129,-51.876],[-73.118,-51.871],[-73.077,-51.872],[-73.067,-51.868],[-73.044,-51.851],[-73.009,-51.832],[-72.972,-51.822],[-72.941,-51.828],[-72.919,-51.859],[-72.938,-51.869],[-73.002,-51.885],[-73.061,-51.916],[-73.081,-51.921],[-73.103,-51.922],[-73.127,-51.928],[-73.145,-51.94],[-73.153,-51.958],[-73.156,-51.972],[-73.173,-52.023],[-73.174,-52.047],[-73.173,-52.067],[-73.177,-52.081],[-73.194,-52.091],[-73.224,-52.091],[-73.242,-52.079],[-73.273,-52.04],[-73.275,-52.023],[-73.268,-51.972],[-73.273,-51.961],[-73.28,-51.952],[-73.303,-51.9],[-73.295,-51.872],[-73.3,-51.832],[-73.327,-51.727],[-73.338,-51.7],[-73.357,-51.676],[-73.386,-51.653],[-73.387,-51.671],[-73.38,-51.684],[-73.358,-51.707],[-73.351,-51.721],[-73.341,-51.753],[-73.333,-51.802],[-73.329,-51.861],[-73.311,-51.958],[-73.308,-52.022],[-73.285,-52.104],[-73.283,-52.143],[-73.293,-52.166],[-73.316,-52.166],[-73.342,-52.155],[-73.358,-52.146],[-73.394,-52.134],[-73.4,-52.129],[-73.403,-52.118],[-73.41,-52.108],[-73.419,-52.101],[-73.452,-52.094],[-73.54,-52.055],[-73.564,-52.04],[-73.581,-52.022],[-73.581,-52.005],[-73.573,-51.984],[-73.583,-51.965],[-73.6,-51.949],[-73.611,-51.934],[-73.601,-51.935],[-73.593,-51.934],[-73.586,-51.931],[-73.578,-51.927],[-73.595,-51.912],[-73.622,-51.881],[-73.646,-51.849],[-73.65,-51.828],[-73.621,-51.812],[-73.599,-51.823],[-73.564,-51.865],[-73.538,-51.884],[-73.527,-51.895],[-73.523,-51.91],[-73.52,-51.924],[-73.514,-51.939],[-73.504,-51.95],[-73.464,-51.967],[-73.452,-51.993],[-73.436,-52.015],[-73.4,-52.016],[-73.416,-51.99],[-73.482,-51.913],[-73.476,-51.912],[-73.469,-51.909],[-73.463,-51.907],[-73.454,-51.906],[-73.461,-51.896],[-73.47,-51.892],[-73.48,-51.89],[-73.489,-51.885],[-73.492,-51.875],[-73.493,-51.855],[-73.499,-51.851],[-73.52,-51.846],[-73.531,-51.835],[-73.531,-51.819],[-73.523,-51.803],[-73.55,-51.789],[-73.58,-51.769],[-73.589,-51.75],[-73.534,-51.736],[-73.503,-51.723],[-73.476,-51.705],[-73.461,-51.687],[-73.488,-51.688],[-73.51,-51.696],[-73.55,-51.721],[-73.55,-51.68],[-73.562,-51.69],[-73.579,-51.714],[-73.592,-51.721],[-73.612,-51.72],[-73.623,-51.708],[-73.63,-51.693],[-73.636,-51.687],[-73.655,-51.689],[-73.659,-51.694],[-73.66,-51.704],[-73.678,-51.728],[-73.684,-51.742],[-73.686,-51.757],[-73.68,-51.769],[-73.699,-51.785],[-73.719,-51.776],[-73.762,-51.735],[-73.763,-51.715],[-73.812,-51.689],[-73.807,-51.67],[-73.786,-51.66],[-73.737,-51.651],[-73.715,-51.639],[-73.736,-51.637],[-73.76,-51.643],[-73.784,-51.645],[-73.807,-51.636],[-73.819,-51.629],[-73.829,-51.629],[-73.839,-51.631],[-73.851,-51.633],[-73.864,-51.629],[-73.875,-51.622],[-73.886,-51.618],[-73.9,-51.625],[-73.903,-51.618],[-73.904,-51.612],[-73.903,-51.605],[-73.9,-51.597],[-73.891,-51.587],[-73.884,-51.583],[-73.876,-51.582],[-73.865,-51.577],[-73.826,-51.547],[-73.817,-51.537],[-73.881,-51.537],[-73.909,-51.527],[-73.921,-51.498],[-73.917,-51.491],[-73.911,-51.485],[-73.906,-51.479],[-73.91,-51.471],[-73.914,-51.466],[-73.919,-51.456],[-73.924,-51.45],[-73.929,-51.439],[-73.928,-51.415],[-73.934,-51.406],[-73.934,-51.399],[-73.899,-51.375],[-73.88,-51.368],[-73.872,-51.382],[-73.861,-51.393],[-73.814,-51.392],[-73.803,-51.403],[-73.797,-51.418],[-73.781,-51.433],[-73.748,-51.453],[-73.713,-51.47],[-73.7,-51.48],[-73.688,-51.495],[-73.664,-51.541],[-73.655,-51.567],[-73.631,-51.596],[-73.621,-51.628],[-73.612,-51.625],[-73.604,-51.611],[-73.605,-51.591],[-73.61,-51.578],[-73.639,-51.537],[-73.616,-51.523],[-73.605,-51.513],[-73.608,-51.508],[-73.639,-51.509],[-73.651,-51.506],[-73.66,-51.495],[-73.656,-51.468],[-73.6,-51.451],[-73.598,-51.433],[-73.638,-51.446],[-73.669,-51.439],[-73.692,-51.414],[-73.72,-51.357],[-73.721,-51.348],[-73.721,-51.31],[-73.72,-51.299],[-73.717,-51.294],[-73.718,-51.289],[-73.725,-51.279],[-73.74,-51.269],[-73.746,-51.263],[-73.748,-51.252],[-73.753,-51.249],[-73.775,-51.241],[-73.783,-51.235],[-73.784,-51.224],[-73.779,-51.215],[-73.773,-51.209],[-73.77,-51.204],[-73.76,-51.195],[-73.737,-51.208],[-73.705,-51.238],[-73.701,-51.247],[-73.702,-51.258],[-73.701,-51.268],[-73.694,-51.276],[-73.683,-51.276],[-73.682,-51.265],[-73.688,-51.245],[-73.693,-51.215],[-73.689,-51.202],[-73.674,-51.194],[-73.674,-51.188],[-73.69,-51.191],[-73.705,-51.191],[-73.718,-51.187],[-73.729,-51.18],[-73.721,-51.168],[-73.694,-51.139],[-73.706,-51.132],[-73.715,-51.135],[-73.724,-51.142],[-73.735,-51.145],[-73.744,-51.142],[-73.77,-51.118],[-73.774,-51.128],[-73.771,-51.133],[-73.766,-51.137],[-73.762,-51.145],[-73.761,-51.16],[-73.763,-51.164],[-73.769,-51.166],[-73.783,-51.173],[-73.858,-51.228],[-73.879,-51.238],[-73.898,-51.239],[-73.914,-51.232],[-73.941,-51.209],[-73.967,-51.194],[-73.975,-51.188],[-73.978,-51.18],[-73.982,-51.152],[-73.992,-51.137],[-74.008,-51.119],[-74.023,-51.111],[-74.03,-51.128],[-74.026,-51.149],[-74.018,-51.171],[-74.017,-51.191],[-74.03,-51.208],[-74.054,-51.212],[-74.079,-51.205],[-74.105,-51.193],[-74.13,-51.188],[-74.136,-51.177],[-74.133,-51.111],[-74.135,-51.093],[-74.15,-51.08],[-74.154,-51.071],[-74.153,-51.061],[-74.148,-51.052],[-74.098,-51.002],[-74.078,-50.988],[-74.086,-50.982],[-74.087,-50.974],[-74.081,-50.966],[-74.071,-50.961],[-74.071,-50.954],[-74.089,-50.957],[-74.102,-50.965],[-74.184,-51.034],[-74.197,-51.038],[-74.232,-51.036],[-74.239,-51.028],[-74.239,-50.99],[-74.242,-50.974],[-74.225,-50.966],[-74.225,-50.956],[-74.238,-50.946],[-74.256,-50.939],[-74.233,-50.907],[-74.196,-50.885],[-74.151,-50.873],[-74.105,-50.871],[-73.996,-50.885],[-73.975,-50.891],[-73.952,-50.893],[-73.933,-50.886],[-73.927,-50.864],[-73.902,-50.873],[-73.874,-50.889],[-73.855,-50.91],[-73.858,-50.933],[-73.803,-50.961],[-73.802,-50.947],[-73.79,-50.931],[-73.79,-50.92],[-73.817,-50.878],[-73.858,-50.844],[-73.864,-50.843],[-73.871,-50.843],[-73.877,-50.842],[-73.88,-50.834],[-73.878,-50.828],[-73.873,-50.826],[-73.868,-50.824],[-73.865,-50.82],[-73.855,-50.797],[-73.83,-50.797],[-73.803,-50.809],[-73.777,-50.826],[-73.762,-50.83],[-73.748,-50.829],[-73.742,-50.82],[-73.748,-50.813],[-73.778,-50.802],[-73.79,-50.797],[-73.783,-50.788],[-73.777,-50.774],[-73.772,-50.758],[-73.77,-50.745],[-73.772,-50.73],[-73.783,-50.7],[-73.783,-50.687],[-73.773,-50.671],[-73.755,-50.66],[-73.735,-50.654],[-73.7,-50.65],[-73.668,-50.641],[-73.653,-50.638],[-73.637,-50.64],[-73.62,-50.644],[-73.604,-50.651],[-73.592,-50.659],[-73.561,-50.701],[-73.553,-50.707],[-73.533,-50.706],[-73.53,-50.703],[-73.532,-50.697],[-73.53,-50.687],[-73.52,-50.677],[-73.509,-50.673],[-73.474,-50.672],[-73.487,-50.66],[-73.508,-50.657],[-73.531,-50.657],[-73.55,-50.653],[-73.557,-50.634],[-73.56,-50.628],[-73.568,-50.624],[-73.578,-50.624],[-73.598,-50.625],[-73.635,-50.618],[-73.669,-50.603],[-73.725,-50.56],[-73.728,-50.548],[-73.721,-50.533],[-73.709,-50.52],[-73.698,-50.515],[-73.659,-50.513],[-73.642,-50.509],[-73.625,-50.501],[-73.607,-50.483],[-73.582,-50.432],[-73.564,-50.405],[-73.588,-50.403],[-73.609,-50.424],[-73.646,-50.474],[-73.658,-50.482],[-73.67,-50.488],[-73.683,-50.493],[-73.71,-50.497],[-73.729,-50.506],[-73.759,-50.516],[-73.768,-50.533],[-73.776,-50.577],[-73.784,-50.587],[-73.793,-50.593],[-73.8,-50.601],[-73.803,-50.614],[-73.801,-50.627],[-73.798,-50.636],[-73.798,-50.645],[-73.826,-50.679],[-73.823,-50.698],[-73.813,-50.718],[-73.811,-50.742],[-73.823,-50.758],[-73.846,-50.776],[-73.871,-50.79],[-73.886,-50.793],[-73.898,-50.792],[-73.907,-50.8],[-73.921,-50.817],[-73.937,-50.827],[-73.947,-50.83],[-73.985,-50.83],[-74.043,-50.822],[-74.061,-50.814],[-74.113,-50.778],[-74.126,-50.762],[-74.068,-50.736],[-74.057,-50.728],[-74.06,-50.712],[-74.078,-50.701],[-74.119,-50.687],[-74.117,-50.701],[-74.116,-50.707],[-74.112,-50.714],[-74.134,-50.733],[-74.147,-50.729],[-74.167,-50.687],[-74.182,-50.667],[-74.221,-50.626],[-74.236,-50.604],[-74.22,-50.586],[-74.203,-50.572],[-74.199,-50.559],[-74.222,-50.543],[-74.235,-50.54],[-74.249,-50.54],[-74.259,-50.535],[-74.266,-50.506],[-74.275,-50.497],[-74.297,-50.481],[-74.281,-50.475],[-74.221,-50.464],[-74.208,-50.464],[-74.204,-50.478],[-74.194,-50.495],[-74.182,-50.513],[-74.17,-50.525],[-74.16,-50.541],[-74.141,-50.58],[-74.126,-50.591],[-74.108,-50.588],[-74.116,-50.569],[-74.146,-50.536],[-74.141,-50.531],[-74.131,-50.52],[-74.126,-50.515],[-74.148,-50.506],[-74.157,-50.494],[-74.15,-50.483],[-74.126,-50.481],[-74.108,-50.488],[-74.071,-50.516],[-74.053,-50.522],[-73.939,-50.539],[-73.918,-50.546],[-73.897,-50.549],[-73.88,-50.543],[-73.907,-50.53],[-73.975,-50.511],[-74.006,-50.509],[-74.017,-50.503],[-74.02,-50.489],[-74.018,-50.474],[-74.013,-50.464],[-74.009,-50.455],[-74.015,-50.449],[-74.025,-50.447],[-74.033,-50.45],[-74.057,-50.467],[-74.073,-50.469],[-74.082,-50.466],[-74.098,-50.447],[-74.121,-50.432],[-74.129,-50.423],[-74.116,-50.419],[-74.101,-50.417],[-74.087,-50.411],[-74.076,-50.401],[-74.071,-50.388],[-74.064,-50.38],[-74.048,-50.372],[-74.016,-50.364],[-74.033,-50.363],[-74.067,-50.355],[-74.084,-50.357],[-74.087,-50.362],[-74.089,-50.38],[-74.091,-50.384],[-74.097,-50.387],[-74.112,-50.39],[-74.166,-50.41],[-74.181,-50.412],[-74.212,-50.406],[-74.229,-50.405],[-74.253,-50.441],[-74.287,-50.427],[-74.318,-50.399],[-74.321,-50.384],[-74.315,-50.378],[-74.29,-50.34],[-74.283,-50.332],[-74.269,-50.326],[-74.263,-50.317],[-74.277,-50.303],[-74.27,-50.281],[-74.283,-50.265],[-74.301,-50.259],[-74.31,-50.265],[-74.315,-50.284],[-74.334,-50.312],[-74.338,-50.326],[-74.355,-50.36],[-74.394,-50.366],[-74.439,-50.357],[-74.475,-50.344],[-74.47,-50.341],[-74.46,-50.333],[-74.454,-50.33],[-74.468,-50.324],[-74.495,-50.325],[-74.51,-50.323],[-74.515,-50.319],[-74.536,-50.296],[-74.523,-50.282],[-74.493,-50.261],[-74.482,-50.249],[-74.497,-50.249],[-74.522,-50.261],[-74.536,-50.261],[-74.549,-50.254],[-74.544,-50.244],[-74.531,-50.232],[-74.523,-50.221],[-74.548,-50.225],[-74.57,-50.235],[-74.593,-50.24],[-74.619,-50.235],[-74.615,-50.224],[-74.608,-50.215],[-74.601,-50.207],[-74.592,-50.201],[-74.598,-50.193],[-74.624,-50.206],[-74.656,-50.214],[-74.683,-50.209],[-74.695,-50.183],[-74.691,-50.169],[-74.683,-50.16],[-74.66,-50.146],[-74.641,-50.125],[-74.628,-50.115],[-74.615,-50.111],[-74.601,-50.109],[-74.574,-50.099],[-74.557,-50.097],[-74.537,-50.101],[-74.532,-50.111],[-74.533,-50.122],[-74.53,-50.131],[-74.519,-50.134],[-74.504,-50.132],[-74.495,-50.125],[-74.499,-50.114],[-74.506,-50.104],[-74.508,-50.094],[-74.504,-50.085],[-74.495,-50.077],[-74.477,-50.086],[-74.462,-50.097],[-74.469,-50.097],[-74.46,-50.098],[-74.348,-50.086],[-74.336,-50.09],[-74.331,-50.107],[-74.326,-50.112],[-74.299,-50.125],[-74.29,-50.131],[-74.318,-50.161],[-74.325,-50.173],[-74.314,-50.169],[-74.302,-50.165],[-74.289,-50.164],[-74.277,-50.165],[-74.272,-50.168],[-74.268,-50.176],[-74.263,-50.18],[-74.242,-50.186],[-74.225,-50.197],[-74.209,-50.211],[-74.203,-50.228],[-74.215,-50.249],[-74.194,-50.26],[-74.177,-50.253],[-74.146,-50.227],[-74.121,-50.223],[-74.096,-50.228],[-73.959,-50.288],[-73.906,-50.298],[-73.858,-50.289],[-73.877,-50.275],[-73.975,-50.255],[-73.999,-50.242],[-74.021,-50.225],[-74.026,-50.212],[-73.996,-50.214],[-74.006,-50.202],[-74.024,-50.201],[-74.064,-50.207],[-74.071,-50.205],[-74.082,-50.196],[-74.091,-50.193],[-74.099,-50.194],[-74.114,-50.199],[-74.159,-50.202],[-74.175,-50.198],[-74.194,-50.186],[-74.205,-50.176],[-74.209,-50.168],[-74.215,-50.139],[-74.222,-50.124],[-74.239,-50.098],[-74.242,-50.08],[-74.251,-50.081],[-74.29,-50.066],[-74.3,-50.059],[-74.347,-50.015],[-74.365,-49.99],[-74.359,-49.974],[-74.365,-49.951],[-74.349,-49.935],[-74.328,-49.928],[-74.318,-49.929],[-74.313,-49.95],[-74.3,-49.949],[-74.283,-49.939],[-74.266,-49.933],[-74.228,-49.941],[-74.198,-49.96],[-74.15,-50.011],[-74.139,-50.016],[-74.13,-50.012],[-74.121,-50.005],[-74.112,-50.002],[-74.104,-50.003],[-74.078,-50.015],[-74.073,-50.019],[-74.063,-50.032],[-74.057,-50.036],[-74.049,-50.037],[-73.954,-50.026],[-73.934,-50.029],[-73.92,-50.041],[-73.904,-50.069],[-73.886,-50.077],[-73.885,-50.056],[-73.889,-50.036],[-73.898,-50.018],[-73.913,-50.008],[-73.946,-50.018],[-73.984,-50.011],[-74.008,-49.991],[-73.999,-49.963],[-73.96,-49.931],[-73.951,-49.926],[-73.914,-49.926],[-73.896,-49.924],[-73.88,-49.919],[-73.904,-49.916],[-73.91,-49.902],[-73.906,-49.857],[-73.92,-49.867],[-73.935,-49.895],[-73.947,-49.905],[-73.957,-49.906],[-73.981,-49.903],[-73.99,-49.905],[-73.991,-49.911],[-73.994,-49.932],[-73.996,-49.939],[-74.015,-49.96],[-74.036,-49.965],[-74.087,-49.96],[-74.11,-49.955],[-74.123,-49.942],[-74.133,-49.926],[-74.146,-49.912],[-74.189,-49.898],[-74.289,-49.893],[-74.325,-49.871],[-74.342,-49.83],[-74.349,-49.806],[-74.348,-49.792],[-74.336,-49.787],[-74.322,-49.789],[-74.309,-49.794],[-74.297,-49.796],[-74.286,-49.792],[-74.28,-49.786],[-74.276,-49.78],[-74.27,-49.775],[-74.247,-49.763],[-74.223,-49.755],[-74.197,-49.749],[-74.093,-49.748],[-74.071,-49.741],[-74.076,-49.735],[-74.075,-49.728],[-74.071,-49.721],[-74.064,-49.714],[-74.099,-49.713],[-74.167,-49.719],[-74.202,-49.728],[-74.249,-49.728],[-74.279,-49.741],[-74.29,-49.741],[-74.316,-49.719],[-74.327,-49.677],[-74.322,-49.633],[-74.304,-49.604],[-74.262,-49.587],[-74.26,-49.584],[-74.254,-49.58],[-74.245,-49.573],[-74.234,-49.566],[-74.222,-49.563],[-74.17,-49.56],[-74.147,-49.556],[-74.104,-49.541],[-74.079,-49.537],[-74.054,-49.539],[-74.033,-49.552],[-74.029,-49.569],[-74.033,-49.588],[-74.035,-49.606],[-74.023,-49.618],[-74.007,-49.571],[-73.999,-49.559],[-73.984,-49.553],[-73.962,-49.553],[-73.941,-49.56],[-73.927,-49.57],[-73.934,-49.583],[-73.928,-49.591],[-73.918,-49.6],[-73.913,-49.614],[-73.912,-49.628],[-73.908,-49.64],[-73.901,-49.65],[-73.893,-49.658],[-73.809,-49.688],[-73.796,-49.703],[-73.756,-49.728],[-73.746,-49.737],[-73.74,-49.745],[-73.736,-49.755],[-73.735,-49.771],[-73.728,-49.782],[-73.712,-49.766],[-73.696,-49.74],[-73.688,-49.72],[-73.713,-49.716],[-73.724,-49.713],[-73.735,-49.707],[-73.74,-49.701],[-73.746,-49.689],[-73.752,-49.683],[-73.773,-49.669],[-73.791,-49.665],[-73.811,-49.664],[-73.837,-49.658],[-73.853,-49.653],[-73.855,-49.651],[-73.854,-49.645],[-73.864,-49.616],[-73.869,-49.608],[-73.876,-49.601],[-73.879,-49.588],[-73.876,-49.544],[-73.88,-49.528],[-73.915,-49.511],[-74.078,-49.501],[-74.091,-49.497],[-74.102,-49.492],[-74.11,-49.484],[-74.112,-49.47],[-74.108,-49.448],[-74.108,-49.437],[-74.116,-49.432],[-74.124,-49.423],[-74.12,-49.401],[-74.091,-49.322],[-74.086,-49.299],[-74.084,-49.278],[-74.074,-49.262],[-74.052,-49.259],[-74.027,-49.265],[-74.009,-49.275],[-73.993,-49.294],[-73.98,-49.314],[-73.964,-49.33],[-73.927,-49.338],[-73.909,-49.347],[-73.9,-49.35],[-73.845,-49.35],[-73.845,-49.344],[-73.925,-49.321],[-73.947,-49.309],[-73.985,-49.273],[-74.002,-49.249],[-74.009,-49.226],[-74.005,-49.215],[-73.982,-49.187],[-73.978,-49.171],[-73.98,-49.164],[-73.985,-49.16],[-73.99,-49.152],[-73.998,-49.125],[-74.003,-49.117],[-74.011,-49.107],[-74.044,-49.083],[-73.978,-49.037],[-73.942,-49.024],[-73.9,-49.028],[-73.872,-49.048],[-73.855,-49.057],[-73.837,-49.056],[-73.822,-49.042],[-73.833,-49.032],[-73.869,-49.018],[-73.889,-49.007],[-73.913,-49.007],[-74.031,-49.023],[-74.047,-49.018],[-74.057,-49.012],[-74.063,-49.021],[-74.064,-49.034],[-74.064,-49.042],[-74.06,-49.051],[-74.046,-49.07],[-74.044,-49.08],[-74.048,-49.1],[-74.054,-49.117],[-74.053,-49.131],[-74.036,-49.145],[-74.079,-49.199],[-74.106,-49.221],[-74.133,-49.226],[-74.142,-49.221],[-74.157,-49.204],[-74.167,-49.2],[-74.177,-49.2],[-74.187,-49.203],[-74.193,-49.208],[-74.191,-49.216],[-74.183,-49.222],[-74.163,-49.23],[-74.16,-49.237],[-74.158,-49.244],[-74.15,-49.261],[-74.146,-49.268],[-74.152,-49.276],[-74.154,-49.285],[-74.152,-49.294],[-74.146,-49.302],[-74.152,-49.314],[-74.157,-49.326],[-74.159,-49.339],[-74.16,-49.353],[-74.163,-49.367],[-74.178,-49.386],[-74.181,-49.395],[-74.195,-49.47],[-74.187,-49.488],[-74.215,-49.523],[-74.241,-49.528],[-74.27,-49.51],[-74.307,-49.477],[-74.319,-49.463],[-74.327,-49.448],[-74.337,-49.435],[-74.352,-49.425],[-74.38,-49.419],[-74.395,-49.413],[-74.41,-49.401],[-74.423,-49.385],[-74.424,-49.371],[-74.417,-49.359],[-74.403,-49.347],[-74.395,-49.333],[-74.394,-49.317],[-74.413,-49.219],[-74.404,-49.194],[-74.372,-49.187],[-74.401,-49.158],[-74.411,-49.141],[-74.413,-49.117],[-74.411,-49.106],[-74.402,-49.089],[-74.4,-49.08],[-74.406,-49.068],[-74.418,-49.07],[-74.432,-49.08],[-74.441,-49.09],[-74.454,-49.08],[-74.463,-49.066],[-74.467,-49.05],[-74.469,-49.032],[-74.461,-49.02],[-74.444,-49.012],[-74.426,-49.007],[-74.413,-49.001],[-74.403,-48.987],[-74.401,-48.975],[-74.405,-48.962],[-74.417,-48.949],[-74.422,-48.935],[-74.406,-48.929],[-74.383,-48.929],[-74.366,-48.932],[-74.381,-48.921],[-74.412,-48.913],[-74.427,-48.905],[-74.435,-48.896],[-74.439,-48.884],[-74.436,-48.874],[-74.42,-48.871],[-74.42,-48.863],[-74.446,-48.851],[-74.453,-48.831],[-74.448,-48.808],[-74.435,-48.788],[-74.4,-48.761],[-74.393,-48.749],[-74.388,-48.738],[-74.383,-48.728],[-74.372,-48.719],[-74.341,-48.752],[-74.335,-48.755],[-74.336,-48.751],[-74.338,-48.74],[-74.307,-48.75],[-74.272,-48.741],[-74.236,-48.727],[-74.201,-48.719],[-74.119,-48.727],[-74.105,-48.732],[-74.091,-48.739],[-74.076,-48.744],[-74.067,-48.742],[-74.057,-48.74],[-74.057,-48.733],[-74.089,-48.717],[-74.128,-48.707],[-74.169,-48.703],[-74.208,-48.706],[-74.273,-48.725],[-74.306,-48.728],[-74.331,-48.713],[-74.322,-48.704],[-74.313,-48.698],[-74.302,-48.694],[-74.29,-48.692],[-74.298,-48.683],[-74.307,-48.679],[-74.315,-48.675],[-74.318,-48.664],[-74.329,-48.678],[-74.347,-48.685],[-74.364,-48.682],[-74.372,-48.668],[-74.37,-48.639],[-74.372,-48.631],[-74.379,-48.625],[-74.388,-48.623],[-74.396,-48.621],[-74.4,-48.611],[-74.392,-48.599],[-74.328,-48.549],[-74.309,-48.541],[-74.288,-48.537],[-74.27,-48.535],[-74.283,-48.524],[-74.27,-48.511],[-74.232,-48.49],[-74.225,-48.485],[-74.216,-48.48],[-74.206,-48.475],[-74.197,-48.473],[-74.187,-48.477],[-74.166,-48.491],[-74.137,-48.5],[-74.084,-48.542],[-74.053,-48.55],[-74.044,-48.555],[-74.037,-48.563],[-74.027,-48.584],[-74.023,-48.589],[-73.993,-48.597],[-73.975,-48.584],[-73.972,-48.565],[-73.986,-48.555],[-74.01,-48.549],[-74.021,-48.534],[-74.023,-48.512],[-74.023,-48.49],[-74.029,-48.448],[-74.02,-48.438],[-73.916,-48.419],[-73.893,-48.411],[-73.9,-48.402],[-73.904,-48.4],[-73.913,-48.398],[-73.935,-48.396],[-73.996,-48.414],[-74.03,-48.411],[-74.037,-48.407],[-74.05,-48.395],[-74.057,-48.391],[-74.065,-48.39],[-74.082,-48.391],[-74.091,-48.391],[-74.109,-48.386],[-74.12,-48.379],[-74.139,-48.363],[-74.155,-48.358],[-74.227,-48.354],[-74.238,-48.351],[-74.237,-48.345],[-74.222,-48.336],[-74.206,-48.331],[-74.153,-48.329],[-74.103,-48.317],[-74.084,-48.316],[-74.107,-48.306],[-74.136,-48.303],[-74.187,-48.309],[-74.211,-48.315],[-74.262,-48.335],[-74.27,-48.336],[-74.279,-48.327],[-74.275,-48.318],[-74.267,-48.309],[-74.263,-48.301],[-74.264,-48.289],[-74.267,-48.281],[-74.277,-48.267],[-74.291,-48.256],[-74.308,-48.244],[-74.32,-48.231],[-74.318,-48.212],[-74.398,-48.199],[-74.442,-48.182],[-74.462,-48.154],[-74.47,-48.147],[-74.502,-48.106],[-74.506,-48.096],[-74.512,-48.09],[-74.499,-48.076],[-74.469,-48.056],[-74.469,-48.048],[-74.473,-48.041],[-74.473,-48.037],[-74.469,-48.028],[-74.495,-48.034],[-74.541,-48.064],[-74.564,-48.075],[-74.588,-48.08],[-74.608,-48.075],[-74.627,-48.059],[-74.633,-48.035],[-74.63,-48.021],[-74.625,-48.004],[-74.604,-47.997],[-74.595,-47.994],[-74.573,-47.988],[-74.537,-47.963],[-74.517,-47.959],[-74.505,-47.964],[-74.484,-47.977],[-74.472,-47.98],[-74.427,-47.98],[-74.415,-47.984],[-74.386,-48.008],[-74.376,-48.011],[-74.354,-48.016],[-74.345,-48.021],[-74.334,-48.032],[-74.309,-48.072],[-74.304,-48.086],[-74.297,-48.129],[-74.284,-48.171],[-74.276,-48.185],[-74.272,-48.188],[-74.253,-48.185],[-74.246,-48.188],[-74.241,-48.195],[-74.237,-48.203],[-74.236,-48.209],[-74.227,-48.229],[-74.206,-48.231],[-74.18,-48.223],[-74.172,-48.219],[-74.185,-48.219],[-74.196,-48.213],[-74.201,-48.202],[-74.201,-48.193],[-74.203,-48.191],[-74.208,-48.19],[-74.218,-48.182],[-74.232,-48.165],[-74.235,-48.159],[-74.236,-48.151],[-74.234,-48.146],[-74.223,-48.143],[-74.222,-48.137],[-74.226,-48.132],[-74.232,-48.131],[-74.238,-48.132],[-74.242,-48.13],[-74.251,-48.12],[-74.258,-48.114],[-74.261,-48.107],[-74.263,-48.093],[-74.282,-48.067],[-74.287,-48.062],[-74.298,-48.054],[-74.314,-48.036],[-74.328,-48.015],[-74.331,-48],[-74.31,-47.99],[-74.245,-48],[-74.225,-47.997],[-74.204,-47.99],[-74.061,-48],[-74.05,-48.006],[-74.041,-48.029],[-74.033,-48.034],[-74.024,-48.033],[-74.02,-48.029],[-74.016,-48.026],[-74.003,-48.028],[-73.993,-48.032],[-73.973,-48.045],[-73.962,-48.048],[-73.917,-48.029],[-73.891,-48.022],[-73.88,-48.031],[-73.876,-48.039],[-73.869,-48.041],[-73.862,-48.041],[-73.858,-48.042],[-73.858,-48.049],[-73.86,-48.054],[-73.864,-48.058],[-73.865,-48.062],[-73.87,-48.069],[-73.878,-48.077],[-73.883,-48.087],[-73.88,-48.096],[-73.867,-48.092],[-73.822,-48.057],[-73.79,-48.044],[-73.781,-48.029],[-73.77,-48.028],[-73.762,-48.032],[-73.759,-48.041],[-73.759,-48.052],[-73.762,-48.062],[-73.792,-48.091],[-73.804,-48.108],[-73.793,-48.116],[-73.785,-48.111],[-73.762,-48.087],[-73.748,-48.082],[-73.738,-48.084],[-73.702,-48.103],[-73.677,-48.108],[-73.65,-48.11],[-73.636,-48.113],[-73.612,-48.127],[-73.601,-48.13],[-73.592,-48.141],[-73.591,-48.165],[-73.597,-48.19],[-73.605,-48.206],[-73.588,-48.212],[-73.577,-48.221],[-73.556,-48.247],[-73.547,-48.234],[-73.53,-48.199],[-73.517,-48.186],[-73.502,-48.177],[-73.486,-48.173],[-73.468,-48.171],[-73.434,-48.177],[-73.351,-48.219],[-73.353,-48.205],[-73.349,-48.192],[-73.341,-48.182],[-73.316,-48.174],[-73.293,-48.155],[-73.286,-48.151],[-73.277,-48.138],[-73.276,-48.109],[-73.282,-48.079],[-73.29,-48.062],[-73.291,-48.072],[-73.29,-48.113],[-73.295,-48.127],[-73.306,-48.135],[-73.331,-48.144],[-73.351,-48.155],[-73.375,-48.163],[-73.4,-48.162],[-73.435,-48.14],[-73.482,-48.123],[-73.506,-48.095],[-73.512,-48.09],[-73.531,-48.084],[-73.592,-48.042],[-73.581,-48.023],[-73.581,-48.013],[-73.592,-48.007],[-73.627,-47.993],[-73.642,-47.984],[-73.647,-47.974],[-73.633,-47.966],[-73.633,-47.959],[-73.646,-47.951],[-73.655,-47.932],[-73.659,-47.912],[-73.653,-47.898],[-73.643,-47.897],[-73.582,-47.908],[-73.576,-47.91],[-73.558,-47.934],[-73.548,-47.953],[-73.54,-47.963],[-73.533,-47.968],[-73.507,-47.978],[-73.499,-47.98],[-73.426,-47.988],[-73.345,-47.979],[-73.315,-47.98],[-73.273,-48.001],[-73.246,-48.007],[-73.228,-48.004],[-73.235,-47.987],[-73.257,-47.976],[-73.314,-47.972],[-73.356,-47.956],[-73.441,-47.966],[-73.468,-47.966],[-73.481,-47.963],[-73.526,-47.932],[-73.526,-47.928],[-73.513,-47.908],[-73.509,-47.898],[-73.511,-47.886],[-73.517,-47.879],[-73.526,-47.873],[-73.537,-47.87],[-73.541,-47.884],[-73.55,-47.89],[-73.562,-47.889],[-73.574,-47.88],[-73.584,-47.876],[-73.612,-47.868],[-73.619,-47.864],[-73.613,-47.848],[-73.593,-47.831],[-73.569,-47.816],[-73.55,-47.808],[-73.578,-47.8],[-73.674,-47.794],[-73.698,-47.786],[-73.71,-47.776],[-73.718,-47.762],[-73.732,-47.743],[-73.741,-47.703],[-73.707,-47.674],[-73.669,-47.647],[-73.666,-47.616],[-73.683,-47.624],[-73.702,-47.63],[-73.708,-47.609],[-73.703,-47.593],[-73.69,-47.58],[-73.674,-47.568],[-73.682,-47.559],[-73.693,-47.555],[-73.704,-47.555],[-73.715,-47.562],[-73.723,-47.554],[-73.728,-47.547],[-73.728,-47.54],[-73.721,-47.534],[-73.721,-47.527],[-73.736,-47.535],[-73.755,-47.576],[-73.776,-47.589],[-73.776,-47.596],[-73.731,-47.624],[-73.743,-47.658],[-73.775,-47.698],[-73.79,-47.74],[-73.786,-47.749],[-73.773,-47.765],[-73.77,-47.771],[-73.773,-47.779],[-73.787,-47.793],[-73.79,-47.798],[-73.802,-47.807],[-73.88,-47.822],[-73.913,-47.84],[-73.924,-47.843],[-73.935,-47.842],[-73.954,-47.837],[-73.995,-47.835],[-74.009,-47.833],[-74.023,-47.829],[-74.035,-47.821],[-74.039,-47.816],[-74.04,-47.81],[-74.044,-47.802],[-74.068,-47.771],[-74.074,-47.773],[-74.197,-47.789],[-74.222,-47.788],[-74.264,-47.773],[-74.291,-47.768],[-74.318,-47.79],[-74.351,-47.789],[-74.386,-47.779],[-74.407,-47.768],[-74.391,-47.764],[-74.344,-47.761],[-74.338,-47.754],[-74.355,-47.744],[-74.378,-47.745],[-74.477,-47.762],[-74.533,-47.782],[-74.549,-47.785],[-74.544,-47.774],[-74.544,-47.768],[-74.579,-47.772],[-74.628,-47.768],[-74.67,-47.755],[-74.681,-47.733],[-74.694,-47.738],[-74.711,-47.737],[-74.726,-47.731],[-74.736,-47.719],[-74.736,-47.705],[-74.729,-47.696],[-74.705,-47.681],[-74.685,-47.658],[-74.673,-47.648],[-74.657,-47.644],[-74.638,-47.646],[-74.595,-47.657],[-74.578,-47.664],[-74.583,-47.671],[-74.592,-47.692],[-74.578,-47.689],[-74.568,-47.681],[-74.551,-47.664],[-74.563,-47.653],[-74.583,-47.642],[-74.605,-47.633],[-74.623,-47.63],[-74.632,-47.621],[-74.626,-47.602],[-74.615,-47.581],[-74.612,-47.568],[-74.557,-47.55],[-74.533,-47.548],[-74.522,-47.56],[-74.523,-47.585],[-74.521,-47.603],[-74.503,-47.596],[-74.496,-47.586],[-74.489,-47.564],[-74.482,-47.555],[-74.471,-47.551],[-74.461,-47.551],[-74.438,-47.555],[-74.42,-47.563],[-74.412,-47.604],[-74.4,-47.616],[-74.399,-47.604],[-74.394,-47.593],[-74.384,-47.587],[-74.372,-47.589],[-74.37,-47.595],[-74.352,-47.627],[-74.345,-47.637],[-74.374,-47.656],[-74.456,-47.672],[-74.482,-47.699],[-74.386,-47.678],[-74.366,-47.672],[-74.356,-47.67],[-74.345,-47.671],[-74.329,-47.676],[-74.327,-47.679],[-74.33,-47.686],[-74.325,-47.699],[-74.296,-47.725],[-74.253,-47.747],[-74.205,-47.757],[-74.16,-47.747],[-74.253,-47.74],[-74.27,-47.733],[-74.282,-47.716],[-74.304,-47.678],[-74.273,-47.663],[-74.174,-47.674],[-74.133,-47.664],[-74.161,-47.657],[-74.214,-47.663],[-74.242,-47.658],[-74.263,-47.642],[-74.254,-47.631],[-74.23,-47.625],[-74.193,-47.622],[-74.174,-47.617],[-74.163,-47.616],[-74.152,-47.618],[-74.132,-47.628],[-74.122,-47.63],[-74.075,-47.628],[-74.054,-47.622],[-74.044,-47.609],[-74.09,-47.611],[-74.105,-47.609],[-74.115,-47.605],[-74.13,-47.595],[-74.14,-47.586],[-74.136,-47.582],[-74.113,-47.578],[-74.091,-47.567],[-74.071,-47.551],[-74.057,-47.534],[-74.077,-47.546],[-74.118,-47.554],[-74.139,-47.562],[-74.151,-47.57],[-74.159,-47.578],[-74.168,-47.585],[-74.181,-47.589],[-74.194,-47.589],[-74.214,-47.584],[-74.225,-47.582],[-74.236,-47.584],[-74.264,-47.594],[-74.274,-47.599],[-74.284,-47.604],[-74.294,-47.602],[-74.305,-47.598],[-74.314,-47.596],[-74.328,-47.586],[-74.335,-47.563],[-74.339,-47.537],[-74.345,-47.52],[-74.369,-47.535],[-74.392,-47.535],[-74.414,-47.524],[-74.435,-47.507],[-74.454,-47.481],[-74.442,-47.471],[-74.386,-47.459],[-74.394,-47.447],[-74.409,-47.445],[-74.425,-47.448],[-74.441,-47.445],[-74.447,-47.439],[-74.451,-47.43],[-74.455,-47.422],[-74.465,-47.418],[-74.466,-47.432],[-74.485,-47.456],[-74.507,-47.47],[-74.529,-47.432],[-74.529,-47.422],[-74.513,-47.418],[-74.503,-47.413],[-74.494,-47.401],[-74.482,-47.377],[-74.467,-47.363],[-74.451,-47.354],[-74.407,-47.342],[-74.416,-47.321],[-74.395,-47.306],[-74.367,-47.291],[-74.352,-47.27],[-74.325,-47.219],[-74.314,-47.219],[-74.304,-47.227],[-74.294,-47.238],[-74.284,-47.246],[-74.279,-47.224],[-74.274,-47.216],[-74.266,-47.212],[-74.256,-47.216],[-74.238,-47.235],[-74.232,-47.239],[-74.222,-47.236],[-74.223,-47.228],[-74.227,-47.218],[-74.225,-47.209],[-74.216,-47.205],[-74.203,-47.204],[-74.178,-47.205],[-74.168,-47.216],[-74.16,-47.281],[-74.15,-47.298],[-74.135,-47.317],[-74.119,-47.333],[-74.112,-47.336],[-74.111,-47.329],[-74.106,-47.322],[-74.105,-47.315],[-74.109,-47.307],[-74.126,-47.287],[-74.137,-47.27],[-74.14,-47.257],[-74.139,-47.222],[-74.132,-47.205],[-74.115,-47.193],[-74.094,-47.187],[-74.075,-47.185],[-74.056,-47.19],[-74.047,-47.19],[-74.044,-47.181],[-74.04,-47.178],[-74.032,-47.176],[-74.023,-47.176],[-74.016,-47.177],[-74.003,-47.199],[-73.987,-47.235],[-73.973,-47.255],[-73.968,-47.229],[-73.971,-47.216],[-73.986,-47.187],[-73.99,-47.167],[-73.999,-47.165],[-74.057,-47.157],[-73.958,-47.06],[-73.947,-47.048],[-73.941,-47.028],[-73.949,-47.016],[-74.02,-46.978],[-74.041,-46.972],[-74.064,-46.973],[-74.103,-46.987],[-74.119,-46.988],[-74.139,-46.979],[-74.153,-46.967],[-74.206,-46.908],[-74.209,-46.894],[-74.2,-46.882],[-74.181,-46.869],[-74.172,-46.869],[-74.16,-46.87],[-74.15,-46.868],[-74.146,-46.86],[-74.145,-46.851],[-74.14,-46.844],[-74.134,-46.839],[-74.126,-46.835],[-74.126,-46.829],[-74.168,-46.838],[-74.181,-46.842],[-74.191,-46.849],[-74.209,-46.865],[-74.222,-46.869],[-74.243,-46.865],[-74.265,-46.831],[-74.29,-46.822],[-74.282,-46.812],[-74.273,-46.809],[-74.265,-46.805],[-74.263,-46.794],[-74.267,-46.782],[-74.276,-46.78],[-74.289,-46.781],[-74.304,-46.78],[-74.31,-46.778],[-74.317,-46.775],[-74.322,-46.77],[-74.325,-46.763],[-74.328,-46.758],[-74.334,-46.76],[-74.339,-46.764],[-74.338,-46.767],[-74.441,-46.767],[-74.456,-46.765],[-74.482,-46.756],[-74.521,-46.75],[-74.592,-46.726],[-74.592,-46.732],[-74.521,-46.763],[-74.478,-46.772],[-74.484,-46.784],[-74.505,-46.796],[-74.527,-46.801],[-74.588,-46.794],[-74.6,-46.79],[-74.613,-46.784],[-74.627,-46.779],[-74.64,-46.78],[-74.651,-46.788],[-74.652,-46.797],[-74.649,-46.806],[-74.646,-46.818],[-74.649,-46.829],[-74.656,-46.837],[-74.673,-46.849],[-74.551,-46.835],[-74.533,-46.84],[-74.508,-46.859],[-74.492,-46.863],[-74.45,-46.856],[-74.435,-46.856],[-74.479,-46.902],[-74.546,-46.896],[-74.618,-46.876],[-74.681,-46.884],[-74.691,-46.877],[-74.702,-46.866],[-74.711,-46.854],[-74.715,-46.846],[-74.722,-46.84],[-74.763,-46.815],[-74.788,-46.807],[-74.8,-46.801],[-74.805,-46.791],[-74.807,-46.776],[-74.815,-46.768],[-74.826,-46.77],[-74.838,-46.78],[-74.832,-46.78],[-74.846,-46.807],[-74.856,-46.814],[-74.87,-46.806],[-74.893,-46.788],[-74.901,-46.784],[-74.955,-46.762],[-74.958,-46.76],[-75.006,-46.754],[-75.015,-46.749],[-75.016,-46.739],[-75.015,-46.728],[-75.016,-46.719],[-75.075,-46.661],[-75.083,-46.641],[-75.075,-46.62],[-75.059,-46.602],[-75.026,-46.579],[-75.015,-46.566],[-75.007,-46.553],[-74.996,-46.54],[-74.98,-46.532],[-74.959,-46.525],[-74.942,-46.517],[-74.934,-46.503],[-74.937,-46.483],[-74.941,-46.47],[-74.942,-46.458],[-74.934,-46.438],[-74.965,-46.454],[-74.988,-46.491],[-75.014,-46.52],[-75.052,-46.513],[-75.075,-46.558],[-75.112,-46.587],[-75.202,-46.63],[-75.208,-46.605],[-75.208,-46.595],[-75.234,-46.623],[-75.248,-46.633],[-75.267,-46.636],[-75.325,-46.64],[-75.339,-46.644],[-75.34,-46.646],[-75.339,-46.651],[-75.338,-46.655],[-75.342,-46.657],[-75.387,-46.656],[-75.396,-46.652],[-75.4,-46.647],[-75.405,-46.63],[-75.415,-46.633],[-75.427,-46.643],[-75.437,-46.65],[-75.562,-46.681],[-75.575,-46.688],[-75.583,-46.694],[-75.591,-46.697],[-75.597,-46.701],[-75.599,-46.708],[-75.599,-46.717],[-75.601,-46.723],[-75.603,-46.727],[-75.606,-46.732],[-75.618,-46.742],[-75.647,-46.756],[-75.661,-46.767],[-75.631,-46.785],[-75.598,-46.759],[-75.566,-46.719],[-75.541,-46.698],[-75.464,-46.7],[-75.441,-46.705],[-75.422,-46.714],[-75.418,-46.722],[-75.426,-46.727],[-75.448,-46.726],[-75.441,-46.742],[-75.449,-46.757],[-75.463,-46.767],[-75.476,-46.774],[-75.4,-46.777],[-75.387,-46.78],[-75.382,-46.806],[-75.399,-46.829],[-75.421,-46.848],[-75.434,-46.863],[-75.394,-46.852],[-75.372,-46.849],[-75.353,-46.856],[-75.346,-46.867],[-75.347,-46.879],[-75.353,-46.901],[-75.361,-46.903],[-75.411,-46.932],[-75.425,-46.933],[-75.469,-46.945],[-75.521,-46.949],[-75.552,-46.948],[-75.569,-46.94],[-75.583,-46.91],[-75.585,-46.904],[-75.594,-46.899],[-75.617,-46.893],[-75.626,-46.89],[-75.642,-46.88],[-75.65,-46.873],[-75.654,-46.866],[-75.653,-46.845],[-75.654,-46.833],[-75.66,-46.824],[-75.707,-46.787],[-75.711,-46.744],[-75.708,-46.655],[-75.705,-46.639],[-75.695,-46.628],[-75.675,-46.616],[-75.66,-46.601],[-75.65,-46.586],[-75.636,-46.573],[-75.613,-46.568],[-75.571,-46.569],[-75.558,-46.568],[-75.549,-46.564],[-75.542,-46.558],[-75.533,-46.554],[-75.517,-46.554],[-75.534,-46.532],[-75.543,-46.519],[-75.541,-46.513],[-75.472,-46.513],[-75.453,-46.509],[-75.446,-46.5],[-75.443,-46.489],[-75.434,-46.478],[-75.419,-46.474],[-75.389,-46.477],[-75.373,-46.472],[-75.373,-46.465],[-75.399,-46.449],[-75.401,-46.441],[-75.39,-46.427],[-75.345,-46.395],[-75.335,-46.39],[-75.313,-46.386],[-75.297,-46.377],[-75.284,-46.368],[-75.271,-46.362],[-75.254,-46.365],[-75.239,-46.376],[-75.227,-46.39],[-75.222,-46.404],[-75.212,-46.335],[-75.205,-46.33],[-75.204,-46.32],[-75.204,-46.308],[-75.202,-46.301],[-75.196,-46.298],[-75.187,-46.296],[-75.178,-46.297],[-75.174,-46.304],[-75.153,-46.324],[-75.106,-46.347],[-75.057,-46.358],[-75.03,-46.342],[-75.057,-46.339],[-75.106,-46.325],[-75.13,-46.322],[-75.139,-46.314],[-75.136,-46.296],[-75.123,-46.28],[-75.099,-46.274],[-75.099,-46.267],[-75.112,-46.26],[-75.116,-46.25],[-75.114,-46.237],[-75.106,-46.226],[-75.091,-46.216],[-75.071,-46.211],[-75.049,-46.209],[-75.03,-46.212],[-75.007,-46.227],[-74.985,-46.249],[-74.961,-46.268],[-74.928,-46.274],[-74.952,-46.248],[-74.962,-46.23],[-74.958,-46.215],[-74.924,-46.188],[-74.919,-46.179],[-74.91,-46.15],[-74.891,-46.147],[-74.88,-46.147],[-74.865,-46.15],[-74.838,-46.171],[-74.81,-46.198],[-74.795,-46.209],[-74.777,-46.212],[-74.786,-46.196],[-74.791,-46.191],[-74.784,-46.184],[-74.776,-46.179],[-74.766,-46.177],[-74.756,-46.178],[-74.772,-46.165],[-74.805,-46.154],[-74.818,-46.143],[-74.824,-46.126],[-74.821,-46.112],[-74.815,-46.099],[-74.811,-46.085],[-74.781,-46.047],[-74.774,-46.04],[-74.701,-46.033],[-74.706,-46.023],[-74.711,-46.022],[-74.717,-46.025],[-74.725,-46.027],[-74.738,-46.023],[-74.738,-46.015],[-74.729,-45.999],[-74.725,-45.994],[-74.717,-45.99],[-74.713,-45.984],[-74.718,-45.975],[-74.725,-45.968],[-74.727,-45.961],[-74.729,-45.944],[-74.691,-45.842],[-74.666,-45.823],[-74.647,-45.816],[-74.629,-45.825],[-74.617,-45.84],[-74.607,-45.846],[-74.596,-45.844],[-74.581,-45.832],[-74.56,-45.826],[-74.546,-45.844],[-74.544,-45.874],[-74.558,-45.903],[-74.545,-45.904],[-74.529,-45.903],[-74.515,-45.904],[-74.51,-45.913],[-74.507,-45.927],[-74.502,-45.929],[-74.495,-45.926],[-74.489,-45.924],[-74.477,-45.925],[-74.472,-45.924],[-74.468,-45.925],[-74.458,-45.934],[-74.453,-45.944],[-74.455,-45.955],[-74.459,-45.966],[-74.462,-45.975],[-74.467,-45.987],[-74.475,-45.997],[-74.481,-46.008],[-74.475,-46.02],[-74.465,-46.022],[-74.453,-46.016],[-74.444,-46.008],[-74.441,-46.002],[-74.438,-45.992],[-74.432,-45.985],[-74.425,-45.978],[-74.42,-45.972],[-74.417,-45.961],[-74.417,-45.95],[-74.413,-45.942],[-74.4,-45.937],[-74.4,-45.93],[-74.424,-45.917],[-74.447,-45.894],[-74.464,-45.866],[-74.469,-45.835],[-74.461,-45.839],[-74.453,-45.841],[-74.435,-45.842],[-74.45,-45.829],[-74.462,-45.815],[-74.447,-45.808],[-74.393,-45.801],[-74.36,-45.79],[-74.345,-45.791],[-74.331,-45.801],[-74.328,-45.807],[-74.325,-45.825],[-74.321,-45.832],[-74.314,-45.833],[-74.305,-45.828],[-74.297,-45.82],[-74.29,-45.815],[-74.189,-45.794],[-74.17,-45.792],[-74.156,-45.797],[-74.103,-45.837],[-74.116,-45.854],[-74.135,-45.867],[-74.146,-45.865],[-74.154,-45.872],[-74.172,-45.878],[-74.193,-45.882],[-74.185,-45.883],[-74.119,-45.896],[-74.125,-45.905],[-74.13,-45.912],[-74.137,-45.918],[-74.146,-45.924],[-74.146,-45.93],[-74.08,-45.921],[-74.059,-45.93],[-74.064,-45.965],[-74.08,-45.982],[-74.107,-45.995],[-74.138,-46.003],[-74.167,-46.006],[-74.167,-46.013],[-74.152,-46.018],[-74.102,-46.013],[-74.086,-46.018],[-74.084,-46.03],[-74.098,-46.081],[-74.118,-46.102],[-74.167,-46.136],[-74.139,-46.131],[-74.105,-46.116],[-74.076,-46.096],[-74.064,-46.078],[-74.056,-46.028],[-74.061,-46.02],[-74.069,-46.012],[-74.07,-45.995],[-74.061,-45.981],[-74.044,-45.979],[-74.037,-45.986],[-74.034,-45.998],[-74.03,-46.008],[-73.982,-46.03],[-73.98,-46.04],[-73.969,-46.061],[-73.968,-46.074],[-73.971,-46.084],[-73.99,-46.116],[-74.021,-46.148],[-74.064,-46.172],[-74.192,-46.218],[-74.264,-46.231],[-74.313,-46.25],[-74.338,-46.253],[-74.359,-46.246],[-74.398,-46.223],[-74.417,-46.218],[-74.424,-46.215],[-74.481,-46.169],[-74.489,-46.164],[-74.49,-46.189],[-74.466,-46.208],[-74.41,-46.236],[-74.4,-46.244],[-74.388,-46.251],[-74.374,-46.256],[-74.359,-46.26],[-74.342,-46.261],[-74.19,-46.242],[-74.077,-46.204],[-74.05,-46.191],[-74.044,-46.198],[-74.056,-46.216],[-74.071,-46.233],[-74.039,-46.247],[-74.042,-46.271],[-74.078,-46.322],[-74.062,-46.317],[-74.036,-46.292],[-74.026,-46.287],[-74.009,-46.289],[-73.942,-46.305],[-73.929,-46.315],[-73.919,-46.326],[-73.906,-46.335],[-73.892,-46.34],[-73.845,-46.342],[-73.945,-46.266],[-73.958,-46.249],[-73.953,-46.232],[-73.975,-46.222],[-74.016,-46.218],[-74.019,-46.204],[-74.012,-46.186],[-73.999,-46.167],[-73.986,-46.154],[-73.968,-46.145],[-73.943,-46.139],[-73.896,-46.136],[-73.882,-46.142],[-73.873,-46.155],[-73.858,-46.184],[-73.828,-46.205],[-73.796,-46.216],[-73.77,-46.235],[-73.762,-46.274],[-73.773,-46.321],[-73.794,-46.362],[-73.823,-46.398],[-73.858,-46.431],[-73.913,-46.469],[-73.921,-46.482],[-73.928,-46.497],[-73.975,-46.54],[-73.989,-46.56],[-73.984,-46.567],[-73.966,-46.571],[-73.925,-46.597],[-73.9,-46.603],[-73.874,-46.602],[-73.852,-46.595],[-73.832,-46.578],[-73.821,-46.557],[-73.813,-46.536],[-73.791,-46.505],[-73.787,-46.497],[-73.782,-46.495],[-73.77,-46.5],[-73.76,-46.507],[-73.753,-46.515],[-73.742,-46.534],[-73.737,-46.522],[-73.739,-46.508],[-73.744,-46.497],[-73.752,-46.492],[-73.765,-46.486],[-73.766,-46.473],[-73.756,-46.444],[-73.742,-46.421],[-73.691,-46.373],[-73.672,-46.36],[-73.622,-46.334],[-73.601,-46.318],[-73.58,-46.31],[-73.514,-46.308],[-73.489,-46.301],[-73.53,-46.3],[-73.551,-46.296],[-73.564,-46.287],[-73.568,-46.27],[-73.562,-46.258],[-73.552,-46.246],[-73.543,-46.233],[-73.524,-46.175],[-73.506,-46.155],[-73.474,-46.15],[-73.482,-46.143],[-73.424,-46.071],[-73.404,-46.06],[-73.358,-46.042],[-73.345,-46.027],[-73.362,-46.023],[-73.386,-46.02],[-73.412,-46.022],[-73.43,-46.03],[-73.445,-46.049],[-73.469,-46.089],[-73.576,-46.202],[-73.611,-46.218],[-73.611,-46.226],[-73.6,-46.247],[-73.624,-46.276],[-73.688,-46.322],[-73.702,-46.294],[-73.692,-46.256],[-73.666,-46.226],[-73.633,-46.218],[-73.648,-46.195],[-73.642,-46.164],[-73.628,-46.132],[-73.619,-46.102],[-73.62,-46.083],[-73.626,-46.071],[-73.65,-46.05],[-73.651,-46.042],[-73.653,-45.996],[-73.656,-45.985],[-73.661,-45.98],[-73.661,-45.976],[-73.646,-45.965],[-73.622,-45.95],[-73.619,-45.946],[-73.619,-45.934],[-73.61,-45.903],[-73.586,-45.886],[-73.555,-45.878],[-73.523,-45.876],[-73.536,-45.871],[-73.549,-45.863],[-73.559,-45.854],[-73.564,-45.842],[-73.56,-45.83],[-73.541,-45.812],[-73.537,-45.804],[-73.402,-45.702],[-73.356,-45.688],[-73.197,-45.677],[-73.189,-45.672],[-73.186,-45.663],[-73.189,-45.656],[-73.197,-45.66],[-73.296,-45.65],[-73.312,-45.644],[-73.316,-45.638],[-73.318,-45.631],[-73.327,-45.619],[-73.334,-45.621],[-73.36,-45.634],[-73.369,-45.639],[-73.378,-45.644],[-73.42,-45.65],[-73.426,-45.654],[-73.474,-45.713],[-73.49,-45.727],[-73.512,-45.732],[-73.533,-45.741],[-73.565,-45.776],[-73.592,-45.78],[-73.582,-45.751],[-73.575,-45.723],[-73.571,-45.66],[-73.565,-45.633],[-73.542,-45.581],[-73.535,-45.536],[-73.525,-45.506],[-73.521,-45.472],[-73.517,-45.46],[-73.511,-45.452],[-73.502,-45.444],[-73.475,-45.425],[-73.446,-45.414],[-73.422,-45.42],[-73.413,-45.451],[-73.406,-45.451],[-73.399,-45.388],[-73.392,-45.376],[-73.371,-45.367],[-73.353,-45.373],[-73.324,-45.396],[-73.325,-45.378],[-73.329,-45.358],[-73.328,-45.341],[-73.314,-45.334],[-73.305,-45.332],[-73.287,-45.323],[-73.276,-45.321],[-73.265,-45.32],[-73.258,-45.319],[-73.252,-45.316],[-73.245,-45.31],[-73.226,-45.301],[-73.209,-45.302],[-73.193,-45.312],[-73.18,-45.327],[-73.177,-45.335],[-73.173,-45.352],[-73.167,-45.362],[-73.162,-45.366],[-73.139,-45.376],[-73.105,-45.399],[-73.088,-45.407],[-73.067,-45.41],[-73.045,-45.416],[-73.014,-45.445],[-72.992,-45.451],[-72.904,-45.465],[-72.86,-45.464],[-72.858,-45.444],[-72.838,-45.428],[-72.831,-45.418],[-72.834,-45.406],[-72.845,-45.396],[-72.858,-45.389],[-72.874,-45.386],[-72.893,-45.389],[-72.904,-45.395],[-72.914,-45.402],[-72.925,-45.407],[-72.941,-45.41],[-72.955,-45.408],[-72.982,-45.401],[-73.079,-45.355],[-73.177,-45.282],[-73.216,-45.259],[-73.257,-45.248],[-73.296,-45.259],[-73.329,-45.284],[-73.346,-45.291],[-73.375,-45.293],[-73.399,-45.292],[-73.425,-45.288],[-73.448,-45.279],[-73.461,-45.266],[-73.463,-45.246],[-73.459,-45.221],[-73.45,-45.199],[-73.437,-45.191],[-73.383,-45.194],[-73.356,-45.191],[-73.331,-45.178],[-73.332,-45.162],[-73.317,-45.154],[-73.304,-45.145],[-73.314,-45.126],[-73.332,-45.109],[-73.338,-45.102],[-73.338,-45.094],[-73.335,-45.088],[-73.337,-45.083],[-73.355,-45.081],[-73.37,-45.075],[-73.386,-45.061],[-73.399,-45.043],[-73.406,-45.026],[-73.405,-45.006],[-73.398,-44.988],[-73.386,-44.974],[-73.372,-44.964],[-73.348,-44.958],[-73.234,-44.965],[-73.221,-44.964],[-73.21,-44.96],[-73.19,-44.948],[-73.18,-44.944],[-73.159,-44.943],[-73.117,-44.948],[-73.101,-44.941],[-73.084,-44.924],[-73.029,-44.889],[-73.007,-44.865],[-72.998,-44.862],[-72.957,-44.862],[-72.936,-44.858],[-72.915,-44.848],[-72.81,-44.768],[-72.766,-44.751],[-72.728,-44.759],[-72.724,-44.746],[-72.711,-44.733],[-72.707,-44.725],[-72.71,-44.717],[-72.724,-44.701],[-72.728,-44.694],[-72.732,-44.674],[-72.729,-44.666],[-72.708,-44.642],[-72.704,-44.634],[-72.686,-44.58],[-72.682,-44.56],[-72.68,-44.544],[-72.669,-44.532],[-72.644,-44.519],[-72.617,-44.509],[-72.598,-44.505],[-72.618,-44.465],[-72.616,-44.422],[-72.591,-44.341],[-72.595,-44.35],[-72.612,-44.372],[-72.615,-44.372],[-72.63,-44.391],[-72.632,-44.395],[-72.643,-44.405],[-72.649,-44.408],[-72.663,-44.409],[-72.666,-44.413],[-72.661,-44.433],[-72.663,-44.44],[-72.672,-44.454],[-72.687,-44.488],[-72.7,-44.498],[-72.722,-44.501],[-72.734,-44.495],[-72.74,-44.481],[-72.741,-44.461],[-72.75,-44.449],[-72.771,-44.439],[-72.795,-44.433],[-72.813,-44.43],[-72.817,-44.427],[-72.838,-44.409],[-72.848,-44.402],[-72.925,-44.374],[-72.934,-44.365],[-72.931,-44.346],[-72.926,-44.333],[-72.927,-44.321],[-72.94,-44.307],[-72.961,-44.299],[-73.014,-44.292],[-73.052,-44.273],[-73.16,-44.26],[-73.172,-44.256],[-73.184,-44.248],[-73.189,-44.242],[-73.193,-44.234],[-73.192,-44.227],[-73.139,-44.211],[-73.122,-44.189],[-73.119,-44.183],[-73.118,-44.159],[-73.128,-44.146],[-73.14,-44.145],[-73.153,-44.177],[-73.173,-44.189],[-73.198,-44.195],[-73.221,-44.197],[-73.245,-44.194],[-73.267,-44.187],[-73.284,-44.174],[-73.29,-44.152],[-73.287,-44.123],[-73.278,-44.11],[-73.263,-44.108],[-73.242,-44.115],[-73.235,-44.121],[-73.228,-44.127],[-73.223,-44.127],[-73.221,-44.112],[-73.221,-44.077],[-73.215,-44.068],[-73.202,-44.061],[-73.186,-44.059],[-73.173,-44.06],[-73.168,-44.064],[-73.16,-44.08],[-73.153,-44.088],[-73.127,-44.097],[-73.116,-44.086],[-73.116,-44.069],[-73.122,-44.06],[-73.133,-44.049],[-73.138,-44.024],[-73.139,-43.985],[-73.132,-43.968],[-73.12,-43.952],[-73.094,-43.927],[-73.084,-43.92],[-73.077,-43.918],[-73.07,-43.914],[-73.063,-43.902],[-73.062,-43.893],[-73.062,-43.884],[-73.062,-43.874],[-73.057,-43.861],[-73.031,-43.827],[-73.02,-43.808],[-73.016,-43.782],[-73.013,-43.772],[-73.006,-43.774],[-72.995,-43.786],[-72.989,-43.796],[-72.988,-43.806],[-72.984,-43.815],[-72.967,-43.82],[-72.951,-43.804],[-72.927,-43.787],[-72.899,-43.777],[-72.872,-43.779],[-72.867,-43.786],[-72.863,-43.798],[-72.857,-43.809],[-72.844,-43.813],[-72.831,-43.812],[-72.825,-43.808],[-72.826,-43.8],[-72.844,-43.775],[-72.85,-43.759],[-72.852,-43.74],[-72.851,-43.717],[-72.844,-43.7],[-72.842,-43.69],[-72.847,-43.679],[-72.854,-43.679],[-72.857,-43.69],[-72.859,-43.705],[-72.861,-43.714],[-72.868,-43.724],[-72.871,-43.734],[-72.875,-43.743],[-72.886,-43.751],[-72.897,-43.753],[-72.922,-43.751],[-72.934,-43.751],[-72.945,-43.755],[-72.959,-43.764],[-72.971,-43.765],[-72.979,-43.761],[-72.989,-43.742],[-72.998,-43.737],[-73.024,-43.735],[-73.042,-43.73],[-73.046,-43.728],[-73.055,-43.716],[-73.044,-43.696],[-73.025,-43.685],[-73.005,-43.678],[-72.988,-43.666],[-72.973,-43.621],[-72.953,-43.615],[-72.929,-43.614],[-72.906,-43.608],[-72.917,-43.589],[-72.933,-43.586],[-72.978,-43.594],[-73.007,-43.593],[-73.026,-43.587],[-73.039,-43.574],[-73.068,-43.514],[-73.08,-43.496],[-73.111,-43.461],[-73.112,-43.443],[-73.091,-43.402],[-73.085,-43.383],[-73.085,-43.316],[-73.076,-43.301],[-73.056,-43.289],[-72.955,-43.247],[-72.93,-43.244],[-72.912,-43.235],[-72.906,-43.215],[-72.908,-43.19],[-72.913,-43.169],[-72.93,-43.125],[-72.934,-43.098],[-72.923,-43.086],[-72.907,-43.078],[-72.865,-43.019],[-72.848,-43.011],[-72.825,-43.008],[-72.805,-43.014],[-72.79,-43.054],[-72.775,-43.068],[-72.755,-43.076],[-72.734,-43.08],[-72.757,-43.035],[-72.761,-43.009],[-72.752,-42.988],[-72.75,-42.979],[-72.747,-42.91],[-72.753,-42.901],[-72.769,-42.888],[-72.821,-42.858],[-72.842,-42.838],[-72.851,-42.81],[-72.853,-42.794],[-72.865,-42.751],[-72.864,-42.737],[-72.861,-42.725],[-72.86,-42.712],[-72.865,-42.697],[-72.836,-42.688],[-72.827,-42.68],[-72.824,-42.665],[-72.829,-42.653],[-72.855,-42.634],[-72.865,-42.621],[-72.867,-42.59],[-72.857,-42.556],[-72.84,-42.525],[-72.824,-42.504],[-72.796,-42.494],[-72.754,-42.492],[-72.711,-42.496],[-72.68,-42.504],[-72.667,-42.513],[-72.654,-42.524],[-72.639,-42.534],[-72.607,-42.543],[-72.58,-42.561],[-72.563,-42.566],[-72.539,-42.558],[-72.541,-42.542],[-72.558,-42.525],[-72.581,-42.517],[-72.602,-42.514],[-72.659,-42.491],[-72.678,-42.478],[-72.718,-42.433],[-72.722,-42.422],[-72.716,-42.401],[-72.721,-42.388],[-72.73,-42.385],[-72.753,-42.384],[-72.762,-42.381],[-72.773,-42.366],[-72.791,-42.316],[-72.793,-42.306],[-72.814,-42.305],[-72.834,-42.303],[-72.846,-42.295],[-72.844,-42.278],[-72.81,-42.243],[-72.766,-42.227],[-72.673,-42.209],[-72.62,-42.185],[-72.595,-42.182],[-72.572,-42.191],[-72.558,-42.211],[-72.456,-42.441],[-72.44,-42.459],[-72.426,-42.463],[-72.42,-42.44],[-72.427,-42.396],[-72.44,-42.354],[-72.451,-42.339],[-72.464,-42.324],[-72.476,-42.308],[-72.481,-42.289],[-72.473,-42.27],[-72.455,-42.259],[-72.432,-42.25],[-72.412,-42.237],[-72.438,-42.237],[-72.46,-42.234],[-72.475,-42.223],[-72.481,-42.199],[-72.477,-42.174],[-72.465,-42.164],[-72.448,-42.158],[-72.426,-42.147],[-72.443,-42.144],[-72.46,-42.143],[-72.476,-42.139],[-72.488,-42.128],[-72.49,-42.117],[-72.49,-42.08],[-72.488,-42.065],[-72.463,-41.986],[-72.464,-41.976],[-72.485,-41.959],[-72.517,-41.951],[-72.541,-41.978],[-72.561,-42.013],[-72.581,-42.031],[-72.608,-42.033],[-72.618,-42.031],[-72.626,-42.016],[-72.633,-42.01],[-72.655,-42.021],[-72.668,-42.016],[-72.679,-42.006],[-72.687,-41.997],[-72.71,-42.016],[-72.737,-42.014],[-72.816,-41.979],[-72.827,-41.972],[-72.838,-41.962],[-72.84,-41.958],[-72.841,-41.947],[-72.844,-41.942],[-72.85,-41.937],[-72.865,-41.933],[-72.872,-41.929],[-72.88,-41.923],[-72.888,-41.917],[-72.889,-41.911],[-72.864,-41.906],[-72.854,-41.9],[-72.841,-41.884],[-72.836,-41.881],[-72.821,-41.877],[-72.817,-41.874],[-72.816,-41.87],[-72.818,-41.858],[-72.817,-41.854],[-72.809,-41.845],[-72.72,-41.778],[-72.703,-41.771],[-72.692,-41.764],[-72.663,-41.733],[-72.645,-41.723],[-72.62,-41.723],[-72.595,-41.729],[-72.569,-41.731],[-72.534,-41.714],[-72.522,-41.714],[-72.509,-41.716],[-72.495,-41.717],[-72.484,-41.714],[-72.461,-41.702],[-72.425,-41.696],[-72.416,-41.692],[-72.382,-41.668],[-72.377,-41.665],[-72.36,-41.653],[-72.351,-41.648],[-72.34,-41.647],[-72.303,-41.648],[-72.329,-41.636],[-72.338,-41.628],[-72.343,-41.613],[-72.342,-41.6],[-72.324,-41.565],[-72.323,-41.559],[-72.325,-41.545],[-72.324,-41.538],[-72.306,-41.529],[-72.303,-41.524],[-72.307,-41.512],[-72.325,-41.494],[-72.33,-41.483],[-72.325,-41.457],[-72.3,-41.405],[-72.303,-41.381],[-72.321,-41.367],[-72.339,-41.372],[-72.344,-41.387],[-72.324,-41.408],[-72.33,-41.421],[-72.345,-41.442],[-72.351,-41.456],[-72.373,-41.59],[-72.382,-41.61],[-72.391,-41.621],[-72.407,-41.647],[-72.416,-41.658],[-72.426,-41.664],[-72.459,-41.673],[-72.521,-41.682],[-72.533,-41.685],[-72.543,-41.693],[-72.572,-41.707],[-72.584,-41.71],[-72.609,-41.707],[-72.651,-41.687],[-72.67,-41.682],[-72.677,-41.674],[-72.686,-41.63],[-72.694,-41.613],[-72.728,-41.59],[-72.731,-41.586],[-72.736,-41.581],[-72.752,-41.548],[-72.759,-41.544],[-72.79,-41.531],[-72.819,-41.509],[-72.843,-41.5],[-72.854,-41.497],[-72.864,-41.499],[-72.875,-41.507],[-72.886,-41.512],[-72.895,-41.508],[-72.904,-41.5],[-72.91,-41.497],[-72.936,-41.486],[-72.947,-41.483],[-72.957,-41.484],[-72.978,-41.516],[-73.022,-41.515],[-73.036,-41.529],[-73.036,-41.557],[-73.077,-41.565],[-73.086,-41.57],[-73.095,-41.573],[-73.104,-41.577],[-73.112,-41.586],[-73.106,-41.591],[-73.096,-41.602],[-73.091,-41.607],[-73.094,-41.611],[-73.096,-41.614],[-73.097,-41.617],[-73.098,-41.62],[-73.08,-41.628],[-73.075,-41.637],[-73.077,-41.665],[-73.072,-41.674],[-73.064,-41.686],[-73.059,-41.697],[-73.067,-41.702],[-73.089,-41.704],[-73.1,-41.711],[-73.119,-41.737],[-73.129,-41.747],[-73.142,-41.755],[-73.156,-41.757],[-73.173,-41.751],[-73.201,-41.785],[-73.276,-41.784],[-73.363,-41.774],[-73.427,-41.778],[-73.424,-41.783],[-73.422,-41.787],[-73.419,-41.789],[-73.413,-41.792],[-73.413,-41.799],[-73.435,-41.793],[-73.455,-41.796],[-73.495,-41.806],[-73.515,-41.804],[-73.571,-41.778],[-73.66,-41.758],[-73.735,-41.754],[-73.76,-41.749],[-73.755,-41.741],[-73.741,-41.736],[-73.728,-41.727],[-73.711,-41.698],[-73.7,-41.682],[-73.698,-41.669],[-73.695,-41.652],[-73.697,-41.637],[-73.684,-41.627],[-73.669,-41.617],[-73.639,-41.613],[-73.582,-41.615],[-73.555,-41.608],[-73.543,-41.589],[-73.536,-41.567],[-73.503,-41.53],[-73.495,-41.51],[-73.528,-41.537],[-73.548,-41.567],[-73.572,-41.59],[-73.615,-41.6],[-73.627,-41.598],[-73.648,-41.589],[-73.66,-41.586],[-73.668,-41.587],[-73.685,-41.591],[-73.694,-41.592],[-73.713,-41.589],[-73.745,-41.576],[-73.759,-41.573],[-73.766,-41.57],[-73.77,-41.565],[-73.775,-41.56],[-73.783,-41.562],[-73.787,-41.564],[-73.793,-41.565],[-73.798,-41.566],[-73.807,-41.556],[-73.81,-41.546],[-73.8,-41.535],[-73.801,-41.523],[-73.814,-41.497],[-73.842,-41.467],[-73.849,-41.441],[-73.854,-41.422],[-73.843,-41.396],[-73.841,-41.333],[-73.855,-41.279],[-73.874,-41.228],[-73.895,-41.184],[-73.92,-41.153],[-73.914,-41.135],[-73.917,-41.116],[-73.932,-41.095],[-73.93,-41.075],[-73.941,-41.05],[-73.937,-41.021],[-73.941,-40.994],[-73.947,-40.973],[-73.938,-40.959],[-73.926,-40.954],[-73.902,-40.949],[-73.892,-40.937],[-73.873,-40.931],[-73.855,-40.916],[-73.856,-40.902],[-73.874,-40.889],[-73.889,-40.878],[-73.893,-40.864],[-73.89,-40.853],[-73.88,-40.84],[-73.871,-40.82],[-73.871,-40.795],[-73.862,-40.765],[-73.846,-40.739],[-73.828,-40.716],[-73.809,-40.706],[-73.822,-40.69],[-73.839,-40.677],[-73.841,-40.667],[-73.831,-40.658],[-73.821,-40.641],[-73.805,-40.631],[-73.761,-40.608],[-73.749,-40.574],[-73.728,-40.544],[-73.737,-40.523],[-73.748,-40.504],[-73.748,-40.488],[-73.751,-40.476],[-73.762,-40.455],[-73.769,-40.448],[-73.776,-40.443],[-73.781,-40.437],[-73.783,-40.425],[-73.78,-40.415],[-73.766,-40.402],[-73.762,-40.39],[-73.763,-40.348],[-73.761,-40.328],[-73.749,-40.273],[-73.748,-40.26],[-73.746,-40.249],[-73.737,-40.231],[-73.733,-40.22],[-73.724,-40.215],[-73.721,-40.209],[-73.722,-40.204],[-73.724,-40.198],[-73.727,-40.194],[-73.729,-40.195],[-73.729,-40.19],[-73.735,-40.18],[-73.735,-40.175],[-73.719,-40.165],[-73.715,-40.161],[-73.699,-40.132],[-73.698,-40.126],[-73.687,-40.126],[-73.674,-40.125],[-73.664,-40.12],[-73.66,-40.11],[-73.664,-40.067],[-73.669,-40.046],[-73.674,-40.031],[-73.7,-40],[-73.714,-39.978],[-73.711,-39.969],[-73.702,-39.964],[-73.683,-39.942],[-73.674,-39.935],[-73.662,-39.932],[-73.633,-39.935],[-73.611,-39.926],[-73.583,-39.905],[-73.537,-39.897],[-73.517,-39.888],[-73.499,-39.874],[-73.482,-39.859],[-73.467,-39.84],[-73.458,-39.834],[-73.444,-39.831],[-73.434,-39.833],[-73.424,-39.838],[-73.416,-39.843],[-73.413,-39.849],[-73.411,-39.872],[-73.404,-39.895],[-73.393,-39.909],[-73.379,-39.9],[-73.373,-39.88],[-73.376,-39.858],[-73.385,-39.837],[-73.396,-39.821],[-73.402,-39.804],[-73.395,-39.783],[-73.384,-39.761],[-73.379,-39.743],[-73.386,-39.722],[-73.399,-39.708],[-73.406,-39.695],[-73.396,-39.678],[-73.359,-39.664],[-73.346,-39.656],[-73.358,-39.647],[-73.317,-39.607],[-73.298,-39.583],[-73.29,-39.561],[-73.288,-39.551],[-73.283,-39.539],[-73.275,-39.528],[-73.265,-39.524],[-73.263,-39.518],[-73.261,-39.507],[-73.255,-39.495],[-73.242,-39.49],[-73.252,-39.468],[-73.25,-39.45],[-73.24,-39.434],[-73.224,-39.417],[-73.226,-39.411],[-73.245,-39.39],[-73.249,-39.38],[-73.244,-39.369],[-73.234,-39.363],[-73.225,-39.356],[-73.221,-39.342],[-73.224,-39.318],[-73.236,-39.27],[-73.235,-39.249],[-73.212,-39.213],[-73.21,-39.194],[-73.235,-39.181],[-73.233,-39.207],[-73.238,-39.222],[-73.245,-39.221],[-73.252,-39.178],[-73.266,-39.143],[-73.283,-39.075],[-73.361,-38.914],[-73.433,-38.687],[-73.441,-38.687],[-73.438,-38.734],[-73.427,-38.776],[-73.437,-38.772],[-73.445,-38.761],[-73.454,-38.735],[-73.458,-38.715],[-73.458,-38.694],[-73.462,-38.674],[-73.483,-38.637],[-73.502,-38.571],[-73.516,-38.539],[-73.521,-38.522],[-73.525,-38.476],[-73.543,-38.421],[-73.542,-38.399],[-73.528,-38.352],[-73.526,-38.341],[-73.531,-38.332],[-73.525,-38.326],[-73.515,-38.322],[-73.509,-38.317],[-73.508,-38.307],[-73.521,-38.267],[-73.52,-38.258],[-73.512,-38.245],[-73.505,-38.24],[-73.495,-38.234],[-73.486,-38.227],[-73.482,-38.218],[-73.463,-38.092],[-73.463,-38.051],[-73.471,-38.012],[-73.503,-37.933],[-73.558,-37.846],[-73.622,-37.759],[-73.632,-37.751],[-73.652,-37.741],[-73.66,-37.735],[-73.667,-37.726],[-73.668,-37.719],[-73.666,-37.663],[-73.67,-37.652],[-73.684,-37.632],[-73.688,-37.622],[-73.685,-37.598],[-73.678,-37.579],[-73.667,-37.564],[-73.653,-37.55],[-73.619,-37.527],[-73.604,-37.512],[-73.598,-37.492],[-73.599,-37.448],[-73.603,-37.429],[-73.611,-37.413],[-73.672,-37.363],[-73.68,-37.348],[-73.676,-37.326],[-73.654,-37.29],[-73.646,-37.269],[-73.645,-37.201],[-73.636,-37.183],[-73.62,-37.166],[-73.608,-37.155],[-73.594,-37.152],[-73.578,-37.159],[-73.566,-37.174],[-73.557,-37.183],[-73.547,-37.187],[-73.543,-37.189],[-73.503,-37.208],[-73.478,-37.205],[-73.468,-37.207],[-73.465,-37.216],[-73.467,-37.225],[-73.467,-37.235],[-73.461,-37.242],[-73.449,-37.241],[-73.428,-37.227],[-73.403,-37.237],[-73.388,-37.235],[-73.362,-37.228],[-73.32,-37.224],[-73.283,-37.214],[-73.237,-37.192],[-73.209,-37.16],[-73.173,-37.076],[-73.172,-37.027],[-73.177,-37.011],[-73.179,-37.001],[-73.18,-36.991],[-73.177,-36.985],[-73.16,-36.96],[-73.157,-36.95],[-73.145,-36.834],[-73.151,-36.809],[-73.165,-36.793],[-73.185,-36.783],[-73.207,-36.775],[-73.199,-36.764],[-73.187,-36.752],[-73.173,-36.742],[-73.16,-36.735],[-73.149,-36.747],[-73.132,-36.736],[-73.126,-36.718],[-73.153,-36.707],[-73.131,-36.678],[-73.126,-36.665],[-73.133,-36.65],[-73.129,-36.633],[-73.122,-36.614],[-73.119,-36.597],[-73.092,-36.618],[-73.091,-36.687],[-73.07,-36.714],[-73.055,-36.719],[-73.036,-36.721],[-73.017,-36.719],[-73.002,-36.714],[-72.988,-36.703],[-72.982,-36.69],[-72.981,-36.656],[-72.979,-36.648],[-72.974,-36.64],[-72.969,-36.633],[-72.964,-36.628],[-72.959,-36.621],[-72.961,-36.614],[-72.965,-36.608],[-72.971,-36.593],[-72.985,-36.578],[-72.988,-36.573],[-72.988,-36.529],[-72.986,-36.521],[-72.981,-36.517],[-72.971,-36.515],[-72.962,-36.518],[-72.961,-36.525],[-72.961,-36.532],[-72.957,-36.536],[-72.942,-36.532],[-72.932,-36.524],[-72.925,-36.511],[-72.905,-36.455],[-72.896,-36.438],[-72.882,-36.422],[-72.878,-36.414],[-72.872,-36.378],[-72.868,-36.367],[-72.851,-36.344],[-72.841,-36.327],[-72.832,-36.308],[-72.826,-36.287],[-72.824,-36.265],[-72.837,-36.197],[-72.838,-36.179],[-72.831,-36.169],[-72.813,-36.154],[-72.81,-36.142],[-72.812,-36.131],[-72.822,-36.111],[-72.824,-36.101],[-72.819,-36.081],[-72.797,-36.05],[-72.79,-36.028],[-72.79,-36.019],[-72.792,-36.008],[-72.796,-35.998],[-72.804,-35.989],[-72.8,-35.978],[-72.793,-35.967],[-72.78,-35.953],[-72.686,-35.883],[-72.672,-35.866],[-72.666,-35.847],[-72.611,-35.819],[-72.598,-35.81],[-72.584,-35.771],[-72.587,-35.73],[-72.601,-35.691],[-72.649,-35.607],[-72.653,-35.587],[-72.647,-35.567],[-72.632,-35.553],[-72.539,-35.499],[-72.53,-35.49],[-72.505,-35.448],[-72.488,-35.418],[-72.491,-35.405],[-72.492,-35.391],[-72.489,-35.377],[-72.481,-35.363],[-72.465,-35.352],[-72.447,-35.345],[-72.432,-35.335],[-72.426,-35.312],[-72.425,-35.289],[-72.42,-35.268],[-72.411,-35.25],[-72.398,-35.233],[-72.364,-35.208],[-72.288,-35.169],[-72.255,-35.145],[-72.231,-35.116],[-72.213,-35.081],[-72.203,-35.041],[-72.193,-34.908],[-72.188,-34.886],[-72.175,-34.867],[-72.159,-34.849],[-72.145,-34.829],[-72.132,-34.784],[-72.126,-34.778],[-72.103,-34.761],[-72.098,-34.75],[-72.093,-34.734],[-72.063,-34.678],[-72.057,-34.659],[-72.054,-34.57],[-72.042,-34.508],[-72.043,-34.486],[-72.053,-34.449],[-72.055,-34.428],[-72.048,-34.404],[-72.031,-34.39],[-72.011,-34.381],[-71.995,-34.37],[-71.989,-34.355],[-71.987,-34.335],[-71.989,-34.254],[-71.995,-34.212],[-72.005,-34.198],[-72.019,-34.181],[-72.027,-34.163],[-72.019,-34.141],[-71.973,-34.092],[-71.961,-34.075],[-71.944,-34.04],[-71.931,-34.022],[-71.907,-34.009],[-71.905,-33.997],[-71.906,-33.984],[-71.905,-33.973],[-71.9,-33.965],[-71.878,-33.945],[-71.86,-33.912],[-71.835,-33.826],[-71.817,-33.787],[-71.808,-33.777],[-71.802,-33.773],[-71.795,-33.77],[-71.785,-33.764],[-71.776,-33.76],[-71.754,-33.761],[-71.744,-33.757],[-71.725,-33.743],[-71.706,-33.733],[-71.688,-33.721],[-71.672,-33.698],[-71.654,-33.657],[-71.648,-33.634],[-71.645,-33.613],[-71.647,-33.579],[-71.645,-33.569],[-71.641,-33.561],[-71.628,-33.547],[-71.625,-33.541],[-71.641,-33.501],[-71.706,-33.434],[-71.707,-33.39],[-71.703,-33.379],[-71.697,-33.37],[-71.689,-33.365],[-71.676,-33.363],[-71.672,-33.359],[-71.671,-33.347],[-71.672,-33.326],[-71.676,-33.301],[-71.686,-33.284],[-71.697,-33.268],[-71.707,-33.247],[-71.72,-33.168],[-71.726,-33.154],[-71.752,-33.114],[-71.762,-33.102],[-71.744,-33.086],[-71.69,-33.086],[-71.679,-33.072],[-71.677,-33.061],[-71.673,-33.048],[-71.666,-33.036],[-71.659,-33.028],[-71.646,-33.019],[-71.638,-33.018],[-71.63,-33.02],[-71.594,-33.019],[-71.582,-33.017],[-71.573,-33.01],[-71.568,-33.002],[-71.565,-32.984],[-71.553,-32.964],[-71.554,-32.954],[-71.557,-32.943],[-71.556,-32.932],[-71.549,-32.922],[-71.529,-32.908],[-71.521,-32.897],[-71.518,-32.873],[-71.526,-32.852],[-71.537,-32.831],[-71.544,-32.804],[-71.548,-32.796],[-71.549,-32.785],[-71.542,-32.774],[-71.532,-32.769],[-71.509,-32.77],[-71.501,-32.767],[-71.495,-32.746],[-71.504,-32.726],[-71.507,-32.711],[-71.465,-32.699],[-71.454,-32.686],[-71.448,-32.666],[-71.446,-32.643],[-71.449,-32.597],[-71.455,-32.573],[-71.477,-32.535],[-71.471,-32.516],[-71.456,-32.499],[-71.44,-32.485],[-71.441,-32.472],[-71.432,-32.427],[-71.426,-32.411],[-71.418,-32.4],[-71.411,-32.394],[-71.408,-32.386],[-71.412,-32.37],[-71.446,-32.342],[-71.451,-32.34],[-71.464,-32.335],[-71.467,-32.332],[-71.467,-32.331],[-71.468,-32.316],[-71.467,-32.315],[-71.476,-32.278],[-71.481,-32.267],[-71.496,-32.252],[-71.514,-32.24],[-71.531,-32.227],[-71.542,-32.205],[-71.544,-32.193],[-71.542,-32.16],[-71.54,-32.149],[-71.528,-32.126],[-71.527,-32.084],[-71.508,-31.977],[-71.511,-31.961],[-71.52,-31.951],[-71.526,-31.941],[-71.529,-31.93],[-71.528,-31.917],[-71.523,-31.907],[-71.514,-31.9],[-71.506,-31.894],[-71.501,-31.89],[-71.506,-31.869],[-71.54,-31.838],[-71.539,-31.825],[-71.522,-31.806],[-71.515,-31.79],[-71.515,-31.775],[-71.563,-31.608],[-71.57,-31.592],[-71.569,-31.519],[-71.594,-31.444],[-71.608,-31.42],[-71.647,-31.202],[-71.666,-31.17],[-71.668,-31.15],[-71.653,-31.069],[-71.651,-31.022],[-71.655,-30.976],[-71.666,-30.937],[-71.67,-30.931],[-71.674,-30.926],[-71.678,-30.919],[-71.68,-30.896],[-71.685,-30.876],[-71.689,-30.843],[-71.707,-30.779],[-71.699,-30.709],[-71.704,-30.697],[-71.713,-30.615],[-71.71,-30.594],[-71.695,-30.545],[-71.697,-30.529],[-71.703,-30.509],[-71.699,-30.485],[-71.686,-30.45],[-71.677,-30.343],[-71.639,-30.252],[-71.638,-30.241],[-71.635,-30.238],[-71.628,-30.24],[-71.621,-30.247],[-71.609,-30.275],[-71.587,-30.285],[-71.562,-30.287],[-71.542,-30.285],[-71.518,-30.279],[-71.506,-30.272],[-71.501,-30.262],[-71.504,-30.251],[-71.507,-30.244],[-71.504,-30.24],[-71.491,-30.238],[-71.486,-30.227],[-71.446,-30.162],[-71.433,-30.174],[-71.424,-30.185],[-71.415,-30.188],[-71.399,-30.177],[-71.388,-30.163],[-71.383,-30.148],[-71.378,-30.115],[-71.376,-30.079],[-71.382,-30.046],[-71.395,-30.017],[-71.412,-29.992],[-71.407,-29.983],[-71.401,-29.978],[-71.393,-29.979],[-71.384,-29.984],[-71.383,-29.976],[-71.38,-29.97],[-71.375,-29.965],[-71.359,-29.962],[-71.359,-29.956],[-71.361,-29.95],[-71.358,-29.943],[-71.354,-29.938],[-71.354,-29.934],[-71.351,-29.931],[-71.34,-29.93],[-71.336,-29.932],[-71.326,-29.941],[-71.32,-29.943],[-71.298,-29.934],[-71.287,-29.91],[-71.283,-29.88],[-71.282,-29.851],[-71.285,-29.836],[-71.293,-29.825],[-71.312,-29.81],[-71.319,-29.8],[-71.324,-29.787],[-71.336,-29.728],[-71.335,-29.711],[-71.326,-29.704],[-71.32,-29.697],[-71.318,-29.682],[-71.319,-29.666],[-71.323,-29.656],[-71.297,-29.623],[-71.288,-29.603],[-71.299,-29.594],[-71.312,-29.587],[-71.323,-29.568],[-71.332,-29.545],[-71.336,-29.525],[-71.333,-29.504],[-71.319,-29.472],[-71.314,-29.444],[-71.31,-29.433],[-71.307,-29.421],[-71.309,-29.409],[-71.315,-29.401],[-71.33,-29.391],[-71.336,-29.381],[-71.341,-29.357],[-71.343,-29.337],[-71.347,-29.317],[-71.361,-29.296],[-71.376,-29.282],[-71.469,-29.229],[-71.487,-29.212],[-71.494,-29.193],[-71.495,-29.142],[-71.496,-29.139],[-71.496,-29.135],[-71.494,-29.127],[-71.492,-29.122],[-71.484,-29.112],[-71.481,-29.108],[-71.482,-29.093],[-71.489,-29.086],[-71.497,-29.08],[-71.501,-29.07],[-71.499,-29.061],[-71.49,-29.047],[-71.488,-29.036],[-71.501,-28.991],[-71.499,-28.987],[-71.498,-28.977],[-71.501,-28.971],[-71.515,-28.978],[-71.522,-28.94],[-71.511,-28.89],[-71.488,-28.845],[-71.456,-28.826],[-71.441,-28.823],[-71.402,-28.807],[-71.391,-28.799],[-71.38,-28.78],[-71.368,-28.741],[-71.358,-28.724],[-71.319,-28.693],[-71.302,-28.675],[-71.288,-28.619],[-71.289,-28.607],[-71.295,-28.6],[-71.304,-28.592],[-71.313,-28.583],[-71.316,-28.573],[-71.307,-28.562],[-71.289,-28.552],[-71.27,-28.54],[-71.262,-28.522],[-71.27,-28.486],[-71.268,-28.477],[-71.26,-28.472],[-71.251,-28.471],[-71.241,-28.471],[-71.234,-28.47],[-71.21,-28.447],[-71.189,-28.405],[-71.174,-28.361],[-71.172,-28.326],[-71.178,-28.309],[-71.183,-28.302],[-71.189,-28.299],[-71.194,-28.294],[-71.187,-28.285],[-71.172,-28.268],[-71.17,-28.25],[-71.16,-28.212],[-71.157,-28.143],[-71.16,-28.12],[-71.173,-28.093],[-71.168,-28.084],[-71.159,-28.074],[-71.152,-28.065],[-71.147,-28.049],[-71.138,-27.946],[-71.133,-27.924],[-71.124,-27.901],[-71.119,-27.895],[-71.111,-27.89],[-71.103,-27.884],[-71.097,-27.874],[-71.103,-27.852],[-71.105,-27.839],[-71.1,-27.833],[-71.09,-27.83],[-71.085,-27.823],[-71.083,-27.813],[-71.083,-27.802],[-71.079,-27.781],[-71.058,-27.744],[-71.049,-27.723],[-71.044,-27.702],[-71.042,-27.678],[-71.039,-27.666],[-71.032,-27.657],[-71.025,-27.655],[-71.021,-27.665],[-71.013,-27.672],[-70.971,-27.66],[-70.953,-27.661],[-70.947,-27.649],[-70.94,-27.638],[-70.93,-27.63],[-70.922,-27.627],[-70.912,-27.622],[-70.912,-27.61],[-70.919,-27.586],[-70.919,-27.544],[-70.895,-27.503],[-70.892,-27.493],[-70.896,-27.47],[-70.905,-27.442],[-70.917,-27.415],[-70.946,-27.372],[-70.945,-27.35],[-70.937,-27.326],[-70.933,-27.298],[-70.938,-27.281],[-70.948,-27.262],[-70.955,-27.244],[-70.945,-27.215],[-70.949,-27.204],[-70.96,-27.188],[-70.961,-27.181],[-70.961,-27.168],[-70.96,-27.161],[-70.948,-27.132],[-70.947,-27.124],[-70.941,-27.113],[-70.929,-27.107],[-70.917,-27.107],[-70.912,-27.117],[-70.908,-27.129],[-70.9,-27.133],[-70.891,-27.131],[-70.884,-27.127],[-70.871,-27.118],[-70.869,-27.11],[-70.871,-27.102],[-70.871,-27.092],[-70.865,-27.084],[-70.858,-27.078],[-70.852,-27.072],[-70.85,-27.062],[-70.849,-27.048],[-70.845,-27.046],[-70.84,-27.049],[-70.833,-27.052],[-70.818,-27.048],[-70.817,-27.04],[-70.821,-27.03],[-70.823,-27.024],[-70.815,-27.015],[-70.794,-27.003],[-70.789,-26.996],[-70.791,-26.978],[-70.807,-26.931],[-70.806,-26.921],[-70.806,-26.916],[-70.823,-26.887],[-70.824,-26.874],[-70.822,-26.866],[-70.786,-26.788],[-70.778,-26.778],[-70.772,-26.772],[-70.749,-26.761],[-70.732,-26.749],[-70.749,-26.729],[-70.753,-26.722],[-70.756,-26.714],[-70.755,-26.702],[-70.747,-26.692],[-70.73,-26.682],[-70.727,-26.671],[-70.726,-26.66],[-70.715,-26.609],[-70.695,-26.569],[-70.692,-26.544],[-70.705,-26.511],[-70.707,-26.493],[-70.696,-26.472],[-70.69,-26.465],[-70.687,-26.456],[-70.685,-26.447],[-70.686,-26.435],[-70.688,-26.424],[-70.698,-26.401],[-70.699,-26.393],[-70.691,-26.384],[-70.667,-26.385],[-70.657,-26.356],[-70.63,-26.341],[-70.642,-26.315],[-70.681,-26.304],[-70.675,-26.277],[-70.657,-26.266],[-70.648,-26.236],[-70.655,-26.219],[-70.665,-26.203],[-70.665,-26.176],[-70.672,-26.161],[-70.665,-26.15],[-70.662,-26.134],[-70.658,-26.099],[-70.66,-26.073],[-70.658,-26.065],[-70.653,-26.056],[-70.642,-26.05],[-70.638,-26.044],[-70.631,-26.01],[-70.636,-25.975],[-70.649,-25.944],[-70.665,-25.921],[-70.697,-25.885],[-70.704,-25.867],[-70.706,-25.842],[-70.71,-25.835],[-70.731,-25.829],[-70.74,-25.829],[-70.733,-25.804],[-70.724,-25.779],[-70.7,-25.773],[-70.692,-25.741],[-70.694,-25.714],[-70.692,-25.691],[-70.687,-25.668],[-70.673,-25.654],[-70.651,-25.648],[-70.635,-25.626],[-70.638,-25.581],[-70.64,-25.571],[-70.649,-25.551],[-70.651,-25.541],[-70.65,-25.529],[-70.647,-25.522],[-70.623,-25.504],[-70.619,-25.503],[-70.614,-25.504],[-70.604,-25.502],[-70.585,-25.494],[-70.551,-25.472],[-70.538,-25.468],[-70.531,-25.457],[-70.521,-25.403],[-70.514,-25.386],[-70.476,-25.386],[-70.465,-25.382],[-70.458,-25.374],[-70.454,-25.363],[-70.449,-25.355],[-70.445,-25.345],[-70.447,-25.333],[-70.453,-25.318],[-70.451,-25.306],[-70.439,-25.276],[-70.434,-25.236],[-70.437,-25.193],[-70.449,-25.153],[-70.473,-25.119],[-70.489,-25.11],[-70.497,-25.104],[-70.501,-25.095],[-70.5,-25.085],[-70.495,-25.069],[-70.494,-25.061],[-70.489,-25.039],[-70.477,-25.02],[-70.469,-25],[-70.473,-24.975],[-70.521,-24.919],[-70.528,-24.896],[-70.532,-24.873],[-70.55,-24.832],[-70.556,-24.811],[-70.556,-24.766],[-70.559,-24.756],[-70.573,-24.737],[-70.576,-24.732],[-70.576,-24.653],[-70.555,-24.606],[-70.557,-24.595],[-70.56,-24.584],[-70.565,-24.562],[-70.572,-24.554],[-70.578,-24.547],[-70.583,-24.537],[-70.583,-24.525],[-70.579,-24.518],[-70.574,-24.511],[-70.569,-24.502],[-70.561,-24.482],[-70.554,-24.449],[-70.542,-24.415],[-70.549,-24.386],[-70.55,-24.38],[-70.555,-24.371],[-70.556,-24.365],[-70.554,-24.365],[-70.549,-24.361],[-70.544,-24.355],[-70.542,-24.351],[-70.545,-24.341],[-70.548,-24.327],[-70.539,-24.318],[-70.533,-24.306],[-70.535,-24.292],[-70.531,-24.279],[-70.534,-24.261],[-70.531,-24.245],[-70.514,-24.214],[-70.52,-24.201],[-70.518,-24.19],[-70.506,-24.167],[-70.515,-24.146],[-70.52,-24.124],[-70.509,-24.122],[-70.504,-24.115],[-70.5,-24.097],[-70.502,-24.068],[-70.508,-24.038],[-70.526,-23.996],[-70.52,-23.965],[-70.501,-23.913],[-70.504,-23.886],[-70.512,-23.872],[-70.513,-23.859],[-70.494,-23.838],[-70.499,-23.785],[-70.494,-23.769],[-70.484,-23.755],[-70.453,-23.729],[-70.439,-23.714],[-70.421,-23.685],[-70.405,-23.651],[-70.394,-23.614],[-70.391,-23.577],[-70.404,-23.552],[-70.413,-23.511],[-70.441,-23.493],[-70.466,-23.48],[-70.497,-23.469],[-70.512,-23.481],[-70.521,-23.504],[-70.533,-23.517],[-70.539,-23.532],[-70.561,-23.526],[-70.582,-23.52],[-70.606,-23.511],[-70.621,-23.531],[-70.632,-23.517],[-70.625,-23.475],[-70.616,-23.455],[-70.614,-23.447],[-70.602,-23.444],[-70.592,-23.436],[-70.585,-23.424],[-70.596,-23.406],[-70.599,-23.405],[-70.602,-23.38],[-70.605,-23.357],[-70.592,-23.326],[-70.597,-23.301],[-70.601,-23.282],[-70.599,-23.263],[-70.6,-23.244],[-70.586,-23.213],[-70.568,-23.2],[-70.563,-23.175],[-70.572,-23.155],[-70.565,-23.131],[-70.581,-23.108],[-70.573,-23.08],[-70.562,-23.06],[-70.537,-23.033],[-70.512,-23.015],[-70.509,-23.01],[-70.506,-23.01],[-70.498,-23.018],[-70.494,-23.027],[-70.494,-23.037],[-70.496,-23.048],[-70.501,-23.056],[-70.493,-23.073],[-70.484,-23.086],[-70.468,-23.096],[-70.451,-23.097],[-70.425,-23.089],[-70.397,-23.071],[-70.373,-23.051],[-70.356,-23.03],[-70.337,-23.003],[-70.329,-22.97],[-70.329,-22.962],[-70.328,-22.957],[-70.322,-22.947],[-70.321,-22.946],[-70.309,-22.933],[-70.297,-22.918],[-70.292,-22.902],[-70.289,-22.885],[-70.288,-22.868],[-70.294,-22.845],[-70.306,-22.819],[-70.313,-22.791],[-70.302,-22.762],[-70.303,-22.748],[-70.291,-22.724],[-70.281,-22.695],[-70.288,-22.666],[-70.281,-22.658],[-70.283,-22.65],[-70.287,-22.642],[-70.288,-22.632],[-70.282,-22.624],[-70.276,-22.622],[-70.27,-22.62],[-70.267,-22.607],[-70.269,-22.596],[-70.279,-22.578],[-70.281,-22.566],[-70.279,-22.557],[-70.243,-22.497],[-70.241,-22.488],[-70.243,-22.478],[-70.254,-22.457],[-70.247,-22.385],[-70.248,-22.328],[-70.244,-22.313],[-70.236,-22.298],[-70.223,-22.162],[-70.225,-22.147],[-70.211,-22.102],[-70.213,-22.083],[-70.198,-22.075],[-70.19,-22.06],[-70.186,-22.041],[-70.185,-22.025],[-70.2,-22.006],[-70.198,-22.003],[-70.194,-22.002],[-70.192,-22.001],[-70.19,-21.995],[-70.178,-21.973],[-70.183,-21.964],[-70.18,-21.956],[-70.174,-21.946],[-70.172,-21.932],[-70.174,-21.918],[-70.179,-21.907],[-70.192,-21.884],[-70.15,-21.862],[-70.146,-21.812],[-70.153,-21.76],[-70.144,-21.733],[-70.149,-21.723],[-70.152,-21.665],[-70.15,-21.653],[-70.14,-21.633],[-70.123,-21.619],[-70.104,-21.609],[-70.096,-21.591],[-70.095,-21.574],[-70.09,-21.559],[-70.087,-21.546],[-70.074,-21.538],[-70.071,-21.523],[-70.075,-21.511],[-70.079,-21.501],[-70.083,-21.489],[-70.083,-21.483],[-70.071,-21.466],[-70.062,-21.45],[-70.059,-21.433],[-70.066,-21.415],[-70.083,-21.391],[-70.093,-21.365],[-70.094,-21.345],[-70.087,-21.337],[-70.082,-21.327],[-70.073,-21.316],[-70.069,-21.306],[-70.076,-21.282],[-70.078,-21.264],[-70.087,-21.255],[-70.087,-21.246],[-70.083,-21.24],[-70.08,-21.233],[-70.084,-21.226],[-70.089,-21.216],[-70.095,-21.203],[-70.095,-21.19],[-70.11,-21.174],[-70.112,-21.163],[-70.118,-21.14],[-70.123,-21.135],[-70.128,-21.13],[-70.131,-21.124],[-70.13,-21.118],[-70.128,-21.113],[-70.125,-21.11],[-70.123,-21.11],[-70.127,-21.089],[-70.14,-21.076],[-70.164,-21.04],[-70.171,-21.015],[-70.168,-20.997],[-70.162,-20.988],[-70.15,-20.963],[-70.13,-20.947],[-70.127,-20.935],[-70.141,-20.915],[-70.137,-20.901],[-70.141,-20.881],[-70.148,-20.867],[-70.154,-20.856],[-70.168,-20.842],[-70.184,-20.829],[-70.194,-20.816],[-70.212,-20.814],[-70.214,-20.812],[-70.197,-20.805],[-70.19,-20.792],[-70.204,-20.763],[-70.206,-20.739],[-70.192,-20.72],[-70.192,-20.713],[-70.197,-20.712],[-70.199,-20.71],[-70.201,-20.708],[-70.206,-20.706],[-70.196,-20.677],[-70.194,-20.645],[-70.204,-20.542],[-70.206,-20.528],[-70.199,-20.516],[-70.177,-20.492],[-70.171,-20.476],[-70.167,-20.448],[-70.172,-20.422],[-70.175,-20.404],[-70.189,-20.38],[-70.192,-20.367],[-70.187,-20.354],[-70.164,-20.339],[-70.146,-20.33],[-70.142,-20.302],[-70.137,-20.294],[-70.131,-20.267],[-70.16,-20.221],[-70.165,-20.209],[-70.162,-20.197],[-70.156,-20.193],[-70.15,-20.189],[-70.144,-20.179],[-70.145,-20.172],[-70.151,-20.148],[-70.151,-20.138],[-70.145,-20.123],[-70.127,-20.092],[-70.123,-20.072],[-70.125,-20.066],[-70.135,-20.051],[-70.137,-20.042],[-70.135,-20.031],[-70.126,-20.01],[-70.123,-20],[-70.125,-19.978],[-70.135,-19.949],[-70.138,-19.916],[-70.144,-19.89],[-70.143,-19.879],[-70.137,-19.861],[-70.137,-19.849],[-70.159,-19.818],[-70.159,-19.791],[-70.149,-19.737],[-70.151,-19.719],[-70.175,-19.66],[-70.178,-19.64],[-70.184,-19.629],[-70.209,-19.617],[-70.238,-19.603],[-70.243,-19.598],[-70.214,-19.596],[-70.208,-19.58],[-70.203,-19.569],[-70.204,-19.552],[-70.2,-19.534],[-70.208,-19.49],[-70.214,-19.461],[-70.226,-19.437],[-70.226,-19.411],[-70.241,-19.373],[-70.266,-19.335],[-70.264,-19.328],[-70.261,-19.323],[-70.27,-19.313],[-70.282,-19.304],[-70.288,-19.301],[-70.288,-19.292],[-70.283,-19.273],[-70.281,-19.263],[-70.282,-19.223],[-70.28,-19.204],[-70.266,-19.178],[-70.27,-19.171],[-70.277,-19.166],[-70.281,-19.16],[-70.275,-19.133],[-70.275,-19.123],[-70.277,-19.109],[-70.313,-19.022],[-70.314,-19.007],[-70.309,-18.971],[-70.32,-18.944],[-70.33,-18.879],[-70.345,-18.839],[-70.353,-18.797],[-70.357,-18.773],[-70.354,-18.763],[-70.343,-18.736],[-70.343,-18.708],[-70.342,-18.696],[-70.336,-18.676],[-70.336,-18.664],[-70.339,-18.654],[-70.348,-18.643],[-70.35,-18.636],[-70.335,-18.618],[-70.339,-18.578],[-70.334,-18.546],[-70.325,-18.524],[-70.322,-18.513],[-70.323,-18.502],[-70.328,-18.48],[-70.329,-18.472],[-70.306,-18.461],[-70.304,-18.445],[-70.314,-18.43],[-70.326,-18.414],[-70.349,-18.383],[-70.37,-18.363],[-70.393,-18.34],[-70.395,-18.338],[-70.369,-18.325],[-70.318,-18.321],[-70.211,-18.331],[-70.159,-18.326],[-70.134,-18.319],[-70.063,-18.281],[-70.039,-18.273],[-70.01,-18.273],[-69.988,-18.264],[-69.97,-18.251],[-69.923,-18.196],[-69.883,-18.164],[-69.865,-18.145],[-69.844,-18.113],[-69.783,-17.982],[-69.78,-17.963],[-69.782,-17.944],[-69.791,-17.925],[-69.813,-17.888],[-69.818,-17.871],[-69.82,-17.846],[-69.829,-17.804],[-69.846,-17.769],[-69.858,-17.734],[-69.85,-17.692],[-69.818,-17.659],[-69.776,-17.657],[-69.729,-17.663],[-69.684,-17.656],[-69.638,-17.626],[-69.51,-17.507]]],[[[-68.642,-54.799],[-68.642,-54.854],[-68.654,-54.886],[-68.666,-54.886],[-68.686,-54.879],[-68.74,-54.847],[-68.929,-54.778],[-68.966,-54.784],[-68.966,-54.791],[-68.883,-54.808],[-68.87,-54.822],[-68.861,-54.835],[-68.838,-54.851],[-68.813,-54.865],[-68.794,-54.873],[-68.744,-54.886],[-68.738,-54.896],[-68.76,-54.911],[-68.788,-54.92],[-69.067,-54.949],[-69.13,-54.942],[-69.283,-54.899],[-69.506,-54.862],[-69.562,-54.846],[-69.593,-54.829],[-69.602,-54.825],[-69.618,-54.823],[-69.634,-54.824],[-69.648,-54.823],[-69.661,-54.815],[-69.674,-54.805],[-69.678,-54.799],[-69.679,-54.788],[-69.672,-54.778],[-69.657,-54.775],[-69.641,-54.774],[-69.63,-54.771],[-69.624,-54.761],[-69.625,-54.752],[-69.629,-54.744],[-69.63,-54.737],[-69.627,-54.692],[-69.639,-54.698],[-69.664,-54.754],[-69.679,-54.765],[-69.692,-54.75],[-69.698,-54.7],[-69.716,-54.689],[-69.721,-54.698],[-69.712,-54.765],[-69.713,-54.785],[-69.715,-54.792],[-69.72,-54.798],[-69.731,-54.803],[-69.747,-54.806],[-69.761,-54.804],[-69.768,-54.795],[-69.761,-54.749],[-69.762,-54.727],[-69.774,-54.716],[-69.791,-54.721],[-69.796,-54.742],[-69.795,-54.788],[-69.809,-54.811],[-69.842,-54.821],[-69.881,-54.822],[-69.912,-54.819],[-69.931,-54.811],[-69.951,-54.796],[-69.967,-54.778],[-69.973,-54.761],[-69.973,-54.719],[-69.97,-54.709],[-69.963,-54.702],[-69.958,-54.694],[-69.959,-54.682],[-69.97,-54.677],[-69.983,-54.69],[-69.995,-54.712],[-70,-54.733],[-69.998,-54.756],[-69.985,-54.787],[-69.98,-54.804],[-69.979,-54.822],[-69.982,-54.831],[-69.993,-54.835],[-70.08,-54.85],[-70.093,-54.849],[-70.098,-54.835],[-70.094,-54.821],[-70.087,-54.806],[-70.083,-54.795],[-70.087,-54.779],[-70.097,-54.781],[-70.106,-54.794],[-70.11,-54.811],[-70.139,-54.797],[-70.143,-54.807],[-70.144,-54.828],[-70.165,-54.846],[-70.2,-54.855],[-70.24,-54.858],[-70.278,-54.853],[-70.309,-54.839],[-70.327,-54.817],[-70.324,-54.798],[-70.308,-54.78],[-70.271,-54.751],[-70.239,-54.714],[-70.226,-54.695],[-70.245,-54.689],[-70.254,-54.7],[-70.263,-54.715],[-70.278,-54.723],[-70.289,-54.727],[-70.322,-54.747],[-70.329,-54.754],[-70.332,-54.761],[-70.338,-54.767],[-70.345,-54.771],[-70.35,-54.777],[-70.353,-54.784],[-70.355,-54.798],[-70.357,-54.804],[-70.357,-54.81],[-70.355,-54.827],[-70.357,-54.832],[-70.365,-54.835],[-70.375,-54.832],[-70.382,-54.827],[-70.385,-54.825],[-70.431,-54.812],[-70.462,-54.809],[-70.505,-54.799],[-70.543,-54.784],[-70.581,-54.779],[-70.611,-54.781],[-70.61,-54.791],[-70.627,-54.802],[-70.652,-54.808],[-70.696,-54.811],[-70.718,-54.818],[-70.737,-54.831],[-70.759,-54.841],[-70.789,-54.835],[-70.825,-54.821],[-70.834,-54.81],[-70.837,-54.788],[-70.827,-54.777],[-70.805,-54.768],[-70.78,-54.76],[-70.713,-54.754],[-70.625,-54.732],[-70.546,-54.698],[-70.453,-54.634],[-70.491,-54.614],[-70.543,-54.623],[-70.631,-54.668],[-70.619,-54.674],[-70.595,-54.683],[-70.583,-54.689],[-70.606,-54.704],[-70.638,-54.717],[-70.671,-54.727],[-70.699,-54.73],[-70.716,-54.727],[-70.729,-54.722],[-70.742,-54.719],[-70.761,-54.723],[-70.773,-54.73],[-70.786,-54.739],[-70.8,-54.747],[-70.816,-54.75],[-70.892,-54.749],[-70.927,-54.738],[-70.922,-54.713],[-70.891,-54.698],[-70.808,-54.693],[-70.774,-54.682],[-70.8,-54.674],[-70.856,-54.681],[-70.884,-54.682],[-70.926,-54.67],[-70.945,-54.672],[-70.96,-54.689],[-70.94,-54.702],[-70.95,-54.721],[-71.01,-54.771],[-71.028,-54.777],[-71.042,-54.776],[-71.049,-54.761],[-71.043,-54.746],[-71.028,-54.735],[-71.012,-54.726],[-71.001,-54.716],[-70.996,-54.7],[-70.998,-54.687],[-71.002,-54.675],[-71.001,-54.661],[-70.961,-54.632],[-70.95,-54.627],[-70.948,-54.623],[-70.952,-54.616],[-70.959,-54.612],[-70.977,-54.62],[-70.986,-54.621],[-71.004,-54.62],[-71.015,-54.615],[-71.044,-54.596],[-71.062,-54.593],[-71.056,-54.606],[-71.048,-54.617],[-71.042,-54.628],[-71.042,-54.641],[-71.05,-54.657],[-71.061,-54.662],[-71.072,-54.66],[-71.083,-54.655],[-71.086,-54.649],[-71.086,-54.641],[-71.09,-54.635],[-71.103,-54.634],[-71.105,-54.637],[-71.148,-54.687],[-71.163,-54.698],[-71.18,-54.703],[-71.192,-54.699],[-71.219,-54.681],[-71.234,-54.675],[-71.27,-54.677],[-71.29,-54.676],[-71.303,-54.668],[-71.304,-54.652],[-71.29,-54.647],[-71.218,-54.644],[-71.204,-54.638],[-71.193,-54.627],[-71.218,-54.622],[-71.24,-54.621],[-71.256,-54.614],[-71.263,-54.581],[-71.265,-54.575],[-71.265,-54.569],[-71.262,-54.559],[-71.255,-54.55],[-71.24,-54.54],[-71.234,-54.531],[-71.263,-54.534],[-71.281,-54.55],[-71.298,-54.559],[-71.323,-54.545],[-71.338,-54.522],[-71.347,-54.517],[-71.361,-54.528],[-71.362,-54.538],[-71.354,-54.55],[-71.344,-54.56],[-71.336,-54.566],[-71.361,-54.568],[-71.383,-54.559],[-71.4,-54.556],[-71.412,-54.579],[-71.372,-54.587],[-71.351,-54.595],[-71.336,-54.606],[-71.35,-54.613],[-71.36,-54.61],[-71.369,-54.603],[-71.381,-54.6],[-71.395,-54.604],[-71.399,-54.615],[-71.4,-54.628],[-71.405,-54.641],[-71.417,-54.651],[-71.423,-54.648],[-71.429,-54.639],[-71.443,-54.634],[-71.452,-54.638],[-71.458,-54.647],[-71.468,-54.655],[-71.488,-54.655],[-71.477,-54.676],[-71.488,-54.687],[-71.507,-54.684],[-71.521,-54.661],[-71.522,-54.638],[-71.514,-54.621],[-71.494,-54.593],[-71.515,-54.598],[-71.534,-54.613],[-71.547,-54.633],[-71.55,-54.655],[-71.558,-54.649],[-71.566,-54.647],[-71.575,-54.649],[-71.583,-54.655],[-71.592,-54.639],[-71.584,-54.619],[-71.569,-54.6],[-71.556,-54.586],[-71.565,-54.585],[-71.57,-54.588],[-71.575,-54.591],[-71.583,-54.593],[-71.591,-54.589],[-71.594,-54.583],[-71.598,-54.581],[-71.607,-54.589],[-71.611,-54.596],[-71.609,-54.602],[-71.608,-54.608],[-71.614,-54.617],[-71.638,-54.634],[-71.641,-54.639],[-71.64,-54.645],[-71.639,-54.65],[-71.645,-54.655],[-71.652,-54.656],[-71.661,-54.656],[-71.67,-54.654],[-71.676,-54.651],[-71.685,-54.635],[-71.68,-54.622],[-71.652,-54.6],[-71.665,-54.6],[-71.688,-54.606],[-71.7,-54.606],[-71.714,-54.604],[-71.74,-54.595],[-71.754,-54.593],[-71.74,-54.614],[-71.76,-54.623],[-71.792,-54.623],[-71.817,-54.62],[-71.807,-54.631],[-71.805,-54.64],[-71.809,-54.649],[-71.823,-54.655],[-71.85,-54.648],[-71.871,-54.647],[-71.919,-54.655],[-71.944,-54.655],[-71.962,-54.647],[-71.973,-54.633],[-71.981,-54.613],[-71.961,-54.607],[-71.944,-54.605],[-71.927,-54.607],[-71.905,-54.613],[-71.914,-54.603],[-71.919,-54.6],[-71.902,-54.591],[-71.895,-54.585],[-71.892,-54.579],[-71.89,-54.568],[-71.894,-54.567],[-71.902,-54.57],[-71.912,-54.572],[-71.947,-54.571],[-71.953,-54.565],[-71.933,-54.551],[-71.948,-54.55],[-72.001,-54.572],[-72.001,-54.558],[-71.997,-54.548],[-71.99,-54.539],[-71.981,-54.531],[-71.998,-54.517],[-72.007,-54.513],[-72.008,-54.505],[-72.004,-54.499],[-71.998,-54.5],[-71.986,-54.507],[-71.969,-54.511],[-71.951,-54.512],[-71.94,-54.511],[-71.99,-54.479],[-72.002,-54.459],[-71.973,-54.449],[-71.942,-54.46],[-71.921,-54.464],[-71.917,-54.468],[-71.915,-54.473],[-71.912,-54.476],[-71.885,-54.483],[-71.866,-54.501],[-71.86,-54.513],[-71.857,-54.528],[-71.85,-54.538],[-71.832,-54.542],[-71.796,-54.545],[-71.706,-54.569],[-71.672,-54.572],[-71.683,-54.564],[-71.706,-54.555],[-71.717,-54.548],[-71.74,-54.518],[-71.748,-54.511],[-71.711,-54.511],[-71.632,-54.547],[-71.583,-54.545],[-71.658,-54.514],[-71.691,-54.491],[-71.694,-54.469],[-71.717,-54.463],[-71.738,-54.466],[-71.759,-54.472],[-71.782,-54.476],[-71.831,-54.469],[-71.841,-54.466],[-71.851,-54.455],[-71.853,-54.446],[-71.846,-54.441],[-71.83,-54.441],[-71.833,-54.432],[-71.837,-54.425],[-71.843,-54.419],[-71.851,-54.415],[-71.814,-54.416],[-71.803,-54.415],[-71.799,-54.41],[-71.794,-54.403],[-71.786,-54.397],[-71.772,-54.393],[-71.749,-54.397],[-71.725,-54.405],[-71.715,-54.415],[-71.735,-54.421],[-71.735,-54.428],[-71.689,-54.44],[-71.615,-54.501],[-71.563,-54.511],[-71.562,-54.492],[-71.495,-54.494],[-71.494,-54.476],[-71.517,-54.465],[-71.58,-54.462],[-71.604,-54.449],[-71.609,-54.442],[-71.615,-54.432],[-71.618,-54.421],[-71.614,-54.411],[-71.598,-54.401],[-71.587,-54.405],[-71.569,-54.428],[-71.559,-54.435],[-71.544,-54.443],[-71.529,-54.448],[-71.518,-54.445],[-71.514,-54.434],[-71.518,-54.423],[-71.526,-54.413],[-71.535,-54.407],[-71.52,-54.41],[-71.497,-54.424],[-71.46,-54.435],[-71.452,-54.435],[-71.435,-54.434],[-71.417,-54.436],[-71.411,-54.435],[-71.406,-54.437],[-71.405,-54.445],[-71.403,-54.453],[-71.397,-54.457],[-71.389,-54.457],[-71.367,-54.444],[-71.336,-54.439],[-71.323,-54.428],[-71.345,-54.418],[-71.406,-54.413],[-71.433,-54.401],[-71.423,-54.399],[-71.415,-54.394],[-71.409,-54.388],[-71.405,-54.38],[-71.391,-54.386],[-71.383,-54.383],[-71.376,-54.376],[-71.365,-54.373],[-71.352,-54.375],[-71.331,-54.384],[-71.301,-54.39],[-71.189,-54.428],[-71.167,-54.441],[-71.15,-54.477],[-71.131,-54.491],[-71.09,-54.511],[-71.14,-54.451],[-71.145,-54.435],[-71.125,-54.434],[-71.011,-54.449],[-70.972,-54.469],[-70.966,-54.466],[-70.966,-54.441],[-70.962,-54.431],[-70.95,-54.428],[-70.934,-54.416],[-70.936,-54.389],[-70.953,-54.339],[-70.929,-54.344],[-70.907,-54.336],[-70.884,-54.324],[-70.86,-54.318],[-70.801,-54.316],[-70.771,-54.32],[-70.748,-54.331],[-70.746,-54.345],[-70.725,-54.347],[-70.686,-54.339],[-70.682,-54.337],[-70.676,-54.328],[-70.672,-54.325],[-70.665,-54.325],[-70.654,-54.33],[-70.648,-54.331],[-70.628,-54.332],[-70.619,-54.335],[-70.61,-54.339],[-70.703,-54.418],[-70.708,-54.421],[-70.723,-54.426],[-70.727,-54.428],[-70.728,-54.435],[-70.726,-54.439],[-70.722,-54.442],[-70.72,-54.445],[-70.717,-54.459],[-70.713,-54.469],[-70.712,-54.481],[-70.72,-54.497],[-70.774,-54.544],[-70.782,-54.562],[-70.781,-54.572],[-70.777,-54.584],[-70.772,-54.595],[-70.764,-54.6],[-70.757,-54.593],[-70.748,-54.563],[-70.74,-54.551],[-70.705,-54.581],[-70.684,-54.594],[-70.641,-54.603],[-70.634,-54.6],[-70.642,-54.589],[-70.651,-54.582],[-70.679,-54.566],[-70.701,-54.533],[-70.697,-54.495],[-70.677,-54.457],[-70.651,-54.428],[-70.635,-54.414],[-70.61,-54.399],[-70.585,-54.391],[-70.566,-54.397],[-70.564,-54.402],[-70.562,-54.413],[-70.559,-54.415],[-70.555,-54.416],[-70.542,-54.422],[-70.529,-54.431],[-70.494,-54.441],[-70.459,-54.468],[-70.44,-54.478],[-70.396,-54.487],[-70.346,-54.507],[-70.329,-54.517],[-70.281,-54.562],[-70.249,-54.575],[-70.233,-54.551],[-70.257,-54.543],[-70.276,-54.532],[-70.291,-54.518],[-70.302,-54.497],[-70.26,-54.505],[-70.176,-54.54],[-70.131,-54.545],[-70.154,-54.53],[-70.209,-54.512],[-70.253,-54.486],[-70.428,-54.438],[-70.449,-54.424],[-70.456,-54.416],[-70.458,-54.407],[-70.459,-54.383],[-70.502,-54.367],[-70.514,-54.359],[-70.498,-54.341],[-70.51,-54.321],[-70.552,-54.287],[-70.578,-54.275],[-70.658,-54.264],[-70.807,-54.269],[-70.843,-54.263],[-70.869,-54.246],[-70.88,-54.222],[-70.888,-54.199],[-70.899,-54.182],[-70.892,-54.174],[-70.877,-54.182],[-70.858,-54.188],[-70.823,-54.195],[-70.869,-54.165],[-70.888,-54.161],[-70.903,-54.156],[-70.917,-54.143],[-70.928,-54.127],[-70.933,-54.114],[-70.54,-54.257],[-70.425,-54.293],[-70.322,-54.325],[-70.31,-54.333],[-70.3,-54.342],[-70.289,-54.349],[-70.246,-54.357],[-70.227,-54.369],[-70.192,-54.401],[-70.15,-54.424],[-70.137,-54.428],[-70.145,-54.391],[-70.136,-54.388],[-70.086,-54.383],[-70.073,-54.378],[-70.075,-54.37],[-70.096,-54.359],[-70.166,-54.349],[-70.185,-54.339],[-70.199,-54.321],[-70.193,-54.312],[-70.159,-54.305],[-70.14,-54.297],[-70.133,-54.287],[-70.127,-54.276],[-70.11,-54.263],[-70.09,-54.253],[-70.073,-54.249],[-70.055,-54.25],[-70.034,-54.257],[-70,-54.272],[-69.983,-54.284],[-69.973,-54.297],[-69.973,-54.315],[-69.977,-54.332],[-69.974,-54.345],[-69.953,-54.353],[-69.967,-54.38],[-69.939,-54.373],[-69.925,-54.374],[-69.912,-54.38],[-69.907,-54.39],[-69.908,-54.401],[-69.904,-54.411],[-69.887,-54.415],[-69.875,-54.421],[-69.871,-54.435],[-69.873,-54.449],[-69.88,-54.456],[-69.884,-54.461],[-69.884,-54.503],[-69.874,-54.5],[-69.858,-54.486],[-69.853,-54.483],[-69.849,-54.482],[-69.836,-54.475],[-69.825,-54.468],[-69.818,-54.47],[-69.812,-54.474],[-69.785,-54.484],[-69.785,-54.503],[-69.794,-54.524],[-69.802,-54.538],[-69.79,-54.541],[-69.775,-54.555],[-69.768,-54.555],[-69.757,-54.549],[-69.754,-54.543],[-69.757,-54.536],[-69.764,-54.528],[-69.764,-54.52],[-69.746,-54.499],[-69.74,-54.49],[-69.741,-54.478],[-69.747,-54.469],[-69.761,-54.456],[-69.779,-54.443],[-69.799,-54.433],[-69.816,-54.421],[-69.822,-54.404],[-69.808,-54.384],[-69.81,-54.382],[-69.814,-54.38],[-69.821,-54.369],[-69.844,-54.36],[-69.85,-54.349],[-69.849,-54.338],[-69.851,-54.333],[-69.857,-54.325],[-69.868,-54.318],[-69.878,-54.317],[-69.882,-54.313],[-69.877,-54.297],[-69.859,-54.28],[-69.835,-54.28],[-69.776,-54.293],[-69.747,-54.305],[-69.692,-54.318],[-69.652,-54.341],[-69.638,-54.356],[-69.643,-54.367],[-69.637,-54.376],[-69.629,-54.382],[-69.61,-54.393],[-69.605,-54.395],[-69.594,-54.398],[-69.589,-54.401],[-69.584,-54.407],[-69.582,-54.419],[-69.579,-54.424],[-69.559,-54.436],[-69.536,-54.442],[-69.522,-54.436],[-69.528,-54.415],[-69.559,-54.389],[-69.571,-54.373],[-69.565,-54.356],[-69.544,-54.341],[-69.523,-54.337],[-69.5,-54.342],[-69.288,-54.428],[-69.25,-54.436],[-69.24,-54.441],[-69.234,-54.45],[-69.228,-54.464],[-69.227,-54.477],[-69.236,-54.483],[-69.259,-54.489],[-69.276,-54.502],[-69.291,-54.518],[-69.308,-54.531],[-69.345,-54.545],[-69.356,-54.551],[-69.365,-54.56],[-69.374,-54.579],[-69.38,-54.589],[-69.417,-54.623],[-69.39,-54.647],[-69.396,-54.659],[-69.395,-54.668],[-69.388,-54.676],[-69.377,-54.682],[-69.368,-54.663],[-69.373,-54.638],[-69.373,-54.616],[-69.353,-54.606],[-69.332,-54.6],[-69.316,-54.583],[-69.303,-54.563],[-69.288,-54.545],[-69.269,-54.532],[-69.248,-54.525],[-69.224,-54.527],[-69.202,-54.541],[-69.182,-54.573],[-69.17,-54.578],[-69.157,-54.559],[-69.16,-54.542],[-69.175,-54.488],[-69.175,-54.476],[-69.17,-54.472],[-69.164,-54.462],[-69.157,-54.453],[-69.148,-54.449],[-69.098,-54.447],[-69.082,-54.449],[-69.07,-54.453],[-69.041,-54.469],[-69.01,-54.471],[-68.995,-54.468],[-68.996,-54.459],[-68.997,-54.451],[-68.992,-54.441],[-68.989,-54.431],[-69.041,-54.407],[-69.091,-54.391],[-69.172,-54.382],[-69.194,-54.372],[-69.233,-54.346],[-69.28,-54.322],[-69.507,-54.26],[-69.531,-54.257],[-69.539,-54.254],[-69.558,-54.237],[-69.569,-54.225],[-69.585,-54.222],[-69.617,-54.222],[-69.884,-54.161],[-69.912,-54.143],[-69.921,-54.14],[-69.926,-54.138],[-69.973,-54.119],[-70.014,-54.114],[-70.057,-54.087],[-70.074,-54.052],[-70.083,-54.012],[-70.103,-53.969],[-70.121,-53.951],[-70.136,-53.938],[-70.147,-53.922],[-70.156,-53.874],[-70.178,-53.833],[-70.185,-53.811],[-70.175,-53.761],[-70.137,-53.739],[-70.059,-53.712],[-69.98,-53.688],[-69.925,-53.679],[-69.916,-53.661],[-69.879,-53.658],[-69.807,-53.665],[-69.651,-53.636],[-69.361,-53.522],[-69.324,-53.492],[-69.319,-53.451],[-69.329,-53.415],[-69.333,-53.39],[-69.351,-53.363],[-69.353,-53.356],[-69.398,-53.354],[-69.463,-53.356],[-69.675,-53.358],[-69.805,-53.382],[-69.898,-53.387],[-69.95,-53.399],[-69.987,-53.418],[-70.022,-53.436],[-70.059,-53.427],[-70.116,-53.435],[-70.139,-53.442],[-70.18,-53.464],[-70.203,-53.469],[-70.231,-53.467],[-70.257,-53.461],[-70.28,-53.45],[-70.302,-53.435],[-70.329,-53.404],[-70.345,-53.392],[-70.367,-53.387],[-70.393,-53.384],[-70.42,-53.376],[-70.443,-53.362],[-70.459,-53.345],[-70.467,-53.33],[-70.474,-53.309],[-70.462,-53.272],[-70.463,-53.221],[-70.453,-53.195],[-70.447,-53.182],[-70.435,-53.169],[-70.434,-53.152],[-70.436,-53.128],[-70.44,-53.106],[-70.432,-53.071],[-70.432,-53.045],[-70.426,-53.027],[-70.419,-53.012],[-70.395,-52.998],[-70.362,-52.983],[-70.34,-52.97],[-70.328,-52.965],[-70.315,-52.968],[-70.314,-52.98],[-70.329,-52.993],[-70.343,-53.006],[-70.33,-53.017],[-70.316,-53.026],[-70.318,-53.041],[-70.335,-53.051],[-70.324,-53.062],[-70.297,-53.058],[-70.243,-53.062],[-70.183,-53.029],[-70.134,-53.012],[-70.116,-52.981],[-70.109,-52.963],[-70.098,-52.946],[-70.089,-52.911],[-70.11,-52.888],[-70.131,-52.88],[-70.138,-52.879],[-70.144,-52.882],[-70.149,-52.884],[-70.155,-52.886],[-70.162,-52.884],[-70.173,-52.876],[-70.178,-52.873],[-70.205,-52.866],[-70.219,-52.865],[-70.23,-52.869],[-70.244,-52.879],[-70.263,-52.893],[-70.275,-52.906],[-70.301,-52.915],[-70.304,-52.902],[-70.286,-52.883],[-70.257,-52.868],[-70.267,-52.826],[-70.283,-52.798],[-70.336,-52.777],[-70.416,-52.779],[-70.426,-52.777],[-70.426,-52.766],[-70.416,-52.758],[-70.369,-52.746],[-70.275,-52.736],[-70.199,-52.737],[-70.16,-52.73],[-70.129,-52.732],[-70.115,-52.757],[-70.047,-52.811],[-70.001,-52.842],[-69.95,-52.849],[-69.911,-52.848],[-69.853,-52.799],[-69.824,-52.783],[-69.784,-52.778],[-69.734,-52.774],[-69.714,-52.761],[-69.7,-52.748],[-69.692,-52.733],[-69.673,-52.717],[-69.64,-52.686],[-69.618,-52.668],[-69.605,-52.655],[-69.591,-52.642],[-69.601,-52.616],[-69.607,-52.597],[-69.618,-52.58],[-69.624,-52.56],[-69.618,-52.538],[-69.604,-52.521],[-69.584,-52.51],[-69.507,-52.489],[-69.471,-52.471],[-69.452,-52.465],[-69.441,-52.459],[-69.43,-52.455],[-69.418,-52.451],[-69.396,-52.456],[-69.374,-52.47],[-69.345,-52.506],[-69.328,-52.525],[-69.318,-52.54],[-69.297,-52.563],[-69.276,-52.58],[-69.226,-52.639],[-69.186,-52.668],[-69.14,-52.684],[-69.089,-52.68],[-69.02,-52.65],[-68.966,-52.651],[-68.921,-52.64],[-68.878,-52.623],[-68.836,-52.605],[-68.813,-52.591],[-68.801,-52.575],[-68.793,-52.558],[-68.779,-52.548],[-68.767,-52.548],[-68.746,-52.557],[-68.674,-52.615],[-68.656,-52.626],[-68.628,-52.639],[-68.628,-52.64],[-68.629,-52.907],[-68.631,-53.175],[-68.633,-53.443],[-68.635,-53.711],[-68.637,-53.979],[-68.638,-54.247],[-68.64,-54.515],[-68.642,-54.783],[-68.7,-54.768],[-68.712,-54.771],[-68.705,-54.781],[-68.684,-54.789],[-68.644,-54.798],[-68.642,-54.799]]],[[[-80.759,-33.767],[-80.777,-33.734],[-80.767,-33.701],[-80.741,-33.685],[-80.711,-33.705],[-80.707,-33.716],[-80.704,-33.734],[-80.702,-33.754],[-80.705,-33.767],[-80.715,-33.773],[-80.732,-33.775],[-80.749,-33.774],[-80.759,-33.767]]],[[[-78.789,-33.609],[-78.78,-33.613],[-78.758,-33.643],[-78.769,-33.642],[-78.78,-33.643],[-78.791,-33.646],[-78.8,-33.651],[-78.809,-33.644],[-78.813,-33.651],[-78.841,-33.636],[-78.864,-33.63],[-78.885,-33.633],[-78.921,-33.648],[-78.945,-33.653],[-78.957,-33.657],[-78.979,-33.669],[-78.987,-33.669],[-78.992,-33.657],[-78.967,-33.633],[-78.943,-33.616],[-78.933,-33.613],[-78.911,-33.607],[-78.902,-33.602],[-78.898,-33.596],[-78.896,-33.587],[-78.892,-33.579],[-78.885,-33.576],[-78.87,-33.577],[-78.848,-33.581],[-78.828,-33.591],[-78.82,-33.606],[-78.816,-33.609],[-78.807,-33.61],[-78.789,-33.609]]],[[[-109.232,-27.092],[-109.22,-27.105],[-109.227,-27.119],[-109.244,-27.129],[-109.274,-27.136],[-109.292,-27.146],[-109.304,-27.148],[-109.324,-27.149],[-109.332,-27.151],[-109.341,-27.154],[-109.351,-27.16],[-109.359,-27.167],[-109.368,-27.173],[-109.379,-27.175],[-109.389,-27.175],[-109.396,-27.177],[-109.41,-27.182],[-109.419,-27.192],[-109.429,-27.199],[-109.441,-27.201],[-109.451,-27.195],[-109.454,-27.188],[-109.451,-27.179],[-109.447,-27.171],[-109.423,-27.099],[-109.413,-27.085],[-109.397,-27.069],[-109.38,-27.06],[-109.366,-27.062],[-109.311,-27.086],[-109.301,-27.088],[-109.279,-27.097],[-109.269,-27.099],[-109.261,-27.097],[-109.252,-27.093],[-109.242,-27.091],[-109.232,-27.092]]],[[[-105.46,-26.465],[-105.471,-26.458],[-105.466,-26.455],[-105.463,-26.457],[-105.462,-26.461],[-105.46,-26.465]]],[[[-79.902,-26.347],[-79.891,-26.352],[-79.89,-26.356],[-79.897,-26.359],[-79.909,-26.358],[-79.902,-26.347]]],[[[-80.096,-26.266],[-80.095,-26.268],[-80.093,-26.269],[-80.091,-26.271],[-80.09,-26.275],[-80.099,-26.275],[-80.108,-26.275],[-80.096,-26.266]]],[[[-67.245,-55.84],[-67.229,-55.845],[-67.217,-55.852],[-67.215,-55.861],[-67.225,-55.874],[-67.219,-55.875],[-67.21,-55.879],[-67.204,-55.881],[-67.224,-55.898],[-67.258,-55.891],[-67.321,-55.868],[-67.338,-55.865],[-67.346,-55.858],[-67.35,-55.848],[-67.358,-55.837],[-67.371,-55.832],[-67.402,-55.837],[-67.417,-55.834],[-67.403,-55.819],[-67.383,-55.812],[-67.359,-55.81],[-67.282,-55.821],[-67.256,-55.829],[-67.245,-55.84]]],[[[-67.094,-55.826],[-67.097,-55.839],[-67.095,-55.857],[-67.088,-55.876],[-67.078,-55.892],[-67.072,-55.903],[-67.078,-55.91],[-67.09,-55.914],[-67.101,-55.915],[-67.114,-55.913],[-67.124,-55.907],[-67.139,-55.892],[-67.148,-55.886],[-67.165,-55.88],[-67.17,-55.874],[-67.172,-55.862],[-67.169,-55.852],[-67.164,-55.842],[-67.157,-55.834],[-67.14,-55.817],[-67.121,-55.808],[-67.101,-55.805],[-67.081,-55.812],[-67.081,-55.819],[-67.084,-55.822],[-67.089,-55.824],[-67.094,-55.826]]],[[[-67.502,-55.821],[-67.498,-55.813],[-67.482,-55.808],[-67.472,-55.818],[-67.476,-55.829],[-67.472,-55.843],[-67.507,-55.83],[-67.532,-55.841],[-67.529,-55.857],[-67.544,-55.89],[-67.568,-55.899],[-67.595,-55.885],[-67.61,-55.891],[-67.609,-55.909],[-67.622,-55.919],[-67.641,-55.914],[-67.647,-55.904],[-67.644,-55.889],[-67.632,-55.874],[-67.632,-55.859],[-67.649,-55.86],[-67.665,-55.863],[-67.675,-55.861],[-67.687,-55.867],[-67.696,-55.88],[-67.694,-55.89],[-67.713,-55.887],[-67.731,-55.877],[-67.721,-55.869],[-67.726,-55.864],[-67.732,-55.854],[-67.748,-55.849],[-67.755,-55.859],[-67.774,-55.868],[-67.793,-55.872],[-67.8,-55.881],[-67.803,-55.898],[-67.824,-55.89],[-67.837,-55.88],[-67.854,-55.883],[-67.877,-55.885],[-67.904,-55.874],[-67.902,-55.863],[-67.909,-55.851],[-67.914,-55.837],[-67.899,-55.828],[-67.875,-55.827],[-67.848,-55.824],[-67.828,-55.817],[-67.801,-55.812],[-67.788,-55.821],[-67.763,-55.826],[-67.735,-55.827],[-67.711,-55.825],[-67.688,-55.824],[-67.67,-55.816],[-67.658,-55.823],[-67.619,-55.826],[-67.583,-55.841],[-67.561,-55.838],[-67.569,-55.821],[-67.587,-55.81],[-67.589,-55.802],[-67.568,-55.807],[-67.552,-55.812],[-67.525,-55.807],[-67.513,-55.81],[-67.508,-55.816],[-67.502,-55.821]]],[[[-67.232,-55.771],[-67.214,-55.762],[-67.188,-55.757],[-67.165,-55.761],[-67.157,-55.778],[-67.168,-55.783],[-67.18,-55.785],[-67.192,-55.783],[-67.204,-55.778],[-67.212,-55.795],[-67.229,-55.798],[-67.24,-55.79],[-67.232,-55.771]]],[[[-67.376,-55.751],[-67.384,-55.748],[-67.389,-55.745],[-67.394,-55.743],[-67.403,-55.744],[-67.422,-55.761],[-67.431,-55.764],[-67.446,-55.763],[-67.452,-55.757],[-67.457,-55.75],[-67.465,-55.744],[-67.476,-55.742],[-67.513,-55.744],[-67.533,-55.741],[-67.552,-55.736],[-67.569,-55.727],[-67.582,-55.716],[-67.582,-55.709],[-67.551,-55.706],[-67.539,-55.66],[-67.506,-55.654],[-67.491,-55.659],[-67.467,-55.672],[-67.448,-55.675],[-67.435,-55.683],[-67.428,-55.698],[-67.421,-55.707],[-67.407,-55.699],[-67.404,-55.69],[-67.403,-55.648],[-67.412,-55.638],[-67.423,-55.631],[-67.433,-55.624],[-67.437,-55.61],[-67.432,-55.595],[-67.42,-55.587],[-67.359,-55.574],[-67.349,-55.576],[-67.355,-55.586],[-67.356,-55.589],[-67.356,-55.592],[-67.357,-55.594],[-67.362,-55.593],[-67.348,-55.6],[-67.345,-55.608],[-67.349,-55.624],[-67.345,-55.633],[-67.328,-55.645],[-67.321,-55.654],[-67.337,-55.662],[-67.35,-55.672],[-67.359,-55.686],[-67.362,-55.706],[-67.349,-55.711],[-67.27,-55.716],[-67.268,-55.719],[-67.277,-55.734],[-67.28,-55.741],[-67.275,-55.747],[-67.265,-55.749],[-67.256,-55.753],[-67.253,-55.764],[-67.265,-55.778],[-67.29,-55.783],[-67.319,-55.786],[-67.341,-55.792],[-67.34,-55.769],[-67.343,-55.759],[-67.354,-55.755],[-67.376,-55.751]]],[[[-67.643,-55.497],[-67.618,-55.513],[-67.596,-55.533],[-67.585,-55.554],[-67.595,-55.572],[-67.591,-55.579],[-67.588,-55.586],[-67.615,-55.588],[-67.661,-55.609],[-67.715,-55.62],[-67.731,-55.622],[-67.739,-55.617],[-67.737,-55.606],[-67.732,-55.596],[-67.725,-55.589],[-67.715,-55.586],[-67.701,-55.584],[-67.692,-55.579],[-67.687,-55.573],[-67.684,-55.565],[-67.684,-55.552],[-67.688,-55.544],[-67.694,-55.538],[-67.698,-55.531],[-67.701,-55.513],[-67.699,-55.505],[-67.691,-55.497],[-67.685,-55.494],[-67.679,-55.492],[-67.672,-55.491],[-67.665,-55.49],[-67.661,-55.491],[-67.655,-55.492],[-67.643,-55.497]]],[[[-69.715,-55.345],[-69.675,-55.355],[-69.656,-55.364],[-69.64,-55.377],[-69.637,-55.388],[-69.656,-55.386],[-69.688,-55.374],[-69.706,-55.377],[-69.701,-55.385],[-69.671,-55.401],[-69.686,-55.407],[-69.703,-55.409],[-69.802,-55.408],[-69.794,-55.399],[-69.789,-55.39],[-69.784,-55.384],[-69.774,-55.38],[-69.781,-55.365],[-69.802,-55.333],[-69.715,-55.345]]],[[[-70.014,-55.306],[-69.972,-55.288],[-69.948,-55.284],[-69.945,-55.299],[-69.98,-55.326],[-69.982,-55.335],[-69.985,-55.359],[-69.987,-55.366],[-70.006,-55.374],[-70.017,-55.361],[-70.026,-55.341],[-70.041,-55.333],[-70.038,-55.331],[-70.035,-55.329],[-70.032,-55.327],[-70.028,-55.326],[-70.028,-55.319],[-70.048,-55.311],[-70.068,-55.312],[-70.088,-55.309],[-70.11,-55.292],[-70.095,-55.292],[-70.069,-55.285],[-70.055,-55.285],[-70.045,-55.289],[-70.024,-55.303],[-70.014,-55.306]]],[[[-66.855,-55.271],[-66.83,-55.282],[-66.84,-55.303],[-66.868,-55.322],[-66.896,-55.333],[-66.938,-55.335],[-67.06,-55.326],[-67.05,-55.307],[-67.055,-55.299],[-67.067,-55.293],[-67.074,-55.278],[-67.069,-55.267],[-67.056,-55.255],[-67.039,-55.244],[-67.027,-55.237],[-66.992,-55.229],[-66.875,-55.231],[-66.865,-55.233],[-66.857,-55.238],[-66.851,-55.248],[-66.849,-55.254],[-66.848,-55.262],[-66.85,-55.269],[-66.855,-55.271]]],[[[-66.427,-55.185],[-66.421,-55.201],[-66.436,-55.21],[-66.472,-55.216],[-66.483,-55.227],[-66.504,-55.258],[-66.515,-55.264],[-66.535,-55.268],[-66.569,-55.282],[-66.588,-55.285],[-66.593,-55.281],[-66.598,-55.275],[-66.604,-55.271],[-66.621,-55.279],[-66.63,-55.278],[-66.638,-55.272],[-66.643,-55.264],[-66.645,-55.251],[-66.643,-55.233],[-66.638,-55.217],[-66.632,-55.206],[-66.619,-55.198],[-66.567,-55.182],[-66.546,-55.168],[-66.535,-55.163],[-66.522,-55.16],[-66.509,-55.163],[-66.485,-55.177],[-66.472,-55.182],[-66.461,-55.183],[-66.436,-55.181],[-66.427,-55.185]]],[[[-66.869,-55.024],[-66.848,-55.039],[-66.831,-55.062],[-66.807,-55.113],[-66.852,-55.107],[-66.928,-55.063],[-66.99,-55.048],[-67.036,-55.028],[-67.066,-55.022],[-67.071,-55.017],[-67.071,-55.009],[-67.066,-55.001],[-67.047,-54.991],[-67.024,-54.992],[-66.979,-55.005],[-66.896,-55.016],[-66.869,-55.024]]],[[[-67.999,-55.628],[-68.018,-55.641],[-68.027,-55.65],[-68.033,-55.662],[-67.998,-55.66],[-67.985,-55.664],[-67.986,-55.675],[-67.993,-55.677],[-68.037,-55.696],[-68.062,-55.713],[-68.072,-55.716],[-68.089,-55.715],[-68.098,-55.712],[-68.116,-55.696],[-68.136,-55.681],[-68.144,-55.673],[-68.15,-55.662],[-68.15,-55.656],[-68.144,-55.647],[-68.143,-55.641],[-68.146,-55.635],[-68.155,-55.627],[-68.157,-55.624],[-68.152,-55.604],[-68.153,-55.596],[-68.164,-55.593],[-68.177,-55.596],[-68.212,-55.614],[-68.235,-55.617],[-68.267,-55.618],[-68.29,-55.61],[-68.284,-55.59],[-68.256,-55.559],[-68.249,-55.542],[-68.253,-55.525],[-68.27,-55.517],[-68.329,-55.503],[-68.342,-55.494],[-68.354,-55.475],[-68.38,-55.48],[-68.425,-55.504],[-68.458,-55.503],[-68.5,-55.491],[-68.538,-55.473],[-68.554,-55.452],[-68.554,-55.433],[-68.556,-55.424],[-68.561,-55.421],[-68.572,-55.421],[-68.576,-55.424],[-68.58,-55.43],[-68.586,-55.435],[-68.595,-55.436],[-68.597,-55.431],[-68.598,-55.421],[-68.603,-55.412],[-68.617,-55.408],[-68.618,-55.423],[-68.615,-55.437],[-68.61,-55.45],[-68.603,-55.462],[-68.685,-55.458],[-68.712,-55.466],[-68.732,-55.465],[-68.773,-55.429],[-68.801,-55.421],[-68.774,-55.451],[-68.772,-55.464],[-68.801,-55.462],[-68.777,-55.482],[-68.768,-55.493],[-68.78,-55.497],[-68.799,-55.499],[-68.833,-55.508],[-68.853,-55.51],[-68.865,-55.505],[-68.883,-55.494],[-68.898,-55.482],[-68.904,-55.473],[-68.909,-55.463],[-68.936,-55.453],[-68.949,-55.446],[-68.967,-55.43],[-68.971,-55.421],[-68.966,-55.408],[-68.956,-55.403],[-68.904,-55.387],[-68.884,-55.385],[-68.828,-55.387],[-68.772,-55.38],[-68.753,-55.38],[-68.768,-55.378],[-68.809,-55.36],[-68.809,-55.353],[-68.76,-55.333],[-68.786,-55.332],[-68.951,-55.381],[-68.963,-55.382],[-68.971,-55.377],[-68.966,-55.368],[-68.928,-55.34],[-68.917,-55.335],[-68.908,-55.333],[-68.898,-55.328],[-68.896,-55.317],[-68.898,-55.303],[-68.897,-55.292],[-68.889,-55.282],[-68.856,-55.258],[-68.861,-55.253],[-68.865,-55.246],[-68.87,-55.244],[-68.864,-55.233],[-68.855,-55.225],[-68.843,-55.219],[-68.832,-55.216],[-68.826,-55.213],[-68.809,-55.195],[-68.801,-55.189],[-68.825,-55.188],[-68.904,-55.223],[-68.949,-55.232],[-68.959,-55.237],[-68.966,-55.255],[-68.969,-55.261],[-68.977,-55.264],[-68.987,-55.265],[-69.037,-55.262],[-69.057,-55.254],[-69.089,-55.223],[-69.098,-55.216],[-69.108,-55.212],[-69.117,-55.206],[-69.123,-55.196],[-69.124,-55.183],[-69.119,-55.16],[-69.123,-55.148],[-69.151,-55.171],[-69.144,-55.196],[-69.123,-55.221],[-69.109,-55.244],[-69.134,-55.248],[-69.165,-55.242],[-69.194,-55.231],[-69.213,-55.216],[-69.22,-55.206],[-69.226,-55.192],[-69.231,-55.178],[-69.233,-55.165],[-69.237,-55.157],[-69.246,-55.152],[-69.25,-55.144],[-69.24,-55.127],[-69.25,-55.13],[-69.267,-55.139],[-69.274,-55.141],[-69.321,-55.14],[-69.352,-55.152],[-69.415,-55.156],[-69.439,-55.162],[-69.42,-55.166],[-69.385,-55.158],[-69.367,-55.158],[-69.352,-55.164],[-69.306,-55.165],[-69.288,-55.168],[-69.297,-55.174],[-69.301,-55.175],[-69.292,-55.19],[-69.272,-55.213],[-69.267,-55.23],[-69.296,-55.222],[-69.322,-55.227],[-69.377,-55.244],[-69.409,-55.247],[-69.425,-55.246],[-69.432,-55.24],[-69.438,-55.231],[-69.453,-55.229],[-69.469,-55.233],[-69.48,-55.237],[-69.48,-55.244],[-69.47,-55.249],[-69.462,-55.258],[-69.455,-55.266],[-69.452,-55.271],[-69.45,-55.28],[-69.45,-55.287],[-69.452,-55.296],[-69.459,-55.306],[-69.447,-55.303],[-69.429,-55.29],[-69.418,-55.285],[-69.406,-55.284],[-69.393,-55.287],[-69.38,-55.293],[-69.37,-55.299],[-69.36,-55.305],[-69.355,-55.31],[-69.349,-55.315],[-69.336,-55.319],[-69.321,-55.319],[-69.307,-55.315],[-69.294,-55.312],[-69.28,-55.319],[-69.288,-55.324],[-69.306,-55.331],[-69.315,-55.333],[-69.315,-55.339],[-69.306,-55.343],[-69.302,-55.347],[-69.303,-55.352],[-69.308,-55.36],[-69.29,-55.363],[-69.262,-55.364],[-69.241,-55.37],[-69.243,-55.384],[-69.28,-55.401],[-69.299,-55.414],[-69.301,-55.428],[-69.293,-55.43],[-69.264,-55.428],[-69.254,-55.428],[-69.248,-55.433],[-69.244,-55.44],[-69.239,-55.446],[-69.229,-55.449],[-69.206,-55.438],[-69.195,-55.436],[-69.165,-55.437],[-69.137,-55.442],[-69.172,-55.462],[-69.178,-55.47],[-69.174,-55.478],[-69.155,-55.485],[-69.151,-55.494],[-69.162,-55.514],[-69.186,-55.504],[-69.226,-55.47],[-69.249,-55.469],[-69.299,-55.49],[-69.319,-55.487],[-69.329,-55.48],[-69.339,-55.475],[-69.346,-55.467],[-69.349,-55.452],[-69.347,-55.418],[-69.349,-55.408],[-69.363,-55.389],[-69.376,-55.39],[-69.386,-55.405],[-69.39,-55.425],[-69.391,-55.446],[-69.395,-55.469],[-69.403,-55.488],[-69.418,-55.497],[-69.437,-55.491],[-69.442,-55.472],[-69.439,-55.432],[-69.452,-55.409],[-69.508,-55.409],[-69.521,-55.394],[-69.504,-55.38],[-69.398,-55.36],[-69.416,-55.353],[-69.487,-55.36],[-69.487,-55.353],[-69.481,-55.35],[-69.466,-55.339],[-69.494,-55.336],[-69.509,-55.346],[-69.523,-55.359],[-69.545,-55.366],[-69.608,-55.365],[-69.63,-55.36],[-69.613,-55.354],[-69.607,-55.348],[-69.61,-55.34],[-69.62,-55.33],[-69.631,-55.327],[-69.664,-55.328],[-69.679,-55.326],[-69.689,-55.321],[-69.698,-55.314],[-69.71,-55.308],[-69.727,-55.306],[-69.788,-55.306],[-69.777,-55.294],[-69.762,-55.291],[-69.745,-55.292],[-69.73,-55.291],[-69.671,-55.274],[-69.65,-55.272],[-69.569,-55.271],[-69.593,-55.263],[-69.616,-55.262],[-69.668,-55.264],[-69.674,-55.26],[-69.67,-55.251],[-69.658,-55.237],[-69.639,-55.229],[-69.546,-55.206],[-69.531,-55.199],[-69.504,-55.181],[-69.5,-55.175],[-69.508,-55.172],[-69.552,-55.175],[-69.569,-55.18],[-69.606,-55.203],[-69.624,-55.21],[-69.639,-55.209],[-69.649,-55.206],[-69.658,-55.206],[-69.668,-55.213],[-69.673,-55.219],[-69.675,-55.225],[-69.68,-55.231],[-69.692,-55.237],[-69.717,-55.244],[-69.848,-55.258],[-69.867,-55.254],[-69.863,-55.237],[-69.878,-55.233],[-69.911,-55.229],[-69.925,-55.223],[-69.876,-55.221],[-69.852,-55.216],[-69.835,-55.202],[-69.894,-55.201],[-69.912,-55.196],[-69.902,-55.186],[-69.843,-55.168],[-69.867,-55.164],[-69.96,-55.162],[-69.983,-55.165],[-70.002,-55.171],[-70.02,-55.164],[-70.031,-55.153],[-70.031,-55.148],[-70.022,-55.143],[-69.987,-55.113],[-69.977,-55.125],[-69.966,-55.127],[-69.956,-55.119],[-69.948,-55.087],[-69.935,-55.079],[-69.886,-55.064],[-69.822,-55.065],[-69.773,-55.053],[-69.65,-55.052],[-69.617,-55.041],[-69.587,-55.041],[-69.575,-55.066],[-69.57,-55.101],[-69.562,-55.127],[-69.582,-55.154],[-69.541,-55.145],[-69.538,-55.121],[-69.547,-55.088],[-69.542,-55.052],[-69.546,-55.038],[-69.528,-55.032],[-69.48,-55.031],[-69.446,-55.018],[-69.439,-55.017],[-69.426,-55.023],[-69.427,-55.031],[-69.435,-55.039],[-69.445,-55.045],[-69.43,-55.053],[-69.417,-55.05],[-69.404,-55.043],[-69.39,-55.038],[-69.375,-55.04],[-69.345,-55.049],[-69.329,-55.052],[-69.338,-55.039],[-69.383,-55.017],[-69.32,-54.993],[-69.286,-54.987],[-69.254,-54.991],[-69.213,-55.013],[-69.199,-55.017],[-69.186,-55.013],[-69.189,-55.005],[-69.201,-54.997],[-69.213,-54.991],[-69.184,-54.992],[-69.126,-54.989],[-69.096,-54.991],[-69.063,-55.002],[-69.051,-55.004],[-69.04,-55],[-69.024,-54.986],[-69.013,-54.983],[-68.834,-54.982],[-68.735,-54.95],[-68.685,-54.942],[-68.575,-54.942],[-68.564,-54.94],[-68.539,-54.931],[-68.527,-54.928],[-68.514,-54.929],[-68.441,-54.94],[-68.417,-54.948],[-68.406,-54.954],[-68.374,-54.981],[-68.346,-54.998],[-68.335,-55.01],[-68.329,-55.028],[-68.328,-55.046],[-68.335,-55.062],[-68.349,-55.073],[-68.373,-55.075],[-68.394,-55.065],[-68.413,-55.053],[-68.431,-55.045],[-68.441,-55.046],[-68.444,-55.053],[-68.44,-55.064],[-68.431,-55.079],[-68.481,-55.103],[-68.511,-55.112],[-68.531,-55.11],[-68.546,-55.096],[-68.574,-55.077],[-68.603,-55.066],[-68.623,-55.079],[-68.62,-55.087],[-68.608,-55.091],[-68.592,-55.095],[-68.582,-55.1],[-68.576,-55.109],[-68.57,-55.123],[-68.569,-55.135],[-68.579,-55.141],[-68.59,-55.143],[-68.616,-55.152],[-68.63,-55.154],[-68.647,-55.153],[-68.691,-55.141],[-68.753,-55.134],[-68.792,-55.122],[-68.805,-55.12],[-68.826,-55.115],[-68.891,-55.079],[-68.966,-55.054],[-68.993,-55.052],[-69.004,-55.042],[-69.028,-55.025],[-69.052,-55.019],[-69.062,-55.045],[-69.057,-55.061],[-69.046,-55.063],[-69.033,-55.06],[-69.02,-55.058],[-69.005,-55.063],[-68.998,-55.07],[-68.993,-55.077],[-68.986,-55.086],[-68.968,-55.101],[-68.948,-55.111],[-68.787,-55.165],[-68.762,-55.169],[-68.679,-55.168],[-68.609,-55.175],[-68.586,-55.185],[-68.564,-55.192],[-68.414,-55.18],[-68.383,-55.185],[-68.358,-55.213],[-68.297,-55.221],[-68.274,-55.23],[-68.288,-55.23],[-68.329,-55.237],[-68.239,-55.258],[-68.218,-55.26],[-68.209,-55.263],[-68.205,-55.271],[-68.208,-55.283],[-68.216,-55.289],[-68.228,-55.292],[-68.239,-55.292],[-68.275,-55.28],[-68.284,-55.281],[-68.293,-55.286],[-68.305,-55.289],[-68.432,-55.299],[-68.454,-55.292],[-68.467,-55.291],[-68.472,-55.295],[-68.477,-55.304],[-68.487,-55.309],[-68.5,-55.311],[-68.593,-55.313],[-68.617,-55.306],[-68.628,-55.295],[-68.649,-55.264],[-68.661,-55.258],[-68.702,-55.255],[-68.722,-55.259],[-68.746,-55.271],[-68.701,-55.266],[-68.68,-55.267],[-68.671,-55.281],[-68.675,-55.286],[-68.68,-55.292],[-68.68,-55.297],[-68.657,-55.3],[-68.648,-55.305],[-68.645,-55.312],[-68.65,-55.319],[-68.632,-55.327],[-68.608,-55.328],[-68.562,-55.326],[-68.573,-55.335],[-68.585,-55.342],[-68.596,-55.349],[-68.603,-55.36],[-68.584,-55.359],[-68.513,-55.333],[-68.493,-55.329],[-68.448,-55.326],[-68.426,-55.329],[-68.411,-55.333],[-68.405,-55.336],[-68.399,-55.34],[-68.391,-55.344],[-68.38,-55.346],[-68.356,-55.343],[-68.345,-55.344],[-68.335,-55.353],[-68.331,-55.363],[-68.333,-55.372],[-68.336,-55.38],[-68.335,-55.387],[-68.324,-55.4],[-68.315,-55.397],[-68.303,-55.388],[-68.287,-55.38],[-68.276,-55.379],[-68.266,-55.38],[-68.257,-55.384],[-68.24,-55.399],[-68.232,-55.399],[-68.224,-55.396],[-68.212,-55.394],[-68.169,-55.397],[-68.146,-55.404],[-68.147,-55.418],[-68.151,-55.426],[-68.151,-55.432],[-68.15,-55.438],[-68.15,-55.442],[-68.157,-55.448],[-68.17,-55.455],[-68.177,-55.462],[-68.157,-55.47],[-68.079,-55.462],[-68.057,-55.469],[-68.065,-55.484],[-68.095,-55.51],[-68.101,-55.528],[-68.091,-55.536],[-68.071,-55.543],[-68.051,-55.555],[-68.045,-55.565],[-68.044,-55.572],[-68.04,-55.579],[-68.027,-55.586],[-68.011,-55.589],[-67.98,-55.588],[-67.965,-55.593],[-67.98,-55.598],[-67.987,-55.606],[-67.992,-55.616],[-67.999,-55.628]]],[[[-67.883,-55.244],[-67.861,-55.232],[-67.739,-55.237],[-67.758,-55.224],[-67.836,-55.21],[-67.863,-55.202],[-67.885,-55.179],[-67.898,-55.169],[-67.904,-55.172],[-67.907,-55.186],[-67.914,-55.195],[-67.923,-55.195],[-67.931,-55.182],[-67.938,-55.182],[-67.957,-55.211],[-67.986,-55.224],[-68.082,-55.233],[-68.111,-55.23],[-68.135,-55.219],[-68.157,-55.196],[-68.15,-55.189],[-68.139,-55.184],[-68.116,-55.175],[-68.147,-55.161],[-68.157,-55.154],[-68.164,-55.146],[-68.188,-55.104],[-68.188,-55.097],[-68.185,-55.09],[-68.182,-55.077],[-68.177,-55.071],[-68.167,-55.062],[-68.164,-55.055],[-68.165,-55.049],[-68.169,-55.044],[-68.171,-55.038],[-68.177,-54.998],[-68.186,-54.978],[-68.202,-54.98],[-68.226,-54.99],[-68.263,-54.995],[-68.301,-54.996],[-68.329,-54.991],[-68.343,-54.977],[-68.357,-54.953],[-68.361,-54.931],[-68.345,-54.921],[-68.255,-54.924],[-68.226,-54.921],[-68.225,-54.919],[-68.222,-54.915],[-68.217,-54.911],[-68.212,-54.908],[-67.942,-54.905],[-67.806,-54.914],[-67.724,-54.935],[-67.702,-54.932],[-67.679,-54.925],[-67.65,-54.921],[-67.462,-54.922],[-67.302,-54.929],[-67.223,-54.948],[-67.183,-54.968],[-67.149,-54.995],[-67.115,-55.031],[-67.098,-55.045],[-67.079,-55.057],[-67.062,-55.072],[-67.053,-55.094],[-67.055,-55.105],[-67.052,-55.124],[-67.053,-55.134],[-67.06,-55.145],[-67.077,-55.167],[-67.081,-55.179],[-67.088,-55.191],[-67.226,-55.291],[-67.271,-55.307],[-67.352,-55.303],[-67.413,-55.293],[-67.434,-55.281],[-67.443,-55.275],[-67.451,-55.272],[-67.457,-55.267],[-67.459,-55.254],[-67.454,-55.241],[-67.43,-55.228],[-67.423,-55.216],[-67.444,-55.182],[-67.503,-55.172],[-67.568,-55.177],[-67.609,-55.189],[-67.622,-55.2],[-67.63,-55.212],[-67.643,-55.244],[-67.645,-55.254],[-67.644,-55.259],[-67.647,-55.261],[-67.663,-55.264],[-67.676,-55.265],[-67.712,-55.258],[-67.735,-55.256],[-67.801,-55.264],[-67.822,-55.261],[-67.883,-55.244]]],[[[-70.295,-55.082],[-70.292,-55.096],[-70.285,-55.1],[-70.276,-55.103],[-70.267,-55.113],[-70.312,-55.127],[-70.338,-55.129],[-70.35,-55.117],[-70.358,-55.101],[-70.378,-55.088],[-70.4,-55.081],[-70.418,-55.079],[-70.398,-55.107],[-70.414,-55.106],[-70.437,-55.102],[-70.453,-55.105],[-70.446,-55.127],[-70.428,-55.139],[-70.384,-55.144],[-70.37,-55.162],[-70.391,-55.169],[-70.428,-55.172],[-70.446,-55.175],[-70.46,-55.183],[-70.479,-55.204],[-70.494,-55.21],[-70.489,-55.185],[-70.496,-55.167],[-70.513,-55.157],[-70.538,-55.154],[-70.548,-55.161],[-70.524,-55.194],[-70.528,-55.21],[-70.548,-55.214],[-70.561,-55.199],[-70.567,-55.177],[-70.569,-55.158],[-70.564,-55.14],[-70.551,-55.127],[-70.534,-55.118],[-70.514,-55.113],[-70.514,-55.107],[-70.548,-55.098],[-70.563,-55.091],[-70.575,-55.06],[-70.59,-55.05],[-70.606,-55.049],[-70.617,-55.058],[-70.608,-55.059],[-70.602,-55.062],[-70.59,-55.073],[-70.6,-55.076],[-70.62,-55.077],[-70.63,-55.077],[-70.634,-55.074],[-70.64,-55.073],[-70.645,-55.073],[-70.646,-55.076],[-70.645,-55.084],[-70.645,-55.086],[-70.667,-55.107],[-70.679,-55.113],[-70.699,-55.113],[-70.7,-55.126],[-70.716,-55.123],[-70.735,-55.112],[-70.748,-55.1],[-70.73,-55.087],[-70.723,-55.069],[-70.729,-55.054],[-70.755,-55.052],[-70.766,-55.057],[-70.774,-55.064],[-70.784,-55.07],[-70.799,-55.073],[-70.802,-55.075],[-70.805,-55.08],[-70.809,-55.085],[-70.815,-55.086],[-70.824,-55.083],[-70.828,-55.079],[-70.83,-55.075],[-70.833,-55.073],[-70.84,-55.07],[-70.848,-55.064],[-70.857,-55.059],[-70.871,-55.058],[-70.883,-55.063],[-70.899,-55.076],[-70.912,-55.079],[-70.93,-55.077],[-70.941,-55.072],[-70.96,-55.058],[-70.979,-55.047],[-70.99,-55.045],[-71.007,-55.045],[-71.007,-55.038],[-70.991,-55.034],[-70.992,-55.025],[-70.997,-55.015],[-70.993,-55.004],[-70.974,-54.997],[-70.93,-55.001],[-70.919,-54.991],[-70.953,-54.987],[-70.993,-54.978],[-71.013,-54.965],[-70.987,-54.948],[-70.968,-54.946],[-70.925,-54.949],[-70.905,-54.948],[-70.891,-54.943],[-70.878,-54.935],[-70.864,-54.931],[-70.85,-54.934],[-70.866,-54.958],[-70.864,-54.966],[-70.847,-54.969],[-70.821,-54.966],[-70.81,-54.968],[-70.795,-54.976],[-70.797,-54.953],[-70.795,-54.945],[-70.796,-54.937],[-70.795,-54.934],[-70.789,-54.932],[-70.782,-54.935],[-70.777,-54.94],[-70.771,-54.942],[-70.764,-54.944],[-70.75,-54.954],[-70.741,-54.956],[-70.731,-54.957],[-70.722,-54.959],[-70.714,-54.963],[-70.706,-54.969],[-70.69,-54.961],[-70.676,-54.961],[-70.645,-54.969],[-70.563,-54.969],[-70.563,-54.962],[-70.603,-54.959],[-70.615,-54.953],[-70.61,-54.942],[-70.593,-54.934],[-70.55,-54.927],[-70.492,-54.9],[-70.392,-54.899],[-70.35,-54.894],[-70.316,-54.901],[-70.316,-54.908],[-70.445,-54.938],[-70.494,-54.942],[-70.505,-54.951],[-70.51,-54.988],[-70.525,-54.997],[-70.575,-54.986],[-70.597,-54.987],[-70.597,-55.004],[-70.662,-55],[-70.691,-54.994],[-70.72,-54.983],[-70.73,-55.005],[-70.73,-55.013],[-70.716,-55.017],[-70.7,-55.019],[-70.651,-55.031],[-70.566,-55.031],[-70.558,-55.029],[-70.542,-55.019],[-70.532,-55.017],[-70.508,-55.017],[-70.497,-55.019],[-70.487,-55.024],[-70.494,-55.026],[-70.506,-55.03],[-70.514,-55.031],[-70.494,-55.041],[-70.464,-55.047],[-70.408,-55.052],[-70.398,-55.049],[-70.376,-55.034],[-70.363,-55.031],[-70.309,-55.028],[-70.295,-55.031],[-70.278,-55.049],[-70.297,-55.057],[-70.327,-55.063],[-70.343,-55.069],[-70.336,-55.078],[-70.303,-55.078],[-70.295,-55.082]]],[[[-69.904,-54.997],[-69.912,-54.985],[-69.923,-54.981],[-69.936,-54.98],[-69.949,-54.973],[-69.95,-54.953],[-69.916,-54.946],[-69.843,-54.948],[-69.843,-54.942],[-69.909,-54.925],[-69.925,-54.914],[-69.928,-54.898],[-69.916,-54.887],[-69.895,-54.881],[-69.862,-54.878],[-69.849,-54.874],[-69.836,-54.872],[-69.826,-54.876],[-69.805,-54.901],[-69.786,-54.907],[-69.78,-54.921],[-69.779,-54.939],[-69.774,-54.956],[-69.763,-54.946],[-69.751,-54.938],[-69.737,-54.937],[-69.723,-54.945],[-69.713,-54.949],[-69.704,-54.946],[-69.698,-54.939],[-69.702,-54.931],[-69.733,-54.914],[-69.724,-54.909],[-69.713,-54.908],[-69.702,-54.91],[-69.692,-54.914],[-69.706,-54.901],[-69.714,-54.896],[-69.723,-54.894],[-69.752,-54.892],[-69.768,-54.888],[-69.774,-54.879],[-69.76,-54.868],[-69.728,-54.865],[-69.671,-54.866],[-69.514,-54.894],[-69.507,-54.898],[-69.509,-54.908],[-69.521,-54.928],[-69.531,-54.941],[-69.53,-54.946],[-69.514,-54.948],[-69.502,-54.947],[-69.494,-54.942],[-69.464,-54.914],[-69.447,-54.904],[-69.426,-54.9],[-69.398,-54.901],[-69.371,-54.907],[-69.326,-54.923],[-69.301,-54.928],[-69.235,-54.932],[-69.172,-54.954],[-69.164,-54.956],[-69.208,-54.97],[-69.26,-54.971],[-69.356,-54.956],[-69.338,-54.972],[-69.332,-54.98],[-69.339,-54.983],[-69.369,-54.986],[-69.427,-54.997],[-69.443,-54.998],[-69.455,-54.994],[-69.474,-54.979],[-69.485,-54.975],[-69.5,-54.976],[-69.485,-54.996],[-69.499,-55.006],[-69.525,-55.01],[-69.548,-55.01],[-69.591,-55.004],[-69.602,-55.004],[-69.611,-55.007],[-69.629,-55.02],[-69.637,-55.024],[-69.776,-55.035],[-69.797,-55.03],[-69.816,-55.017],[-69.837,-55.033],[-69.862,-55.039],[-69.918,-55.038],[-69.918,-55.031],[-69.908,-55.025],[-69.902,-55.018],[-69.901,-55.009],[-69.904,-54.997]]],[[[-70.422,-54.846],[-70.412,-54.85],[-70.402,-54.86],[-70.397,-54.869],[-70.401,-54.873],[-70.453,-54.879],[-70.507,-54.879],[-70.581,-54.898],[-70.655,-54.902],[-70.679,-54.898],[-70.692,-54.887],[-70.687,-54.879],[-70.692,-54.876],[-70.713,-54.873],[-70.717,-54.875],[-70.72,-54.881],[-70.724,-54.886],[-70.733,-54.887],[-70.733,-54.885],[-70.748,-54.873],[-70.748,-54.866],[-70.711,-54.852],[-70.69,-54.847],[-70.675,-54.849],[-70.657,-54.856],[-70.639,-54.849],[-70.622,-54.838],[-70.607,-54.832],[-70.542,-54.832],[-70.422,-54.846]]],[[[-70.984,-54.928],[-70.991,-54.927],[-70.997,-54.923],[-71.005,-54.92],[-71.015,-54.921],[-71.022,-54.926],[-71.029,-54.937],[-71.035,-54.942],[-71.064,-54.95],[-71.118,-54.934],[-71.152,-54.934],[-71.142,-54.923],[-71.126,-54.914],[-71.108,-54.909],[-71.09,-54.908],[-71.107,-54.895],[-71.121,-54.892],[-71.182,-54.907],[-71.193,-54.908],[-71.205,-54.906],[-71.206,-54.902],[-71.204,-54.895],[-71.21,-54.879],[-71.208,-54.872],[-71.21,-54.868],[-71.224,-54.866],[-71.262,-54.873],[-71.272,-54.867],[-71.279,-54.865],[-71.282,-54.87],[-71.284,-54.88],[-71.29,-54.886],[-71.298,-54.888],[-71.309,-54.887],[-71.304,-54.905],[-71.308,-54.925],[-71.318,-54.942],[-71.333,-54.948],[-71.339,-54.95],[-71.345,-54.954],[-71.351,-54.954],[-71.358,-54.948],[-71.361,-54.94],[-71.358,-54.937],[-71.353,-54.934],[-71.35,-54.928],[-71.336,-54.912],[-71.335,-54.902],[-71.35,-54.901],[-71.382,-54.929],[-71.403,-54.943],[-71.412,-54.938],[-71.416,-54.914],[-71.426,-54.903],[-71.441,-54.894],[-71.46,-54.879],[-71.405,-54.859],[-71.416,-54.836],[-71.404,-54.83],[-71.383,-54.831],[-71.368,-54.829],[-71.358,-54.825],[-71.346,-54.829],[-71.323,-54.839],[-71.31,-54.841],[-71.296,-54.839],[-71.204,-54.846],[-71.192,-54.837],[-71.18,-54.831],[-71.165,-54.832],[-71.155,-54.836],[-71.148,-54.84],[-71.144,-54.847],[-71.145,-54.859],[-71.125,-54.859],[-71.078,-54.88],[-71.059,-54.876],[-71.046,-54.869],[-71.026,-54.862],[-71.006,-54.858],[-70.993,-54.859],[-70.988,-54.874],[-70.977,-54.879],[-70.963,-54.878],[-70.947,-54.873],[-70.948,-54.887],[-70.955,-54.897],[-70.963,-54.904],[-70.966,-54.908],[-70.957,-54.914],[-70.926,-54.916],[-70.912,-54.921],[-70.927,-54.928],[-70.946,-54.93],[-70.984,-54.928]]],[[[-71.947,-54.703],[-71.929,-54.695],[-71.921,-54.705],[-71.921,-54.723],[-71.926,-54.737],[-71.938,-54.746],[-71.954,-54.751],[-71.97,-54.754],[-71.985,-54.755],[-71.997,-54.753],[-72.007,-54.747],[-72.01,-54.738],[-72.001,-54.728],[-71.993,-54.722],[-71.987,-54.715],[-71.986,-54.708],[-71.992,-54.699],[-72.022,-54.675],[-72.034,-54.658],[-72.04,-54.65],[-72.05,-54.647],[-72.064,-54.652],[-72.066,-54.661],[-72.063,-54.671],[-72.066,-54.675],[-72.08,-54.674],[-72.088,-54.671],[-72.101,-54.658],[-72.104,-54.645],[-72.091,-54.636],[-72.072,-54.631],[-72.038,-54.629],[-72.028,-54.629],[-72.019,-54.633],[-72.012,-54.64],[-71.992,-54.664],[-71.979,-54.673],[-71.967,-54.68],[-71.956,-54.688],[-71.947,-54.703]]],[[[-72.34,-54.331],[-72.312,-54.329],[-72.301,-54.333],[-72.297,-54.346],[-72.305,-54.365],[-72.328,-54.36],[-72.356,-54.35],[-72.379,-54.353],[-72.371,-54.358],[-72.362,-54.367],[-72.357,-54.376],[-72.361,-54.38],[-72.392,-54.38],[-72.4,-54.378],[-72.404,-54.373],[-72.408,-54.369],[-72.412,-54.367],[-72.435,-54.377],[-72.452,-54.418],[-72.471,-54.428],[-72.478,-54.423],[-72.502,-54.393],[-72.533,-54.363],[-72.542,-54.343],[-72.5,-54.349],[-72.502,-54.331],[-72.448,-54.335],[-72.427,-54.33],[-72.433,-54.312],[-72.425,-54.306],[-72.416,-54.304],[-72.407,-54.306],[-72.398,-54.312],[-72.383,-54.315],[-72.357,-54.328],[-72.34,-54.331]]],[[[-70.385,-54.188],[-70.362,-54.19],[-70.313,-54.185],[-70.288,-54.188],[-70.287,-54.191],[-70.274,-54.205],[-70.267,-54.209],[-70.256,-54.212],[-70.235,-54.212],[-70.226,-54.215],[-70.219,-54.235],[-70.23,-54.247],[-70.246,-54.256],[-70.254,-54.267],[-70.269,-54.271],[-70.34,-54.266],[-70.36,-54.26],[-70.382,-54.25],[-70.434,-54.242],[-70.459,-54.236],[-70.479,-54.225],[-70.497,-54.21],[-70.512,-54.193],[-70.521,-54.174],[-70.492,-54.148],[-70.455,-54.154],[-70.385,-54.188]]],[[[-72.297,-54.079],[-72.279,-54.09],[-72.256,-54.1],[-72.24,-54.112],[-72.242,-54.127],[-72.231,-54.129],[-72.221,-54.132],[-72.206,-54.14],[-72.206,-54.148],[-72.237,-54.145],[-72.247,-54.149],[-72.255,-54.161],[-72.254,-54.173],[-72.25,-54.186],[-72.251,-54.198],[-72.265,-54.202],[-72.283,-54.2],[-72.292,-54.198],[-72.297,-54.201],[-72.303,-54.215],[-72.298,-54.239],[-72.302,-54.251],[-72.32,-54.257],[-72.349,-54.249],[-72.379,-54.224],[-72.398,-54.229],[-72.41,-54.24],[-72.418,-54.249],[-72.427,-54.255],[-72.444,-54.257],[-72.461,-54.256],[-72.474,-54.253],[-72.502,-54.243],[-72.502,-54.236],[-72.495,-54.232],[-72.49,-54.228],[-72.481,-54.215],[-72.515,-54.202],[-72.493,-54.191],[-72.44,-54.171],[-72.419,-54.168],[-72.369,-54.168],[-72.345,-54.16],[-72.33,-54.14],[-72.363,-54.138],[-72.377,-54.14],[-72.392,-54.148],[-72.39,-54.129],[-72.36,-54.122],[-72.323,-54.119],[-72.297,-54.114],[-72.343,-54.106],[-72.365,-54.107],[-72.371,-54.106],[-72.387,-54.099],[-72.393,-54.094],[-72.367,-54.084],[-72.34,-54.07],[-72.315,-54.063],[-72.297,-54.079]]],[[[-73.18,-54.072],[-73.182,-54.078],[-73.185,-54.093],[-73.187,-54.099],[-73.18,-54.101],[-73.167,-54.105],[-73.16,-54.106],[-73.178,-54.127],[-73.205,-54.123],[-73.233,-54.112],[-73.255,-54.114],[-73.253,-54.126],[-73.279,-54.127],[-73.313,-54.121],[-73.324,-54.114],[-73.33,-54.103],[-73.332,-54.094],[-73.331,-54.075],[-73.337,-54.066],[-73.351,-54.065],[-73.366,-54.069],[-73.372,-54.075],[-73.386,-54.08],[-73.418,-54.081],[-73.453,-54.078],[-73.474,-54.072],[-73.459,-54.065],[-73.428,-54.058],[-73.413,-54.051],[-73.392,-54.032],[-73.38,-54.026],[-73.358,-54.024],[-73.275,-54.028],[-73.243,-54.043],[-73.249,-54.072],[-73.231,-54.07],[-73.207,-54.059],[-73.188,-54.054],[-73.18,-54.072]]],[[[-71.631,-54.079],[-71.634,-54.044],[-71.651,-54.013],[-71.657,-53.983],[-71.631,-53.955],[-71.612,-53.948],[-71.582,-53.941],[-71.554,-53.942],[-71.542,-53.959],[-71.54,-53.968],[-71.533,-53.978],[-71.524,-53.986],[-71.515,-53.989],[-71.501,-53.987],[-71.498,-53.981],[-71.498,-53.972],[-71.494,-53.962],[-71.488,-53.952],[-71.486,-53.946],[-71.48,-53.943],[-71.463,-53.942],[-71.456,-53.946],[-71.452,-53.958],[-71.453,-53.97],[-71.456,-53.979],[-71.447,-53.984],[-71.436,-54.004],[-71.419,-54.044],[-71.396,-54.063],[-71.379,-54.041],[-71.377,-54.004],[-71.399,-53.976],[-71.376,-53.969],[-71.338,-53.976],[-71.302,-53.991],[-71.282,-54.01],[-71.277,-54.024],[-71.271,-54.05],[-71.265,-54.062],[-71.261,-54.074],[-71.27,-54.085],[-71.283,-54.095],[-71.289,-54.106],[-71.27,-54.102],[-71.253,-54.112],[-71.241,-54.129],[-71.234,-54.148],[-71.236,-54.158],[-71.237,-54.166],[-71.234,-54.174],[-71.221,-54.185],[-71.212,-54.184],[-71.209,-54.176],[-71.217,-54.165],[-71.215,-54.15],[-71.188,-54.098],[-71.18,-54.086],[-71.164,-54.087],[-71.163,-54.106],[-71.172,-54.151],[-71.167,-54.154],[-71.155,-54.155],[-71.143,-54.153],[-71.138,-54.144],[-71.138,-54.103],[-71.131,-54.083],[-71.112,-54.07],[-71.09,-54.065],[-71.07,-54.065],[-71.029,-54.086],[-71.016,-54.095],[-71.013,-54.101],[-71.015,-54.123],[-71.021,-54.148],[-71.053,-54.182],[-71.062,-54.202],[-71.046,-54.202],[-71.034,-54.193],[-71.018,-54.171],[-71.005,-54.166],[-70.997,-54.175],[-70.995,-54.189],[-71.001,-54.202],[-70.994,-54.213],[-70.993,-54.224],[-70.999,-54.232],[-71.011,-54.236],[-71.028,-54.237],[-71.026,-54.241],[-71.007,-54.249],[-70.99,-54.266],[-70.992,-54.272],[-71.008,-54.281],[-71.02,-54.286],[-71.034,-54.29],[-71.048,-54.292],[-71.062,-54.291],[-71.055,-54.297],[-71.047,-54.305],[-71.043,-54.313],[-71.045,-54.321],[-71.056,-54.33],[-71.063,-54.328],[-71.069,-54.321],[-71.079,-54.318],[-71.099,-54.314],[-71.138,-54.3],[-71.158,-54.297],[-71.149,-54.31],[-71.142,-54.317],[-71.118,-54.328],[-71.087,-54.332],[-71.083,-54.335],[-71.084,-54.342],[-71.086,-54.35],[-71.09,-54.357],[-71.094,-54.359],[-71.097,-54.362],[-71.101,-54.37],[-71.107,-54.377],[-71.114,-54.38],[-71.148,-54.38],[-71.154,-54.375],[-71.169,-54.35],[-71.177,-54.328],[-71.186,-54.34],[-71.194,-54.359],[-71.193,-54.367],[-71.208,-54.369],[-71.221,-54.363],[-71.241,-54.346],[-71.295,-54.318],[-71.332,-54.314],[-71.348,-54.309],[-71.358,-54.297],[-71.348,-54.285],[-71.336,-54.285],[-71.323,-54.289],[-71.309,-54.291],[-71.299,-54.287],[-71.293,-54.28],[-71.286,-54.273],[-71.271,-54.27],[-71.264,-54.272],[-71.247,-54.278],[-71.241,-54.277],[-71.234,-54.271],[-71.238,-54.266],[-71.244,-54.264],[-71.248,-54.26],[-71.244,-54.25],[-71.222,-54.238],[-71.213,-54.229],[-71.223,-54.219],[-71.231,-54.216],[-71.239,-54.217],[-71.248,-54.222],[-71.262,-54.239],[-71.264,-54.247],[-71.271,-54.249],[-71.279,-54.25],[-71.301,-54.261],[-71.313,-54.255],[-71.323,-54.241],[-71.33,-54.229],[-71.329,-54.226],[-71.325,-54.22],[-71.323,-54.213],[-71.326,-54.206],[-71.332,-54.204],[-71.337,-54.207],[-71.342,-54.212],[-71.343,-54.219],[-71.355,-54.245],[-71.381,-54.246],[-71.411,-54.233],[-71.433,-54.215],[-71.446,-54.185],[-71.429,-54.171],[-71.399,-54.164],[-71.371,-54.154],[-71.385,-54.149],[-71.413,-54.152],[-71.419,-54.144],[-71.417,-54.139],[-71.413,-54.132],[-71.409,-54.126],[-71.405,-54.127],[-71.412,-54.114],[-71.417,-54.11],[-71.419,-54.117],[-71.432,-54.134],[-71.462,-54.137],[-71.493,-54.135],[-71.508,-54.14],[-71.505,-54.15],[-71.486,-54.159],[-71.481,-54.171],[-71.488,-54.175],[-71.501,-54.18],[-71.51,-54.187],[-71.5,-54.211],[-71.51,-54.217],[-71.535,-54.222],[-71.54,-54.231],[-71.542,-54.27],[-71.576,-54.255],[-71.591,-54.244],[-71.597,-54.229],[-71.591,-54.212],[-71.577,-54.203],[-71.561,-54.195],[-71.55,-54.182],[-71.588,-54.194],[-71.6,-54.195],[-71.606,-54.202],[-71.612,-54.23],[-71.621,-54.236],[-71.652,-54.232],[-71.664,-54.221],[-71.672,-54.205],[-71.69,-54.185],[-71.7,-54.166],[-71.691,-54.148],[-71.672,-54.132],[-71.652,-54.12],[-71.614,-54.106],[-71.604,-54.099],[-71.596,-54.088],[-71.6,-54.08],[-71.612,-54.077],[-71.631,-54.079]]],[[[-72.015,-54.202],[-72.043,-54.197],[-72.111,-54.154],[-72.094,-54.148],[-72.059,-54.145],[-72.042,-54.14],[-72.06,-54.134],[-72.082,-54.132],[-72.124,-54.133],[-72.115,-54.117],[-72.093,-54.112],[-72.042,-54.114],[-72.053,-54.108],[-72.078,-54.101],[-72.087,-54.096],[-72.092,-54.087],[-72.098,-54.066],[-72.104,-54.058],[-72.117,-54.06],[-72.135,-54.072],[-72.169,-54.103],[-72.186,-54.105],[-72.205,-54.092],[-72.221,-54.073],[-72.228,-54.058],[-72.203,-54.005],[-72.203,-53.996],[-72.229,-53.992],[-72.24,-53.981],[-72.246,-53.964],[-72.258,-53.945],[-72.259,-53.93],[-72.232,-53.925],[-72.128,-53.934],[-72.118,-53.939],[-72.111,-53.95],[-72.106,-53.963],[-72.101,-53.973],[-72.091,-53.979],[-72.078,-53.984],[-72.065,-53.984],[-72.055,-53.976],[-72.057,-53.968],[-72.066,-53.96],[-72.083,-53.948],[-72.071,-53.947],[-72.06,-53.949],[-72.05,-53.954],[-72.042,-53.962],[-72.039,-53.951],[-72.04,-53.943],[-72.04,-53.935],[-72.033,-53.924],[-72.021,-53.917],[-72.008,-53.912],[-72.002,-53.903],[-72.008,-53.886],[-71.996,-53.886],[-71.983,-53.887],[-71.961,-53.894],[-71.966,-53.884],[-71.975,-53.877],[-71.984,-53.871],[-71.995,-53.866],[-71.946,-53.853],[-71.904,-53.862],[-71.866,-53.886],[-71.83,-53.921],[-71.841,-53.936],[-71.852,-53.958],[-71.852,-53.974],[-71.83,-53.969],[-71.829,-53.965],[-71.809,-53.934],[-71.798,-53.905],[-71.793,-53.897],[-71.784,-53.897],[-71.765,-53.907],[-71.756,-53.898],[-71.742,-53.897],[-71.727,-53.899],[-71.696,-53.912],[-71.668,-53.918],[-71.653,-53.926],[-71.713,-53.969],[-71.735,-53.979],[-71.78,-53.988],[-71.792,-53.998],[-71.788,-54.006],[-71.762,-54.004],[-71.718,-53.985],[-71.701,-53.985],[-71.694,-54.007],[-71.702,-54.031],[-71.722,-54.038],[-71.747,-54.04],[-71.769,-54.051],[-71.757,-54.051],[-71.747,-54.052],[-71.736,-54.054],[-71.727,-54.058],[-71.736,-54.079],[-71.741,-54.086],[-71.719,-54.086],[-71.689,-54.076],[-71.663,-54.072],[-71.652,-54.089],[-71.661,-54.104],[-71.713,-54.148],[-71.766,-54.164],[-71.808,-54.148],[-71.871,-54.086],[-71.908,-54.057],[-71.926,-54.039],[-71.923,-54.03],[-71.918,-54.026],[-71.919,-54.017],[-71.926,-54.008],[-71.936,-54.004],[-71.947,-54.007],[-71.952,-54.015],[-71.954,-54.026],[-71.953,-54.038],[-71.95,-54.05],[-71.945,-54.058],[-71.939,-54.064],[-71.933,-54.072],[-71.92,-54.109],[-71.916,-54.117],[-71.896,-54.13],[-71.837,-54.161],[-71.824,-54.177],[-71.812,-54.195],[-71.798,-54.209],[-71.757,-54.22],[-71.744,-54.231],[-71.745,-54.246],[-71.762,-54.263],[-71.774,-54.259],[-71.818,-54.254],[-71.837,-54.249],[-71.839,-54.263],[-71.847,-54.273],[-71.859,-54.279],[-71.871,-54.284],[-71.861,-54.289],[-71.83,-54.297],[-71.85,-54.309],[-71.857,-54.312],[-71.857,-54.318],[-71.85,-54.32],[-71.83,-54.331],[-71.846,-54.338],[-71.865,-54.335],[-71.886,-54.329],[-71.905,-54.325],[-71.949,-54.327],[-71.971,-54.325],[-71.988,-54.318],[-71.962,-54.298],[-71.937,-54.246],[-71.905,-54.229],[-71.931,-54.212],[-71.959,-54.205],[-72.015,-54.202]]],[[[-70.455,-53.612],[-70.462,-53.643],[-70.473,-53.665],[-70.469,-53.692],[-70.445,-53.763],[-70.422,-53.803],[-70.431,-53.827],[-70.42,-53.871],[-70.452,-53.887],[-70.444,-53.905],[-70.426,-53.921],[-70.408,-53.928],[-70.396,-53.936],[-70.359,-53.979],[-70.336,-54.007],[-70.343,-54.028],[-70.385,-54.05],[-70.439,-54.06],[-70.496,-54.033],[-70.535,-54.004],[-70.611,-53.948],[-70.649,-53.939],[-70.67,-53.95],[-70.671,-53.968],[-70.635,-54.001],[-70.593,-54.033],[-70.569,-54.065],[-70.567,-54.078],[-70.568,-54.088],[-70.573,-54.095],[-70.583,-54.099],[-70.548,-54.121],[-70.539,-54.134],[-70.535,-54.158],[-70.538,-54.167],[-70.544,-54.175],[-70.549,-54.183],[-70.549,-54.195],[-70.544,-54.201],[-70.535,-54.207],[-70.524,-54.213],[-70.514,-54.215],[-70.54,-54.222],[-70.593,-54.214],[-70.686,-54.188],[-70.823,-54.114],[-70.806,-54.096],[-70.83,-54.076],[-70.866,-54.053],[-70.884,-54.027],[-70.885,-53.999],[-70.897,-53.948],[-70.898,-53.931],[-70.888,-53.922],[-70.864,-53.921],[-70.893,-53.891],[-70.901,-53.874],[-70.881,-53.866],[-70.858,-53.86],[-70.882,-53.842],[-70.855,-53.84],[-70.82,-53.837],[-70.789,-53.832],[-70.777,-53.825],[-70.718,-53.842],[-70.672,-53.85],[-70.634,-53.873],[-70.606,-53.865],[-70.601,-53.829],[-70.633,-53.814],[-70.699,-53.787],[-70.706,-53.746],[-70.704,-53.74],[-70.701,-53.736],[-70.699,-53.731],[-70.703,-53.725],[-70.706,-53.721],[-70.71,-53.714],[-70.712,-53.707],[-70.713,-53.701],[-70.701,-53.691],[-70.664,-53.686],[-70.627,-53.661],[-70.609,-53.653],[-70.566,-53.626],[-70.547,-53.597],[-70.547,-53.577],[-70.536,-53.56],[-70.511,-53.558],[-70.486,-53.561],[-70.47,-53.566],[-70.463,-53.576],[-70.455,-53.612]]],[[[-73.824,-53.472],[-73.82,-53.48],[-73.809,-53.484],[-73.73,-53.5],[-73.706,-53.508],[-73.688,-53.523],[-73.702,-53.538],[-73.717,-53.541],[-73.755,-53.537],[-73.78,-53.539],[-73.785,-53.546],[-73.784,-53.557],[-73.79,-53.572],[-73.804,-53.58],[-73.827,-53.587],[-73.849,-53.588],[-73.858,-53.582],[-73.854,-53.566],[-73.844,-53.558],[-73.833,-53.551],[-73.824,-53.537],[-73.874,-53.54],[-73.886,-53.537],[-73.892,-53.526],[-73.883,-53.52],[-73.868,-53.517],[-73.855,-53.517],[-73.833,-53.506],[-73.844,-53.482],[-73.861,-53.459],[-73.855,-53.448],[-73.844,-53.45],[-73.834,-53.455],[-73.827,-53.462],[-73.824,-53.472]]],[[[-73.392,-53.414],[-73.457,-53.436],[-73.488,-53.452],[-73.509,-53.476],[-73.497,-53.479],[-73.491,-53.476],[-73.486,-53.471],[-73.475,-53.469],[-73.468,-53.472],[-73.453,-53.486],[-73.444,-53.489],[-73.434,-53.495],[-73.392,-53.531],[-73.401,-53.541],[-73.413,-53.545],[-73.444,-53.544],[-73.452,-53.548],[-73.471,-53.566],[-73.482,-53.572],[-73.507,-53.569],[-73.52,-53.552],[-73.53,-53.53],[-73.543,-53.51],[-73.552,-53.54],[-73.56,-53.547],[-73.578,-53.544],[-73.594,-53.527],[-73.601,-53.523],[-73.65,-53.517],[-73.662,-53.511],[-73.691,-53.485],[-73.708,-53.476],[-73.765,-53.457],[-73.779,-53.455],[-73.781,-53.451],[-73.799,-53.436],[-73.803,-53.435],[-73.803,-53.422],[-73.798,-53.419],[-73.779,-53.421],[-73.766,-53.425],[-73.691,-53.467],[-73.681,-53.469],[-73.653,-53.467],[-73.639,-53.468],[-73.629,-53.472],[-73.613,-53.483],[-73.593,-53.49],[-73.575,-53.491],[-73.564,-53.482],[-73.594,-53.472],[-73.606,-53.465],[-73.619,-53.455],[-73.6,-53.448],[-73.579,-53.449],[-73.558,-53.454],[-73.537,-53.455],[-73.548,-53.443],[-73.598,-53.424],[-73.598,-53.393],[-73.593,-53.386],[-73.578,-53.387],[-73.569,-53.392],[-73.557,-53.405],[-73.547,-53.407],[-73.534,-53.405],[-73.514,-53.395],[-73.506,-53.393],[-73.448,-53.392],[-73.435,-53.394],[-73.392,-53.407],[-73.392,-53.414]]],[[[-72.53,-54.075],[-72.543,-54.1],[-72.574,-54.095],[-72.609,-54.077],[-72.632,-54.058],[-72.626,-54.048],[-72.623,-54.037],[-72.626,-54.027],[-72.635,-54.024],[-72.645,-54.027],[-72.65,-54.035],[-72.654,-54.044],[-72.659,-54.051],[-72.68,-54.069],[-72.693,-54.076],[-72.703,-54.079],[-72.707,-54.081],[-72.71,-54.086],[-72.711,-54.092],[-72.711,-54.096],[-72.707,-54.103],[-72.714,-54.104],[-72.724,-54.101],[-72.728,-54.099],[-72.786,-54.092],[-72.794,-54.097],[-72.817,-54.127],[-72.843,-54.134],[-72.897,-54.121],[-72.926,-54.12],[-72.897,-54.113],[-72.883,-54.106],[-72.878,-54.092],[-72.885,-54.084],[-72.897,-54.087],[-72.91,-54.095],[-72.919,-54.099],[-72.925,-54.097],[-72.934,-54.088],[-72.937,-54.086],[-72.944,-54.087],[-72.956,-54.091],[-72.984,-54.097],[-72.995,-54.097],[-73.009,-54.092],[-73.027,-54.075],[-73.005,-54.065],[-72.934,-54.058],[-72.826,-54.068],[-72.796,-54.058],[-72.881,-54.034],[-72.886,-54.024],[-72.861,-54.017],[-72.762,-54.03],[-72.773,-54.017],[-72.808,-54.006],[-72.824,-53.996],[-72.81,-53.996],[-72.797,-53.992],[-72.786,-53.985],[-72.776,-53.976],[-72.84,-53.96],[-72.851,-53.955],[-72.841,-53.947],[-72.783,-53.928],[-72.756,-53.903],[-72.743,-53.894],[-72.721,-53.886],[-72.681,-53.879],[-72.663,-53.872],[-72.645,-53.86],[-72.742,-53.876],[-72.769,-53.873],[-72.743,-53.861],[-72.733,-53.853],[-72.728,-53.839],[-72.75,-53.842],[-72.787,-53.858],[-72.81,-53.86],[-72.783,-53.832],[-72.789,-53.82],[-72.802,-53.817],[-72.816,-53.821],[-72.845,-53.841],[-72.897,-53.867],[-72.919,-53.873],[-72.944,-53.868],[-72.955,-53.858],[-72.965,-53.852],[-73.007,-53.874],[-73.016,-53.862],[-73.022,-53.824],[-73.041,-53.808],[-73.056,-53.813],[-73.066,-53.831],[-73.07,-53.856],[-73.076,-53.876],[-73.102,-53.91],[-73.104,-53.934],[-73.092,-53.951],[-73.046,-53.974],[-73.036,-53.986],[-73.044,-53.999],[-73.062,-54.017],[-73.083,-54.032],[-73.098,-54.038],[-73.104,-54.035],[-73.108,-54.03],[-73.115,-54.02],[-73.123,-54.014],[-73.129,-54.013],[-73.136,-54.012],[-73.145,-54.01],[-73.192,-53.992],[-73.204,-53.989],[-73.274,-53.984],[-73.309,-53.974],[-73.338,-53.955],[-73.324,-53.951],[-73.296,-53.946],[-73.283,-53.942],[-73.265,-53.932],[-73.262,-53.926],[-73.265,-53.919],[-73.262,-53.907],[-73.253,-53.902],[-73.241,-53.9],[-73.236,-53.897],[-73.249,-53.886],[-73.268,-53.88],[-73.281,-53.882],[-73.288,-53.88],[-73.29,-53.863],[-73.294,-53.852],[-73.313,-53.844],[-73.317,-53.835],[-73.31,-53.824],[-73.293,-53.82],[-73.276,-53.818],[-73.269,-53.815],[-73.257,-53.798],[-73.253,-53.786],[-73.259,-53.773],[-73.269,-53.764],[-73.28,-53.756],[-73.293,-53.751],[-73.31,-53.75],[-73.31,-53.742],[-73.261,-53.727],[-73.245,-53.716],[-73.262,-53.701],[-73.275,-53.701],[-73.302,-53.713],[-73.314,-53.716],[-73.362,-53.713],[-73.534,-53.752],[-73.592,-53.756],[-73.566,-53.74],[-73.519,-53.721],[-73.485,-53.701],[-73.495,-53.68],[-73.497,-53.665],[-73.526,-53.664],[-73.563,-53.668],[-73.588,-53.664],[-73.599,-53.659],[-73.609,-53.657],[-73.616,-53.652],[-73.619,-53.637],[-73.618,-53.623],[-73.615,-53.614],[-73.611,-53.607],[-73.605,-53.599],[-73.585,-53.583],[-73.565,-53.58],[-73.496,-53.588],[-73.483,-53.588],[-73.471,-53.582],[-73.458,-53.57],[-73.447,-53.564],[-73.435,-53.563],[-73.42,-53.565],[-73.366,-53.577],[-73.336,-53.589],[-73.324,-53.603],[-73.317,-53.619],[-73.3,-53.634],[-73.28,-53.646],[-73.262,-53.654],[-73.204,-53.666],[-72.974,-53.67],[-72.953,-53.664],[-72.947,-53.647],[-72.958,-53.633],[-72.977,-53.637],[-72.996,-53.648],[-73.012,-53.654],[-73.059,-53.653],[-73.081,-53.648],[-73.081,-53.637],[-73.037,-53.601],[-73.029,-53.585],[-73.038,-53.592],[-73.048,-53.596],[-73.058,-53.598],[-73.07,-53.599],[-73.081,-53.602],[-73.088,-53.611],[-73.098,-53.626],[-73.115,-53.64],[-73.135,-53.646],[-73.158,-53.648],[-73.208,-53.645],[-73.259,-53.635],[-73.276,-53.626],[-73.291,-53.606],[-73.289,-53.59],[-73.262,-53.558],[-73.316,-53.555],[-73.34,-53.548],[-73.413,-53.493],[-73.42,-53.479],[-73.421,-53.471],[-73.421,-53.467],[-73.415,-53.465],[-73.4,-53.462],[-73.387,-53.462],[-73.345,-53.469],[-73.298,-53.483],[-73.276,-53.494],[-73.262,-53.51],[-73.223,-53.494],[-73.17,-53.499],[-73.077,-53.531],[-73.088,-53.514],[-73.104,-53.505],[-73.12,-53.498],[-73.132,-53.489],[-73.136,-53.473],[-73.133,-53.455],[-73.135,-53.44],[-73.153,-53.435],[-73.174,-53.43],[-73.175,-53.421],[-73.162,-53.411],[-73.139,-53.407],[-73.114,-53.406],[-73.091,-53.4],[-73.057,-53.387],[-73.038,-53.386],[-73.033,-53.39],[-73.036,-53.421],[-73.038,-53.425],[-73.041,-53.429],[-73.04,-53.435],[-73.021,-53.458],[-73.017,-53.465],[-73.011,-53.489],[-73.002,-53.493],[-72.993,-53.485],[-72.988,-53.466],[-72.99,-53.448],[-72.994,-53.433],[-73.002,-53.422],[-73.016,-53.414],[-73.016,-53.407],[-72.985,-53.411],[-72.935,-53.436],[-72.913,-53.427],[-72.913,-53.451],[-72.918,-53.472],[-72.926,-53.49],[-72.937,-53.506],[-72.941,-53.518],[-72.937,-53.527],[-72.93,-53.531],[-72.926,-53.527],[-72.922,-53.515],[-72.911,-53.51],[-72.898,-53.511],[-72.886,-53.517],[-72.873,-53.535],[-72.877,-53.552],[-72.887,-53.569],[-72.896,-53.6],[-72.91,-53.613],[-72.913,-53.623],[-72.911,-53.632],[-72.905,-53.64],[-72.893,-53.654],[-72.889,-53.673],[-72.884,-53.681],[-72.872,-53.68],[-72.864,-53.672],[-72.865,-53.66],[-72.872,-53.637],[-72.868,-53.627],[-72.858,-53.62],[-72.848,-53.615],[-72.844,-53.609],[-72.84,-53.598],[-72.823,-53.575],[-72.817,-53.565],[-72.815,-53.539],[-72.825,-53.524],[-72.838,-53.511],[-72.847,-53.485],[-72.862,-53.47],[-72.865,-53.459],[-72.858,-53.453],[-72.845,-53.459],[-72.824,-53.476],[-72.808,-53.478],[-72.793,-53.478],[-72.781,-53.483],[-72.776,-53.499],[-72.771,-53.505],[-72.758,-53.51],[-72.734,-53.517],[-72.743,-53.538],[-72.748,-53.544],[-72.731,-53.554],[-72.691,-53.584],[-72.68,-53.599],[-72.676,-53.612],[-72.676,-53.622],[-72.68,-53.633],[-72.69,-53.644],[-72.696,-53.657],[-72.689,-53.668],[-72.679,-53.673],[-72.673,-53.671],[-72.668,-53.67],[-72.642,-53.671],[-72.632,-53.668],[-72.63,-53.66],[-72.634,-53.598],[-72.642,-53.577],[-72.655,-53.56],[-72.673,-53.544],[-72.673,-53.537],[-72.656,-53.537],[-72.558,-53.579],[-72.546,-53.588],[-72.534,-53.591],[-72.498,-53.576],[-72.481,-53.572],[-72.464,-53.575],[-72.447,-53.584],[-72.437,-53.595],[-72.444,-53.609],[-72.437,-53.615],[-72.416,-53.623],[-72.397,-53.633],[-72.402,-53.65],[-72.417,-53.656],[-72.455,-53.654],[-72.474,-53.661],[-72.485,-53.674],[-72.484,-53.687],[-72.475,-53.697],[-72.438,-53.705],[-72.436,-53.716],[-72.453,-53.742],[-72.437,-53.749],[-72.428,-53.741],[-72.421,-53.728],[-72.409,-53.722],[-72.407,-53.714],[-72.391,-53.699],[-72.373,-53.688],[-72.365,-53.691],[-72.348,-53.71],[-72.234,-53.729],[-72.273,-53.759],[-72.268,-53.763],[-72.226,-53.766],[-72.187,-53.777],[-72.153,-53.796],[-72.139,-53.798],[-72.157,-53.808],[-72.2,-53.814],[-72.217,-53.821],[-72.228,-53.836],[-72.22,-53.852],[-72.231,-53.869],[-72.251,-53.878],[-72.275,-53.872],[-72.296,-53.862],[-72.328,-53.84],[-72.349,-53.831],[-72.37,-53.832],[-72.392,-53.845],[-72.351,-53.86],[-72.356,-53.878],[-72.344,-53.91],[-72.351,-53.928],[-72.387,-53.904],[-72.41,-53.893],[-72.42,-53.897],[-72.416,-53.918],[-72.406,-53.931],[-72.39,-53.941],[-72.371,-53.948],[-72.38,-53.96],[-72.392,-53.962],[-72.406,-53.964],[-72.42,-53.969],[-72.385,-53.981],[-72.324,-53.989],[-72.318,-54.002],[-72.321,-54.019],[-72.33,-54.035],[-72.343,-54.044],[-72.355,-54.046],[-72.368,-54.044],[-72.38,-54.04],[-72.388,-54.034],[-72.397,-54.032],[-72.423,-54.042],[-72.433,-54.044],[-72.454,-54.038],[-72.459,-54.027],[-72.453,-53.989],[-72.469,-53.996],[-72.486,-53.996],[-72.502,-53.992],[-72.515,-53.983],[-72.517,-53.995],[-72.523,-54.008],[-72.533,-54.024],[-72.519,-54.03],[-72.519,-54.046],[-72.53,-54.075]]],[[[-74.146,-53.243],[-74.124,-53.235],[-74.096,-53.228],[-74.071,-53.231],[-74.058,-53.25],[-74.066,-53.26],[-74.078,-53.264],[-74.092,-53.266],[-74.105,-53.27],[-74.098,-53.293],[-74.116,-53.307],[-74.145,-53.316],[-74.17,-53.318],[-74.177,-53.32],[-74.188,-53.329],[-74.194,-53.331],[-74.202,-53.331],[-74.217,-53.326],[-74.225,-53.325],[-74.239,-53.315],[-74.242,-53.311],[-74.244,-53.303],[-74.241,-53.3],[-74.238,-53.299],[-74.236,-53.294],[-74.224,-53.281],[-74.146,-53.243]]],[[[-73.433,-52.865],[-73.385,-52.898],[-73.379,-52.91],[-73.382,-52.927],[-73.39,-52.942],[-73.403,-52.952],[-73.419,-52.958],[-73.436,-52.957],[-73.457,-52.953],[-73.476,-52.945],[-73.489,-52.934],[-73.493,-52.922],[-73.489,-52.913],[-73.478,-52.907],[-73.461,-52.907],[-73.461,-52.9],[-73.472,-52.898],[-73.492,-52.888],[-73.502,-52.886],[-73.55,-52.886],[-73.561,-52.887],[-73.569,-52.89],[-73.577,-52.889],[-73.588,-52.883],[-73.597,-52.879],[-73.61,-52.878],[-73.633,-52.88],[-73.662,-52.892],[-73.673,-52.893],[-73.715,-52.892],[-73.729,-52.893],[-73.787,-52.913],[-73.811,-52.914],[-73.798,-52.899],[-73.759,-52.892],[-73.742,-52.88],[-73.748,-52.869],[-73.736,-52.866],[-73.718,-52.866],[-73.705,-52.862],[-73.694,-52.853],[-73.685,-52.85],[-73.674,-52.85],[-73.646,-52.854],[-73.615,-52.863],[-73.601,-52.865],[-73.592,-52.861],[-73.604,-52.85],[-73.633,-52.831],[-73.612,-52.822],[-73.552,-52.853],[-73.53,-52.838],[-73.509,-52.852],[-73.479,-52.866],[-73.45,-52.873],[-73.433,-52.865]]],[[[-73.207,-53.318],[-73.179,-53.319],[-73.14,-53.328],[-73.105,-53.341],[-73.091,-53.356],[-73.108,-53.369],[-73.189,-53.358],[-73.217,-53.362],[-73.231,-53.368],[-73.247,-53.365],[-73.276,-53.353],[-73.289,-53.341],[-73.296,-53.338],[-73.297,-53.341],[-73.303,-53.346],[-73.31,-53.351],[-73.317,-53.353],[-73.346,-53.343],[-73.375,-53.324],[-73.402,-53.303],[-73.42,-53.283],[-73.434,-53.295],[-73.445,-53.309],[-73.458,-53.32],[-73.478,-53.325],[-73.56,-53.324],[-73.584,-53.318],[-73.602,-53.309],[-73.61,-53.3],[-73.604,-53.293],[-73.581,-53.291],[-73.532,-53.3],[-73.508,-53.301],[-73.495,-53.291],[-73.514,-53.285],[-73.558,-53.278],[-73.578,-53.27],[-73.591,-53.258],[-73.6,-53.241],[-73.6,-53.228],[-73.584,-53.222],[-73.596,-53.218],[-73.606,-53.211],[-73.612,-53.201],[-73.611,-53.188],[-73.621,-53.192],[-73.635,-53.205],[-73.643,-53.208],[-73.655,-53.207],[-73.659,-53.203],[-73.661,-53.196],[-73.666,-53.188],[-73.695,-53.155],[-73.71,-53.142],[-73.729,-53.133],[-73.726,-53.143],[-73.715,-53.167],[-73.745,-53.166],[-73.761,-53.151],[-73.768,-53.129],[-73.77,-53.109],[-73.778,-53.108],[-73.82,-53.113],[-73.834,-53.109],[-73.859,-53.078],[-73.88,-53.058],[-73.884,-53.058],[-73.886,-53.065],[-73.893,-53.071],[-73.912,-53.079],[-73.923,-53.08],[-73.94,-53.079],[-74.035,-53.056],[-74.057,-53.058],[-74.047,-53.066],[-74.016,-53.085],[-74.024,-53.089],[-74.03,-53.091],[-74.047,-53.091],[-74.054,-53.094],[-74.06,-53.103],[-74.068,-53.106],[-74.086,-53.105],[-74.094,-53.102],[-74.102,-53.095],[-74.111,-53.09],[-74.121,-53.092],[-74.131,-53.097],[-74.139,-53.099],[-74.17,-53.09],[-74.22,-53.047],[-74.249,-53.037],[-74.236,-53.058],[-74.232,-53.073],[-74.24,-53.083],[-74.263,-53.091],[-74.287,-53.085],[-74.29,-53.087],[-74.29,-53.097],[-74.294,-53.099],[-74.306,-53.099],[-74.318,-53.097],[-74.327,-53.092],[-74.331,-53.082],[-74.329,-53.07],[-74.326,-53.06],[-74.325,-53.049],[-74.331,-53.037],[-74.336,-53.033],[-74.346,-53.03],[-74.355,-53.031],[-74.359,-53.041],[-74.366,-53.046],[-74.381,-53.043],[-74.397,-53.036],[-74.407,-53.03],[-74.407,-53.025],[-74.402,-53.019],[-74.402,-53.011],[-74.413,-53.003],[-74.409,-52.995],[-74.407,-52.987],[-74.407,-52.969],[-74.425,-52.974],[-74.499,-52.968],[-74.508,-52.966],[-74.517,-52.962],[-74.518,-52.959],[-74.517,-52.945],[-74.519,-52.941],[-74.525,-52.941],[-74.531,-52.942],[-74.581,-52.932],[-74.597,-52.923],[-74.585,-52.896],[-74.586,-52.887],[-74.589,-52.881],[-74.592,-52.88],[-74.588,-52.872],[-74.583,-52.865],[-74.571,-52.852],[-74.582,-52.846],[-74.592,-52.838],[-74.609,-52.821],[-74.708,-52.786],[-74.731,-52.773],[-74.75,-52.756],[-74.743,-52.749],[-74.735,-52.747],[-74.728,-52.745],[-74.722,-52.742],[-74.718,-52.741],[-74.706,-52.743],[-74.701,-52.742],[-74.701,-52.739],[-74.702,-52.731],[-74.701,-52.728],[-74.698,-52.725],[-74.695,-52.721],[-74.692,-52.719],[-74.685,-52.718],[-74.674,-52.721],[-74.643,-52.745],[-74.598,-52.77],[-74.572,-52.779],[-74.489,-52.797],[-74.494,-52.812],[-74.498,-52.818],[-74.503,-52.825],[-74.489,-52.835],[-74.449,-52.849],[-74.441,-52.855],[-74.434,-52.869],[-74.418,-52.871],[-74.382,-52.865],[-74.371,-52.873],[-74.381,-52.889],[-74.407,-52.914],[-74.401,-52.922],[-74.359,-52.948],[-74.343,-52.926],[-74.327,-52.924],[-74.271,-52.958],[-74.261,-52.96],[-74.249,-52.962],[-74.245,-52.96],[-74.24,-52.951],[-74.236,-52.948],[-74.23,-52.948],[-74.218,-52.954],[-74.211,-52.955],[-74.206,-52.952],[-74.198,-52.945],[-74.188,-52.941],[-74.178,-52.945],[-74.157,-52.97],[-74.153,-52.979],[-74.143,-52.99],[-74.12,-52.983],[-74.084,-52.962],[-74.112,-52.953],[-74.124,-52.946],[-74.133,-52.934],[-74.089,-52.947],[-74.075,-52.948],[-74.03,-52.982],[-74.026,-52.964],[-74.008,-52.967],[-73.968,-52.989],[-73.947,-52.993],[-73.938,-52.996],[-73.934,-53.003],[-73.939,-53.008],[-73.975,-53.009],[-73.965,-53.018],[-73.96,-53.021],[-73.955,-53.024],[-73.962,-53.024],[-73.945,-53.025],[-73.9,-53.037],[-73.904,-53.023],[-73.902,-53.012],[-73.893,-53.006],[-73.876,-53.003],[-73.866,-53.01],[-73.842,-53.038],[-73.828,-53.044],[-73.824,-53.047],[-73.82,-53.054],[-73.814,-53.061],[-73.807,-53.065],[-73.798,-53.062],[-73.793,-53.058],[-73.79,-53.053],[-73.79,-53.051],[-73.772,-53.052],[-73.756,-53.058],[-73.729,-53.071],[-73.683,-53.108],[-73.67,-53.112],[-73.66,-53.118],[-73.636,-53.141],[-73.629,-53.147],[-73.61,-53.142],[-73.615,-53.131],[-73.639,-53.112],[-73.646,-53.101],[-73.66,-53.058],[-73.641,-53.057],[-73.623,-53.06],[-73.608,-53.067],[-73.598,-53.079],[-73.599,-53.084],[-73.603,-53.091],[-73.605,-53.1],[-73.601,-53.109],[-73.596,-53.111],[-73.571,-53.112],[-73.571,-53.099],[-73.568,-53.104],[-73.555,-53.114],[-73.551,-53.118],[-73.543,-53.141],[-73.545,-53.156],[-73.554,-53.168],[-73.578,-53.188],[-73.55,-53.208],[-73.543,-53.215],[-73.533,-53.234],[-73.53,-53.244],[-73.533,-53.249],[-73.516,-53.261],[-73.507,-53.264],[-73.502,-53.253],[-73.5,-53.238],[-73.493,-53.23],[-73.482,-53.226],[-73.468,-53.222],[-73.474,-53.211],[-73.482,-53.202],[-73.491,-53.194],[-73.502,-53.188],[-73.485,-53.171],[-73.498,-53.143],[-73.482,-53.133],[-73.46,-53.133],[-73.435,-53.14],[-73.422,-53.152],[-73.433,-53.167],[-73.42,-53.166],[-73.408,-53.167],[-73.399,-53.171],[-73.392,-53.181],[-73.406,-53.188],[-73.355,-53.205],[-73.338,-53.215],[-73.318,-53.23],[-73.312,-53.239],[-73.32,-53.243],[-73.359,-53.245],[-73.372,-53.243],[-73.363,-53.253],[-73.358,-53.256],[-73.366,-53.271],[-73.343,-53.272],[-73.286,-53.263],[-73.266,-53.269],[-73.194,-53.304],[-73.203,-53.31],[-73.207,-53.311],[-73.207,-53.318]]],[[[-73.331,-52.694],[-73.331,-52.701],[-73.369,-52.729],[-73.389,-52.737],[-73.4,-52.728],[-73.372,-52.708],[-73.363,-52.703],[-73.331,-52.694]]],[[[-73.837,-52.701],[-73.858,-52.701],[-73.858,-52.703],[-73.862,-52.707],[-73.872,-52.715],[-73.878,-52.715],[-73.887,-52.709],[-73.893,-52.708],[-73.898,-52.711],[-73.902,-52.715],[-73.906,-52.72],[-73.913,-52.721],[-73.936,-52.72],[-73.946,-52.717],[-73.955,-52.708],[-73.951,-52.688],[-73.94,-52.676],[-73.91,-52.656],[-73.864,-52.612],[-73.845,-52.598],[-73.876,-52.61],[-73.959,-52.656],[-73.982,-52.653],[-73.982,-52.633],[-73.967,-52.616],[-73.884,-52.565],[-73.872,-52.55],[-73.909,-52.56],[-73.994,-52.612],[-74.038,-52.657],[-74.123,-52.707],[-74.143,-52.707],[-74.147,-52.697],[-74.136,-52.686],[-74.128,-52.666],[-74.182,-52.648],[-74.19,-52.617],[-74.184,-52.587],[-74.144,-52.575],[-74.098,-52.571],[-74.05,-52.564],[-74.018,-52.538],[-73.977,-52.498],[-73.944,-52.483],[-73.948,-52.47],[-73.987,-52.467],[-74.034,-52.476],[-74.042,-52.451],[-74.03,-52.43],[-73.976,-52.427],[-73.938,-52.425],[-73.895,-52.408],[-73.855,-52.42],[-73.82,-52.424],[-73.79,-52.428],[-73.775,-52.408],[-73.749,-52.4],[-73.725,-52.405],[-73.707,-52.44],[-73.678,-52.473],[-73.677,-52.485],[-73.689,-52.501],[-73.696,-52.508],[-73.714,-52.512],[-73.724,-52.518],[-73.732,-52.525],[-73.74,-52.546],[-73.751,-52.55],[-73.779,-52.55],[-73.787,-52.554],[-73.782,-52.564],[-73.77,-52.573],[-73.759,-52.577],[-73.737,-52.593],[-73.749,-52.628],[-73.775,-52.665],[-73.796,-52.687],[-73.807,-52.693],[-73.837,-52.701]]],[[[-74.673,-52.391],[-74.704,-52.386],[-74.702,-52.35],[-74.713,-52.343],[-74.745,-52.342],[-74.755,-52.365],[-74.784,-52.368],[-74.815,-52.35],[-74.82,-52.322],[-74.801,-52.302],[-74.807,-52.284],[-74.877,-52.255],[-74.906,-52.235],[-74.913,-52.219],[-74.912,-52.203],[-74.9,-52.19],[-74.879,-52.187],[-74.867,-52.193],[-74.832,-52.218],[-74.815,-52.237],[-74.793,-52.231],[-74.76,-52.214],[-74.684,-52.214],[-74.675,-52.211],[-74.646,-52.205],[-74.621,-52.204],[-74.589,-52.213],[-74.578,-52.235],[-74.544,-52.246],[-74.536,-52.272],[-74.542,-52.289],[-74.56,-52.315],[-74.568,-52.336],[-74.574,-52.366],[-74.594,-52.395],[-74.673,-52.391]]],[[[-73.77,-52.379],[-73.786,-52.388],[-73.807,-52.393],[-73.829,-52.394],[-73.848,-52.388],[-73.873,-52.376],[-73.882,-52.37],[-73.886,-52.362],[-73.878,-52.356],[-73.824,-52.345],[-73.824,-52.338],[-73.838,-52.336],[-73.846,-52.33],[-73.851,-52.323],[-73.858,-52.318],[-73.904,-52.307],[-73.917,-52.3],[-73.935,-52.284],[-73.943,-52.279],[-73.967,-52.268],[-73.991,-52.261],[-74.003,-52.256],[-74.021,-52.24],[-74.054,-52.201],[-74.093,-52.185],[-74.093,-52.167],[-74.079,-52.148],[-74.057,-52.139],[-74.042,-52.141],[-74.033,-52.147],[-74.025,-52.153],[-74.016,-52.16],[-74.01,-52.161],[-73.996,-52.159],[-73.99,-52.16],[-73.984,-52.164],[-73.975,-52.177],[-73.972,-52.179],[-73.963,-52.183],[-73.957,-52.19],[-73.95,-52.197],[-73.927,-52.203],[-73.893,-52.222],[-73.815,-52.241],[-73.803,-52.252],[-73.799,-52.258],[-73.79,-52.265],[-73.78,-52.275],[-73.776,-52.287],[-73.78,-52.299],[-73.796,-52.319],[-73.796,-52.332],[-73.781,-52.342],[-73.759,-52.348],[-73.749,-52.358],[-73.77,-52.379]]],[[[-74.123,-52.398],[-74.144,-52.388],[-74.166,-52.376],[-74.187,-52.367],[-74.198,-52.353],[-74.187,-52.324],[-74.226,-52.326],[-74.236,-52.324],[-74.245,-52.317],[-74.246,-52.31],[-74.238,-52.305],[-74.225,-52.304],[-74.216,-52.301],[-74.205,-52.295],[-74.197,-52.288],[-74.194,-52.28],[-74.236,-52.248],[-74.207,-52.226],[-74.171,-52.234],[-74.134,-52.248],[-74.105,-52.248],[-74.13,-52.228],[-74.203,-52.203],[-74.222,-52.187],[-74.202,-52.187],[-74.166,-52.193],[-74.146,-52.194],[-74.215,-52.169],[-74.242,-52.166],[-74.255,-52.163],[-74.274,-52.149],[-74.283,-52.146],[-74.298,-52.149],[-74.324,-52.162],[-74.338,-52.166],[-74.36,-52.164],[-74.39,-52.156],[-74.415,-52.143],[-74.417,-52.129],[-74.402,-52.118],[-74.345,-52.091],[-74.322,-52.085],[-74.31,-52.083],[-74.297,-52.085],[-74.287,-52.089],[-74.265,-52.102],[-74.237,-52.109],[-74.119,-52.182],[-74.083,-52.212],[-74.042,-52.235],[-74.023,-52.248],[-73.996,-52.276],[-73.951,-52.307],[-73.936,-52.325],[-73.94,-52.332],[-73.982,-52.332],[-73.968,-52.345],[-73.99,-52.349],[-74.019,-52.345],[-74.039,-52.344],[-74.036,-52.358],[-74.058,-52.375],[-74.09,-52.391],[-74.123,-52.398]]],[[[-74.791,-52.179],[-74.803,-52.172],[-74.804,-52.159],[-74.797,-52.129],[-74.794,-52.124],[-74.786,-52.121],[-74.77,-52.119],[-74.765,-52.119],[-74.757,-52.124],[-74.753,-52.122],[-74.75,-52.12],[-74.688,-52.088],[-74.638,-52.077],[-74.633,-52.074],[-74.628,-52.062],[-74.618,-52.059],[-74.607,-52.062],[-74.602,-52.064],[-74.599,-52.07],[-74.61,-52.084],[-74.656,-52.123],[-74.664,-52.134],[-74.667,-52.15],[-74.672,-52.163],[-74.684,-52.167],[-74.715,-52.166],[-74.749,-52.183],[-74.77,-52.188],[-74.791,-52.179]]],[[[-74.345,-52.064],[-74.357,-52.074],[-74.373,-52.078],[-74.388,-52.077],[-74.399,-52.071],[-74.403,-52.065],[-74.406,-52.058],[-74.408,-52.051],[-74.407,-52.043],[-74.36,-52.057],[-74.345,-52.064]]],[[[-74.492,-51.979],[-74.494,-51.992],[-74.514,-52.005],[-74.626,-52.043],[-74.643,-52.053],[-74.649,-52.059],[-74.657,-52.065],[-74.667,-52.069],[-74.693,-52.073],[-74.72,-52.084],[-74.736,-52.085],[-74.732,-52.074],[-74.722,-52.05],[-74.707,-52.026],[-74.691,-52.016],[-74.68,-52.012],[-74.647,-51.992],[-74.64,-51.985],[-74.627,-51.981],[-74.544,-51.921],[-74.537,-51.927],[-74.519,-51.935],[-74.51,-51.941],[-74.5,-51.952],[-74.497,-51.961],[-74.497,-51.97],[-74.492,-51.979]]],[[[-73.708,-52.187],[-73.704,-52.192],[-73.692,-52.201],[-73.688,-52.208],[-73.688,-52.216],[-73.694,-52.242],[-73.707,-52.238],[-73.719,-52.231],[-73.73,-52.222],[-73.738,-52.211],[-73.747,-52.195],[-73.751,-52.19],[-73.796,-52.16],[-73.807,-52.144],[-73.811,-52.139],[-73.871,-52.095],[-73.91,-52.083],[-73.965,-52.05],[-74.02,-52.038],[-74.09,-52.01],[-74.112,-51.995],[-74.105,-51.999],[-74.098,-52.002],[-74.091,-52.001],[-74.084,-51.995],[-74.075,-52],[-74.065,-52.004],[-74.055,-52.007],[-74.044,-52.009],[-74.053,-51.995],[-74.067,-51.99],[-74.083,-51.988],[-74.098,-51.982],[-74.11,-51.969],[-74.11,-51.959],[-74.098,-51.954],[-74.078,-51.955],[-74.095,-51.94],[-74.094,-51.927],[-74.081,-51.921],[-74.057,-51.927],[-74.064,-51.911],[-74.053,-51.908],[-74.035,-51.914],[-74.02,-51.924],[-73.989,-51.949],[-73.971,-51.958],[-73.951,-51.961],[-73.937,-51.966],[-73.784,-52.06],[-73.759,-52.081],[-73.727,-52.126],[-73.708,-52.16],[-73.709,-52.161],[-73.709,-52.179],[-73.708,-52.187]]],[[[-74.75,-52.043],[-74.768,-52.069],[-74.783,-52.083],[-74.803,-52.089],[-74.838,-52.091],[-74.836,-52.112],[-74.851,-52.13],[-74.871,-52.137],[-74.886,-52.126],[-74.896,-52.113],[-74.889,-52.092],[-74.873,-52.071],[-74.859,-52.057],[-74.8,-52.025],[-74.783,-52.009],[-74.815,-52.01],[-74.825,-52.009],[-74.829,-52.01],[-74.832,-52.014],[-74.836,-52.016],[-74.841,-52.012],[-74.844,-52.008],[-74.845,-52.002],[-74.845,-51.997],[-74.841,-51.995],[-74.834,-51.985],[-74.78,-51.872],[-74.751,-51.834],[-74.746,-51.831],[-74.734,-51.833],[-74.728,-51.839],[-74.729,-51.847],[-74.736,-51.859],[-74.731,-51.867],[-74.729,-51.872],[-74.713,-51.869],[-74.67,-51.87],[-74.66,-51.869],[-74.653,-51.858],[-74.616,-51.846],[-74.605,-51.837],[-74.598,-51.837],[-74.608,-51.856],[-74.623,-51.879],[-74.641,-51.898],[-74.666,-51.911],[-74.691,-51.944],[-74.704,-51.953],[-74.717,-51.96],[-74.728,-51.969],[-74.736,-51.982],[-74.721,-51.981],[-74.697,-51.97],[-74.681,-51.968],[-74.686,-51.977],[-74.695,-51.988],[-74.707,-51.998],[-74.718,-52.002],[-74.726,-52.007],[-74.75,-52.043]]],[[[-75.061,-51.882],[-75.074,-51.892],[-75.087,-51.898],[-75.102,-51.9],[-75.117,-51.894],[-75.12,-51.878],[-75.113,-51.862],[-75.102,-51.844],[-75.092,-51.824],[-75.108,-51.807],[-75.095,-51.776],[-75.055,-51.725],[-75.04,-51.716],[-75.019,-51.713],[-74.999,-51.715],[-74.983,-51.721],[-74.97,-51.737],[-74.974,-51.749],[-74.986,-51.761],[-74.996,-51.777],[-74.975,-51.777],[-75.001,-51.844],[-75.013,-51.862],[-75.024,-51.869],[-75.049,-51.875],[-75.061,-51.882]]],[[[-74.435,-51.845],[-74.422,-51.835],[-74.411,-51.821],[-74.41,-51.809],[-74.444,-51.799],[-74.457,-51.788],[-74.461,-51.776],[-74.448,-51.769],[-74.448,-51.762],[-74.468,-51.753],[-74.494,-51.723],[-74.51,-51.715],[-74.503,-51.707],[-74.416,-51.727],[-74.376,-51.742],[-74.372,-51.769],[-74.358,-51.77],[-74.318,-51.762],[-74.324,-51.767],[-74.33,-51.774],[-74.33,-51.78],[-74.312,-51.787],[-74.313,-51.795],[-74.316,-51.806],[-74.314,-51.814],[-74.297,-51.822],[-74.279,-51.822],[-74.239,-51.817],[-74.229,-51.82],[-74.225,-51.826],[-74.222,-51.833],[-74.215,-51.837],[-74.205,-51.838],[-74.182,-51.835],[-74.174,-51.837],[-74.163,-51.856],[-74.177,-51.866],[-74.202,-51.871],[-74.222,-51.872],[-74.182,-51.883],[-74.161,-51.886],[-74.139,-51.885],[-74.102,-51.873],[-74.096,-51.877],[-74.105,-51.9],[-74.112,-51.911],[-74.136,-51.94],[-74.146,-51.947],[-74.167,-51.951],[-74.195,-51.95],[-74.222,-51.946],[-74.242,-51.941],[-74.252,-51.927],[-74.26,-51.921],[-74.284,-51.913],[-74.298,-51.915],[-74.306,-51.913],[-74.31,-51.903],[-74.314,-51.899],[-74.321,-51.896],[-74.33,-51.893],[-74.369,-51.891],[-74.381,-51.884],[-74.386,-51.869],[-74.392,-51.863],[-74.435,-51.845]]],[[[-73.79,-51.735],[-73.778,-51.749],[-73.771,-51.766],[-73.772,-51.781],[-73.783,-51.79],[-73.79,-51.784],[-73.798,-51.78],[-73.807,-51.778],[-73.817,-51.777],[-73.806,-51.793],[-73.795,-51.805],[-73.795,-51.814],[-73.821,-51.817],[-73.839,-51.813],[-73.855,-51.801],[-73.868,-51.787],[-73.876,-51.76],[-73.887,-51.74],[-73.899,-51.722],[-73.91,-51.715],[-73.93,-51.709],[-73.939,-51.695],[-73.941,-51.678],[-73.94,-51.663],[-73.93,-51.656],[-73.908,-51.663],[-73.872,-51.68],[-73.86,-51.685],[-73.854,-51.683],[-73.851,-51.684],[-73.845,-51.694],[-73.845,-51.703],[-73.853,-51.72],[-73.852,-51.728],[-73.84,-51.733],[-73.807,-51.728],[-73.79,-51.735]]],[[[-74.89,-52.002],[-74.904,-52.007],[-74.901,-52.018],[-74.892,-52.032],[-74.886,-52.043],[-74.95,-52.111],[-74.964,-52.118],[-74.975,-52.112],[-74.974,-52.1],[-74.948,-52.057],[-74.991,-52.092],[-75.014,-52.104],[-75.024,-52.085],[-75.007,-52.076],[-74.992,-52.066],[-74.981,-52.053],[-74.975,-52.036],[-74.995,-52.042],[-75.007,-52.036],[-75.016,-52.027],[-75.036,-52.018],[-75.051,-52.008],[-75.065,-51.995],[-75.071,-51.982],[-75.063,-51.969],[-75.025,-51.966],[-75.016,-51.951],[-75.009,-51.946],[-74.978,-51.936],[-74.969,-51.927],[-74.989,-51.928],[-75.008,-51.933],[-75.024,-51.933],[-75.037,-51.921],[-75.008,-51.887],[-74.984,-51.842],[-74.958,-51.816],[-74.921,-51.837],[-74.934,-51.856],[-74.915,-51.864],[-74.885,-51.869],[-74.865,-51.879],[-74.858,-51.867],[-74.838,-51.848],[-74.832,-51.837],[-74.854,-51.838],[-74.868,-51.832],[-74.868,-51.82],[-74.852,-51.803],[-74.874,-51.792],[-74.883,-51.784],[-74.886,-51.773],[-74.882,-51.765],[-74.871,-51.764],[-74.858,-51.765],[-74.845,-51.762],[-74.845,-51.756],[-74.86,-51.748],[-74.864,-51.736],[-74.861,-51.721],[-74.852,-51.707],[-74.864,-51.701],[-74.876,-51.701],[-74.888,-51.702],[-74.9,-51.701],[-74.895,-51.689],[-74.892,-51.684],[-74.886,-51.68],[-74.886,-51.673],[-74.922,-51.656],[-74.925,-51.636],[-74.903,-51.621],[-74.865,-51.618],[-74.873,-51.625],[-74.865,-51.633],[-74.856,-51.638],[-74.838,-51.646],[-74.823,-51.633],[-74.807,-51.634],[-74.793,-51.644],[-74.783,-51.659],[-74.79,-51.679],[-74.777,-51.714],[-74.791,-51.728],[-74.776,-51.738],[-74.771,-51.752],[-74.769,-51.768],[-74.763,-51.783],[-74.77,-51.784],[-74.783,-51.789],[-74.791,-51.79],[-74.785,-51.806],[-74.788,-51.819],[-74.794,-51.83],[-74.802,-51.857],[-74.826,-51.882],[-74.832,-51.896],[-74.832,-51.93],[-74.834,-51.947],[-74.841,-51.955],[-74.857,-51.962],[-74.879,-51.995],[-74.89,-52.002]]],[[[-73.944,-51.741],[-73.937,-51.744],[-73.931,-51.75],[-73.928,-51.758],[-73.927,-51.766],[-73.929,-51.776],[-73.933,-51.779],[-73.94,-51.78],[-73.98,-51.797],[-74.015,-51.8],[-74.05,-51.793],[-74.232,-51.707],[-74.241,-51.698],[-74.236,-51.682],[-74.219,-51.671],[-74.194,-51.68],[-74.183,-51.668],[-74.169,-51.668],[-74.154,-51.671],[-74.139,-51.667],[-74.132,-51.655],[-74.134,-51.64],[-74.141,-51.626],[-74.15,-51.615],[-74.15,-51.604],[-74.124,-51.603],[-74.091,-51.606],[-74.071,-51.605],[-74.101,-51.565],[-74.105,-51.553],[-74.098,-51.539],[-74.082,-51.538],[-74.064,-51.546],[-74.05,-51.557],[-74.042,-51.569],[-74.036,-51.584],[-74.031,-51.6],[-74.03,-51.615],[-74.026,-51.63],[-74.015,-51.643],[-73.993,-51.663],[-73.989,-51.678],[-73.998,-51.691],[-74.008,-51.703],[-74.009,-51.715],[-74.002,-51.721],[-73.993,-51.721],[-73.984,-51.72],[-73.975,-51.721],[-73.947,-51.738],[-73.944,-51.741]]],[[[-74.197,-51.427],[-74.222,-51.422],[-74.239,-51.41],[-74.24,-51.394],[-74.222,-51.379],[-74.248,-51.371],[-74.26,-51.353],[-74.263,-51.328],[-74.263,-51.3],[-74.255,-51.291],[-74.236,-51.291],[-74.217,-51.294],[-74.204,-51.293],[-74.193,-51.286],[-74.178,-51.283],[-74.165,-51.287],[-74.16,-51.3],[-74.158,-51.309],[-74.155,-51.318],[-74.146,-51.338],[-74.139,-51.348],[-74.119,-51.37],[-74.112,-51.379],[-74.108,-51.401],[-74.11,-51.428],[-74.119,-51.447],[-74.138,-51.448],[-74.159,-51.419],[-74.167,-51.414],[-74.176,-51.413],[-74.187,-51.424],[-74.197,-51.427]]],[[[-75.024,-51.331],[-75.012,-51.336],[-75.004,-51.342],[-74.998,-51.35],[-74.996,-51.362],[-74.997,-51.375],[-75.001,-51.39],[-75.007,-51.405],[-75.016,-51.414],[-75.031,-51.412],[-75.052,-51.404],[-75.071,-51.401],[-75.079,-51.41],[-75.081,-51.427],[-75.087,-51.434],[-75.096,-51.438],[-75.106,-51.447],[-75.11,-51.455],[-75.109,-51.461],[-75.108,-51.467],[-75.11,-51.471],[-75.116,-51.473],[-75.124,-51.472],[-75.131,-51.468],[-75.133,-51.464],[-75.136,-51.451],[-75.142,-51.439],[-75.151,-51.431],[-75.161,-51.427],[-75.158,-51.451],[-75.138,-51.504],[-75.133,-51.533],[-75.142,-51.565],[-75.162,-51.573],[-75.189,-51.565],[-75.215,-51.549],[-75.221,-51.575],[-75.209,-51.592],[-75.206,-51.602],[-75.239,-51.605],[-75.252,-51.608],[-75.289,-51.628],[-75.301,-51.631],[-75.307,-51.631],[-75.313,-51.629],[-75.317,-51.622],[-75.318,-51.613],[-75.317,-51.604],[-75.317,-51.595],[-75.319,-51.591],[-75.324,-51.582],[-75.325,-51.577],[-75.323,-51.572],[-75.315,-51.543],[-75.315,-51.537],[-75.306,-51.534],[-75.296,-51.53],[-75.287,-51.524],[-75.281,-51.519],[-75.27,-51.513],[-75.247,-51.507],[-75.236,-51.502],[-75.225,-51.491],[-75.224,-51.483],[-75.228,-51.476],[-75.23,-51.468],[-75.221,-51.413],[-75.216,-51.404],[-75.205,-51.389],[-75.2,-51.386],[-75.194,-51.384],[-75.189,-51.381],[-75.187,-51.375],[-75.19,-51.368],[-75.197,-51.366],[-75.204,-51.367],[-75.208,-51.365],[-75.215,-51.35],[-75.221,-51.327],[-75.22,-51.305],[-75.205,-51.296],[-75.185,-51.289],[-75.163,-51.274],[-75.142,-51.264],[-75.126,-51.27],[-75.126,-51.286],[-75.142,-51.34],[-75.155,-51.364],[-75.149,-51.367],[-75.139,-51.366],[-75.13,-51.362],[-75.124,-51.353],[-75.117,-51.327],[-75.113,-51.317],[-75.112,-51.311],[-75.112,-51.304],[-75.11,-51.299],[-75.102,-51.296],[-75.092,-51.298],[-75.085,-51.303],[-75.079,-51.308],[-75.075,-51.31],[-75.072,-51.313],[-75.063,-51.326],[-75.058,-51.331],[-75.05,-51.332],[-75.032,-51.33],[-75.024,-51.331]]],[[[-73.793,-51.259],[-73.765,-51.282],[-73.755,-51.298],[-73.759,-51.314],[-73.767,-51.329],[-73.772,-51.348],[-73.779,-51.363],[-73.794,-51.371],[-73.803,-51.369],[-73.81,-51.365],[-73.815,-51.36],[-73.817,-51.351],[-73.83,-51.357],[-73.843,-51.361],[-73.857,-51.362],[-73.872,-51.358],[-73.881,-51.354],[-73.89,-51.346],[-73.896,-51.335],[-73.893,-51.324],[-73.88,-51.328],[-73.859,-51.324],[-73.838,-51.315],[-73.824,-51.304],[-73.875,-51.314],[-73.9,-51.314],[-73.921,-51.304],[-73.9,-51.281],[-73.865,-51.259],[-73.825,-51.248],[-73.793,-51.259]]],[[[-74.739,-51.369],[-74.791,-51.42],[-74.783,-51.427],[-74.799,-51.432],[-74.832,-51.439],[-74.866,-51.441],[-74.906,-51.453],[-74.92,-51.453],[-74.933,-51.449],[-74.946,-51.449],[-74.958,-51.457],[-74.971,-51.468],[-74.985,-51.475],[-75,-51.475],[-75.016,-51.468],[-75.024,-51.456],[-75.018,-51.443],[-75.003,-51.431],[-74.968,-51.422],[-74.87,-51.378],[-74.855,-51.367],[-74.841,-51.355],[-74.828,-51.346],[-74.812,-51.339],[-74.798,-51.33],[-74.791,-51.317],[-74.922,-51.364],[-74.951,-51.362],[-74.964,-51.344],[-74.963,-51.329],[-74.952,-51.317],[-74.934,-51.304],[-74.91,-51.292],[-74.862,-51.284],[-74.838,-51.276],[-74.836,-51.255],[-74.818,-51.23],[-74.793,-51.211],[-74.774,-51.211],[-74.76,-51.214],[-74.745,-51.208],[-74.729,-51.199],[-74.715,-51.194],[-74.697,-51.196],[-74.678,-51.201],[-74.659,-51.204],[-74.643,-51.197],[-74.602,-51.206],[-74.556,-51.25],[-74.549,-51.284],[-74.626,-51.262],[-74.624,-51.281],[-74.58,-51.318],[-74.578,-51.338],[-74.567,-51.341],[-74.557,-51.347],[-74.549,-51.355],[-74.544,-51.365],[-74.594,-51.4],[-74.623,-51.407],[-74.646,-51.393],[-74.645,-51.388],[-74.642,-51.38],[-74.64,-51.37],[-74.643,-51.362],[-74.651,-51.355],[-74.666,-51.345],[-74.673,-51.338],[-74.68,-51.328],[-74.684,-51.315],[-74.687,-51.299],[-74.687,-51.283],[-74.699,-51.294],[-74.708,-51.309],[-74.718,-51.314],[-74.736,-51.296],[-74.742,-51.307],[-74.741,-51.317],[-74.734,-51.325],[-74.725,-51.334],[-74.725,-51.341],[-74.728,-51.351],[-74.734,-51.362],[-74.739,-51.369]]],[[[-74.865,-51.122],[-74.864,-51.129],[-74.861,-51.136],[-74.86,-51.144],[-74.865,-51.152],[-74.877,-51.158],[-74.891,-51.16],[-74.921,-51.159],[-74.942,-51.161],[-75.004,-51.176],[-75.02,-51.173],[-75.023,-51.162],[-75.016,-51.148],[-75.007,-51.134],[-74.999,-51.124],[-74.99,-51.116],[-74.98,-51.11],[-74.969,-51.104],[-74.945,-51.101],[-74.91,-51.103],[-74.879,-51.11],[-74.865,-51.122]]],[[[-74.42,-51.111],[-74.395,-51.122],[-74.385,-51.144],[-74.39,-51.169],[-74.405,-51.193],[-74.414,-51.2],[-74.424,-51.205],[-74.434,-51.206],[-74.445,-51.201],[-74.456,-51.192],[-74.46,-51.189],[-74.475,-51.182],[-74.52,-51.169],[-74.551,-51.166],[-74.574,-51.155],[-74.591,-51.129],[-74.602,-51.101],[-74.605,-51.08],[-74.503,-51.022],[-74.486,-51.021],[-74.47,-51.026],[-74.459,-51.034],[-74.454,-51.046],[-74.46,-51.062],[-74.473,-51.069],[-74.487,-51.065],[-74.495,-51.049],[-74.513,-51.06],[-74.521,-51.078],[-74.52,-51.096],[-74.506,-51.104],[-74.497,-51.105],[-74.473,-51.111],[-74.454,-51.12],[-74.442,-51.118],[-74.431,-51.113],[-74.42,-51.111]]],[[[-74.249,-51.235],[-74.263,-51.241],[-74.276,-51.243],[-74.285,-51.236],[-74.284,-51.214],[-74.285,-51.196],[-74.29,-51.179],[-74.316,-51.11],[-74.333,-51.032],[-74.334,-51.015],[-74.331,-50.995],[-74.323,-50.974],[-74.322,-50.965],[-74.325,-50.954],[-74.331,-50.947],[-74.339,-50.943],[-74.347,-50.937],[-74.352,-50.926],[-74.323,-50.922],[-74.301,-50.939],[-74.288,-50.968],[-74.284,-50.998],[-74.276,-51.024],[-74.243,-51.069],[-74.227,-51.131],[-74.197,-51.175],[-74.201,-51.2],[-74.209,-51.209],[-74.249,-51.235]]],[[[-74.386,-50.981],[-74.379,-51.004],[-74.38,-51.028],[-74.389,-51.038],[-74.407,-51.022],[-74.405,-51.037],[-74.395,-51.063],[-74.393,-51.08],[-74.398,-51.087],[-74.41,-51.079],[-74.422,-51.062],[-74.432,-51.031],[-74.445,-51.014],[-74.461,-51.001],[-74.475,-50.995],[-74.489,-50.997],[-74.536,-51.022],[-74.577,-51.032],[-74.615,-51.036],[-74.634,-51.04],[-74.636,-51.052],[-74.63,-51.068],[-74.626,-51.087],[-74.708,-51.104],[-74.725,-51.105],[-74.74,-51.101],[-74.75,-51.093],[-74.756,-51.076],[-74.741,-51.073],[-74.737,-51.065],[-74.74,-51.053],[-74.75,-51.042],[-74.731,-51.036],[-74.71,-51.033],[-74.692,-51.027],[-74.681,-51.008],[-74.745,-51.01],[-74.76,-51.005],[-74.775,-50.993],[-74.776,-51.002],[-74.775,-51.021],[-74.78,-51.039],[-74.8,-51.065],[-74.812,-51.074],[-74.832,-51.076],[-74.834,-51.075],[-74.865,-51.064],[-74.884,-51.06],[-74.89,-51.058],[-74.893,-51.049],[-74.838,-50.974],[-74.853,-50.971],[-74.858,-50.971],[-74.865,-50.974],[-74.878,-50.966],[-74.889,-50.961],[-74.9,-50.959],[-74.914,-50.961],[-74.924,-50.968],[-74.934,-50.978],[-74.945,-50.983],[-74.962,-50.974],[-74.967,-50.964],[-74.966,-50.95],[-74.962,-50.936],[-74.955,-50.926],[-74.944,-50.921],[-74.931,-50.919],[-74.9,-50.92],[-74.931,-50.895],[-74.928,-50.888],[-74.903,-50.885],[-74.879,-50.886],[-74.696,-50.918],[-74.66,-50.933],[-74.654,-50.924],[-74.645,-50.919],[-74.635,-50.92],[-74.625,-50.925],[-74.597,-50.895],[-74.585,-50.885],[-74.64,-50.885],[-74.657,-50.875],[-74.643,-50.848],[-74.621,-50.838],[-74.569,-50.833],[-74.558,-50.817],[-74.59,-50.821],[-74.607,-50.812],[-74.618,-50.794],[-74.633,-50.776],[-74.678,-50.746],[-74.679,-50.735],[-74.66,-50.728],[-74.551,-50.752],[-74.539,-50.763],[-74.487,-50.782],[-74.475,-50.8],[-74.466,-50.824],[-74.444,-50.828],[-74.419,-50.83],[-74.4,-50.844],[-74.395,-50.87],[-74.404,-50.89],[-74.435,-50.926],[-74.418,-50.934],[-74.404,-50.95],[-74.386,-50.981]]],[[[-74.906,-50.797],[-74.948,-50.78],[-74.962,-50.769],[-74.948,-50.762],[-74.959,-50.728],[-74.926,-50.725],[-74.845,-50.748],[-74.854,-50.731],[-74.894,-50.716],[-74.906,-50.7],[-74.901,-50.676],[-74.878,-50.682],[-74.832,-50.707],[-74.822,-50.695],[-74.828,-50.678],[-74.828,-50.665],[-74.805,-50.666],[-74.742,-50.707],[-74.753,-50.72],[-74.754,-50.733],[-74.752,-50.745],[-74.756,-50.755],[-74.747,-50.77],[-74.724,-50.79],[-74.715,-50.803],[-74.777,-50.803],[-74.759,-50.817],[-74.741,-50.824],[-74.727,-50.834],[-74.722,-50.855],[-74.718,-50.862],[-74.71,-50.854],[-74.703,-50.842],[-74.701,-50.838],[-74.673,-50.81],[-74.66,-50.824],[-74.678,-50.872],[-74.693,-50.89],[-74.715,-50.885],[-74.782,-50.882],[-74.845,-50.871],[-74.859,-50.866],[-74.882,-50.855],[-74.893,-50.851],[-74.909,-50.851],[-74.921,-50.853],[-74.931,-50.851],[-74.942,-50.838],[-74.924,-50.831],[-74.859,-50.824],[-74.88,-50.817],[-74.904,-50.815],[-74.926,-50.811],[-74.942,-50.797],[-74.906,-50.797]]],[[[-74.982,-50.798],[-74.981,-50.8],[-74.985,-50.803],[-75,-50.812],[-75.005,-50.814],[-75.007,-50.814],[-75.017,-50.813],[-75.037,-50.806],[-75.068,-50.791],[-75.075,-50.79],[-75.084,-50.784],[-75.097,-50.755],[-75.102,-50.745],[-75.113,-50.733],[-75.113,-50.721],[-75.106,-50.712],[-75.092,-50.707],[-75.079,-50.711],[-75.067,-50.718],[-75.055,-50.721],[-75.044,-50.707],[-75.063,-50.692],[-75.08,-50.671],[-75.082,-50.655],[-75.052,-50.653],[-75.044,-50.655],[-75.038,-50.658],[-75.027,-50.669],[-75.02,-50.673],[-75.015,-50.671],[-75.011,-50.668],[-75.01,-50.666],[-75.001,-50.662],[-74.992,-50.656],[-74.985,-50.657],[-74.983,-50.676],[-74.985,-50.69],[-74.994,-50.711],[-74.996,-50.724],[-74.996,-50.759],[-74.999,-50.781],[-74.996,-50.792],[-74.986,-50.797],[-74.984,-50.797],[-74.982,-50.797],[-74.982,-50.798]]],[[[-74.609,-50.515],[-74.584,-50.531],[-74.603,-50.563],[-74.64,-50.586],[-74.673,-50.577],[-74.671,-50.557],[-74.685,-50.532],[-74.681,-50.515],[-74.666,-50.503],[-74.648,-50.504],[-74.627,-50.511],[-74.609,-50.515]]],[[[-75.126,-50.494],[-75.105,-50.496],[-75.097,-50.497],[-75.099,-50.502],[-75.112,-50.524],[-75.12,-50.534],[-75.13,-50.543],[-75.14,-50.549],[-75.155,-50.551],[-75.166,-50.55],[-75.174,-50.553],[-75.181,-50.57],[-75.188,-50.564],[-75.196,-50.56],[-75.205,-50.557],[-75.215,-50.556],[-75.204,-50.581],[-75.202,-50.593],[-75.215,-50.597],[-75.246,-50.597],[-75.269,-50.59],[-75.301,-50.557],[-75.322,-50.549],[-75.346,-50.561],[-75.271,-50.621],[-75.29,-50.646],[-75.297,-50.638],[-75.305,-50.646],[-75.282,-50.653],[-75.272,-50.658],[-75.263,-50.666],[-75.275,-50.675],[-75.281,-50.681],[-75.283,-50.686],[-75.284,-50.694],[-75.281,-50.699],[-75.277,-50.709],[-75.282,-50.716],[-75.305,-50.714],[-75.305,-50.721],[-75.29,-50.728],[-75.279,-50.74],[-75.275,-50.754],[-75.279,-50.77],[-75.291,-50.782],[-75.308,-50.789],[-75.325,-50.789],[-75.336,-50.776],[-75.336,-50.771],[-75.332,-50.758],[-75.331,-50.752],[-75.336,-50.741],[-75.347,-50.746],[-75.356,-50.757],[-75.359,-50.762],[-75.386,-50.772],[-75.411,-50.772],[-75.462,-50.762],[-75.458,-50.754],[-75.452,-50.748],[-75.444,-50.744],[-75.434,-50.742],[-75.449,-50.724],[-75.455,-50.712],[-75.452,-50.707],[-75.439,-50.706],[-75.424,-50.702],[-75.412,-50.695],[-75.407,-50.683],[-75.407,-50.674],[-75.409,-50.671],[-75.482,-50.675],[-75.497,-50.672],[-75.508,-50.666],[-75.514,-50.657],[-75.514,-50.649],[-75.503,-50.646],[-75.486,-50.646],[-75.476,-50.644],[-75.47,-50.637],[-75.469,-50.621],[-75.456,-50.606],[-75.427,-50.604],[-75.373,-50.611],[-75.375,-50.607],[-75.378,-50.595],[-75.38,-50.591],[-75.359,-50.591],[-75.377,-50.572],[-75.39,-50.553],[-75.407,-50.538],[-75.434,-50.536],[-75.432,-50.531],[-75.43,-50.52],[-75.428,-50.515],[-75.441,-50.515],[-75.453,-50.511],[-75.462,-50.505],[-75.469,-50.494],[-75.46,-50.491],[-75.452,-50.489],[-75.434,-50.488],[-75.424,-50.484],[-75.417,-50.465],[-75.404,-50.46],[-75.382,-50.464],[-75.371,-50.474],[-75.363,-50.487],[-75.353,-50.501],[-75.342,-50.488],[-75.338,-50.475],[-75.331,-50.466],[-75.312,-50.467],[-75.3,-50.474],[-75.289,-50.494],[-75.277,-50.501],[-75.269,-50.5],[-75.262,-50.496],[-75.257,-50.491],[-75.256,-50.488],[-75.249,-50.491],[-75.242,-50.495],[-75.237,-50.499],[-75.236,-50.501],[-75.231,-50.503],[-75.228,-50.506],[-75.223,-50.508],[-75.215,-50.509],[-75.208,-50.506],[-75.204,-50.502],[-75.201,-50.497],[-75.195,-50.494],[-75.162,-50.492],[-75.126,-50.494]]],[[[-74.31,-50.834],[-74.322,-50.846],[-74.348,-50.842],[-74.374,-50.827],[-74.386,-50.807],[-74.397,-50.791],[-74.417,-50.776],[-74.425,-50.761],[-74.4,-50.748],[-74.433,-50.743],[-74.483,-50.742],[-74.517,-50.732],[-74.503,-50.7],[-74.538,-50.693],[-74.544,-50.69],[-74.547,-50.682],[-74.568,-50.656],[-74.581,-50.634],[-74.57,-50.62],[-74.53,-50.604],[-74.527,-50.599],[-74.524,-50.59],[-74.52,-50.581],[-74.513,-50.577],[-74.465,-50.57],[-74.461,-50.566],[-74.469,-50.544],[-74.469,-50.536],[-74.46,-50.53],[-74.446,-50.528],[-74.432,-50.528],[-74.42,-50.528],[-74.431,-50.521],[-74.444,-50.516],[-74.457,-50.515],[-74.469,-50.522],[-74.487,-50.513],[-74.501,-50.509],[-74.561,-50.507],[-74.58,-50.501],[-74.595,-50.491],[-74.605,-50.474],[-74.621,-50.479],[-74.64,-50.482],[-74.658,-50.481],[-74.673,-50.474],[-74.654,-50.465],[-74.611,-50.439],[-74.595,-50.433],[-74.57,-50.429],[-74.552,-50.424],[-74.537,-50.425],[-74.517,-50.44],[-74.51,-50.449],[-74.505,-50.459],[-74.499,-50.467],[-74.489,-50.474],[-74.477,-50.476],[-74.431,-50.474],[-74.41,-50.468],[-74.396,-50.458],[-74.383,-50.456],[-74.366,-50.474],[-74.356,-50.491],[-74.347,-50.512],[-74.333,-50.577],[-74.319,-50.592],[-74.284,-50.611],[-74.271,-50.624],[-74.239,-50.676],[-74.249,-50.68],[-74.345,-50.666],[-74.387,-50.651],[-74.409,-50.647],[-74.427,-50.653],[-74.403,-50.664],[-74.344,-50.672],[-74.311,-50.689],[-74.298,-50.692],[-74.288,-50.698],[-74.284,-50.711],[-74.278,-50.72],[-74.265,-50.721],[-74.242,-50.714],[-74.223,-50.722],[-74.203,-50.74],[-74.189,-50.762],[-74.181,-50.782],[-74.181,-50.808],[-74.186,-50.833],[-74.199,-50.848],[-74.237,-50.841],[-74.243,-50.805],[-74.256,-50.79],[-74.269,-50.787],[-74.278,-50.789],[-74.286,-50.794],[-74.315,-50.801],[-74.317,-50.81],[-74.31,-50.834]]],[[[-74.783,-50.481],[-74.778,-50.461],[-74.766,-50.444],[-74.736,-50.412],[-74.744,-50.409],[-74.763,-50.399],[-74.737,-50.372],[-74.696,-50.362],[-74.609,-50.364],[-74.6,-50.366],[-74.58,-50.376],[-74.568,-50.378],[-74.549,-50.378],[-74.545,-50.382],[-74.544,-50.392],[-74.555,-50.404],[-74.579,-50.41],[-74.626,-50.412],[-74.626,-50.419],[-74.623,-50.428],[-74.629,-50.44],[-74.641,-50.449],[-74.657,-50.453],[-74.675,-50.454],[-74.684,-50.458],[-74.72,-50.489],[-74.73,-50.493],[-74.746,-50.494],[-74.777,-50.493],[-74.785,-50.489],[-74.783,-50.481]]],[[[-75.041,-50.289],[-75.059,-50.298],[-75.076,-50.314],[-75.094,-50.324],[-75.12,-50.317],[-75.116,-50.323],[-75.114,-50.333],[-75.115,-50.341],[-75.123,-50.344],[-75.135,-50.346],[-75.14,-50.352],[-75.142,-50.359],[-75.146,-50.364],[-75.171,-50.378],[-75.181,-50.381],[-75.185,-50.387],[-75.187,-50.395],[-75.191,-50.402],[-75.203,-50.416],[-75.211,-50.428],[-75.223,-50.436],[-75.246,-50.44],[-75.306,-50.432],[-75.321,-50.428],[-75.324,-50.419],[-75.325,-50.41],[-75.323,-50.4],[-75.318,-50.392],[-75.276,-50.374],[-75.274,-50.371],[-75.254,-50.362],[-75.23,-50.343],[-75.195,-50.303],[-75.214,-50.304],[-75.243,-50.314],[-75.27,-50.328],[-75.297,-50.346],[-75.308,-50.347],[-75.314,-50.343],[-75.308,-50.333],[-75.291,-50.322],[-75.285,-50.315],[-75.29,-50.309],[-75.305,-50.305],[-75.312,-50.311],[-75.317,-50.321],[-75.325,-50.33],[-75.336,-50.334],[-75.346,-50.333],[-75.356,-50.331],[-75.37,-50.33],[-75.391,-50.338],[-75.412,-50.355],[-75.433,-50.367],[-75.455,-50.364],[-75.461,-50.35],[-75.445,-50.277],[-75.437,-50.269],[-75.428,-50.263],[-75.401,-50.258],[-75.404,-50.25],[-75.421,-50.235],[-75.42,-50.222],[-75.416,-50.216],[-75.411,-50.213],[-75.407,-50.207],[-75.397,-50.172],[-75.39,-50.162],[-75.367,-50.147],[-75.348,-50.145],[-75.297,-50.159],[-75.268,-50.159],[-75.26,-50.162],[-75.256,-50.17],[-75.259,-50.178],[-75.266,-50.184],[-75.274,-50.186],[-75.318,-50.189],[-75.339,-50.193],[-75.353,-50.201],[-75.332,-50.219],[-75.319,-50.226],[-75.308,-50.224],[-75.295,-50.218],[-75.286,-50.226],[-75.279,-50.239],[-75.271,-50.249],[-75.256,-50.25],[-75.242,-50.246],[-75.228,-50.244],[-75.212,-50.252],[-75.198,-50.256],[-75.179,-50.256],[-75.146,-50.249],[-75.157,-50.221],[-75.145,-50.197],[-75.127,-50.171],[-75.12,-50.139],[-75.165,-50.162],[-75.188,-50.164],[-75.215,-50.155],[-75.227,-50.149],[-75.246,-50.128],[-75.259,-50.123],[-75.291,-50.127],[-75.305,-50.125],[-75.322,-50.113],[-75.338,-50.097],[-75.357,-50.083],[-75.383,-50.077],[-75.386,-50.072],[-75.398,-50.048],[-75.4,-50.039],[-75.395,-50.032],[-75.382,-50.033],[-75.366,-50.036],[-75.353,-50.036],[-75.343,-50.028],[-75.33,-50.007],[-75.325,-50.002],[-75.313,-50],[-75.297,-50.003],[-75.286,-50.009],[-75.287,-50.018],[-75.292,-50.029],[-75.287,-50.04],[-75.28,-50.05],[-75.277,-50.059],[-75.271,-50.067],[-75.26,-50.06],[-75.234,-50.032],[-75.23,-50.029],[-75.227,-50.031],[-75.202,-50.036],[-75.171,-50.023],[-75.157,-50.021],[-75.129,-50.03],[-75.125,-50.049],[-75.131,-50.069],[-75.133,-50.083],[-75.122,-50.093],[-75.109,-50.088],[-75.097,-50.079],[-75.085,-50.077],[-75.079,-50.083],[-75.055,-50.123],[-75.052,-50.125],[-75.044,-50.125],[-75.035,-50.121],[-75.033,-50.115],[-75.032,-50.108],[-75.03,-50.104],[-75.016,-50.1],[-75,-50.098],[-74.988,-50.093],[-74.983,-50.08],[-74.977,-50.072],[-74.965,-50.072],[-74.953,-50.08],[-74.948,-50.094],[-74.952,-50.109],[-74.963,-50.116],[-74.989,-50.125],[-75.071,-50.18],[-75.071,-50.186],[-75.051,-50.186],[-75.037,-50.183],[-74.993,-50.167],[-74.98,-50.165],[-74.948,-50.165],[-74.943,-50.167],[-74.934,-50.173],[-74.928,-50.173],[-74.924,-50.17],[-74.92,-50.161],[-74.917,-50.159],[-74.901,-50.153],[-74.893,-50.152],[-74.878,-50.155],[-74.869,-50.158],[-74.86,-50.155],[-74.845,-50.139],[-74.851,-50.135],[-74.853,-50.13],[-74.856,-50.125],[-74.859,-50.118],[-74.815,-50.119],[-74.8,-50.125],[-74.791,-50.146],[-74.794,-50.17],[-74.816,-50.195],[-74.811,-50.214],[-74.834,-50.219],[-74.942,-50.22],[-74.951,-50.224],[-74.953,-50.233],[-74.951,-50.246],[-74.952,-50.257],[-74.982,-50.266],[-75.018,-50.285],[-75.041,-50.289]]],[[[-75.448,-49.775],[-75.476,-49.781],[-75.49,-49.787],[-75.506,-49.796],[-75.521,-49.801],[-75.54,-49.808],[-75.543,-49.824],[-75.544,-49.837],[-75.574,-49.847],[-75.617,-49.864],[-75.635,-49.828],[-75.62,-49.81],[-75.635,-49.782],[-75.627,-49.756],[-75.589,-49.746],[-75.555,-49.734],[-75.525,-49.74],[-75.511,-49.718],[-75.521,-49.705],[-75.54,-49.704],[-75.564,-49.707],[-75.587,-49.688],[-75.583,-49.666],[-75.581,-49.643],[-75.614,-49.636],[-75.574,-49.613],[-75.563,-49.6],[-75.548,-49.589],[-75.529,-49.586],[-75.512,-49.588],[-75.498,-49.584],[-75.499,-49.574],[-75.509,-49.564],[-75.504,-49.557],[-75.495,-49.557],[-75.485,-49.565],[-75.472,-49.573],[-75.459,-49.571],[-75.446,-49.579],[-75.434,-49.583],[-75.412,-49.585],[-75.394,-49.591],[-75.382,-49.603],[-75.355,-49.61],[-75.345,-49.636],[-75.328,-49.652],[-75.312,-49.673],[-75.308,-49.68],[-75.301,-49.699],[-75.297,-49.707],[-75.291,-49.71],[-75.282,-49.711],[-75.274,-49.715],[-75.269,-49.727],[-75.267,-49.731],[-75.264,-49.737],[-75.263,-49.744],[-75.254,-49.76],[-75.211,-49.793],[-75.202,-49.812],[-75.178,-49.884],[-75.181,-49.905],[-75.193,-49.891],[-75.207,-49.885],[-75.222,-49.88],[-75.236,-49.871],[-75.247,-49.856],[-75.253,-49.844],[-75.263,-49.835],[-75.284,-49.83],[-75.276,-49.841],[-75.269,-49.857],[-75.265,-49.874],[-75.263,-49.888],[-75.27,-49.898],[-75.286,-49.895],[-75.303,-49.886],[-75.312,-49.877],[-75.34,-49.86],[-75.367,-49.829],[-75.376,-49.799],[-75.346,-49.782],[-75.366,-49.72],[-75.373,-49.72],[-75.385,-49.748],[-75.431,-49.758],[-75.448,-49.775]]],[[[-75.521,-49.379],[-75.506,-49.387],[-75.49,-49.403],[-75.471,-49.403],[-75.461,-49.419],[-75.467,-49.435],[-75.468,-49.449],[-75.459,-49.459],[-75.445,-49.45],[-75.435,-49.457],[-75.429,-49.466],[-75.434,-49.48],[-75.433,-49.489],[-75.431,-49.502],[-75.44,-49.518],[-75.451,-49.519],[-75.456,-49.51],[-75.466,-49.498],[-75.492,-49.495],[-75.5,-49.485],[-75.512,-49.478],[-75.531,-49.464],[-75.544,-49.453],[-75.537,-49.441],[-75.518,-49.439],[-75.502,-49.438],[-75.503,-49.421],[-75.517,-49.415],[-75.536,-49.421],[-75.548,-49.411],[-75.541,-49.391],[-75.521,-49.379]]],[[[-74.903,-49.077],[-74.89,-49.095],[-74.895,-49.138],[-74.914,-49.206],[-74.916,-49.251],[-74.921,-49.273],[-74.936,-49.28],[-74.949,-49.277],[-74.963,-49.271],[-75.013,-49.238],[-75.06,-49.196],[-75.079,-49.172],[-75.074,-49.168],[-75.069,-49.166],[-75.064,-49.165],[-75.058,-49.165],[-75.09,-49.158],[-75.202,-49.172],[-75.202,-49.165],[-75.167,-49.145],[-75.131,-49.137],[-75.12,-49.131],[-75.158,-49.129],[-75.204,-49.141],[-75.236,-49.145],[-75.23,-49.117],[-75.22,-49.106],[-75.158,-49.051],[-75.139,-49.046],[-75.099,-49.049],[-75.108,-49.044],[-75.116,-49.038],[-75.122,-49.031],[-75.126,-49.021],[-75.112,-49.024],[-75.095,-49.03],[-75.079,-49.038],[-75.053,-49.055],[-75.015,-49.071],[-75,-49.08],[-74.99,-49.077],[-74.983,-49.031],[-74.972,-49.032],[-74.917,-49.07],[-74.903,-49.077]]],[[[-75.558,-49.247],[-75.568,-49.244],[-75.588,-49.242],[-75.635,-49.229],[-75.651,-49.219],[-75.661,-49.206],[-75.65,-49.205],[-75.639,-49.205],[-75.629,-49.208],[-75.62,-49.213],[-75.63,-49.185],[-75.607,-49.151],[-75.569,-49.123],[-75.531,-49.111],[-75.551,-49.145],[-75.536,-49.139],[-75.505,-49.133],[-75.497,-49.124],[-75.505,-49.128],[-75.51,-49.129],[-75.524,-49.124],[-75.484,-49.1],[-75.463,-49.091],[-75.448,-49.096],[-75.441,-49.085],[-75.422,-49.072],[-75.414,-49.062],[-75.434,-49.061],[-75.443,-49.056],[-75.441,-49.045],[-75.428,-49.028],[-75.407,-49.008],[-75.394,-48.998],[-75.351,-48.986],[-75.337,-48.989],[-75.331,-49.011],[-75.338,-49.024],[-75.367,-49.041],[-75.373,-49.056],[-75.349,-49.048],[-75.338,-49.047],[-75.325,-49.049],[-75.313,-49.055],[-75.303,-49.065],[-75.287,-49.087],[-75.293,-49.107],[-75.316,-49.133],[-75.339,-49.146],[-75.346,-49.124],[-75.389,-49.179],[-75.404,-49.187],[-75.421,-49.181],[-75.422,-49.168],[-75.413,-49.15],[-75.4,-49.131],[-75.415,-49.135],[-75.422,-49.145],[-75.426,-49.159],[-75.434,-49.172],[-75.44,-49.176],[-75.454,-49.176],[-75.462,-49.179],[-75.469,-49.206],[-75.472,-49.209],[-75.475,-49.21],[-75.479,-49.213],[-75.482,-49.22],[-75.482,-49.224],[-75.479,-49.228],[-75.476,-49.233],[-75.476,-49.24],[-75.483,-49.254],[-75.494,-49.263],[-75.508,-49.268],[-75.524,-49.268],[-75.533,-49.264],[-75.549,-49.252],[-75.558,-49.247]]],[[[-75.215,-49.015],[-75.208,-49.035],[-75.213,-49.053],[-75.228,-49.066],[-75.249,-49.072],[-75.276,-49.063],[-75.292,-49.039],[-75.315,-48.966],[-75.314,-48.957],[-75.317,-48.954],[-75.331,-48.953],[-75.352,-48.965],[-75.364,-48.967],[-75.373,-48.953],[-75.375,-48.964],[-75.38,-48.968],[-75.386,-48.97],[-75.394,-48.973],[-75.4,-48.974],[-75.412,-48.974],[-75.418,-48.977],[-75.421,-48.981],[-75.426,-48.991],[-75.428,-48.994],[-75.465,-49.036],[-75.479,-49.042],[-75.499,-49.039],[-75.521,-49.031],[-75.533,-49.019],[-75.527,-49.004],[-75.51,-48.992],[-75.493,-48.983],[-75.479,-48.971],[-75.469,-48.953],[-75.487,-48.952],[-75.505,-48.963],[-75.524,-48.977],[-75.544,-48.987],[-75.57,-48.99],[-75.597,-48.988],[-75.624,-48.98],[-75.647,-48.967],[-75.657,-48.952],[-75.659,-48.932],[-75.655,-48.911],[-75.647,-48.891],[-75.634,-48.872],[-75.615,-48.859],[-75.597,-48.858],[-75.585,-48.877],[-75.578,-48.861],[-75.568,-48.852],[-75.555,-48.853],[-75.538,-48.863],[-75.541,-48.834],[-75.523,-48.835],[-75.496,-48.846],[-75.469,-48.843],[-75.48,-48.857],[-75.521,-48.897],[-75.527,-48.908],[-75.511,-48.909],[-75.487,-48.898],[-75.465,-48.884],[-75.455,-48.874],[-75.446,-48.862],[-75.426,-48.843],[-75.405,-48.828],[-75.394,-48.829],[-75.397,-48.838],[-75.406,-48.85],[-75.417,-48.859],[-75.425,-48.863],[-75.427,-48.868],[-75.427,-48.878],[-75.422,-48.884],[-75.407,-48.877],[-75.401,-48.893],[-75.392,-48.907],[-75.379,-48.916],[-75.359,-48.918],[-75.383,-48.88],[-75.387,-48.867],[-75.379,-48.852],[-75.362,-48.85],[-75.328,-48.857],[-75.306,-48.865],[-75.285,-48.884],[-75.269,-48.908],[-75.261,-48.94],[-75.24,-48.987],[-75.238,-48.997],[-75.236,-49.001],[-75.231,-49.006],[-75.22,-49.011],[-75.215,-49.015]]],[[[-75.106,-48.97],[-75.136,-48.971],[-75.165,-48.986],[-75.194,-48.996],[-75.223,-48.979],[-75.236,-48.956],[-75.247,-48.925],[-75.249,-48.893],[-75.236,-48.871],[-75.253,-48.869],[-75.268,-48.862],[-75.281,-48.853],[-75.29,-48.843],[-75.304,-48.816],[-75.309,-48.801],[-75.308,-48.795],[-75.275,-48.797],[-75.211,-48.812],[-75.121,-48.85],[-75.091,-48.871],[-75.079,-48.895],[-75.082,-48.904],[-75.091,-48.914],[-75.101,-48.922],[-75.11,-48.925],[-75.126,-48.92],[-75.136,-48.918],[-75.14,-48.922],[-75.137,-48.929],[-75.13,-48.934],[-75.122,-48.937],[-75.113,-48.939],[-75.079,-48.929],[-75.064,-48.948],[-75.073,-48.97],[-75.106,-48.97]]],[[[-75.198,-49.771],[-75.207,-49.76],[-75.209,-49.753],[-75.205,-49.716],[-75.207,-49.708],[-75.215,-49.699],[-75.228,-49.692],[-75.252,-49.687],[-75.263,-49.679],[-75.26,-49.673],[-75.253,-49.658],[-75.25,-49.652],[-75.284,-49.64],[-75.294,-49.638],[-75.297,-49.633],[-75.298,-49.621],[-75.295,-49.609],[-75.287,-49.604],[-75.266,-49.599],[-75.253,-49.589],[-75.236,-49.556],[-75.254,-49.563],[-75.281,-49.565],[-75.305,-49.56],[-75.318,-49.549],[-75.31,-49.538],[-75.269,-49.51],[-75.256,-49.494],[-75.272,-49.499],[-75.322,-49.511],[-75.335,-49.511],[-75.349,-49.496],[-75.347,-49.487],[-75.337,-49.477],[-75.325,-49.46],[-75.351,-49.46],[-75.362,-49.461],[-75.373,-49.466],[-75.375,-49.457],[-75.372,-49.449],[-75.359,-49.432],[-75.383,-49.435],[-75.407,-49.427],[-75.423,-49.411],[-75.433,-49.385],[-75.441,-49.369],[-75.455,-49.35],[-75.458,-49.343],[-75.463,-49.338],[-75.467,-49.333],[-75.469,-49.322],[-75.462,-49.307],[-75.447,-49.291],[-75.427,-49.279],[-75.407,-49.275],[-75.383,-49.28],[-75.369,-49.295],[-75.357,-49.314],[-75.331,-49.347],[-75.289,-49.416],[-75.205,-49.479],[-75.167,-49.501],[-75.176,-49.485],[-75.192,-49.467],[-75.202,-49.451],[-75.187,-49.439],[-75.221,-49.426],[-75.26,-49.401],[-75.288,-49.371],[-75.292,-49.34],[-75.307,-49.33],[-75.321,-49.315],[-75.326,-49.299],[-75.318,-49.281],[-75.323,-49.264],[-75.306,-49.255],[-75.28,-49.255],[-75.26,-49.264],[-75.185,-49.347],[-75.177,-49.36],[-75.171,-49.367],[-75.152,-49.378],[-75.134,-49.38],[-75.092,-49.37],[-75.109,-49.364],[-75.146,-49.358],[-75.161,-49.35],[-75.168,-49.338],[-75.187,-49.295],[-75.187,-49.288],[-75.16,-49.294],[-75.111,-49.319],[-75.099,-49.309],[-75.103,-49.299],[-75.111,-49.286],[-75.113,-49.273],[-75.096,-49.268],[-75.067,-49.268],[-75.05,-49.266],[-75.037,-49.26],[-75.055,-49.249],[-75.073,-49.235],[-75.086,-49.217],[-75.092,-49.2],[-75.067,-49.21],[-75.003,-49.268],[-74.953,-49.297],[-74.93,-49.314],[-74.921,-49.333],[-74.919,-49.345],[-74.915,-49.36],[-74.906,-49.368],[-74.893,-49.364],[-74.886,-49.312],[-74.885,-49.255],[-74.873,-49.233],[-74.845,-49.24],[-74.869,-49.225],[-74.876,-49.216],[-74.879,-49.203],[-74.876,-49.191],[-74.868,-49.184],[-74.857,-49.18],[-74.845,-49.179],[-74.845,-49.172],[-74.857,-49.163],[-74.856,-49.152],[-74.848,-49.141],[-74.838,-49.131],[-74.846,-49.127],[-74.85,-49.122],[-74.859,-49.111],[-74.846,-49.106],[-74.833,-49.104],[-74.805,-49.104],[-74.955,-49.007],[-74.937,-48.999],[-74.857,-48.976],[-74.845,-48.98],[-74.818,-49.007],[-74.819,-48.974],[-74.824,-48.95],[-74.838,-48.94],[-74.865,-48.946],[-74.913,-48.973],[-74.942,-48.985],[-74.969,-48.987],[-74.964,-48.977],[-74.962,-48.973],[-74.986,-48.967],[-74.983,-48.953],[-74.955,-48.918],[-74.988,-48.92],[-75.004,-48.918],[-75.016,-48.912],[-75.021,-48.9],[-75.015,-48.892],[-75.002,-48.886],[-74.986,-48.884],[-74.972,-48.881],[-74.944,-48.866],[-74.884,-48.848],[-74.873,-48.843],[-74.916,-48.845],[-74.965,-48.862],[-75.012,-48.873],[-75.052,-48.857],[-75.061,-48.837],[-75.058,-48.817],[-75.045,-48.801],[-75.027,-48.795],[-74.999,-48.806],[-74.975,-48.811],[-74.963,-48.816],[-74.95,-48.822],[-74.942,-48.829],[-74.945,-48.822],[-74.948,-48.819],[-74.953,-48.816],[-74.958,-48.812],[-74.972,-48.79],[-74.971,-48.785],[-74.972,-48.782],[-74.997,-48.781],[-75.003,-48.779],[-75.01,-48.774],[-74.985,-48.759],[-74.878,-48.719],[-74.868,-48.712],[-74.849,-48.696],[-74.83,-48.69],[-74.82,-48.702],[-74.808,-48.737],[-74.795,-48.747],[-74.793,-48.74],[-74.796,-48.726],[-74.797,-48.713],[-74.792,-48.699],[-74.783,-48.688],[-74.772,-48.681],[-74.756,-48.678],[-74.697,-48.68],[-74.681,-48.685],[-74.668,-48.696],[-74.661,-48.71],[-74.664,-48.721],[-74.681,-48.727],[-74.665,-48.73],[-74.635,-48.719],[-74.623,-48.723],[-74.619,-48.734],[-74.626,-48.746],[-74.635,-48.758],[-74.64,-48.771],[-74.638,-48.782],[-74.628,-48.807],[-74.626,-48.815],[-74.635,-48.828],[-74.659,-48.843],[-74.667,-48.857],[-74.651,-48.858],[-74.635,-48.855],[-74.621,-48.85],[-74.612,-48.843],[-74.61,-48.833],[-74.609,-48.815],[-74.611,-48.797],[-74.615,-48.785],[-74.616,-48.763],[-74.598,-48.736],[-74.57,-48.713],[-74.544,-48.706],[-74.526,-48.723],[-74.523,-48.752],[-74.53,-48.812],[-74.53,-48.867],[-74.538,-48.882],[-74.553,-48.891],[-74.564,-48.901],[-74.558,-48.918],[-74.529,-48.906],[-74.506,-48.906],[-74.489,-48.919],[-74.475,-48.946],[-74.474,-48.974],[-74.487,-48.996],[-74.507,-49.014],[-74.53,-49.028],[-74.507,-49.039],[-74.495,-49.058],[-74.485,-49.079],[-74.462,-49.119],[-74.473,-49.148],[-74.469,-49.172],[-74.464,-49.18],[-74.453,-49.192],[-74.448,-49.2],[-74.445,-49.213],[-74.445,-49.223],[-74.447,-49.232],[-74.448,-49.244],[-74.446,-49.302],[-74.448,-49.322],[-74.467,-49.38],[-74.471,-49.423],[-74.477,-49.443],[-74.485,-49.46],[-74.495,-49.474],[-74.505,-49.483],[-74.529,-49.501],[-74.536,-49.508],[-74.539,-49.519],[-74.534,-49.524],[-74.527,-49.528],[-74.52,-49.549],[-74.506,-49.564],[-74.503,-49.573],[-74.504,-49.587],[-74.507,-49.593],[-74.531,-49.609],[-74.547,-49.616],[-74.554,-49.621],[-74.558,-49.629],[-74.556,-49.649],[-74.558,-49.658],[-74.57,-49.668],[-74.589,-49.679],[-74.604,-49.694],[-74.605,-49.714],[-74.593,-49.724],[-74.577,-49.716],[-74.562,-49.699],[-74.539,-49.669],[-74.535,-49.642],[-74.527,-49.628],[-74.508,-49.62],[-74.484,-49.623],[-74.46,-49.632],[-74.444,-49.642],[-74.43,-49.658],[-74.423,-49.673],[-74.421,-49.69],[-74.42,-49.734],[-74.424,-49.745],[-74.435,-49.747],[-74.458,-49.747],[-74.469,-49.745],[-74.483,-49.736],[-74.495,-49.734],[-74.506,-49.735],[-74.517,-49.738],[-74.536,-49.747],[-74.513,-49.758],[-74.454,-49.773],[-74.435,-49.789],[-74.432,-49.81],[-74.436,-49.841],[-74.444,-49.87],[-74.454,-49.885],[-74.46,-49.862],[-74.465,-49.851],[-74.475,-49.843],[-74.477,-49.864],[-74.489,-49.869],[-74.507,-49.865],[-74.523,-49.857],[-74.525,-49.871],[-74.516,-49.884],[-74.502,-49.894],[-74.485,-49.899],[-74.471,-49.907],[-74.468,-49.926],[-74.474,-49.945],[-74.485,-49.953],[-74.503,-49.955],[-74.517,-49.96],[-74.531,-49.961],[-74.551,-49.953],[-74.596,-49.92],[-74.612,-49.912],[-74.548,-49.973],[-74.536,-49.995],[-74.563,-50.004],[-74.626,-50.042],[-74.641,-50.047],[-74.661,-50.051],[-74.68,-50.05],[-74.695,-50.042],[-74.701,-50.028],[-74.694,-50.018],[-74.682,-50.008],[-74.673,-49.995],[-74.687,-49.999],[-74.727,-50.017],[-74.736,-50.025],[-74.741,-50.041],[-74.753,-50.05],[-74.768,-50.053],[-74.783,-50.049],[-74.804,-50.039],[-74.816,-50.024],[-74.817,-50.006],[-74.805,-49.987],[-74.821,-49.989],[-74.833,-49.998],[-74.838,-50.011],[-74.832,-50.029],[-74.868,-50.016],[-74.856,-49.991],[-74.822,-49.965],[-74.74,-49.922],[-74.722,-49.919],[-74.707,-49.924],[-74.678,-49.945],[-74.66,-49.953],[-74.681,-49.928],[-74.705,-49.909],[-74.735,-49.899],[-74.77,-49.905],[-74.839,-49.943],[-74.881,-49.959],[-74.9,-49.95],[-74.902,-49.946],[-74.911,-49.933],[-74.914,-49.926],[-74.913,-49.917],[-74.908,-49.903],[-74.902,-49.877],[-74.891,-49.868],[-74.875,-49.865],[-74.856,-49.864],[-74.84,-49.868],[-74.821,-49.874],[-74.802,-49.879],[-74.787,-49.874],[-74.772,-49.865],[-74.742,-49.852],[-74.729,-49.843],[-74.792,-49.852],[-74.823,-49.851],[-74.838,-49.836],[-74.834,-49.826],[-74.825,-49.813],[-74.815,-49.801],[-74.808,-49.796],[-74.796,-49.791],[-74.781,-49.781],[-74.771,-49.772],[-74.774,-49.768],[-74.807,-49.764],[-74.818,-49.768],[-74.847,-49.795],[-74.856,-49.801],[-74.864,-49.803],[-74.873,-49.803],[-74.879,-49.802],[-74.883,-49.797],[-74.89,-49.761],[-74.89,-49.749],[-74.883,-49.742],[-74.865,-49.741],[-74.865,-49.734],[-74.881,-49.727],[-74.902,-49.712],[-74.917,-49.694],[-74.921,-49.679],[-74.906,-49.672],[-74.886,-49.678],[-74.864,-49.688],[-74.845,-49.694],[-74.845,-49.686],[-74.883,-49.661],[-74.898,-49.646],[-74.893,-49.632],[-74.892,-49.614],[-74.867,-49.615],[-74.785,-49.642],[-74.77,-49.645],[-74.76,-49.642],[-74.749,-49.636],[-74.734,-49.633],[-74.72,-49.634],[-74.708,-49.638],[-74.718,-49.625],[-74.734,-49.624],[-74.751,-49.626],[-74.767,-49.621],[-74.77,-49.612],[-74.758,-49.59],[-74.756,-49.576],[-74.77,-49.585],[-74.778,-49.594],[-74.789,-49.601],[-74.808,-49.604],[-74.828,-49.602],[-74.847,-49.598],[-74.864,-49.589],[-74.879,-49.576],[-74.886,-49.565],[-74.891,-49.549],[-74.887,-49.535],[-74.869,-49.528],[-74.863,-49.524],[-74.808,-49.497],[-74.792,-49.482],[-74.783,-49.479],[-74.749,-49.515],[-74.743,-49.519],[-74.742,-49.511],[-74.742,-49.491],[-74.747,-49.475],[-74.753,-49.466],[-74.753,-49.458],[-74.736,-49.446],[-74.717,-49.441],[-74.678,-49.439],[-74.66,-49.432],[-74.68,-49.427],[-74.697,-49.428],[-74.716,-49.432],[-74.736,-49.432],[-74.716,-49.41],[-74.663,-49.376],[-74.646,-49.35],[-74.671,-49.356],[-74.729,-49.391],[-74.739,-49.396],[-74.747,-49.398],[-74.774,-49.398],[-74.784,-49.395],[-74.8,-49.382],[-74.811,-49.378],[-74.804,-49.392],[-74.789,-49.405],[-74.77,-49.415],[-74.753,-49.419],[-74.749,-49.425],[-74.765,-49.438],[-74.794,-49.457],[-74.817,-49.476],[-74.852,-49.498],[-74.88,-49.504],[-74.886,-49.474],[-74.9,-49.488],[-74.91,-49.511],[-74.923,-49.533],[-74.945,-49.542],[-74.964,-49.532],[-74.963,-49.485],[-74.979,-49.474],[-74.988,-49.479],[-74.989,-49.491],[-74.989,-49.503],[-74.993,-49.508],[-75.004,-49.511],[-75.01,-49.519],[-75.011,-49.529],[-75.01,-49.542],[-75.003,-49.58],[-75.012,-49.59],[-75.044,-49.59],[-75.037,-49.599],[-75.017,-49.611],[-75.01,-49.618],[-75.007,-49.63],[-75.009,-49.639],[-75.014,-49.649],[-75.016,-49.662],[-75.011,-49.676],[-74.998,-49.664],[-74.982,-49.643],[-74.965,-49.632],[-74.953,-49.641],[-74.959,-49.662],[-74.972,-49.685],[-74.983,-49.699],[-75.013,-49.726],[-75.023,-49.742],[-75.016,-49.761],[-75.004,-49.746],[-74.993,-49.738],[-74.981,-49.74],[-74.969,-49.754],[-74.966,-49.76],[-74.963,-49.766],[-74.962,-49.774],[-74.962,-49.785],[-74.993,-49.809],[-75.014,-49.812],[-75.035,-49.819],[-75.043,-49.826],[-75.027,-49.83],[-75.012,-49.837],[-75.008,-49.856],[-75.01,-49.899],[-75.022,-49.895],[-75.051,-49.893],[-75.061,-49.888],[-75.081,-49.869],[-75.091,-49.865],[-75.11,-49.864],[-75.134,-49.858],[-75.149,-49.843],[-75.174,-49.802],[-75.198,-49.771]]],[[[-75.085,-48.637],[-75.072,-48.638],[-75.064,-48.643],[-75.06,-48.654],[-75.058,-48.671],[-75.061,-48.699],[-75.08,-48.749],[-75.085,-48.771],[-75.089,-48.783],[-75.098,-48.796],[-75.109,-48.809],[-75.119,-48.817],[-75.132,-48.82],[-75.149,-48.819],[-75.215,-48.802],[-75.232,-48.795],[-75.246,-48.785],[-75.249,-48.767],[-75.23,-48.752],[-75.202,-48.743],[-75.181,-48.74],[-75.181,-48.733],[-75.183,-48.719],[-75.138,-48.691],[-75.126,-48.668],[-75.093,-48.643],[-75.085,-48.637]]],[[[-75.024,-48.689],[-75.018,-48.681],[-75.005,-48.681],[-74.975,-48.685],[-74.992,-48.677],[-75.003,-48.668],[-75.009,-48.656],[-75.01,-48.637],[-74.969,-48.653],[-74.947,-48.655],[-74.898,-48.643],[-74.872,-48.645],[-74.825,-48.658],[-74.825,-48.664],[-74.852,-48.676],[-74.928,-48.719],[-74.988,-48.74],[-75.023,-48.745],[-75.044,-48.733],[-75.041,-48.719],[-75.027,-48.7],[-75.024,-48.689]]],[[[-75.339,-48.624],[-75.328,-48.627],[-75.326,-48.634],[-75.329,-48.641],[-75.335,-48.644],[-75.341,-48.646],[-75.345,-48.65],[-75.345,-48.656],[-75.342,-48.661],[-75.338,-48.663],[-75.327,-48.659],[-75.322,-48.658],[-75.309,-48.658],[-75.302,-48.658],[-75.297,-48.664],[-75.29,-48.678],[-75.286,-48.695],[-75.288,-48.713],[-75.297,-48.727],[-75.315,-48.733],[-75.327,-48.735],[-75.336,-48.737],[-75.345,-48.737],[-75.356,-48.73],[-75.362,-48.727],[-75.377,-48.726],[-75.38,-48.723],[-75.378,-48.717],[-75.373,-48.703],[-75.373,-48.699],[-75.366,-48.699],[-75.384,-48.696],[-75.398,-48.706],[-75.421,-48.733],[-75.43,-48.737],[-75.447,-48.743],[-75.455,-48.747],[-75.461,-48.752],[-75.472,-48.764],[-75.476,-48.768],[-75.493,-48.776],[-75.51,-48.779],[-75.551,-48.781],[-75.592,-48.792],[-75.613,-48.795],[-75.633,-48.788],[-75.648,-48.779],[-75.654,-48.761],[-75.654,-48.716],[-75.642,-48.701],[-75.614,-48.703],[-75.558,-48.719],[-75.508,-48.718],[-75.461,-48.7],[-75.346,-48.627],[-75.339,-48.624]]],[[[-75.328,-48.552],[-75.323,-48.561],[-75.319,-48.575],[-75.318,-48.59],[-75.322,-48.6],[-75.34,-48.615],[-75.506,-48.695],[-75.542,-48.701],[-75.557,-48.701],[-75.573,-48.699],[-75.588,-48.694],[-75.601,-48.686],[-75.608,-48.677],[-75.61,-48.668],[-75.607,-48.661],[-75.596,-48.658],[-75.527,-48.664],[-75.499,-48.66],[-75.473,-48.648],[-75.453,-48.631],[-75.441,-48.611],[-75.464,-48.613],[-75.514,-48.633],[-75.544,-48.637],[-75.529,-48.628],[-75.499,-48.615],[-75.489,-48.604],[-75.537,-48.606],[-75.551,-48.611],[-75.586,-48.634],[-75.599,-48.637],[-75.626,-48.632],[-75.644,-48.618],[-75.675,-48.583],[-75.657,-48.567],[-75.654,-48.548],[-75.661,-48.504],[-75.656,-48.485],[-75.643,-48.483],[-75.627,-48.481],[-75.613,-48.466],[-75.615,-48.458],[-75.621,-48.451],[-75.622,-48.446],[-75.606,-48.439],[-75.595,-48.44],[-75.579,-48.444],[-75.564,-48.45],[-75.558,-48.456],[-75.548,-48.473],[-75.524,-48.472],[-75.499,-48.462],[-75.482,-48.453],[-75.451,-48.429],[-75.439,-48.428],[-75.431,-48.458],[-75.424,-48.459],[-75.417,-48.453],[-75.412,-48.436],[-75.407,-48.43],[-75.4,-48.426],[-75.394,-48.425],[-75.382,-48.428],[-75.381,-48.435],[-75.387,-48.445],[-75.379,-48.456],[-75.379,-48.46],[-75.377,-48.459],[-75.366,-48.453],[-75.366,-48.448],[-75.356,-48.436],[-75.344,-48.427],[-75.339,-48.435],[-75.341,-48.458],[-75.353,-48.521],[-75.354,-48.526],[-75.366,-48.542],[-75.353,-48.541],[-75.343,-48.542],[-75.336,-48.546],[-75.328,-48.552]]],[[[-74.472,-48.456],[-74.506,-48.428],[-74.51,-48.408],[-74.477,-48.406],[-74.407,-48.418],[-74.314,-48.464],[-74.307,-48.466],[-74.303,-48.47],[-74.303,-48.48],[-74.307,-48.489],[-74.314,-48.494],[-74.342,-48.5],[-74.4,-48.525],[-74.429,-48.526],[-74.439,-48.517],[-74.462,-48.48],[-74.465,-48.472],[-74.466,-48.467],[-74.467,-48.462],[-74.472,-48.456]]],[[[-74.091,-48.48],[-74.111,-48.474],[-74.179,-48.443],[-74.201,-48.422],[-74.246,-48.394],[-74.251,-48.378],[-74.235,-48.368],[-74.212,-48.364],[-74.194,-48.363],[-74.164,-48.374],[-74.12,-48.405],[-74.087,-48.411],[-74.057,-48.426],[-74.054,-48.455],[-74.069,-48.48],[-74.091,-48.48]]],[[[-74.495,-48.35],[-74.458,-48.341],[-74.424,-48.347],[-74.359,-48.37],[-74.382,-48.348],[-74.395,-48.33],[-74.393,-48.313],[-74.372,-48.295],[-74.358,-48.288],[-74.345,-48.283],[-74.332,-48.281],[-74.314,-48.281],[-74.298,-48.288],[-74.298,-48.304],[-74.31,-48.332],[-74.302,-48.363],[-74.282,-48.385],[-74.232,-48.422],[-74.223,-48.445],[-74.243,-48.459],[-74.272,-48.463],[-74.339,-48.423],[-74.461,-48.384],[-74.495,-48.35]]],[[[-74.499,-48.583],[-74.487,-48.59],[-74.483,-48.607],[-74.485,-48.626],[-74.492,-48.641],[-74.514,-48.666],[-74.528,-48.675],[-74.563,-48.681],[-74.592,-48.691],[-74.607,-48.694],[-74.621,-48.692],[-74.656,-48.672],[-74.667,-48.667],[-74.692,-48.659],[-74.705,-48.658],[-74.713,-48.655],[-74.739,-48.634],[-74.751,-48.629],[-74.764,-48.631],[-74.791,-48.637],[-74.818,-48.636],[-74.867,-48.627],[-74.947,-48.62],[-74.974,-48.613],[-74.996,-48.604],[-75.011,-48.587],[-75.017,-48.545],[-75.027,-48.525],[-75.033,-48.504],[-75.024,-48.485],[-75.008,-48.468],[-74.946,-48.418],[-74.931,-48.411],[-74.92,-48.41],[-74.898,-48.406],[-74.886,-48.405],[-74.871,-48.402],[-74.846,-48.39],[-74.832,-48.391],[-74.82,-48.403],[-74.811,-48.45],[-74.801,-48.47],[-74.782,-48.485],[-74.766,-48.489],[-74.751,-48.485],[-74.736,-48.473],[-74.717,-48.454],[-74.713,-48.438],[-74.726,-48.428],[-74.756,-48.425],[-74.811,-48.363],[-74.814,-48.343],[-74.805,-48.284],[-74.799,-48.266],[-74.771,-48.23],[-74.763,-48.212],[-74.762,-48.188],[-74.765,-48.17],[-74.764,-48.153],[-74.753,-48.134],[-74.738,-48.126],[-74.722,-48.131],[-74.709,-48.143],[-74.701,-48.157],[-74.698,-48.171],[-74.698,-48.184],[-74.703,-48.195],[-74.718,-48.199],[-74.729,-48.207],[-74.721,-48.222],[-74.708,-48.233],[-74.701,-48.229],[-74.696,-48.229],[-74.684,-48.237],[-74.673,-48.251],[-74.667,-48.264],[-74.679,-48.291],[-74.68,-48.303],[-74.642,-48.316],[-74.618,-48.334],[-74.597,-48.356],[-74.585,-48.377],[-74.587,-48.403],[-74.613,-48.408],[-74.647,-48.408],[-74.673,-48.418],[-74.636,-48.432],[-74.618,-48.442],[-74.605,-48.459],[-74.602,-48.475],[-74.605,-48.528],[-74.603,-48.549],[-74.599,-48.564],[-74.591,-48.575],[-74.547,-48.616],[-74.531,-48.622],[-74.523,-48.607],[-74.527,-48.583],[-74.52,-48.582],[-74.499,-48.583]]],[[[-74.544,-48.322],[-74.552,-48.303],[-74.556,-48.286],[-74.558,-48.243],[-74.529,-48.21],[-74.522,-48.195],[-74.544,-48.199],[-74.556,-48.211],[-74.564,-48.226],[-74.575,-48.241],[-74.595,-48.247],[-74.604,-48.235],[-74.602,-48.21],[-74.594,-48.182],[-74.585,-48.164],[-74.59,-48.163],[-74.6,-48.159],[-74.605,-48.157],[-74.58,-48.134],[-74.558,-48.122],[-74.534,-48.125],[-74.503,-48.144],[-74.474,-48.18],[-74.465,-48.185],[-74.451,-48.19],[-74.41,-48.213],[-74.381,-48.236],[-74.373,-48.244],[-74.373,-48.253],[-74.379,-48.267],[-74.391,-48.282],[-74.404,-48.29],[-74.418,-48.294],[-74.441,-48.297],[-74.445,-48.301],[-74.448,-48.305],[-74.454,-48.309],[-74.489,-48.316],[-74.519,-48.333],[-74.534,-48.336],[-74.544,-48.322]]],[[[-75.161,-48.298],[-75.155,-48.287],[-75.129,-48.273],[-75.12,-48.261],[-75.141,-48.263],[-75.158,-48.261],[-75.17,-48.251],[-75.174,-48.229],[-75.179,-48.227],[-75.19,-48.225],[-75.201,-48.221],[-75.208,-48.212],[-75.204,-48.208],[-75.196,-48.203],[-75.189,-48.195],[-75.187,-48.185],[-75.195,-48.177],[-75.218,-48.169],[-75.222,-48.161],[-75.221,-48.155],[-75.218,-48.144],[-75.219,-48.14],[-75.23,-48.127],[-75.232,-48.118],[-75.238,-48.113],[-75.244,-48.109],[-75.25,-48.103],[-75.251,-48.097],[-75.253,-48.082],[-75.256,-48.075],[-75.256,-48.069],[-75.168,-48.075],[-75.153,-48.079],[-75.144,-48.094],[-75.12,-48.103],[-75.071,-48.11],[-75.071,-48.103],[-75.077,-48.1],[-75.08,-48.097],[-75.082,-48.094],[-75.085,-48.09],[-75.045,-48.093],[-75.018,-48.083],[-74.978,-48.094],[-74.91,-48.115],[-74.89,-48.12],[-74.866,-48.13],[-74.828,-48.145],[-74.812,-48.173],[-74.805,-48.174],[-74.806,-48.213],[-74.811,-48.232],[-74.835,-48.249],[-74.839,-48.27],[-74.837,-48.345],[-74.841,-48.359],[-74.852,-48.37],[-74.864,-48.374],[-74.874,-48.373],[-74.883,-48.37],[-74.893,-48.37],[-74.903,-48.375],[-74.921,-48.388],[-74.964,-48.403],[-74.999,-48.427],[-75.031,-48.444],[-75.057,-48.433],[-75.06,-48.428],[-75.062,-48.424],[-75.064,-48.42],[-75.067,-48.405],[-75.077,-48.394],[-75.079,-48.387],[-75.084,-48.376],[-75.12,-48.336],[-75.144,-48.322],[-75.156,-48.312],[-75.161,-48.298]]],[[[-75.15,-48.658],[-75.165,-48.663],[-75.205,-48.7],[-75.224,-48.706],[-75.24,-48.701],[-75.249,-48.687],[-75.253,-48.666],[-75.249,-48.657],[-75.241,-48.651],[-75.233,-48.647],[-75.23,-48.644],[-75.23,-48.637],[-75.244,-48.637],[-75.256,-48.64],[-75.266,-48.642],[-75.277,-48.637],[-75.283,-48.631],[-75.284,-48.624],[-75.28,-48.617],[-75.271,-48.611],[-75.282,-48.604],[-75.296,-48.592],[-75.304,-48.578],[-75.301,-48.566],[-75.291,-48.553],[-75.293,-48.541],[-75.315,-48.518],[-75.321,-48.492],[-75.31,-48.461],[-75.291,-48.435],[-75.271,-48.425],[-75.271,-48.418],[-75.302,-48.408],[-75.318,-48.401],[-75.325,-48.394],[-75.318,-48.363],[-75.318,-48.349],[-75.328,-48.343],[-75.337,-48.349],[-75.358,-48.375],[-75.366,-48.384],[-75.38,-48.39],[-75.397,-48.395],[-75.414,-48.395],[-75.428,-48.391],[-75.438,-48.406],[-75.46,-48.417],[-75.487,-48.423],[-75.51,-48.425],[-75.537,-48.416],[-75.554,-48.397],[-75.555,-48.379],[-75.534,-48.37],[-75.525,-48.369],[-75.474,-48.354],[-75.431,-48.35],[-75.406,-48.344],[-75.384,-48.331],[-75.346,-48.301],[-75.346,-48.295],[-75.364,-48.295],[-75.378,-48.302],[-75.392,-48.31],[-75.407,-48.316],[-75.403,-48.294],[-75.394,-48.274],[-75.412,-48.283],[-75.442,-48.307],[-75.462,-48.316],[-75.467,-48.311],[-75.477,-48.306],[-75.482,-48.301],[-75.511,-48.32],[-75.528,-48.326],[-75.544,-48.322],[-75.554,-48.308],[-75.552,-48.294],[-75.541,-48.282],[-75.531,-48.274],[-75.473,-48.246],[-75.447,-48.227],[-75.434,-48.199],[-75.458,-48.203],[-75.496,-48.227],[-75.52,-48.233],[-75.531,-48.231],[-75.54,-48.226],[-75.545,-48.219],[-75.541,-48.209],[-75.533,-48.199],[-75.532,-48.194],[-75.554,-48.177],[-75.561,-48.175],[-75.566,-48.171],[-75.572,-48.157],[-75.572,-48.12],[-75.574,-48.111],[-75.583,-48.097],[-75.585,-48.086],[-75.551,-48.056],[-75.535,-48.046],[-75.505,-48.031],[-75.475,-48.026],[-75.462,-48.045],[-75.456,-48.066],[-75.444,-48.059],[-75.421,-48.028],[-75.406,-48.019],[-75.378,-48.008],[-75.351,-48.004],[-75.339,-48.018],[-75.342,-48.029],[-75.351,-48.051],[-75.349,-48.059],[-75.335,-48.075],[-75.325,-48.09],[-75.325,-48.097],[-75.326,-48.107],[-75.321,-48.111],[-75.305,-48.103],[-75.299,-48.125],[-75.281,-48.146],[-75.269,-48.166],[-75.281,-48.189],[-75.286,-48.196],[-75.291,-48.206],[-75.29,-48.216],[-75.281,-48.219],[-75.276,-48.216],[-75.274,-48.211],[-75.271,-48.208],[-75.263,-48.212],[-75.261,-48.218],[-75.263,-48.227],[-75.267,-48.235],[-75.271,-48.24],[-75.256,-48.245],[-75.248,-48.252],[-75.211,-48.313],[-75.208,-48.326],[-75.204,-48.336],[-75.195,-48.348],[-75.185,-48.359],[-75.178,-48.363],[-75.165,-48.37],[-75.169,-48.383],[-75.187,-48.411],[-75.152,-48.409],[-75.134,-48.423],[-75.121,-48.444],[-75.099,-48.466],[-75.111,-48.47],[-75.139,-48.476],[-75.15,-48.483],[-75.145,-48.489],[-75.104,-48.499],[-75.089,-48.501],[-75.083,-48.508],[-75.086,-48.524],[-75.092,-48.549],[-75.088,-48.559],[-75.074,-48.582],[-75.071,-48.596],[-75.083,-48.613],[-75.107,-48.634],[-75.133,-48.651],[-75.15,-48.658]]],[[[-75.271,-48.028],[-75.232,-48.005],[-75.223,-47.993],[-75.236,-47.972],[-75.207,-47.917],[-75.168,-47.894],[-75.088,-47.867],[-75.044,-47.868],[-75.008,-47.868],[-74.943,-47.884],[-74.921,-47.865],[-74.902,-47.847],[-74.891,-47.829],[-74.873,-47.816],[-74.854,-47.823],[-74.842,-47.817],[-74.831,-47.811],[-74.818,-47.816],[-74.788,-47.812],[-74.777,-47.829],[-74.768,-47.854],[-74.766,-47.884],[-74.78,-47.903],[-74.789,-47.917],[-74.807,-47.928],[-74.813,-47.939],[-74.784,-47.949],[-74.777,-47.971],[-74.784,-47.989],[-74.819,-47.994],[-74.835,-48.008],[-74.822,-48.014],[-74.784,-48.012],[-74.764,-48.021],[-74.757,-48.043],[-74.727,-48.106],[-74.793,-48.078],[-74.852,-48.072],[-74.896,-48.068],[-74.942,-48.056],[-74.964,-48.047],[-75.013,-48.041],[-75.034,-48.031],[-75.036,-48.023],[-75.027,-48.005],[-75.03,-47.994],[-75.039,-47.988],[-75.052,-47.986],[-75.067,-47.986],[-75.102,-47.99],[-75.12,-47.998],[-75.135,-48.009],[-75.15,-48.024],[-75.169,-48.034],[-75.198,-48.04],[-75.228,-48.043],[-75.25,-48.042],[-75.255,-48.039],[-75.271,-48.028]]],[[[-74.414,-47.938],[-74.462,-47.936],[-74.482,-47.93],[-74.503,-47.918],[-74.477,-47.896],[-74.422,-47.86],[-74.396,-47.839],[-74.364,-47.831],[-74.324,-47.845],[-74.283,-47.866],[-74.249,-47.877],[-74.261,-47.861],[-74.284,-47.846],[-74.331,-47.822],[-74.29,-47.807],[-74.245,-47.806],[-74.075,-47.848],[-73.995,-47.854],[-73.976,-47.86],[-73.931,-47.88],[-73.908,-47.884],[-73.884,-47.88],[-73.862,-47.867],[-73.837,-47.857],[-73.818,-47.866],[-73.809,-47.887],[-73.811,-47.912],[-73.831,-47.938],[-73.828,-47.937],[-73.826,-47.941],[-73.827,-47.947],[-73.831,-47.953],[-73.837,-47.954],[-73.862,-47.953],[-73.91,-47.956],[-73.923,-47.964],[-73.93,-47.958],[-73.934,-47.938],[-73.931,-47.94],[-73.926,-47.935],[-73.922,-47.927],[-73.921,-47.921],[-73.925,-47.916],[-73.934,-47.918],[-73.951,-47.925],[-73.963,-47.927],[-73.996,-47.946],[-74.025,-47.954],[-74.116,-47.946],[-74.13,-47.947],[-74.167,-47.959],[-74.318,-47.981],[-74.345,-47.972],[-74.362,-47.962],[-74.375,-47.951],[-74.39,-47.942],[-74.414,-47.938]]],[[[-75.182,-47.831],[-75.192,-47.808],[-75.222,-47.792],[-75.266,-47.776],[-75.305,-47.768],[-75.343,-47.783],[-75.334,-47.759],[-75.356,-47.736],[-75.337,-47.721],[-75.318,-47.707],[-75.295,-47.703],[-75.268,-47.712],[-75.246,-47.724],[-75.208,-47.717],[-75.186,-47.711],[-75.168,-47.709],[-75.151,-47.703],[-75.153,-47.699],[-75.117,-47.679],[-75.092,-47.68],[-75.076,-47.701],[-75.063,-47.734],[-75.059,-47.75],[-75.095,-47.765],[-75.106,-47.766],[-75.116,-47.771],[-75.123,-47.782],[-75.116,-47.786],[-75.101,-47.784],[-75.089,-47.777],[-75.077,-47.773],[-75.069,-47.779],[-75.044,-47.791],[-75.024,-47.803],[-75.051,-47.823],[-75.094,-47.827],[-75.099,-47.832],[-75.132,-47.84],[-75.161,-47.838],[-75.227,-47.855],[-75.221,-47.847],[-75.197,-47.836],[-75.182,-47.831]]],[[[-74.885,-47.712],[-74.861,-47.744],[-74.868,-47.763],[-74.931,-47.773],[-74.958,-47.775],[-74.968,-47.773],[-74.985,-47.766],[-75.005,-47.752],[-75.027,-47.738],[-75.039,-47.711],[-75.054,-47.69],[-75.043,-47.667],[-75,-47.662],[-74.95,-47.678],[-74.904,-47.686],[-74.885,-47.712]]],[[[-74.469,-47.075],[-74.439,-47.061],[-74.398,-47.049],[-74.357,-47.045],[-74.325,-47.054],[-74.316,-47.065],[-74.316,-47.078],[-74.321,-47.091],[-74.331,-47.102],[-74.343,-47.109],[-74.377,-47.121],[-74.393,-47.13],[-74.441,-47.164],[-74.455,-47.168],[-74.467,-47.166],[-74.472,-47.159],[-74.462,-47.148],[-74.468,-47.139],[-74.484,-47.125],[-74.489,-47.116],[-74.492,-47.099],[-74.488,-47.088],[-74.479,-47.081],[-74.469,-47.075]]],[[[-74.075,-47.02],[-74.047,-47.023],[-74.023,-47.029],[-73.975,-47.048],[-74.023,-47.081],[-74.03,-47.092],[-74.036,-47.107],[-74.05,-47.124],[-74.067,-47.137],[-74.146,-47.171],[-74.173,-47.169],[-74.183,-47.16],[-74.177,-47.151],[-74.153,-47.151],[-74.156,-47.149],[-74.164,-47.139],[-74.167,-47.136],[-74.173,-47.134],[-74.178,-47.133],[-74.21,-47.131],[-74.219,-47.129],[-74.226,-47.122],[-74.231,-47.102],[-74.224,-47.079],[-74.212,-47.058],[-74.186,-47.023],[-74.177,-47.017],[-74.167,-47.013],[-74.157,-47.015],[-74.125,-47.026],[-74.119,-47.03],[-74.111,-47.054],[-74.095,-47.048],[-74.08,-47.03],[-74.075,-47.02]]],[[[-73.725,-46.05],[-73.712,-46.059],[-73.698,-46.065],[-73.687,-46.073],[-73.68,-46.088],[-73.684,-46.105],[-73.709,-46.127],[-73.715,-46.14],[-73.718,-46.143],[-73.725,-46.143],[-73.732,-46.146],[-73.735,-46.154],[-73.738,-46.172],[-73.745,-46.187],[-73.758,-46.197],[-73.775,-46.199],[-73.792,-46.197],[-73.808,-46.191],[-73.822,-46.181],[-73.83,-46.167],[-73.831,-46.164],[-73.829,-46.152],[-73.821,-46.143],[-73.81,-46.138],[-73.824,-46.135],[-73.842,-46.13],[-73.893,-46.094],[-73.927,-46.078],[-73.94,-46.068],[-73.919,-46.028],[-73.91,-46.016],[-73.896,-46.011],[-73.875,-46.01],[-73.837,-46.013],[-73.822,-46.02],[-73.792,-46.042],[-73.779,-46.047],[-73.752,-46.042],[-73.739,-46.043],[-73.725,-46.05]]],[[[-73.708,-45.924],[-73.703,-45.935],[-73.706,-45.972],[-73.683,-46.018],[-73.713,-46.022],[-73.819,-45.999],[-73.826,-45.986],[-73.822,-45.969],[-73.786,-45.914],[-73.772,-45.899],[-73.756,-45.889],[-73.748,-45.919],[-73.748,-45.924],[-73.739,-45.925],[-73.716,-45.921],[-73.708,-45.924]]],[[[-74.753,-45.808],[-74.736,-45.807],[-74.721,-45.81],[-74.713,-45.822],[-74.715,-45.848],[-74.723,-45.865],[-74.745,-45.9],[-74.752,-45.927],[-74.763,-45.958],[-74.766,-45.989],[-74.77,-45.999],[-74.781,-46.011],[-74.796,-46.025],[-74.814,-46.036],[-74.852,-46.045],[-74.868,-46.057],[-74.893,-46.088],[-74.92,-46.104],[-74.952,-46.111],[-74.986,-46.112],[-75.048,-46.106],[-75.063,-46.102],[-75.074,-46.094],[-75.082,-46.081],[-75.087,-46.068],[-75.094,-46.056],[-75.106,-46.047],[-75.097,-46.034],[-75.084,-46.027],[-74.989,-46.006],[-74.956,-46.007],[-74.923,-46.014],[-74.89,-46.016],[-74.859,-45.999],[-74.865,-45.992],[-74.902,-46.007],[-74.914,-46.013],[-74.966,-45.983],[-74.983,-45.979],[-74.994,-45.981],[-75.021,-45.99],[-75.034,-45.992],[-75.046,-45.992],[-75.079,-45.985],[-75.071,-45.975],[-75.059,-45.971],[-75.03,-45.972],[-75.03,-45.965],[-75.089,-45.95],[-75.085,-45.917],[-75.09,-45.91],[-75.109,-45.892],[-75.113,-45.886],[-75.108,-45.874],[-75.097,-45.867],[-75.082,-45.863],[-75.068,-45.862],[-75.054,-45.864],[-75.016,-45.876],[-74.97,-45.885],[-74.958,-45.893],[-74.941,-45.906],[-74.913,-45.921],[-74.884,-45.929],[-74.859,-45.924],[-74.878,-45.908],[-74.965,-45.871],[-74.971,-45.863],[-74.962,-45.855],[-74.947,-45.854],[-74.937,-45.862],[-74.928,-45.871],[-74.917,-45.876],[-74.907,-45.878],[-74.897,-45.882],[-74.889,-45.882],[-74.886,-45.872],[-74.885,-45.856],[-74.881,-45.854],[-74.873,-45.859],[-74.862,-45.862],[-74.836,-45.859],[-74.829,-45.849],[-74.831,-45.832],[-74.832,-45.808],[-74.804,-45.82],[-74.794,-45.821],[-74.782,-45.819],[-74.762,-45.81],[-74.753,-45.808]]],[[[-73.742,-45.794],[-73.716,-45.812],[-73.71,-45.837],[-73.708,-45.864],[-73.694,-45.889],[-73.716,-45.886],[-73.739,-45.878],[-73.763,-45.871],[-73.79,-45.876],[-73.803,-45.892],[-73.813,-45.915],[-73.825,-45.931],[-73.845,-45.924],[-73.843,-45.934],[-73.841,-45.938],[-73.837,-45.944],[-73.857,-45.968],[-73.883,-45.981],[-73.911,-45.983],[-73.934,-45.972],[-73.945,-45.94],[-73.946,-45.925],[-73.94,-45.91],[-73.929,-45.893],[-73.911,-45.875],[-73.893,-45.861],[-73.876,-45.855],[-73.837,-45.85],[-73.802,-45.836],[-73.742,-45.794]]],[[[-73.927,-45.745],[-73.967,-45.77],[-73.975,-45.78],[-73.963,-45.787],[-73.962,-45.796],[-73.965,-45.806],[-73.968,-45.818],[-73.97,-45.821],[-73.975,-45.824],[-73.979,-45.828],[-73.982,-45.835],[-73.98,-45.839],[-73.97,-45.851],[-73.968,-45.858],[-73.976,-45.881],[-73.995,-45.903],[-74.016,-45.914],[-74.03,-45.903],[-74.043,-45.867],[-74.05,-45.855],[-74.059,-45.846],[-74.069,-45.839],[-74.072,-45.83],[-74.064,-45.815],[-74.091,-45.815],[-74.102,-45.789],[-74.095,-45.764],[-74.064,-45.767],[-74.06,-45.744],[-74.045,-45.738],[-74.025,-45.741],[-74.009,-45.745],[-73.988,-45.747],[-73.948,-45.744],[-73.927,-45.745]]],[[[-74.791,-45.633],[-74.75,-45.698],[-74.752,-45.7],[-74.769,-45.705],[-74.775,-45.705],[-74.797,-45.698],[-74.852,-45.657],[-74.864,-45.653],[-74.871,-45.651],[-74.875,-45.647],[-74.879,-45.636],[-74.879,-45.625],[-74.876,-45.613],[-74.87,-45.605],[-74.862,-45.601],[-74.839,-45.602],[-74.816,-45.605],[-74.798,-45.614],[-74.791,-45.633]]],[[[-74.554,-45.575],[-74.541,-45.579],[-74.539,-45.587],[-74.541,-45.597],[-74.544,-45.601],[-74.565,-45.633],[-74.573,-45.654],[-74.55,-45.671],[-74.554,-45.689],[-74.564,-45.708],[-74.584,-45.735],[-74.596,-45.746],[-74.611,-45.751],[-74.636,-45.753],[-74.663,-45.751],[-74.686,-45.743],[-74.701,-45.728],[-74.706,-45.701],[-74.702,-45.674],[-74.694,-45.646],[-74.68,-45.621],[-74.66,-45.601],[-74.643,-45.594],[-74.604,-45.586],[-74.581,-45.575],[-74.572,-45.574],[-74.554,-45.575]]],[[[-74.071,-45.691],[-74.101,-45.642],[-74.107,-45.615],[-74.112,-45.608],[-74.115,-45.6],[-74.112,-45.588],[-74.084,-45.57],[-74.081,-45.567],[-74.068,-45.56],[-74.05,-45.545],[-74.031,-45.533],[-74.013,-45.537],[-74.002,-45.543],[-73.979,-45.549],[-73.968,-45.554],[-73.945,-45.572],[-73.937,-45.575],[-73.91,-45.591],[-73.901,-45.628],[-73.905,-45.67],[-73.921,-45.698],[-73.955,-45.714],[-74,-45.722],[-74.044,-45.716],[-74.071,-45.691]]],[[[-74.503,-45.732],[-74.465,-45.694],[-74.456,-45.677],[-74.457,-45.651],[-74.448,-45.643],[-74.457,-45.632],[-74.48,-45.621],[-74.492,-45.612],[-74.489,-45.607],[-74.459,-45.594],[-74.448,-45.588],[-74.465,-45.572],[-74.47,-45.547],[-74.464,-45.518],[-74.451,-45.495],[-74.421,-45.454],[-74.404,-45.447],[-74.372,-45.451],[-74.318,-45.467],[-74.294,-45.479],[-74.274,-45.495],[-74.257,-45.515],[-74.249,-45.536],[-74.253,-45.553],[-74.277,-45.567],[-74.262,-45.572],[-74.241,-45.574],[-74.225,-45.582],[-74.222,-45.601],[-74.231,-45.614],[-74.249,-45.62],[-74.29,-45.622],[-74.271,-45.636],[-74.249,-45.635],[-74.227,-45.631],[-74.208,-45.636],[-74.221,-45.649],[-74.23,-45.663],[-74.242,-45.676],[-74.263,-45.685],[-74.336,-45.688],[-74.359,-45.698],[-74.338,-45.697],[-74.326,-45.704],[-74.324,-45.714],[-74.331,-45.725],[-74.342,-45.733],[-74.406,-45.767],[-74.44,-45.777],[-74.47,-45.775],[-74.493,-45.748],[-74.503,-45.732]]],[[[-73.666,-45.437],[-73.631,-45.444],[-73.603,-45.458],[-73.586,-45.48],[-73.584,-45.513],[-73.587,-45.52],[-73.592,-45.526],[-73.596,-45.533],[-73.598,-45.543],[-73.597,-45.567],[-73.598,-45.575],[-73.607,-45.59],[-73.618,-45.605],[-73.623,-45.619],[-73.611,-45.629],[-73.629,-45.636],[-73.647,-45.635],[-73.68,-45.622],[-73.67,-45.646],[-73.663,-45.655],[-73.653,-45.664],[-73.631,-45.673],[-73.619,-45.679],[-73.611,-45.691],[-73.614,-45.715],[-73.63,-45.738],[-73.654,-45.753],[-73.68,-45.753],[-73.698,-45.729],[-73.721,-45.705],[-73.768,-45.68],[-73.776,-45.674],[-73.786,-45.671],[-73.806,-45.657],[-73.818,-45.643],[-73.807,-45.636],[-73.742,-45.609],[-73.742,-45.601],[-73.786,-45.57],[-73.771,-45.512],[-73.722,-45.458],[-73.666,-45.437]]],[[[-73.886,-45.471],[-73.844,-45.453],[-73.825,-45.452],[-73.817,-45.475],[-73.822,-45.493],[-73.833,-45.513],[-73.87,-45.562],[-73.886,-45.561],[-73.899,-45.559],[-73.923,-45.549],[-73.931,-45.547],[-73.956,-45.535],[-73.981,-45.532],[-74.016,-45.519],[-74.03,-45.517],[-74.061,-45.519],[-74.073,-45.523],[-74.098,-45.537],[-74.109,-45.54],[-74.114,-45.545],[-74.122,-45.568],[-74.126,-45.575],[-74.143,-45.575],[-74.145,-45.558],[-74.14,-45.535],[-74.133,-45.519],[-74.126,-45.512],[-74.12,-45.507],[-74.114,-45.501],[-74.112,-45.488],[-74.107,-45.472],[-74.093,-45.452],[-74.077,-45.434],[-74.064,-45.423],[-74.047,-45.422],[-73.989,-45.428],[-73.972,-45.434],[-73.955,-45.445],[-73.932,-45.458],[-73.907,-45.468],[-73.886,-45.471]]],[[[-74.554,-45.547],[-74.571,-45.54],[-74.568,-45.524],[-74.551,-45.499],[-74.52,-45.444],[-74.499,-45.425],[-74.469,-45.417],[-74.446,-45.428],[-74.455,-45.454],[-74.499,-45.503],[-74.504,-45.528],[-74.5,-45.564],[-74.501,-45.588],[-74.523,-45.581],[-74.527,-45.57],[-74.534,-45.559],[-74.543,-45.55],[-74.554,-45.547]]],[[[-73.824,-45.396],[-73.838,-45.41],[-73.863,-45.42],[-73.894,-45.427],[-73.922,-45.43],[-73.983,-45.421],[-74.011,-45.411],[-74.023,-45.393],[-74.009,-45.381],[-73.977,-45.371],[-73.941,-45.366],[-73.891,-45.377],[-73.856,-45.371],[-73.828,-45.372],[-73.824,-45.396]]],[[[-74.341,-45.338],[-74.334,-45.352],[-74.329,-45.366],[-74.323,-45.379],[-74.31,-45.389],[-74.321,-45.395],[-74.333,-45.399],[-74.345,-45.402],[-74.358,-45.404],[-74.378,-45.401],[-74.489,-45.355],[-74.511,-45.339],[-74.526,-45.316],[-74.526,-45.295],[-74.499,-45.286],[-74.429,-45.28],[-74.389,-45.282],[-74.372,-45.297],[-74.368,-45.304],[-74.341,-45.338]]],[[[-73.824,-45.266],[-73.81,-45.279],[-73.792,-45.302],[-73.781,-45.324],[-73.786,-45.334],[-73.815,-45.345],[-73.828,-45.348],[-73.98,-45.349],[-73.996,-45.353],[-74.012,-45.354],[-74.071,-45.334],[-74.119,-45.328],[-74.13,-45.324],[-74.139,-45.312],[-74.152,-45.293],[-74.163,-45.271],[-74.167,-45.253],[-74.158,-45.236],[-74.139,-45.229],[-74.115,-45.224],[-74.07,-45.204],[-74.054,-45.215],[-74.03,-45.253],[-73.986,-45.271],[-73.873,-45.261],[-73.824,-45.266]]],[[[-74.274,-45.208],[-74.271,-45.216],[-74.277,-45.221],[-74.29,-45.225],[-74.299,-45.272],[-74.307,-45.295],[-74.325,-45.302],[-74.338,-45.299],[-74.393,-45.268],[-74.406,-45.259],[-74.415,-45.247],[-74.42,-45.232],[-74.42,-45.2],[-74.408,-45.172],[-74.388,-45.155],[-74.359,-45.156],[-74.343,-45.165],[-74.304,-45.198],[-74.296,-45.201],[-74.28,-45.204],[-74.274,-45.208]]],[[[-73.732,-45.215],[-73.742,-45.236],[-73.732,-45.267],[-73.742,-45.28],[-73.768,-45.285],[-73.79,-45.274],[-73.81,-45.256],[-73.83,-45.243],[-73.843,-45.24],[-73.87,-45.238],[-73.963,-45.249],[-73.99,-45.246],[-74.007,-45.232],[-74.027,-45.192],[-74.04,-45.184],[-74.058,-45.175],[-74.084,-45.14],[-74.105,-45.136],[-74.111,-45.141],[-74.116,-45.15],[-74.122,-45.159],[-74.133,-45.163],[-74.144,-45.157],[-74.157,-45.147],[-74.169,-45.142],[-74.174,-45.153],[-74.184,-45.17],[-74.205,-45.169],[-74.229,-45.16],[-74.242,-45.15],[-74.25,-45.11],[-74.235,-45.072],[-74.207,-45.043],[-74.174,-45.026],[-74.149,-45.024],[-74.075,-45.033],[-74.063,-45.031],[-74.044,-45.022],[-74.033,-45.019],[-73.989,-45.021],[-73.975,-45.019],[-73.954,-45.012],[-73.915,-44.995],[-73.889,-44.992],[-73.866,-44.995],[-73.846,-45.001],[-73.778,-45.039],[-73.77,-45.047],[-73.76,-45.062],[-73.761,-45.068],[-73.766,-45.071],[-73.77,-45.078],[-73.76,-45.086],[-73.738,-45.098],[-73.715,-45.114],[-73.702,-45.136],[-73.701,-45.161],[-73.707,-45.181],[-73.718,-45.199],[-73.732,-45.215]]],[[[-74.27,-44.944],[-74.253,-44.932],[-74.211,-44.886],[-74.188,-44.869],[-74.164,-44.865],[-74.138,-44.868],[-74.042,-44.894],[-73.987,-44.898],[-73.97,-44.904],[-73.94,-44.93],[-73.917,-44.944],[-73.913,-44.95],[-73.918,-44.956],[-73.938,-44.969],[-73.944,-44.971],[-73.955,-44.974],[-73.976,-44.983],[-73.986,-44.985],[-73.998,-44.983],[-74.024,-44.974],[-74.043,-44.97],[-74.056,-44.966],[-74.064,-44.964],[-74.06,-44.972],[-74.054,-44.979],[-74.036,-44.992],[-74.066,-44.999],[-74.187,-44.992],[-74.217,-45.002],[-74.248,-45.018],[-74.28,-45.027],[-74.31,-45.02],[-74.336,-45.019],[-74.357,-45.011],[-74.364,-44.997],[-74.348,-44.975],[-74.331,-44.965],[-74.27,-44.944]]],[[[-73.962,-44.81],[-73.974,-44.835],[-74.003,-44.848],[-74.039,-44.853],[-74.071,-44.854],[-74.097,-44.842],[-74.176,-44.818],[-74.187,-44.806],[-74.166,-44.801],[-74.039,-44.783],[-74.01,-44.773],[-73.996,-44.772],[-73.973,-44.776],[-73.963,-44.781],[-73.961,-44.791],[-73.962,-44.81]]],[[[-73.931,-44.789],[-73.911,-44.775],[-73.898,-44.769],[-73.886,-44.765],[-73.854,-44.769],[-73.837,-44.784],[-73.817,-44.834],[-73.762,-44.93],[-73.779,-44.946],[-73.795,-44.957],[-73.814,-44.961],[-73.84,-44.959],[-73.883,-44.928],[-73.924,-44.893],[-73.929,-44.881],[-73.93,-44.865],[-73.927,-44.854],[-73.917,-44.858],[-73.89,-44.883],[-73.875,-44.891],[-73.858,-44.896],[-73.869,-44.888],[-73.878,-44.878],[-73.884,-44.867],[-73.889,-44.844],[-73.896,-44.838],[-73.908,-44.834],[-73.921,-44.827],[-73.931,-44.821],[-73.939,-44.813],[-73.941,-44.803],[-73.931,-44.789]]],[[[-75.091,-44.796],[-75.063,-44.831],[-75.022,-44.844],[-75.026,-44.853],[-75.043,-44.87],[-75.035,-44.89],[-75.031,-44.904],[-75.051,-44.906],[-75.069,-44.92],[-75.085,-44.923],[-75.11,-44.926],[-75.131,-44.926],[-75.152,-44.921],[-75.165,-44.914],[-75.159,-44.905],[-75.148,-44.89],[-75.146,-44.878],[-75.155,-44.865],[-75.185,-44.839],[-75.2,-44.817],[-75.198,-44.807],[-75.175,-44.783],[-75.147,-44.764],[-75.113,-44.767],[-75.1,-44.777],[-75.091,-44.796]]],[[[-73.605,-44.745],[-73.605,-44.758],[-73.622,-44.78],[-73.622,-44.789],[-73.613,-44.813],[-73.627,-44.83],[-73.652,-44.839],[-73.677,-44.84],[-73.701,-44.834],[-73.728,-44.821],[-73.749,-44.803],[-73.756,-44.78],[-73.742,-44.755],[-73.718,-44.752],[-73.69,-44.753],[-73.663,-44.742],[-73.65,-44.734],[-73.633,-44.732],[-73.616,-44.734],[-73.605,-44.745]]],[[[-74.341,-44.806],[-74.332,-44.813],[-74.318,-44.827],[-74.312,-44.841],[-74.328,-44.848],[-74.394,-44.857],[-74.41,-44.851],[-74.424,-44.843],[-74.456,-44.835],[-74.469,-44.827],[-74.475,-44.82],[-74.488,-44.795],[-74.525,-44.754],[-74.528,-44.743],[-74.523,-44.734],[-74.51,-44.725],[-74.491,-44.72],[-74.466,-44.716],[-74.442,-44.715],[-74.427,-44.718],[-74.419,-44.729],[-74.413,-44.746],[-74.409,-44.763],[-74.407,-44.776],[-74.399,-44.788],[-74.379,-44.797],[-74.357,-44.804],[-74.341,-44.806]]],[[[-74.482,-44.636],[-74.469,-44.639],[-74.461,-44.647],[-74.456,-44.659],[-74.454,-44.674],[-74.458,-44.69],[-74.469,-44.697],[-74.484,-44.698],[-74.567,-44.693],[-74.593,-44.682],[-74.609,-44.684],[-74.625,-44.688],[-74.639,-44.689],[-74.652,-44.686],[-74.663,-44.68],[-74.67,-44.67],[-74.667,-44.656],[-74.661,-44.654],[-74.628,-44.628],[-74.623,-44.622],[-74.57,-44.62],[-74.551,-44.622],[-74.498,-44.634],[-74.482,-44.636]]],[[[-73.927,-44.629],[-73.893,-44.66],[-73.878,-44.681],[-73.876,-44.694],[-73.968,-44.705],[-74.012,-44.716],[-74.093,-44.753],[-74.196,-44.778],[-74.247,-44.801],[-74.259,-44.804],[-74.269,-44.805],[-74.28,-44.804],[-74.32,-44.79],[-74.34,-44.779],[-74.356,-44.765],[-74.369,-44.747],[-74.373,-44.725],[-74.361,-44.713],[-74.34,-44.709],[-74.318,-44.71],[-74.318,-44.705],[-74.336,-44.705],[-74.407,-44.694],[-74.414,-44.686],[-74.413,-44.653],[-74.401,-44.626],[-74.369,-44.621],[-74.297,-44.629],[-74.307,-44.616],[-74.292,-44.608],[-74.267,-44.603],[-74.026,-44.603],[-73.971,-44.611],[-73.927,-44.629]]],[[[-74.777,-44.581],[-74.742,-44.572],[-74.733,-44.593],[-74.739,-44.627],[-74.75,-44.656],[-74.748,-44.666],[-74.764,-44.673],[-74.787,-44.677],[-74.804,-44.674],[-74.819,-44.656],[-74.826,-44.631],[-74.827,-44.604],[-74.825,-44.581],[-74.815,-44.559],[-74.798,-44.549],[-74.783,-44.555],[-74.777,-44.581]]],[[[-73.66,-44.677],[-73.641,-44.677],[-73.627,-44.675],[-73.615,-44.677],[-73.601,-44.687],[-73.592,-44.707],[-73.603,-44.716],[-73.625,-44.718],[-73.646,-44.718],[-73.713,-44.737],[-73.753,-44.741],[-73.77,-44.725],[-73.787,-44.704],[-73.838,-44.664],[-73.844,-44.653],[-73.831,-44.643],[-73.821,-44.653],[-73.816,-44.637],[-73.817,-44.614],[-73.821,-44.601],[-73.827,-44.594],[-73.821,-44.579],[-73.809,-44.562],[-73.796,-44.553],[-73.777,-44.552],[-73.755,-44.553],[-73.735,-44.552],[-73.718,-44.544],[-73.7,-44.537],[-73.68,-44.545],[-73.663,-44.56],[-73.653,-44.574],[-73.674,-44.574],[-73.663,-44.587],[-73.633,-44.608],[-73.625,-44.622],[-73.627,-44.641],[-73.637,-44.654],[-73.65,-44.665],[-73.66,-44.677]]],[[[-74.194,-44.492],[-74.177,-44.504],[-74.154,-44.539],[-74.133,-44.547],[-74.154,-44.56],[-74.249,-44.567],[-74.301,-44.578],[-74.326,-44.58],[-74.345,-44.574],[-74.358,-44.559],[-74.369,-44.541],[-74.368,-44.526],[-74.328,-44.515],[-74.294,-44.499],[-74.254,-44.506],[-74.212,-44.493],[-74.194,-44.492]]],[[[-74.036,-44.498],[-74.059,-44.476],[-74.144,-44.458],[-74.167,-44.43],[-74.154,-44.433],[-74.145,-44.438],[-74.137,-44.445],[-74.126,-44.451],[-74.114,-44.453],[-74.016,-44.457],[-74.005,-44.46],[-73.982,-44.469],[-73.972,-44.471],[-73.957,-44.479],[-73.95,-44.499],[-73.947,-44.544],[-73.96,-44.551],[-73.988,-44.554],[-74.046,-44.553],[-74.071,-44.552],[-74.102,-44.546],[-74.126,-44.534],[-74.133,-44.519],[-74.118,-44.512],[-74.036,-44.498]]],[[[-74.393,-44.547],[-74.421,-44.547],[-74.494,-44.536],[-74.523,-44.526],[-74.541,-44.502],[-74.548,-44.477],[-74.541,-44.454],[-74.517,-44.437],[-74.503,-44.435],[-74.439,-44.439],[-74.43,-44.446],[-74.425,-44.456],[-74.42,-44.471],[-74.366,-44.411],[-74.348,-44.402],[-74.321,-44.395],[-74.306,-44.394],[-74.286,-44.403],[-74.268,-44.406],[-74.26,-44.413],[-74.239,-44.44],[-74.223,-44.467],[-74.24,-44.478],[-74.304,-44.485],[-74.357,-44.499],[-74.42,-44.505],[-74.411,-44.514],[-74.403,-44.525],[-74.397,-44.535],[-74.393,-44.547]]],[[[-73.79,-44.423],[-73.783,-44.443],[-73.797,-44.455],[-73.82,-44.461],[-73.867,-44.466],[-73.889,-44.46],[-73.904,-44.445],[-73.912,-44.419],[-73.911,-44.397],[-73.903,-44.378],[-73.888,-44.369],[-73.865,-44.375],[-73.854,-44.385],[-73.847,-44.404],[-73.838,-44.413],[-73.825,-44.417],[-73.799,-44.418],[-73.79,-44.423]]],[[[-73.382,-44.588],[-73.376,-44.591],[-73.359,-44.609],[-73.351,-44.615],[-73.319,-44.603],[-73.31,-44.601],[-73.297,-44.606],[-73.271,-44.625],[-73.251,-44.632],[-73.246,-44.637],[-73.241,-44.639],[-73.232,-44.633],[-73.226,-44.621],[-73.233,-44.613],[-73.255,-44.601],[-73.267,-44.586],[-73.28,-44.563],[-73.281,-44.542],[-73.259,-44.533],[-73.237,-44.536],[-73.159,-44.57],[-73.149,-44.572],[-73.139,-44.567],[-73.132,-44.556],[-73.132,-44.545],[-73.137,-44.536],[-73.149,-44.533],[-73.173,-44.531],[-73.224,-44.52],[-73.242,-44.512],[-73.261,-44.477],[-73.246,-44.437],[-73.21,-44.409],[-73.167,-44.409],[-73.161,-44.415],[-73.147,-44.436],[-73.139,-44.443],[-73.138,-44.439],[-73.137,-44.436],[-73.135,-44.434],[-73.123,-44.434],[-73.111,-44.433],[-73.1,-44.428],[-73.085,-44.43],[-73.072,-44.441],[-73.05,-44.471],[-73.036,-44.485],[-73.048,-44.445],[-73.05,-44.434],[-73.055,-44.419],[-73.067,-44.415],[-73.08,-44.413],[-73.091,-44.402],[-73.084,-44.385],[-73.02,-44.374],[-73.002,-44.361],[-72.979,-44.374],[-72.954,-44.394],[-72.933,-44.417],[-72.926,-44.437],[-72.934,-44.451],[-72.981,-44.512],[-72.956,-44.514],[-72.906,-44.453],[-72.872,-44.437],[-72.852,-44.44],[-72.81,-44.454],[-72.786,-44.457],[-72.769,-44.467],[-72.747,-44.509],[-72.731,-44.519],[-72.721,-44.528],[-72.73,-44.548],[-72.745,-44.57],[-72.801,-44.629],[-72.813,-44.636],[-72.901,-44.631],[-72.941,-44.62],[-72.981,-44.601],[-72.977,-44.622],[-72.963,-44.633],[-72.942,-44.64],[-72.923,-44.653],[-72.902,-44.662],[-72.847,-44.668],[-72.831,-44.677],[-72.838,-44.71],[-72.877,-44.741],[-72.968,-44.788],[-73.008,-44.813],[-73.016,-44.824],[-73.02,-44.828],[-73.03,-44.83],[-73.039,-44.835],[-73.047,-44.851],[-73.055,-44.858],[-73.147,-44.912],[-73.19,-44.927],[-73.257,-44.94],[-73.276,-44.939],[-73.291,-44.932],[-73.303,-44.916],[-73.365,-44.868],[-73.393,-44.841],[-73.408,-44.822],[-73.403,-44.814],[-73.36,-44.815],[-73.345,-44.81],[-73.327,-44.796],[-73.307,-44.786],[-73.288,-44.79],[-73.255,-44.814],[-73.244,-44.809],[-73.22,-44.804],[-73.207,-44.8],[-73.207,-44.793],[-73.218,-44.79],[-73.3,-44.759],[-73.307,-44.761],[-73.338,-44.78],[-73.359,-44.789],[-73.369,-44.792],[-73.382,-44.793],[-73.393,-44.789],[-73.401,-44.779],[-73.405,-44.767],[-73.406,-44.755],[-73.409,-44.747],[-73.433,-44.725],[-73.443,-44.707],[-73.456,-44.662],[-73.468,-44.643],[-73.427,-44.601],[-73.417,-44.595],[-73.407,-44.594],[-73.391,-44.589],[-73.382,-44.588]]],[[[-73.726,-44.425],[-73.79,-44.382],[-73.746,-44.364],[-73.732,-44.361],[-73.698,-44.361],[-73.69,-44.359],[-73.682,-44.349],[-73.674,-44.347],[-73.654,-44.351],[-73.651,-44.359],[-73.656,-44.37],[-73.66,-44.386],[-73.669,-44.388],[-73.729,-44.389],[-73.697,-44.398],[-73.681,-44.407],[-73.674,-44.42],[-73.679,-44.435],[-73.692,-44.438],[-73.709,-44.434],[-73.726,-44.425]]],[[[-74.03,-44.355],[-74.002,-44.356],[-73.951,-44.349],[-73.927,-44.355],[-73.935,-44.379],[-73.929,-44.431],[-73.94,-44.451],[-73.988,-44.419],[-74.006,-44.413],[-74.031,-44.409],[-74.043,-44.406],[-74.063,-44.392],[-74.082,-44.384],[-74.091,-44.375],[-74.096,-44.365],[-74.106,-44.339],[-74.112,-44.327],[-74.091,-44.32],[-74.071,-44.329],[-74.05,-44.344],[-74.03,-44.355]]],[[[-73.263,-44.388],[-73.283,-44.382],[-73.298,-44.368],[-73.303,-44.35],[-73.29,-44.327],[-73.283,-44.322],[-73.258,-44.309],[-73.249,-44.307],[-73.244,-44.31],[-73.215,-44.324],[-73.211,-44.324],[-73.177,-44.368],[-73.177,-44.375],[-73.263,-44.388]]],[[[-73.865,-44.334],[-73.896,-44.335],[-73.932,-44.329],[-73.963,-44.314],[-73.975,-44.29],[-73.963,-44.284],[-73.88,-44.299],[-73.851,-44.296],[-73.841,-44.29],[-73.837,-44.276],[-73.835,-44.272],[-73.828,-44.268],[-73.82,-44.266],[-73.814,-44.265],[-73.806,-44.266],[-73.804,-44.27],[-73.803,-44.276],[-73.789,-44.31],[-73.807,-44.325],[-73.838,-44.332],[-73.865,-44.334]]],[[[-74.387,-44.25],[-74.367,-44.247],[-74.344,-44.246],[-74.322,-44.249],[-74.304,-44.258],[-74.291,-44.277],[-74.29,-44.297],[-74.298,-44.31],[-74.314,-44.303],[-74.338,-44.296],[-74.377,-44.293],[-74.41,-44.284],[-74.417,-44.265],[-74.412,-44.259],[-74.403,-44.254],[-74.387,-44.25]]],[[[-73.742,-44.265],[-73.698,-44.242],[-73.676,-44.241],[-73.666,-44.265],[-73.675,-44.278],[-73.697,-44.293],[-73.722,-44.303],[-73.742,-44.299],[-73.757,-44.282],[-73.76,-44.263],[-73.753,-44.253],[-73.742,-44.265]]],[[[-74.109,-44.227],[-74.126,-44.2],[-74.111,-44.189],[-74.079,-44.19],[-74.05,-44.197],[-74.05,-44.19],[-74.058,-44.183],[-74.068,-44.169],[-74.073,-44.155],[-74.064,-44.149],[-74.049,-44.153],[-74.036,-44.162],[-73.996,-44.201],[-73.984,-44.208],[-73.915,-44.215],[-73.903,-44.221],[-73.894,-44.239],[-73.914,-44.242],[-73.946,-44.241],[-73.972,-44.248],[-73.985,-44.254],[-73.998,-44.254],[-74.009,-44.257],[-74.016,-44.273],[-74.014,-44.285],[-73.99,-44.327],[-74.018,-44.328],[-74.031,-44.326],[-74.044,-44.32],[-74.094,-44.282],[-74.101,-44.27],[-74.102,-44.24],[-74.109,-44.227]]],[[[-74.277,-44.149],[-74.27,-44.155],[-74.261,-44.164],[-74.258,-44.173],[-74.266,-44.177],[-74.337,-44.19],[-74.386,-44.16],[-74.377,-44.151],[-74.358,-44.146],[-74.296,-44.143],[-74.286,-44.145],[-74.277,-44.149]]],[[[-73.883,-44.118],[-73.868,-44.131],[-73.865,-44.139],[-73.876,-44.143],[-73.879,-44.144],[-73.88,-44.148],[-73.881,-44.152],[-73.88,-44.156],[-73.872,-44.161],[-73.866,-44.159],[-73.859,-44.155],[-73.852,-44.156],[-73.842,-44.159],[-73.836,-44.158],[-73.832,-44.161],[-73.831,-44.173],[-73.836,-44.183],[-73.846,-44.19],[-73.859,-44.195],[-73.87,-44.197],[-73.911,-44.194],[-73.952,-44.186],[-73.989,-44.17],[-74.016,-44.143],[-73.953,-44.105],[-73.918,-44.098],[-73.883,-44.118]]],[[[-74.297,-44.012],[-74.277,-44.012],[-74.208,-44.019],[-74.298,-44.032],[-74.307,-44.029],[-74.315,-44.021],[-74.317,-44.017],[-74.312,-44.014],[-74.297,-44.012]]],[[[-73.745,-43.954],[-73.728,-43.941],[-73.711,-43.937],[-73.702,-43.944],[-73.708,-43.964],[-73.69,-43.968],[-73.669,-43.978],[-73.65,-43.991],[-73.639,-44.005],[-73.639,-44.019],[-73.649,-44.028],[-73.656,-44.037],[-73.646,-44.053],[-73.616,-44.073],[-73.61,-44.085],[-73.619,-44.108],[-73.633,-44.124],[-73.651,-44.132],[-73.665,-44.13],[-73.674,-44.115],[-73.668,-44.094],[-73.672,-44.081],[-73.683,-44.07],[-73.709,-44.056],[-73.724,-44.05],[-73.729,-44.047],[-73.732,-44.038],[-73.734,-44.018],[-73.738,-44.008],[-73.748,-43.998],[-73.755,-43.985],[-73.755,-43.971],[-73.745,-43.954]]],[[[-73.228,-44.012],[-73.24,-44.001],[-73.275,-43.994],[-73.283,-43.982],[-73.286,-43.95],[-73.284,-43.936],[-73.273,-43.919],[-73.25,-43.903],[-73.218,-43.888],[-73.185,-43.879],[-73.16,-43.882],[-73.144,-43.893],[-73.141,-43.904],[-73.145,-43.933],[-73.149,-43.945],[-73.164,-43.971],[-73.167,-43.982],[-73.161,-43.998],[-73.152,-44.008],[-73.152,-44.016],[-73.173,-44.026],[-73.187,-44.027],[-73.203,-44.024],[-73.218,-44.018],[-73.228,-44.012]]],[[[-74.144,-43.828],[-74.117,-43.81],[-74.045,-43.796],[-73.996,-43.814],[-73.967,-43.829],[-73.913,-43.813],[-73.921,-43.799],[-73.903,-43.794],[-73.878,-43.792],[-73.865,-43.789],[-73.866,-43.77],[-73.865,-43.763],[-73.858,-43.767],[-73.793,-43.829],[-73.775,-43.856],[-73.762,-43.889],[-73.847,-43.892],[-73.872,-43.889],[-73.907,-43.874],[-73.913,-43.868],[-73.904,-43.86],[-73.875,-43.858],[-73.865,-43.847],[-73.894,-43.84],[-73.928,-43.841],[-73.959,-43.85],[-73.975,-43.868],[-73.956,-43.881],[-73.919,-43.896],[-73.906,-43.909],[-73.932,-43.913],[-73.97,-43.934],[-73.996,-43.937],[-74.007,-43.93],[-74.016,-43.92],[-74.021,-43.909],[-74.023,-43.899],[-74.032,-43.893],[-74.052,-43.895],[-74.084,-43.902],[-74.138,-43.891],[-74.15,-43.885],[-74.161,-43.876],[-74.165,-43.875],[-74.166,-43.873],[-74.167,-43.861],[-74.166,-43.854],[-74.149,-43.844],[-74.144,-43.828]]],[[[-74.818,-43.635],[-74.815,-43.618],[-74.825,-43.595],[-74.827,-43.572],[-74.825,-43.562],[-74.81,-43.567],[-74.784,-43.575],[-74.763,-43.571],[-74.745,-43.566],[-74.741,-43.551],[-74.745,-43.536],[-74.738,-43.53],[-74.715,-43.533],[-74.696,-43.541],[-74.681,-43.553],[-74.648,-43.554],[-74.618,-43.578],[-74.583,-43.598],[-74.557,-43.627],[-74.578,-43.636],[-74.673,-43.639],[-74.723,-43.653],[-74.738,-43.672],[-74.758,-43.677],[-74.775,-43.675],[-74.79,-43.658],[-74.818,-43.635]]],[[[-73.611,-42.936],[-73.588,-42.914],[-73.553,-42.919],[-73.492,-42.943],[-73.461,-42.946],[-73.421,-42.956],[-73.385,-42.971],[-73.365,-42.991],[-73.374,-42.99],[-73.38,-42.993],[-73.386,-42.996],[-73.392,-42.998],[-73.424,-42.997],[-73.45,-42.994],[-73.472,-42.985],[-73.492,-42.967],[-73.503,-42.961],[-73.534,-42.954],[-73.547,-42.947],[-73.559,-42.942],[-73.597,-42.939],[-73.611,-42.936]]],[[[-73.605,-42.579],[-73.599,-42.594],[-73.608,-42.622],[-73.607,-42.637],[-73.617,-42.639],[-73.655,-42.624],[-73.672,-42.623],[-73.689,-42.624],[-73.706,-42.628],[-73.721,-42.635],[-73.733,-42.626],[-73.749,-42.612],[-73.755,-42.599],[-73.738,-42.593],[-73.663,-42.587],[-73.647,-42.581],[-73.634,-42.572],[-73.621,-42.568],[-73.605,-42.579]]],[[[-73.412,-42.526],[-73.413,-42.529],[-73.418,-42.538],[-73.42,-42.542],[-73.421,-42.548],[-73.421,-42.553],[-73.419,-42.564],[-73.421,-42.564],[-73.432,-42.555],[-73.471,-42.501],[-73.48,-42.495],[-73.489,-42.493],[-73.499,-42.493],[-73.509,-42.491],[-73.545,-42.473],[-73.553,-42.47],[-73.569,-42.467],[-73.613,-42.452],[-73.625,-42.443],[-73.629,-42.435],[-73.631,-42.425],[-73.633,-42.405],[-73.637,-42.398],[-73.646,-42.393],[-73.652,-42.386],[-73.646,-42.374],[-73.631,-42.368],[-73.607,-42.369],[-73.543,-42.379],[-73.534,-42.392],[-73.529,-42.409],[-73.519,-42.426],[-73.417,-42.518],[-73.412,-42.526]]],[[[-73.088,-42.247],[-73.079,-42.257],[-73.072,-42.267],[-73.069,-42.278],[-73.073,-42.289],[-73.089,-42.3],[-73.116,-42.31],[-73.142,-42.314],[-73.153,-42.302],[-73.159,-42.302],[-73.171,-42.293],[-73.182,-42.283],[-73.184,-42.278],[-73.187,-42.273],[-73.192,-42.261],[-73.194,-42.249],[-73.187,-42.244],[-73.177,-42.25],[-73.16,-42.273],[-73.145,-42.278],[-73.123,-42.253],[-73.106,-42.241],[-73.088,-42.247]]],[[[-72.543,-42.141],[-72.608,-42.112],[-72.618,-42.104],[-72.611,-42.088],[-72.594,-42.071],[-72.575,-42.057],[-72.56,-42.052],[-72.53,-42.054],[-72.515,-42.06],[-72.509,-42.073],[-72.507,-42.116],[-72.508,-42.139],[-72.518,-42.151],[-72.543,-42.141]]],[[[-74.335,-43.282],[-74.363,-43.292],[-74.38,-43.269],[-74.401,-43.26],[-74.407,-43.238],[-74.403,-43.231],[-74.376,-43.217],[-74.358,-43.177],[-74.359,-43.158],[-74.354,-43.153],[-74.33,-43.143],[-74.312,-43.138],[-74.308,-43.125],[-74.324,-43.118],[-74.334,-43.11],[-74.338,-43.1],[-74.331,-43.088],[-74.318,-43.072],[-74.299,-43.076],[-74.28,-43.068],[-74.257,-43.047],[-74.24,-43.033],[-74.23,-43.023],[-74.228,-43.01],[-74.249,-43.003],[-74.256,-42.991],[-74.247,-42.981],[-74.219,-42.977],[-74.212,-42.964],[-74.215,-42.946],[-74.225,-42.938],[-74.233,-42.929],[-74.232,-42.917],[-74.223,-42.913],[-74.212,-42.912],[-74.183,-42.903],[-74.167,-42.883],[-74.162,-42.86],[-74.162,-42.841],[-74.172,-42.829],[-74.167,-42.817],[-74.157,-42.804],[-74.162,-42.792],[-74.171,-42.783],[-74.17,-42.767],[-74.15,-42.759],[-74.147,-42.748],[-74.149,-42.732],[-74.161,-42.718],[-74.154,-42.71],[-74.139,-42.704],[-74.131,-42.693],[-74.128,-42.671],[-74.128,-42.641],[-74.137,-42.604],[-74.144,-42.578],[-74.153,-42.559],[-74.157,-42.552],[-74.161,-42.546],[-74.165,-42.539],[-74.167,-42.528],[-74.174,-42.524],[-74.186,-42.521],[-74.194,-42.514],[-74.19,-42.497],[-74.183,-42.483],[-74.185,-42.464],[-74.19,-42.453],[-74.19,-42.432],[-74.154,-42.362],[-74.143,-42.319],[-74.16,-42.29],[-74.169,-42.265],[-74.16,-42.241],[-74.147,-42.217],[-74.123,-42.195],[-74.07,-42.153],[-74.053,-42.13],[-74.056,-42.112],[-74.064,-42.09],[-74.06,-42.081],[-74.052,-42.069],[-74.045,-42.058],[-74.047,-42.049],[-74.05,-42.041],[-74.059,-41.988],[-74.059,-41.965],[-74.055,-41.945],[-74.047,-41.936],[-74.053,-41.933],[-74.045,-41.927],[-74.032,-41.921],[-74.026,-41.919],[-74.012,-41.908],[-74.009,-41.901],[-74.009,-41.888],[-74.02,-41.867],[-74.031,-41.853],[-74.04,-41.847],[-74.057,-41.843],[-74.062,-41.833],[-74.062,-41.82],[-74.064,-41.806],[-74.053,-41.799],[-74.046,-41.788],[-74.04,-41.777],[-74.036,-41.771],[-74.023,-41.771],[-74.015,-41.778],[-74.009,-41.788],[-73.999,-41.792],[-73.989,-41.795],[-73.97,-41.804],[-73.959,-41.808],[-73.955,-41.811],[-73.95,-41.812],[-73.944,-41.809],[-73.941,-41.804],[-73.935,-41.788],[-73.934,-41.785],[-73.917,-41.783],[-73.901,-41.791],[-73.89,-41.805],[-73.886,-41.823],[-73.896,-41.843],[-73.919,-41.843],[-73.962,-41.826],[-73.983,-41.821],[-73.993,-41.821],[-74.003,-41.826],[-74.009,-41.838],[-74.006,-41.845],[-73.999,-41.851],[-73.996,-41.857],[-73.984,-41.866],[-73.906,-41.881],[-73.889,-41.887],[-73.866,-41.892],[-73.846,-41.887],[-73.837,-41.864],[-73.826,-41.857],[-73.801,-41.871],[-73.777,-41.891],[-73.77,-41.902],[-73.76,-41.896],[-73.764,-41.886],[-73.776,-41.87],[-73.777,-41.858],[-73.746,-41.837],[-73.708,-41.821],[-73.691,-41.809],[-73.678,-41.814],[-73.656,-41.827],[-73.635,-41.833],[-73.619,-41.806],[-73.606,-41.8],[-73.59,-41.798],[-73.578,-41.799],[-73.565,-41.805],[-73.555,-41.816],[-73.537,-41.84],[-73.528,-41.835],[-73.52,-41.833],[-73.511,-41.835],[-73.502,-41.84],[-73.502,-41.847],[-73.53,-41.856],[-73.537,-41.861],[-73.548,-41.87],[-73.549,-41.874],[-73.545,-41.877],[-73.541,-41.89],[-73.532,-41.897],[-73.53,-41.902],[-73.53,-41.907],[-73.536,-41.914],[-73.541,-41.929],[-73.55,-41.928],[-73.561,-41.926],[-73.571,-41.929],[-73.578,-41.945],[-73.568,-41.953],[-73.549,-41.958],[-73.533,-41.966],[-73.497,-42.017],[-73.485,-42.025],[-73.47,-42.03],[-73.456,-42.044],[-73.447,-42.062],[-73.447,-42.08],[-73.458,-42.089],[-73.494,-42.103],[-73.502,-42.117],[-73.489,-42.146],[-73.457,-42.166],[-73.386,-42.196],[-73.39,-42.2],[-73.395,-42.21],[-73.4,-42.216],[-73.384,-42.226],[-73.376,-42.24],[-73.374,-42.257],[-73.379,-42.278],[-73.385,-42.293],[-73.39,-42.301],[-73.396,-42.309],[-73.403,-42.31],[-73.424,-42.302],[-73.433,-42.299],[-73.453,-42.303],[-73.487,-42.321],[-73.509,-42.326],[-73.572,-42.323],[-73.592,-42.326],[-73.651,-42.345],[-73.666,-42.354],[-73.682,-42.37],[-73.682,-42.382],[-73.677,-42.394],[-73.674,-42.408],[-73.678,-42.429],[-73.685,-42.441],[-73.689,-42.453],[-73.68,-42.47],[-73.666,-42.483],[-73.628,-42.498],[-73.611,-42.512],[-73.623,-42.516],[-73.708,-42.538],[-73.73,-42.539],[-73.754,-42.534],[-73.775,-42.522],[-73.79,-42.504],[-73.777,-42.497],[-73.769,-42.487],[-73.756,-42.463],[-73.762,-42.457],[-73.803,-42.478],[-73.818,-42.493],[-73.824,-42.514],[-73.82,-42.524],[-73.801,-42.536],[-73.796,-42.542],[-73.8,-42.555],[-73.814,-42.576],[-73.817,-42.587],[-73.809,-42.609],[-73.789,-42.624],[-73.765,-42.637],[-73.735,-42.658],[-73.723,-42.661],[-73.698,-42.662],[-73.699,-42.667],[-73.689,-42.677],[-73.678,-42.686],[-73.674,-42.689],[-73.641,-42.732],[-73.632,-42.741],[-73.622,-42.744],[-73.598,-42.748],[-73.576,-42.757],[-73.517,-42.789],[-73.501,-42.802],[-73.492,-42.819],[-73.489,-42.844],[-73.494,-42.867],[-73.51,-42.878],[-73.531,-42.881],[-73.572,-42.88],[-73.586,-42.877],[-73.611,-42.867],[-73.622,-42.886],[-73.65,-42.883],[-73.682,-42.872],[-73.708,-42.867],[-73.708,-42.875],[-73.654,-42.898],[-73.646,-42.905],[-73.648,-42.915],[-73.654,-42.929],[-73.653,-42.936],[-73.646,-42.942],[-73.637,-42.942],[-73.629,-42.944],[-73.622,-42.962],[-73.613,-42.965],[-73.591,-42.964],[-73.577,-42.966],[-73.574,-42.972],[-73.574,-42.98],[-73.571,-42.991],[-73.523,-43.053],[-73.547,-43.051],[-73.588,-43.034],[-73.609,-43.036],[-73.612,-43.05],[-73.568,-43.054],[-73.529,-43.073],[-73.49,-43.1],[-73.502,-43.128],[-73.524,-43.131],[-73.547,-43.123],[-73.569,-43.112],[-73.588,-43.107],[-73.612,-43.111],[-73.651,-43.129],[-73.721,-43.142],[-73.728,-43.134],[-73.734,-43.123],[-73.739,-43.107],[-73.764,-43.11],[-73.776,-43.118],[-73.757,-43.136],[-73.746,-43.17],[-73.75,-43.193],[-73.755,-43.209],[-73.745,-43.227],[-73.728,-43.239],[-73.711,-43.247],[-73.698,-43.258],[-73.675,-43.28],[-73.666,-43.294],[-73.666,-43.31],[-73.68,-43.317],[-73.705,-43.317],[-73.732,-43.317],[-73.71,-43.327],[-73.695,-43.339],[-73.672,-43.351],[-73.669,-43.364],[-73.682,-43.381],[-73.708,-43.388],[-73.731,-43.393],[-73.749,-43.385],[-73.761,-43.373],[-73.776,-43.368],[-73.8,-43.36],[-73.801,-43.377],[-73.798,-43.391],[-73.8,-43.409],[-73.813,-43.409],[-73.828,-43.402],[-73.833,-43.414],[-73.847,-43.423],[-73.877,-43.422],[-73.889,-43.401],[-73.907,-43.392],[-73.918,-43.376],[-73.93,-43.365],[-73.955,-43.366],[-73.973,-43.369],[-73.992,-43.388],[-74.004,-43.375],[-74.026,-43.365],[-74.053,-43.363],[-74.079,-43.377],[-74.085,-43.402],[-74.098,-43.395],[-74.116,-43.37],[-74.13,-43.357],[-74.166,-43.342],[-74.201,-43.346],[-74.215,-43.33],[-74.249,-43.327],[-74.293,-43.32],[-74.315,-43.297],[-74.335,-43.282]]],[[[-73.088,-41.843],[-73.088,-41.836],[-73.082,-41.827],[-73.074,-41.819],[-73.07,-41.812],[-73.085,-41.772],[-73.086,-41.748],[-73.067,-41.737],[-73.053,-41.747],[-73.026,-41.809],[-73.01,-41.826],[-73.003,-41.844],[-73.01,-41.858],[-73.036,-41.861],[-73.064,-41.856],[-73.077,-41.851],[-73.088,-41.843]]],[[[-73.037,-54.456],[-72.973,-54.445],[-72.958,-54.447],[-72.954,-54.457],[-72.965,-54.467],[-72.975,-54.487],[-72.989,-54.496],[-73.013,-54.49],[-73.039,-54.486],[-73.057,-54.493],[-73.086,-54.495],[-73.098,-54.486],[-73.078,-54.471],[-73.055,-54.456],[-73.037,-54.456]]],[[[-70.403,-54.079],[-70.36,-54.071],[-70.34,-54.058],[-70.313,-54.053],[-70.293,-54.068],[-70.291,-54.093],[-70.298,-54.126],[-70.323,-54.151],[-70.35,-54.156],[-70.405,-54.15],[-70.467,-54.124],[-70.514,-54.091],[-70.505,-54.073],[-70.48,-54.069],[-70.436,-54.085],[-70.403,-54.079]]],[[[-70.687,-52.847],[-70.632,-52.833],[-70.619,-52.843],[-70.635,-52.854],[-70.649,-52.877],[-70.676,-52.895],[-70.725,-52.914],[-70.764,-52.915],[-70.79,-52.901],[-70.769,-52.888],[-70.731,-52.869],[-70.687,-52.847]]],[[[-74.428,-52.504],[-74.415,-52.505],[-74.394,-52.52],[-74.382,-52.543],[-74.362,-52.572],[-74.354,-52.6],[-74.349,-52.623],[-74.369,-52.629],[-74.419,-52.609],[-74.46,-52.59],[-74.482,-52.571],[-74.492,-52.552],[-74.467,-52.536],[-74.451,-52.529],[-74.428,-52.504]]],[[[-74.476,-52.31],[-74.484,-52.328],[-74.469,-52.353],[-74.488,-52.377],[-74.489,-52.39],[-74.452,-52.395],[-74.461,-52.413],[-74.462,-52.438],[-74.482,-52.442],[-74.509,-52.426],[-74.538,-52.404],[-74.536,-52.369],[-74.529,-52.33],[-74.508,-52.304],[-74.476,-52.31]]],[[[-73.815,-51.864],[-73.79,-51.854],[-73.779,-51.835],[-73.77,-51.828],[-73.739,-51.832],[-73.718,-51.849],[-73.709,-51.883],[-73.698,-51.908],[-73.7,-51.943],[-73.721,-51.938],[-73.711,-51.957],[-73.704,-51.976],[-73.713,-51.996],[-73.738,-52.011],[-73.767,-52.005],[-73.805,-51.98],[-73.837,-51.944],[-73.839,-51.917],[-73.877,-51.901],[-73.913,-51.9],[-73.944,-51.893],[-73.951,-51.868],[-73.979,-51.839],[-73.966,-51.819],[-73.937,-51.808],[-73.901,-51.804],[-73.878,-51.814],[-73.861,-51.831],[-73.828,-51.851],[-73.815,-51.864]]],[[[-74.359,-51.338],[-74.345,-51.342],[-74.329,-51.358],[-74.311,-51.376],[-74.297,-51.395],[-74.306,-51.418],[-74.336,-51.427],[-74.37,-51.418],[-74.396,-51.413],[-74.401,-51.392],[-74.393,-51.374],[-74.412,-51.367],[-74.396,-51.349],[-74.384,-51.336],[-74.359,-51.338]]],[[[-74.97,-50.288],[-74.927,-50.275],[-74.889,-50.295],[-74.929,-50.337],[-74.963,-50.358],[-74.954,-50.388],[-74.976,-50.433],[-75.045,-50.476],[-75.112,-50.469],[-75.172,-50.462],[-75.169,-50.43],[-75.121,-50.382],[-75.072,-50.348],[-74.97,-50.288]]],[[[-74.426,-49.615],[-74.435,-49.603],[-74.433,-49.573],[-74.44,-49.551],[-74.434,-49.534],[-74.438,-49.525],[-74.464,-49.509],[-74.469,-49.501],[-74.467,-49.493],[-74.461,-49.487],[-74.454,-49.481],[-74.448,-49.474],[-74.445,-49.465],[-74.443,-49.455],[-74.441,-49.436],[-74.436,-49.427],[-74.427,-49.427],[-74.418,-49.431],[-74.413,-49.436],[-74.409,-49.448],[-74.397,-49.452],[-74.383,-49.452],[-74.372,-49.453],[-74.353,-49.465],[-74.307,-49.519],[-74.299,-49.532],[-74.294,-49.539],[-74.288,-49.548],[-74.293,-49.555],[-74.372,-49.594],[-74.38,-49.606],[-74.397,-49.618],[-74.415,-49.624],[-74.426,-49.615]]],[[[-74.65,-47.798],[-74.629,-47.801],[-74.595,-47.805],[-74.558,-47.807],[-74.526,-47.813],[-74.52,-47.838],[-74.525,-47.868],[-74.546,-47.872],[-74.594,-47.864],[-74.621,-47.879],[-74.624,-47.905],[-74.621,-47.921],[-74.644,-47.923],[-74.659,-47.902],[-74.674,-47.891],[-74.688,-47.862],[-74.689,-47.834],[-74.689,-47.814],[-74.65,-47.798]]],[[[-75.323,-46.685],[-75.282,-46.684],[-75.252,-46.682],[-75.219,-46.674],[-75.174,-46.678],[-75.146,-46.697],[-75.136,-46.727],[-75.122,-46.747],[-75.132,-46.778],[-75.162,-46.782],[-75.207,-46.752],[-75.25,-46.743],[-75.266,-46.724],[-75.308,-46.714],[-75.342,-46.702],[-75.323,-46.685]]],[[[-74.253,-43.35],[-74.247,-43.353],[-74.247,-43.37],[-74.252,-43.389],[-74.246,-43.4],[-74.231,-43.406],[-74.231,-43.413],[-74.247,-43.413],[-74.252,-43.418],[-74.257,-43.427],[-74.266,-43.425],[-74.284,-43.418],[-74.281,-43.408],[-74.276,-43.39],[-74.273,-43.37],[-74.274,-43.361],[-74.253,-43.35]]],[[[-73.691,-43.188],[-73.672,-43.19],[-73.656,-43.196],[-73.647,-43.229],[-73.661,-43.245],[-73.688,-43.231],[-73.719,-43.216],[-73.727,-43.192],[-73.715,-43.18],[-73.691,-43.188]]],[[[-73.009,-42.695],[-72.996,-42.7],[-72.99,-42.717],[-72.982,-42.734],[-72.958,-42.737],[-72.955,-42.724],[-72.944,-42.716],[-72.93,-42.723],[-72.928,-42.756],[-72.919,-42.787],[-72.937,-42.793],[-72.957,-42.808],[-72.97,-42.791],[-72.984,-42.762],[-73.017,-42.733],[-73.034,-42.714],[-73.031,-42.697],[-73.009,-42.695]]],[[[-73.307,-42.627],[-73.278,-42.628],[-73.274,-42.628],[-73.241,-42.631],[-73.239,-42.651],[-73.26,-42.658],[-73.295,-42.654],[-73.325,-42.643],[-73.357,-42.629],[-73.344,-42.62],[-73.307,-42.627]]],[[[-73.882,-38.361],[-73.875,-38.368],[-73.872,-38.387],[-73.878,-38.401],[-73.885,-38.41],[-73.892,-38.414],[-73.899,-38.414],[-73.912,-38.41],[-73.928,-38.396],[-73.947,-38.373],[-73.95,-38.358],[-73.95,-38.339],[-73.955,-38.322],[-73.953,-38.314],[-73.931,-38.324],[-73.882,-38.361]]],[[[-73.541,-36.989],[-73.533,-36.973],[-73.523,-36.975],[-73.52,-36.989],[-73.52,-37.006],[-73.507,-37.018],[-73.485,-37.025],[-73.47,-37.036],[-73.459,-37.048],[-73.446,-37.059],[-73.463,-37.055],[-73.477,-37.049],[-73.493,-37.042],[-73.511,-37.05],[-73.516,-37.071],[-73.519,-37.08],[-73.528,-37.069],[-73.537,-37.042],[-73.552,-37.028],[-73.543,-37.019],[-73.541,-37],[-73.541,-36.989]]]]}},{"type":"Feature","properties":{"iso":"BOL","nombre":"BOLIVIA"},"geometry":{"type":"Polygon","coordinates":[[[-69.51,-17.507],[-69.51,-17.505],[-69.508,-17.434],[-69.511,-17.399],[-69.523,-17.369],[-69.537,-17.351],[-69.557,-17.331],[-69.597,-17.3],[-69.613,-17.295],[-69.664,-17.289],[-69.666,-17.288],[-69.649,-17.263],[-69.634,-17.207],[-69.623,-17.186],[-69.618,-17.184],[-69.601,-17.182],[-69.595,-17.18],[-69.541,-17.132],[-69.51,-17.112],[-69.483,-17.102],[-69.454,-17.097],[-69.427,-17.087],[-69.406,-17.063],[-69.401,-17.047],[-69.406,-17.041],[-69.413,-17.038],[-69.417,-17.032],[-69.414,-17.022],[-69.407,-17.016],[-69.364,-16.991],[-69.352,-16.978],[-69.326,-16.922],[-69.224,-16.818],[-69.211,-16.797],[-69.192,-16.743],[-69.182,-16.729],[-69.166,-16.719],[-69.131,-16.716],[-69.112,-16.711],[-69.054,-16.682],[-69.037,-16.67],[-69.021,-16.649],[-69.008,-16.634],[-69.035,-16.598],[-69.04,-16.581],[-69.038,-16.55],[-69.039,-16.492],[-69.037,-16.471],[-69.028,-16.454],[-69.002,-16.423],[-68.968,-16.406],[-68.856,-16.363],[-68.833,-16.329],[-68.844,-16.302],[-68.867,-16.287],[-68.919,-16.267],[-68.96,-16.223],[-68.982,-16.21],[-69.01,-16.219],[-69.043,-16.209],[-69.054,-16.208],[-69.065,-16.212],[-69.084,-16.227],[-69.095,-16.231],[-69.121,-16.231],[-69.145,-16.223],[-69.166,-16.21],[-69.185,-16.195],[-69.22,-16.153],[-69.242,-16.098],[-69.285,-15.995],[-69.327,-15.892],[-69.37,-15.789],[-69.412,-15.686],[-69.424,-15.656],[-69.43,-15.626],[-69.421,-15.596],[-69.356,-15.501],[-69.351,-15.482],[-69.349,-15.462],[-69.343,-15.442],[-69.33,-15.424],[-69.32,-15.419],[-69.293,-15.41],[-69.286,-15.405],[-69.285,-15.397],[-69.297,-15.367],[-69.291,-15.351],[-69.275,-15.33],[-69.256,-15.313],[-69.223,-15.302],[-69.209,-15.264],[-69.19,-15.262],[-69.166,-15.264],[-69.15,-15.252],[-69.148,-15.233],[-69.172,-15.211],[-69.196,-15.177],[-69.213,-15.161],[-69.272,-15.118],[-69.289,-15.102],[-69.346,-15.016],[-69.363,-15.001],[-69.384,-14.982],[-69.391,-14.964],[-69.386,-14.946],[-69.37,-14.908],[-69.368,-14.901],[-69.372,-14.819],[-69.371,-14.802],[-69.361,-14.788],[-69.339,-14.775],[-69.284,-14.76],[-69.268,-14.751],[-69.254,-14.722],[-69.247,-14.594],[-69.235,-14.574],[-69.215,-14.572],[-69.192,-14.577],[-69.17,-14.578],[-69.165,-14.566],[-69.167,-14.52],[-69.164,-14.503],[-69.158,-14.498],[-69.141,-14.494],[-69.134,-14.491],[-69.095,-14.446],[-69.075,-14.432],[-69.01,-14.397],[-68.99,-14.379],[-68.995,-14.359],[-69.008,-14.339],[-69.016,-14.321],[-69.017,-14.282],[-69.016,-14.263],[-69.01,-14.246],[-68.985,-14.228],[-68.951,-14.22],[-68.884,-14.211],[-68.864,-14.191],[-68.869,-14.156],[-68.894,-14.089],[-68.9,-14.055],[-68.906,-14.039],[-68.916,-14.025],[-68.97,-13.991],[-68.983,-13.972],[-68.989,-13.94],[-68.989,-13.904],[-68.993,-13.87],[-69.01,-13.844],[-69.023,-13.806],[-69.024,-13.792],[-69.021,-13.776],[-69.016,-13.765],[-69.016,-13.753],[-69.027,-13.738],[-69.081,-13.695],[-69.102,-13.667],[-69.088,-13.644],[-69.075,-13.643],[-69.044,-13.648],[-69.033,-13.646],[-69.024,-13.635],[-69.024,-13.623],[-69.026,-13.611],[-69.023,-13.597],[-69.015,-13.585],[-68.994,-13.563],[-68.986,-13.55],[-68.977,-13.526],[-68.971,-13.501],[-68.974,-13.479],[-68.963,-13.284],[-68.977,-13.205],[-68.98,-13.165],[-68.972,-13.046],[-68.974,-13.032],[-68.986,-12.933],[-68.987,-12.89],[-68.981,-12.868],[-68.949,-12.844],[-68.939,-12.82],[-68.927,-12.801],[-68.905,-12.804],[-68.892,-12.776],[-68.877,-12.755],[-68.856,-12.741],[-68.774,-12.719],[-68.766,-12.711],[-68.743,-12.666],[-68.753,-12.655],[-68.785,-12.646],[-68.795,-12.637],[-68.793,-12.62],[-68.784,-12.606],[-68.77,-12.594],[-68.74,-12.579],[-68.726,-12.566],[-68.715,-12.551],[-68.706,-12.536],[-68.7,-12.516],[-68.694,-12.507],[-68.684,-12.502],[-68.689,-12.493],[-68.714,-12.45],[-68.819,-12.269],[-68.923,-12.088],[-69.027,-11.907],[-69.132,-11.726],[-69.236,-11.545],[-69.34,-11.364],[-69.445,-11.183],[-69.549,-11.002],[-69.552,-10.996],[-69.556,-10.989],[-69.56,-10.983],[-69.563,-10.977],[-69.567,-10.971],[-69.571,-10.965],[-69.574,-10.959],[-69.578,-10.952],[-69.503,-10.955],[-69.463,-10.951],[-69.396,-10.935],[-69.363,-10.94],[-69.33,-10.949],[-69.294,-10.955],[-69.237,-10.953],[-69.159,-10.962],[-69.121,-10.971],[-69.087,-10.967],[-69.071,-10.97],[-68.997,-11.002],[-68.993,-11.002],[-68.983,-11.002],[-68.979,-11.002],[-68.955,-11],[-68.908,-11.013],[-68.884,-11.016],[-68.859,-11.01],[-68.832,-11],[-68.805,-10.995],[-68.775,-11.003],[-68.758,-11.012],[-68.774,-11.035],[-68.786,-11.059],[-68.791,-11.085],[-68.787,-11.126],[-68.784,-11.135],[-68.776,-11.141],[-68.758,-11.141],[-68.616,-11.112],[-68.588,-11.099],[-68.536,-11.062],[-68.493,-11.047],[-68.477,-11.045],[-68.46,-11.045],[-68.442,-11.048],[-68.428,-11.044],[-68.396,-11.014],[-68.378,-11.005],[-68.331,-11],[-68.314,-10.993],[-68.293,-10.979],[-68.274,-10.96],[-68.258,-10.939],[-68.244,-10.917],[-68.218,-10.858],[-68.204,-10.839],[-68.147,-10.78],[-68.112,-10.714],[-68.098,-10.698],[-68.075,-10.682],[-68.044,-10.667],[-68.027,-10.662],[-68.01,-10.66],[-67.982,-10.664],[-67.863,-10.659],[-67.848,-10.661],[-67.833,-10.665],[-67.814,-10.676],[-67.775,-10.707],[-67.756,-10.714],[-67.722,-10.705],[-67.705,-10.677],[-67.696,-10.64],[-67.685,-10.611],[-67.674,-10.599],[-67.643,-10.575],[-67.631,-10.56],[-67.611,-10.529],[-67.6,-10.515],[-67.585,-10.502],[-67.565,-10.496],[-67.529,-10.479],[-67.488,-10.465],[-67.468,-10.452],[-67.451,-10.436],[-67.437,-10.417],[-67.432,-10.406],[-67.432,-10.398],[-67.429,-10.39],[-67.418,-10.381],[-67.409,-10.379],[-67.365,-10.378],[-67.353,-10.376],[-67.343,-10.372],[-67.335,-10.366],[-67.334,-10.357],[-67.339,-10.335],[-67.338,-10.326],[-67.324,-10.319],[-67.301,-10.315],[-67.259,-10.314],[-67.241,-10.316],[-67.202,-10.327],[-67.185,-10.327],[-67.172,-10.32],[-67.165,-10.309],[-67.159,-10.297],[-67.152,-10.289],[-67.142,-10.286],[-67.121,-10.285],[-67.11,-10.283],[-67.064,-10.257],[-66.903,-10.093],[-66.771,-9.993],[-66.752,-9.983],[-66.67,-9.952],[-66.66,-9.945],[-66.655,-9.937],[-66.652,-9.926],[-66.649,-9.916],[-66.643,-9.908],[-66.632,-9.904],[-66.514,-9.884],[-66.453,-9.889],[-66.433,-9.886],[-66.413,-9.879],[-66.372,-9.856],[-66.355,-9.85],[-66.257,-9.835],[-66.239,-9.828],[-66.208,-9.808],[-66.191,-9.801],[-66.135,-9.795],[-66.132,-9.797],[-66.128,-9.801],[-66.124,-9.805],[-66.118,-9.806],[-66.113,-9.802],[-66.106,-9.79],[-66.102,-9.787],[-66.087,-9.785],[-66.082,-9.786],[-66.069,-9.79],[-66.043,-9.805],[-66.029,-9.808],[-66.01,-9.804],[-65.966,-9.777],[-65.947,-9.771],[-65.929,-9.77],[-65.915,-9.772],[-65.874,-9.781],[-65.862,-9.782],[-65.85,-9.775],[-65.834,-9.758],[-65.832,-9.765],[-65.827,-9.774],[-65.822,-9.782],[-65.817,-9.786],[-65.806,-9.784],[-65.804,-9.776],[-65.804,-9.765],[-65.803,-9.757],[-65.795,-9.738],[-65.789,-9.733],[-65.782,-9.746],[-65.78,-9.756],[-65.777,-9.763],[-65.772,-9.769],[-65.763,-9.772],[-65.725,-9.757],[-65.71,-9.756],[-65.714,-9.779],[-65.717,-9.791],[-65.713,-9.794],[-65.705,-9.793],[-65.697,-9.794],[-65.694,-9.794],[-65.684,-9.79],[-65.679,-9.789],[-65.673,-9.793],[-65.664,-9.803],[-65.658,-9.807],[-65.629,-9.827],[-65.614,-9.834],[-65.596,-9.838],[-65.584,-9.837],[-65.579,-9.833],[-65.577,-9.826],[-65.572,-9.819],[-65.571,-9.816],[-65.57,-9.806],[-65.568,-9.802],[-65.563,-9.799],[-65.551,-9.797],[-65.547,-9.795],[-65.535,-9.782],[-65.525,-9.768],[-65.521,-9.759],[-65.517,-9.743],[-65.511,-9.734],[-65.465,-9.696],[-65.452,-9.681],[-65.442,-9.68],[-65.416,-9.68],[-65.398,-9.687],[-65.371,-9.711],[-65.356,-9.742],[-65.354,-9.745],[-65.34,-9.79],[-65.33,-9.801],[-65.317,-9.813],[-65.304,-9.826],[-65.299,-9.841],[-65.304,-9.865],[-65.325,-9.905],[-65.333,-9.927],[-65.337,-9.967],[-65.333,-10.008],[-65.324,-10.046],[-65.306,-10.098],[-65.301,-10.12],[-65.299,-10.163],[-65.297,-10.173],[-65.287,-10.196],[-65.285,-10.207],[-65.288,-10.216],[-65.305,-10.242],[-65.316,-10.291],[-65.328,-10.314],[-65.365,-10.332],[-65.379,-10.351],[-65.39,-10.374],[-65.395,-10.392],[-65.393,-10.4],[-65.391,-10.403],[-65.387,-10.407],[-65.411,-10.449],[-65.425,-10.463],[-65.45,-10.468],[-65.45,-10.475],[-65.438,-10.493],[-65.436,-10.499],[-65.437,-10.504],[-65.441,-10.513],[-65.442,-10.519],[-65.442,-10.528],[-65.439,-10.538],[-65.436,-10.547],[-65.432,-10.551],[-65.429,-10.561],[-65.436,-10.611],[-65.436,-10.626],[-65.419,-10.645],[-65.401,-10.655],[-65.387,-10.67],[-65.381,-10.698],[-65.382,-10.716],[-65.39,-10.754],[-65.405,-10.799],[-65.4,-10.812],[-65.36,-10.823],[-65.342,-10.835],[-65.327,-10.85],[-65.319,-10.865],[-65.313,-10.951],[-65.31,-10.957],[-65.305,-10.962],[-65.3,-10.97],[-65.299,-10.982],[-65.303,-10.991],[-65.31,-10.997],[-65.318,-11.002],[-65.326,-11.009],[-65.342,-11.033],[-65.343,-11.051],[-65.337,-11.068],[-65.333,-11.089],[-65.341,-11.107],[-65.38,-11.136],[-65.395,-11.153],[-65.398,-11.178],[-65.385,-11.194],[-65.368,-11.205],[-65.36,-11.219],[-65.366,-11.234],[-65.379,-11.242],[-65.389,-11.253],[-65.387,-11.278],[-65.374,-11.296],[-65.354,-11.311],[-65.335,-11.321],[-65.326,-11.328],[-65.33,-11.34],[-65.348,-11.361],[-65.354,-11.372],[-65.355,-11.382],[-65.353,-11.391],[-65.32,-11.476],[-65.292,-11.505],[-65.258,-11.495],[-65.233,-11.508],[-65.223,-11.517],[-65.216,-11.53],[-65.216,-11.54],[-65.224,-11.558],[-65.223,-11.571],[-65.219,-11.585],[-65.215,-11.588],[-65.207,-11.588],[-65.195,-11.592],[-65.174,-11.607],[-65.167,-11.616],[-65.191,-11.623],[-65.193,-11.632],[-65.189,-11.657],[-65.191,-11.667],[-65.2,-11.682],[-65.202,-11.691],[-65.202,-11.728],[-65.196,-11.742],[-65.182,-11.757],[-65.164,-11.77],[-65.151,-11.773],[-65.144,-11.764],[-65.138,-11.715],[-65.134,-11.703],[-65.128,-11.695],[-65.113,-11.691],[-65.11,-11.7],[-65.114,-11.723],[-65.099,-11.736],[-65.081,-11.743],[-65.066,-11.753],[-65.056,-11.786],[-65.043,-11.808],[-65.038,-11.819],[-65.037,-11.828],[-65.039,-11.849],[-65.038,-11.858],[-65.034,-11.88],[-65.028,-11.889],[-65.018,-11.894],[-65.015,-11.894],[-65.005,-11.898],[-64.998,-11.909],[-64.996,-11.921],[-65.001,-11.931],[-65.015,-11.95],[-65.016,-11.968],[-65.009,-11.984],[-64.997,-11.996],[-64.983,-12.004],[-64.968,-12.008],[-64.925,-12.01],[-64.904,-12.014],[-64.884,-12.021],[-64.862,-12.025],[-64.84,-12.017],[-64.828,-12.022],[-64.809,-12.026],[-64.793,-12.033],[-64.785,-12.047],[-64.78,-12.068],[-64.769,-12.086],[-64.737,-12.12],[-64.744,-12.134],[-64.74,-12.145],[-64.728,-12.15],[-64.716,-12.147],[-64.714,-12.138],[-64.71,-12.112],[-64.706,-12.106],[-64.69,-12.104],[-64.686,-12.11],[-64.682,-12.127],[-64.682,-12.135],[-64.689,-12.147],[-64.689,-12.154],[-64.686,-12.159],[-64.677,-12.168],[-64.675,-12.171],[-64.665,-12.181],[-64.641,-12.195],[-64.593,-12.216],[-64.581,-12.217],[-64.555,-12.218],[-64.548,-12.219],[-64.532,-12.232],[-64.511,-12.243],[-64.51,-12.24],[-64.51,-12.237],[-64.509,-12.236],[-64.494,-12.238],[-64.489,-12.239],[-64.473,-12.253],[-64.469,-12.261],[-64.468,-12.273],[-64.469,-12.295],[-64.474,-12.316],[-64.492,-12.357],[-64.49,-12.374],[-64.484,-12.378],[-64.462,-12.385],[-64.453,-12.39],[-64.444,-12.4],[-64.432,-12.421],[-64.425,-12.431],[-64.411,-12.445],[-64.396,-12.457],[-64.377,-12.466],[-64.353,-12.469],[-64.313,-12.462],[-64.298,-12.466],[-64.288,-12.497],[-64.278,-12.499],[-64.269,-12.497],[-64.264,-12.495],[-64.257,-12.491],[-64.246,-12.479],[-64.237,-12.475],[-64.215,-12.474],[-64.198,-12.479],[-64.183,-12.488],[-64.155,-12.517],[-64.145,-12.52],[-64.135,-12.511],[-64.12,-12.49],[-64.104,-12.507],[-64.044,-12.509],[-64.023,-12.538],[-64.004,-12.535],[-63.972,-12.524],[-63.959,-12.528],[-63.95,-12.537],[-63.939,-12.544],[-63.921,-12.544],[-63.909,-12.534],[-63.902,-12.525],[-63.897,-12.516],[-63.863,-12.475],[-63.863,-12.469],[-63.846,-12.467],[-63.815,-12.457],[-63.801,-12.455],[-63.658,-12.475],[-63.655,-12.478],[-63.6,-12.506],[-63.559,-12.54],[-63.542,-12.548],[-63.52,-12.551],[-63.508,-12.552],[-63.496,-12.553],[-63.486,-12.557],[-63.476,-12.565],[-63.469,-12.576],[-63.467,-12.586],[-63.466,-12.595],[-63.463,-12.605],[-63.454,-12.612],[-63.445,-12.615],[-63.438,-12.619],[-63.435,-12.63],[-63.431,-12.637],[-63.393,-12.665],[-63.371,-12.67],[-63.359,-12.675],[-63.33,-12.697],[-63.318,-12.702],[-63.247,-12.701],[-63.236,-12.699],[-63.232,-12.691],[-63.223,-12.683],[-63.202,-12.668],[-63.197,-12.667],[-63.186,-12.668],[-63.181,-12.668],[-63.176,-12.664],[-63.172,-12.652],[-63.167,-12.647],[-63.139,-12.636],[-63.137,-12.634],[-63.125,-12.636],[-63.105,-12.645],[-63.075,-12.653],[-63.065,-12.666],[-63.058,-12.702],[-63.054,-12.708],[-63.047,-12.714],[-63.043,-12.719],[-63.051,-12.731],[-63.052,-12.736],[-63.051,-12.742],[-63.048,-12.747],[-63.026,-12.766],[-63.015,-12.778],[-63.01,-12.788],[-63.007,-12.81],[-62.999,-12.829],[-62.988,-12.844],[-62.975,-12.853],[-62.964,-12.857],[-62.955,-12.858],[-62.947,-12.855],[-62.938,-12.849],[-62.929,-12.846],[-62.924,-12.853],[-62.92,-12.862],[-62.868,-12.929],[-62.865,-12.936],[-62.86,-12.94],[-62.849,-12.942],[-62.839,-12.943],[-62.831,-12.945],[-62.827,-12.95],[-62.825,-12.959],[-62.82,-12.975],[-62.807,-12.989],[-62.79,-13.001],[-62.77,-13.01],[-62.769,-12.991],[-62.758,-12.985],[-62.741,-12.985],[-62.722,-12.983],[-62.709,-12.975],[-62.699,-12.967],[-62.687,-12.965],[-62.667,-12.976],[-62.658,-12.985],[-62.651,-12.992],[-62.648,-13.002],[-62.645,-13.025],[-62.642,-13.03],[-62.555,-13.067],[-62.493,-13.065],[-62.472,-13.068],[-62.458,-13.078],[-62.431,-13.11],[-62.429,-13.115],[-62.427,-13.125],[-62.424,-13.127],[-62.41,-13.126],[-62.407,-13.127],[-62.39,-13.137],[-62.382,-13.14],[-62.335,-13.145],[-62.322,-13.144],[-62.311,-13.134],[-62.29,-13.142],[-62.274,-13.138],[-62.259,-13.131],[-62.222,-13.121],[-62.212,-13.12],[-62.201,-13.123],[-62.174,-13.141],[-62.172,-13.118],[-62.162,-13.121],[-62.14,-13.147],[-62.129,-13.151],[-62.12,-13.149],[-62.115,-13.15],[-62.113,-13.165],[-62.112,-13.232],[-62.109,-13.249],[-62.099,-13.263],[-62.078,-13.278],[-62.034,-13.326],[-62.02,-13.333],[-62.019,-13.337],[-62.003,-13.36],[-61.998,-13.364],[-61.975,-13.374],[-61.958,-13.385],[-61.91,-13.432],[-61.899,-13.439],[-61.88,-13.449],[-61.872,-13.456],[-61.869,-13.464],[-61.848,-13.531],[-61.836,-13.541],[-61.814,-13.544],[-61.794,-13.54],[-61.774,-13.533],[-61.754,-13.53],[-61.735,-13.538],[-61.716,-13.527],[-61.693,-13.518],[-61.668,-13.513],[-61.597,-13.506],[-61.593,-13.507],[-61.588,-13.508],[-61.561,-13.533],[-61.551,-13.538],[-61.503,-13.548],[-61.459,-13.544],[-61.415,-13.528],[-61.348,-13.494],[-61.332,-13.495],[-61.317,-13.501],[-61.281,-13.507],[-61.26,-13.52],[-61.249,-13.524],[-61.238,-13.524],[-61.215,-13.517],[-61.149,-13.52],[-61.139,-13.514],[-61.134,-13.494],[-61.119,-13.484],[-61.076,-13.478],[-61.072,-13.474],[-61.06,-13.467],[-61.047,-13.465],[-61.041,-13.475],[-61.041,-13.515],[-61.022,-13.535],[-60.978,-13.543],[-60.929,-13.546],[-60.897,-13.553],[-60.878,-13.57],[-60.871,-13.575],[-60.802,-13.604],[-60.726,-13.663],[-60.653,-13.719],[-60.618,-13.737],[-60.595,-13.742],[-60.589,-13.745],[-60.585,-13.749],[-60.58,-13.761],[-60.575,-13.766],[-60.566,-13.77],[-60.491,-13.788],[-60.473,-13.798],[-60.465,-13.817],[-60.463,-13.843],[-60.457,-13.871],[-60.449,-13.897],[-60.439,-13.918],[-60.43,-13.927],[-60.409,-13.945],[-60.407,-13.95],[-60.412,-13.961],[-60.405,-13.967],[-60.396,-13.971],[-60.39,-13.975],[-60.387,-13.983],[-60.388,-13.989],[-60.397,-14.008],[-60.409,-14.055],[-60.419,-14.077],[-60.437,-14.092],[-60.461,-14.099],[-60.468,-14.104],[-60.474,-14.117],[-60.478,-14.14],[-60.479,-14.163],[-60.476,-14.176],[-60.462,-14.198],[-60.462,-14.224],[-60.466,-14.251],[-60.464,-14.278],[-60.454,-14.297],[-60.4,-14.341],[-60.391,-14.357],[-60.377,-14.42],[-60.344,-14.491],[-60.338,-14.533],[-60.369,-14.543],[-60.353,-14.575],[-60.304,-14.608],[-60.292,-14.63],[-60.289,-14.691],[-60.285,-14.773],[-60.281,-14.855],[-60.277,-14.937],[-60.273,-15.019],[-60.27,-15.083],[-60.275,-15.095],[-60.389,-15.096],[-60.582,-15.099],[-60.529,-15.144],[-60.46,-15.224],[-60.352,-15.35],[-60.26,-15.456],[-60.246,-15.478],[-60.238,-15.503],[-60.225,-15.651],[-60.207,-15.853],[-60.194,-16.001],[-60.187,-16.109],[-60.18,-16.222],[-60.161,-16.265],[-60.13,-16.273],[-60.06,-16.275],[-59.87,-16.282],[-59.68,-16.289],[-59.489,-16.295],[-59.299,-16.302],[-59.108,-16.309],[-58.918,-16.315],[-58.727,-16.322],[-58.537,-16.329],[-58.465,-16.331],[-58.442,-16.328],[-58.422,-16.318],[-58.414,-16.309],[-58.4,-16.284],[-58.393,-16.279],[-58.35,-16.28],[-58.34,-16.289],[-58.335,-16.387],[-58.339,-16.4],[-58.362,-16.419],[-58.364,-16.437],[-58.343,-16.473],[-58.356,-16.51],[-58.456,-16.619],[-58.473,-16.65],[-58.48,-16.684],[-58.477,-16.727],[-58.456,-16.802],[-58.453,-16.841],[-58.455,-16.848],[-58.464,-16.866],[-58.467,-16.876],[-58.466,-16.887],[-58.456,-16.937],[-58.439,-16.967],[-58.432,-16.985],[-58.427,-17.055],[-58.422,-17.071],[-58.411,-17.088],[-58.406,-17.11],[-58.405,-17.2],[-58.399,-17.237],[-58.381,-17.267],[-58.344,-17.287],[-58.312,-17.291],[-58.302,-17.294],[-58.292,-17.3],[-58.274,-17.314],[-58.265,-17.32],[-58.256,-17.323],[-58.24,-17.325],[-58.232,-17.33],[-58.22,-17.344],[-58.204,-17.377],[-58.188,-17.389],[-58.175,-17.392],[-58.163,-17.393],[-58.152,-17.396],[-58.139,-17.405],[-58.112,-17.434],[-58.101,-17.441],[-58.066,-17.456],[-58.054,-17.462],[-58.01,-17.497],[-57.981,-17.509],[-57.944,-17.518],[-57.906,-17.52],[-57.877,-17.512],[-57.854,-17.509],[-57.837,-17.511],[-57.814,-17.52],[-57.801,-17.533],[-57.791,-17.556],[-57.788,-17.581],[-57.79,-17.604],[-57.788,-17.62],[-57.788,-17.659],[-57.786,-17.678],[-57.778,-17.696],[-57.768,-17.709],[-57.755,-17.721],[-57.74,-17.73],[-57.724,-17.737],[-57.733,-17.768],[-57.729,-17.779],[-57.711,-17.801],[-57.697,-17.825],[-57.699,-17.843],[-57.73,-17.846],[-57.637,-18.001],[-57.585,-18.123],[-57.551,-18.184],[-57.511,-18.206],[-57.491,-18.206],[-57.475,-18.208],[-57.466,-18.218],[-57.467,-18.24],[-57.536,-18.24],[-57.554,-18.245],[-57.567,-18.256],[-57.583,-18.306],[-57.63,-18.448],[-57.677,-18.591],[-57.724,-18.734],[-57.771,-18.876],[-57.782,-18.91],[-57.742,-18.914],[-57.732,-18.922],[-57.728,-18.942],[-57.722,-19.001],[-57.716,-19.045],[-57.772,-19.049],[-57.789,-19.059],[-57.812,-19.105],[-57.843,-19.167],[-57.912,-19.303],[-57.98,-19.439],[-58.011,-19.501],[-58.024,-19.526],[-58.05,-19.58],[-58.077,-19.635],[-58.09,-19.659],[-58.125,-19.73],[-58.117,-19.758],[-58.041,-19.823],[-57.96,-19.893],[-57.86,-19.98],[-57.87,-19.993],[-57.881,-20.009],[-57.896,-20.024],[-57.918,-20.034],[-57.943,-20.028],[-57.959,-20.026],[-57.966,-20.031],[-57.969,-20.04],[-57.976,-20.048],[-57.986,-20.053],[-57.997,-20.055],[-58.022,-20.065],[-58.054,-20.108],[-58.08,-20.117],[-58.086,-20.121],[-58.098,-20.138],[-58.104,-20.144],[-58.116,-20.15],[-58.159,-20.165],[-58.16,-20.139],[-58.145,-20.086],[-58.143,-20.065],[-58.144,-20.023],[-58.142,-20.001],[-58.145,-19.97],[-58.162,-19.912],[-58.164,-19.88],[-58.161,-19.847],[-58.164,-19.833],[-58.175,-19.821],[-58.214,-19.798],[-58.308,-19.744],[-58.401,-19.689],[-58.494,-19.634],[-58.588,-19.579],[-58.681,-19.525],[-58.774,-19.47],[-58.867,-19.415],[-58.961,-19.361],[-59.011,-19.331],[-59.04,-19.312],[-59.07,-19.291],[-59.09,-19.287],[-59.171,-19.288],[-59.359,-19.29],[-59.547,-19.292],[-59.736,-19.295],[-59.924,-19.297],[-60.006,-19.298],[-60.157,-19.329],[-60.495,-19.398],[-60.834,-19.468],[-61.172,-19.537],[-61.511,-19.607],[-61.532,-19.61],[-61.58,-19.617],[-61.627,-19.624],[-61.648,-19.627],[-61.737,-19.64],[-61.753,-19.646],[-61.761,-19.658],[-61.78,-19.707],[-61.808,-19.78],[-61.836,-19.854],[-61.864,-19.927],[-61.893,-20.001],[-61.906,-20.027],[-61.918,-20.053],[-61.925,-20.065],[-61.931,-20.078],[-61.944,-20.104],[-61.961,-20.128],[-61.978,-20.152],[-61.994,-20.176],[-62.011,-20.2],[-62.056,-20.26],[-62.1,-20.321],[-62.145,-20.382],[-62.19,-20.443],[-62.211,-20.471],[-62.232,-20.501],[-62.269,-20.553],[-62.277,-20.58],[-62.276,-20.671],[-62.275,-20.759],[-62.274,-20.855],[-62.272,-21],[-62.272,-21.001],[-62.276,-21.067],[-62.308,-21.169],[-62.34,-21.273],[-62.375,-21.384],[-62.412,-21.501],[-62.446,-21.607],[-62.493,-21.752],[-62.529,-21.865],[-62.573,-22.001],[-62.599,-22.09],[-62.628,-22.185],[-62.65,-22.234],[-62.659,-22.232],[-62.662,-22.225],[-62.663,-22.216],[-62.667,-22.207],[-62.679,-22.195],[-62.722,-22.166],[-62.769,-22.145],[-62.783,-22.131],[-62.791,-22.113],[-62.791,-22.082],[-62.798,-22.069],[-62.795,-22.061],[-62.795,-22.051],[-62.801,-22.013],[-62.804,-22.004],[-62.819,-22.001],[-62.862,-21.993],[-63.01,-22.001],[-63.325,-21.999],[-63.639,-21.997],[-63.678,-22.004],[-63.694,-22.012],[-63.74,-22.051],[-63.752,-22.046],[-63.793,-22.012],[-63.813,-22.003],[-63.906,-21.997],[-63.933,-22.002],[-63.948,-22.008],[-63.951,-22.011],[-63.951,-22.017],[-63.961,-22.039],[-63.965,-22.059],[-63.968,-22.067],[-63.976,-22.074],[-63.983,-22.077],[-63.99,-22.079],[-63.996,-22.083],[-64.004,-22.099],[-64.02,-22.155],[-64.051,-22.229],[-64.059,-22.24],[-64.079,-22.251],[-64.086,-22.258],[-64.161,-22.438],[-64.185,-22.471],[-64.236,-22.517],[-64.251,-22.541],[-64.294,-22.691],[-64.295,-22.763],[-64.303,-22.782],[-64.327,-22.859],[-64.325,-22.872],[-64.344,-22.864],[-64.348,-22.817],[-64.36,-22.803],[-64.352,-22.779],[-64.356,-22.752],[-64.369,-22.73],[-64.391,-22.721],[-64.402,-22.712],[-64.428,-22.659],[-64.438,-22.652],[-64.447,-22.649],[-64.454,-22.643],[-64.456,-22.628],[-64.455,-22.617],[-64.45,-22.597],[-64.449,-22.587],[-64.446,-22.576],[-64.437,-22.567],[-64.43,-22.557],[-64.428,-22.542],[-64.484,-22.491],[-64.498,-22.473],[-64.504,-22.45],[-64.508,-22.444],[-64.526,-22.433],[-64.531,-22.426],[-64.531,-22.416],[-64.523,-22.396],[-64.525,-22.385],[-64.538,-22.374],[-64.559,-22.361],[-64.572,-22.343],[-64.562,-22.32],[-64.549,-22.305],[-64.542,-22.292],[-64.543,-22.275],[-64.552,-22.255],[-64.56,-22.243],[-64.587,-22.213],[-64.596,-22.207],[-64.616,-22.202],[-64.639,-22.192],[-64.658,-22.178],[-64.679,-22.175],[-64.687,-22.173],[-64.695,-22.174],[-64.714,-22.182],[-64.723,-22.183],[-64.762,-22.174],[-64.832,-22.138],[-65.02,-22.097],[-65.19,-22.098],[-65.457,-22.101],[-65.51,-22.096],[-65.58,-22.086],[-65.589,-22.087],[-65.593,-22.091],[-65.598,-22.096],[-65.605,-22.099],[-65.745,-22.114],[-65.775,-22.105],[-65.805,-22.086],[-65.933,-21.945],[-65.954,-21.933],[-66.047,-21.918],[-66.052,-21.913],[-66.064,-21.864],[-66.094,-21.833],[-66.138,-21.812],[-66.222,-21.787],[-66.24,-21.792],[-66.288,-21.957],[-66.297,-22.05],[-66.302,-22.065],[-66.308,-22.077],[-66.31,-22.078],[-66.314,-22.076],[-66.327,-22.077],[-66.335,-22.082],[-66.343,-22.09],[-66.349,-22.1],[-66.353,-22.11],[-66.377,-22.127],[-66.51,-22.163],[-66.627,-22.193],[-66.631,-22.197],[-66.633,-22.205],[-66.636,-22.211],[-66.641,-22.213],[-66.658,-22.207],[-66.677,-22.205],[-66.688,-22.202],[-66.699,-22.201],[-66.713,-22.206],[-66.736,-22.225],[-66.749,-22.245],[-66.756,-22.268],[-66.768,-22.343],[-66.775,-22.365],[-66.788,-22.38],[-66.791,-22.388],[-66.784,-22.417],[-66.785,-22.428],[-66.796,-22.435],[-66.909,-22.468],[-66.935,-22.481],[-66.956,-22.501],[-66.965,-22.514],[-66.978,-22.522],[-66.994,-22.526],[-67.016,-22.524],[-67.033,-22.525],[-67.024,-22.618],[-67.027,-22.639],[-67.038,-22.655],[-67.113,-22.71],[-67.143,-22.743],[-67.194,-22.822],[-67.51,-22.886],[-67.547,-22.893],[-67.617,-22.897],[-67.771,-22.889],[-67.804,-22.879],[-67.811,-22.872],[-67.833,-22.84],[-67.838,-22.841],[-67.876,-22.834],[-67.887,-22.819],[-67.891,-22.793],[-67.891,-22.716],[-67.859,-22.567],[-67.859,-22.547],[-67.89,-22.491],[-67.898,-22.441],[-67.907,-22.42],[-67.945,-22.354],[-67.952,-22.334],[-67.952,-22.314],[-67.935,-22.252],[-67.936,-22.232],[-67.945,-22.208],[-67.973,-22.171],[-67.977,-22.16],[-67.973,-22.15],[-67.961,-22.134],[-67.957,-22.125],[-67.961,-22.103],[-67.973,-22.079],[-67.99,-22.058],[-68.01,-22.045],[-68.059,-22.001],[-68.083,-21.98],[-68.092,-21.968],[-68.096,-21.954],[-68.108,-21.79],[-68.128,-21.712],[-68.191,-21.606],[-68.198,-21.572],[-68.194,-21.328],[-68.208,-21.284],[-68.416,-20.96],[-68.432,-20.945],[-68.454,-20.94],[-68.496,-20.942],[-68.51,-20.94],[-68.532,-20.928],[-68.555,-20.914],[-68.572,-20.872],[-68.573,-20.743],[-68.565,-20.72],[-68.55,-20.699],[-68.482,-20.643],[-68.481,-20.625],[-68.51,-20.602],[-68.536,-20.592],[-68.583,-20.563],[-68.686,-20.517],[-68.708,-20.501],[-68.73,-20.479],[-68.751,-20.452],[-68.765,-20.421],[-68.769,-20.391],[-68.758,-20.364],[-68.735,-20.348],[-68.679,-20.329],[-68.718,-20.262],[-68.729,-20.229],[-68.728,-20.19],[-68.723,-20.161],[-68.726,-20.151],[-68.759,-20.144],[-68.789,-20.126],[-68.793,-20.107],[-68.776,-20.09],[-68.653,-20.054],[-68.622,-20.051],[-68.608,-20.054],[-68.597,-20.057],[-68.588,-20.056],[-68.579,-20.045],[-68.575,-20.035],[-68.566,-20.001],[-68.565,-19.981],[-68.545,-19.935],[-68.542,-19.92],[-68.543,-19.914],[-68.547,-19.908],[-68.552,-19.894],[-68.553,-19.865],[-68.554,-19.858],[-68.561,-19.844],[-68.571,-19.838],[-68.602,-19.825],[-68.619,-19.813],[-68.65,-19.782],[-68.698,-19.746],[-68.705,-19.734],[-68.703,-19.716],[-68.69,-19.695],[-68.649,-19.66],[-68.631,-19.642],[-68.577,-19.565],[-68.532,-19.501],[-68.51,-19.472],[-68.496,-19.458],[-68.456,-19.441],[-68.448,-19.435],[-68.455,-19.415],[-68.473,-19.395],[-68.493,-19.377],[-68.6,-19.303],[-68.636,-19.291],[-68.663,-19.274],[-68.698,-19.216],[-68.721,-19.192],[-68.815,-19.113],[-68.847,-19.092],[-68.895,-19.077],[-68.909,-19.068],[-68.92,-19.054],[-68.943,-19.001],[-68.962,-18.969],[-68.974,-18.956],[-68.99,-18.946],[-68.96,-18.908],[-68.952,-18.889],[-68.951,-18.867],[-68.955,-18.857],[-69.01,-18.745],[-69.011,-18.745],[-69.011,-18.744],[-69.011,-18.743],[-69.003,-18.73],[-69.001,-18.716],[-69.003,-18.703],[-69.01,-18.69],[-69.034,-18.649],[-69.043,-18.6],[-69.042,-18.549],[-69.035,-18.501],[-69.034,-18.478],[-69.042,-18.458],[-69.078,-18.399],[-69.082,-18.382],[-69.079,-18.328],[-69.081,-18.319],[-69.096,-18.277],[-69.097,-18.268],[-69.097,-18.258],[-69.1,-18.234],[-69.111,-18.218],[-69.141,-18.187],[-69.155,-18.14],[-69.126,-18.111],[-69.089,-18.083],[-69.082,-18.04],[-69.082,-18.039],[-69.092,-18.023],[-69.104,-18.024],[-69.12,-18.03],[-69.141,-18.031],[-69.158,-18.026],[-69.174,-18.019],[-69.204,-18.001],[-69.228,-17.996],[-69.235,-17.993],[-69.242,-17.987],[-69.262,-17.964],[-69.278,-17.968],[-69.29,-17.977],[-69.302,-17.976],[-69.318,-17.952],[-69.327,-17.915],[-69.328,-17.842],[-69.334,-17.806],[-69.359,-17.759],[-69.395,-17.721],[-69.476,-17.652],[-69.497,-17.621],[-69.506,-17.585],[-69.51,-17.507]]]}},{"type":"Feature","properties":{"iso":"PER","nombre":"PERÚ"},"geometry":{"type":"MultiPolygon","coordinates":[[[[-69.51,-17.507],[-69.638,-17.626],[-69.684,-17.656],[-69.729,-17.663],[-69.776,-17.657],[-69.818,-17.659],[-69.85,-17.692],[-69.858,-17.734],[-69.846,-17.769],[-69.829,-17.804],[-69.82,-17.846],[-69.818,-17.871],[-69.813,-17.888],[-69.791,-17.925],[-69.782,-17.944],[-69.78,-17.963],[-69.783,-17.982],[-69.844,-18.113],[-69.865,-18.145],[-69.883,-18.164],[-69.923,-18.196],[-69.97,-18.251],[-69.988,-18.264],[-70.01,-18.273],[-70.039,-18.273],[-70.063,-18.281],[-70.134,-18.319],[-70.159,-18.326],[-70.211,-18.331],[-70.318,-18.321],[-70.369,-18.325],[-70.395,-18.338],[-70.42,-18.316],[-70.469,-18.286],[-70.531,-18.243],[-70.562,-18.224],[-70.598,-18.206],[-70.634,-18.187],[-70.683,-18.162],[-70.733,-18.115],[-70.737,-18.111],[-70.742,-18.1],[-70.748,-18.094],[-70.752,-18.092],[-70.762,-18.09],[-70.768,-18.088],[-70.826,-18.037],[-70.843,-18.027],[-70.879,-18.017],[-70.892,-18.006],[-70.905,-17.967],[-70.915,-17.947],[-70.929,-17.938],[-70.945,-17.932],[-70.987,-17.901],[-71.007,-17.89],[-71.066,-17.872],[-71.087,-17.869],[-71.138,-17.821],[-71.16,-17.808],[-71.173,-17.796],[-71.204,-17.763],[-71.219,-17.752],[-71.268,-17.731],[-71.305,-17.706],[-71.326,-17.695],[-71.347,-17.691],[-71.38,-17.695],[-71.384,-17.698],[-71.385,-17.687],[-71.379,-17.676],[-71.364,-17.656],[-71.36,-17.633],[-71.363,-17.613],[-71.368,-17.593],[-71.378,-17.492],[-71.382,-17.474],[-71.396,-17.434],[-71.4,-17.4],[-71.404,-17.396],[-71.411,-17.394],[-71.419,-17.389],[-71.446,-17.355],[-71.481,-17.331],[-71.484,-17.328],[-71.498,-17.297],[-71.515,-17.285],[-71.531,-17.28],[-71.569,-17.273],[-71.593,-17.266],[-71.603,-17.26],[-71.62,-17.244],[-71.637,-17.234],[-71.641,-17.232],[-71.808,-17.191],[-71.846,-17.175],[-71.878,-17.149],[-71.924,-17.096],[-71.949,-17.073],[-72.003,-17.043],[-72.025,-17.034],[-72.047,-17.028],[-72.11,-17.023],[-72.118,-17.019],[-72.124,-17.009],[-72.122,-16.988],[-72.124,-16.978],[-72.138,-16.965],[-72.179,-16.942],[-72.187,-16.933],[-72.197,-16.916],[-72.221,-16.906],[-72.269,-16.895],[-72.293,-16.881],[-72.298,-16.863],[-72.297,-16.844],[-72.307,-16.824],[-72.362,-16.761],[-72.385,-16.746],[-72.396,-16.742],[-72.406,-16.742],[-72.414,-16.741],[-72.423,-16.735],[-72.433,-16.72],[-72.44,-16.714],[-72.45,-16.712],[-72.456,-16.709],[-72.478,-16.695],[-72.488,-16.69],[-72.53,-16.684],[-72.588,-16.659],[-72.692,-16.661],[-72.781,-16.629],[-72.888,-16.555],[-73.06,-16.495],[-73.094,-16.46],[-73.138,-16.439],[-73.175,-16.413],[-73.193,-16.407],[-73.232,-16.408],[-73.25,-16.403],[-73.266,-16.394],[-73.28,-16.388],[-73.296,-16.396],[-73.305,-16.382],[-73.317,-16.34],[-73.326,-16.331],[-73.336,-16.326],[-73.365,-16.32],[-73.42,-16.293],[-73.482,-16.279],[-73.599,-16.24],[-73.676,-16.228],[-73.701,-16.245],[-73.7,-16.221],[-73.718,-16.206],[-73.728,-16.196],[-73.735,-16.19],[-73.771,-16.178],[-73.843,-16.147],[-73.872,-16.129],[-73.934,-16.086],[-74.004,-16.037],[-74.033,-16.012],[-74.033,-16.001],[-74.028,-15.989],[-74.036,-15.973],[-74.047,-15.96],[-74.077,-15.946],[-74.162,-15.901],[-74.177,-15.897],[-74.221,-15.891],[-74.237,-15.881],[-74.25,-15.866],[-74.253,-15.856],[-74.266,-15.848],[-74.29,-15.84],[-74.328,-15.848],[-74.363,-15.839],[-74.398,-15.827],[-74.442,-15.798],[-74.446,-15.792],[-74.449,-15.773],[-74.452,-15.763],[-74.457,-15.755],[-74.458,-15.741],[-74.463,-15.727],[-74.489,-15.718],[-74.538,-15.703],[-74.681,-15.642],[-74.751,-15.605],[-74.848,-15.566],[-74.869,-15.538],[-74.979,-15.482],[-75.006,-15.461],[-75.02,-15.457],[-75.035,-15.459],[-75.042,-15.462],[-75.049,-15.461],[-75.065,-15.45],[-75.095,-15.417],[-75.106,-15.409],[-75.126,-15.403],[-75.145,-15.4],[-75.161,-15.393],[-75.167,-15.378],[-75.172,-15.374],[-75.189,-15.37],[-75.191,-15.362],[-75.189,-15.358],[-75.176,-15.352],[-75.155,-15.346],[-75.152,-15.333],[-75.167,-15.311],[-75.196,-15.294],[-75.236,-15.277],[-75.263,-15.25],[-75.244,-15.251],[-75.233,-15.246],[-75.228,-15.236],[-75.23,-15.224],[-75.234,-15.215],[-75.241,-15.205],[-75.29,-15.161],[-75.31,-15.152],[-75.362,-15.145],[-75.376,-15.134],[-75.385,-15.117],[-75.394,-15.094],[-75.441,-15.028],[-75.448,-15.008],[-75.456,-14.998],[-75.492,-14.975],[-75.503,-14.964],[-75.504,-14.957],[-75.503,-14.925],[-75.507,-14.918],[-75.551,-14.885],[-75.633,-14.846],[-75.66,-14.832],[-75.681,-14.821],[-75.705,-14.806],[-75.748,-14.771],[-75.798,-14.747],[-75.802,-14.742],[-75.81,-14.737],[-75.82,-14.732],[-75.828,-14.73],[-75.839,-14.726],[-75.847,-14.717],[-75.853,-14.706],[-75.86,-14.696],[-75.867,-14.69],[-75.874,-14.684],[-75.916,-14.664],[-75.931,-14.649],[-75.927,-14.627],[-75.93,-14.603],[-75.933,-14.58],[-75.946,-14.559],[-75.963,-14.535],[-75.973,-14.529],[-75.977,-14.517],[-75.972,-14.508],[-75.965,-14.492],[-75.969,-14.484],[-75.981,-14.461],[-76.003,-14.45],[-76.037,-14.429],[-76.049,-14.418],[-76.068,-14.391],[-76.082,-14.378],[-76.092,-14.373],[-76.117,-14.371],[-76.127,-14.367],[-76.133,-14.36],[-76.144,-14.328],[-76.116,-14.325],[-76.108,-14.316],[-76.107,-14.306],[-76.114,-14.293],[-76.123,-14.274],[-76.129,-14.263],[-76.137,-14.242],[-76.149,-14.224],[-76.165,-14.216],[-76.181,-14.211],[-76.19,-14.197],[-76.195,-14.181],[-76.202,-14.169],[-76.215,-14.161],[-76.25,-14.148],[-76.252,-14.17],[-76.271,-14.201],[-76.29,-14.167],[-76.282,-14.141],[-76.283,-14.104],[-76.292,-14.081],[-76.281,-14.073],[-76.281,-14.057],[-76.268,-14.05],[-76.274,-14.039],[-76.272,-14.031],[-76.269,-14.02],[-76.279,-14.009],[-76.285,-13.992],[-76.273,-13.987],[-76.27,-13.962],[-76.277,-13.945],[-76.295,-13.935],[-76.298,-13.922],[-76.297,-13.915],[-76.294,-13.907],[-76.293,-13.9],[-76.298,-13.894],[-76.308,-13.892],[-76.315,-13.897],[-76.318,-13.913],[-76.325,-13.921],[-76.337,-13.916],[-76.354,-13.919],[-76.373,-13.909],[-76.394,-13.908],[-76.394,-13.882],[-76.391,-13.868],[-76.378,-13.836],[-76.367,-13.822],[-76.371,-13.809],[-76.362,-13.802],[-76.344,-13.805],[-76.326,-13.791],[-76.308,-13.792],[-76.296,-13.793],[-76.29,-13.805],[-76.301,-13.819],[-76.303,-13.833],[-76.294,-13.84],[-76.281,-13.847],[-76.262,-13.861],[-76.254,-13.851],[-76.253,-13.83],[-76.248,-13.809],[-76.233,-13.764],[-76.224,-13.734],[-76.225,-13.714],[-76.221,-13.687],[-76.21,-13.654],[-76.198,-13.622],[-76.181,-13.539],[-76.188,-13.465],[-76.196,-13.428],[-76.221,-13.358],[-76.274,-13.287],[-76.307,-13.257],[-76.371,-13.174],[-76.451,-13.072],[-76.483,-13.036],[-76.491,-13.012],[-76.505,-12.99],[-76.516,-12.946],[-76.512,-12.911],[-76.516,-12.87],[-76.532,-12.844],[-76.542,-12.832],[-76.611,-12.774],[-76.63,-12.751],[-76.672,-12.669],[-76.682,-12.655],[-76.681,-12.629],[-76.681,-12.619],[-76.689,-12.61],[-76.705,-12.594],[-76.736,-12.552],[-76.78,-12.523],[-76.799,-12.509],[-76.812,-12.483],[-76.791,-12.457],[-76.782,-12.419],[-76.791,-12.381],[-76.825,-12.352],[-76.854,-12.303],[-76.949,-12.25],[-77.006,-12.226],[-77.017,-12.226],[-77.021,-12.221],[-77.038,-12.204],[-77.045,-12.195],[-77.047,-12.181],[-77.044,-12.172],[-77.04,-12.164],[-77.038,-12.154],[-77.054,-12.114],[-77.089,-12.089],[-77.114,-12.081],[-77.133,-12.076],[-77.175,-12.072],[-77.166,-12.053],[-77.155,-12.039],[-77.145,-12.023],[-77.141,-11.999],[-77.146,-11.932],[-77.154,-11.909],[-77.162,-11.879],[-77.166,-11.87],[-77.182,-11.846],[-77.187,-11.825],[-77.181,-11.801],[-77.196,-11.777],[-77.196,-11.768],[-77.178,-11.77],[-77.167,-11.757],[-77.171,-11.736],[-77.195,-11.691],[-77.2,-11.67],[-77.211,-11.646],[-77.225,-11.627],[-77.24,-11.619],[-77.253,-11.615],[-77.264,-11.604],[-77.281,-11.582],[-77.285,-11.575],[-77.278,-11.566],[-77.278,-11.557],[-77.282,-11.549],[-77.299,-11.53],[-77.313,-11.505],[-77.32,-11.494],[-77.329,-11.489],[-77.34,-11.486],[-77.348,-11.478],[-77.36,-11.461],[-77.378,-11.45],[-77.421,-11.431],[-77.453,-11.404],[-77.609,-11.322],[-77.634,-11.303],[-77.647,-11.292],[-77.645,-11.28],[-77.647,-11.257],[-77.652,-11.237],[-77.645,-11.231],[-77.648,-11.222],[-77.64,-11.214],[-77.631,-11.213],[-77.619,-11.216],[-77.609,-11.211],[-77.598,-11.207],[-77.594,-11.191],[-77.595,-11.165],[-77.608,-11.142],[-77.619,-11.127],[-77.613,-11.115],[-77.633,-11.093],[-77.629,-11.083],[-77.639,-11.065],[-77.634,-11.057],[-77.643,-11.037],[-77.661,-11.014],[-77.657,-11.006],[-77.647,-10.996],[-77.656,-10.976],[-77.664,-10.96],[-77.663,-10.947],[-77.671,-10.928],[-77.681,-10.91],[-77.696,-10.891],[-77.712,-10.868],[-77.709,-10.852],[-77.735,-10.832],[-77.753,-10.816],[-77.753,-10.801],[-77.748,-10.792],[-77.765,-10.769],[-77.764,-10.762],[-77.792,-10.735],[-77.808,-10.724],[-77.813,-10.712],[-77.819,-10.701],[-77.827,-10.693],[-77.848,-10.674],[-77.912,-10.566],[-77.91,-10.555],[-77.923,-10.531],[-77.942,-10.516],[-77.968,-10.494],[-77.966,-10.478],[-77.977,-10.456],[-77.995,-10.432],[-78.011,-10.413],[-78.013,-10.403],[-78.005,-10.394],[-78.006,-10.382],[-78.018,-10.372],[-78.056,-10.348],[-78.057,-10.328],[-78.058,-10.302],[-78.077,-10.287],[-78.086,-10.277],[-78.088,-10.262],[-78.096,-10.241],[-78.091,-10.229],[-78.1,-10.215],[-78.105,-10.201],[-78.124,-10.18],[-78.167,-10.141],[-78.176,-10.121],[-78.182,-10.111],[-78.183,-10.101],[-78.174,-10.099],[-78.168,-10.093],[-78.17,-10.081],[-78.179,-10.069],[-78.176,-10.063],[-78.177,-10.051],[-78.178,-10.043],[-78.194,-10.021],[-78.198,-9.997],[-78.204,-9.987],[-78.212,-9.973],[-78.215,-9.963],[-78.225,-9.959],[-78.229,-9.954],[-78.235,-9.953],[-78.236,-9.947],[-78.235,-9.942],[-78.229,-9.936],[-78.23,-9.925],[-78.229,-9.913],[-78.23,-9.901],[-78.234,-9.885],[-78.242,-9.876],[-78.243,-9.859],[-78.239,-9.839],[-78.23,-9.825],[-78.229,-9.794],[-78.269,-9.759],[-78.301,-9.722],[-78.308,-9.698],[-78.324,-9.681],[-78.332,-9.663],[-78.343,-9.653],[-78.354,-9.632],[-78.37,-9.615],[-78.374,-9.585],[-78.368,-9.557],[-78.387,-9.547],[-78.391,-9.53],[-78.39,-9.516],[-78.399,-9.502],[-78.406,-9.478],[-78.398,-9.464],[-78.385,-9.451],[-78.393,-9.435],[-78.406,-9.435],[-78.427,-9.42],[-78.432,-9.392],[-78.429,-9.376],[-78.421,-9.368],[-78.415,-9.362],[-78.426,-9.358],[-78.435,-9.346],[-78.443,-9.341],[-78.449,-9.328],[-78.461,-9.323],[-78.475,-9.325],[-78.484,-9.33],[-78.506,-9.305],[-78.508,-9.296],[-78.51,-9.284],[-78.519,-9.278],[-78.527,-9.27],[-78.518,-9.263],[-78.509,-9.256],[-78.497,-9.253],[-78.49,-9.233],[-78.488,-9.214],[-78.497,-9.19],[-78.516,-9.178],[-78.536,-9.173],[-78.551,-9.178],[-78.559,-9.184],[-78.562,-9.192],[-78.557,-9.2],[-78.557,-9.212],[-78.552,-9.232],[-78.553,-9.244],[-78.564,-9.241],[-78.578,-9.213],[-78.597,-9.191],[-78.611,-9.177],[-78.61,-9.166],[-78.614,-9.161],[-78.61,-9.156],[-78.594,-9.161],[-78.571,-9.168],[-78.565,-9.16],[-78.56,-9.148],[-78.559,-9.128],[-78.568,-9.104],[-78.579,-9.09],[-78.592,-9.077],[-78.605,-9.077],[-78.624,-9.079],[-78.632,-9.072],[-78.642,-9.056],[-78.64,-9.04],[-78.633,-9.023],[-78.629,-9.013],[-78.637,-9.005],[-78.661,-8.996],[-78.662,-8.985],[-78.654,-8.987],[-78.649,-8.981],[-78.649,-8.959],[-78.655,-8.933],[-78.663,-8.918],[-78.674,-8.897],[-78.682,-8.883],[-78.697,-8.865],[-78.717,-8.837],[-78.764,-8.775],[-78.762,-8.766],[-78.762,-8.757],[-78.755,-8.748],[-78.743,-8.74],[-78.741,-8.711],[-78.745,-8.688],[-78.743,-8.673],[-78.75,-8.647],[-78.759,-8.608],[-78.789,-8.567],[-78.82,-8.528],[-78.859,-8.491],[-78.882,-8.475],[-78.913,-8.462],[-78.928,-8.451],[-78.94,-8.436],[-78.935,-8.423],[-78.925,-8.424],[-78.919,-8.427],[-78.907,-8.418],[-78.902,-8.397],[-78.902,-8.377],[-78.964,-8.287],[-78.965,-8.265],[-78.99,-8.232],[-78.986,-8.217],[-79.018,-8.181],[-79.124,-8.09],[-79.125,-8.065],[-79.184,-8.026],[-79.3,-7.939],[-79.352,-7.881],[-79.384,-7.834],[-79.396,-7.792],[-79.445,-7.737],[-79.457,-7.726],[-79.466,-7.716],[-79.461,-7.709],[-79.449,-7.705],[-79.437,-7.694],[-79.435,-7.674],[-79.448,-7.65],[-79.484,-7.593],[-79.556,-7.496],[-79.583,-7.464],[-79.584,-7.44],[-79.59,-7.421],[-79.589,-7.411],[-79.578,-7.4],[-79.574,-7.387],[-79.585,-7.357],[-79.597,-7.331],[-79.596,-7.312],[-79.613,-7.266],[-79.645,-7.232],[-79.684,-7.192],[-79.697,-7.178],[-79.691,-7.157],[-79.689,-7.131],[-79.708,-7.107],[-79.814,-7.001],[-79.866,-6.95],[-79.877,-6.929],[-79.932,-6.883],[-79.945,-6.852],[-79.949,-6.82],[-79.965,-6.787],[-79.988,-6.758],[-80.005,-6.741],[-80.119,-6.651],[-80.169,-6.619],[-80.298,-6.544],[-80.46,-6.463],[-80.728,-6.329],[-80.791,-6.3],[-80.853,-6.239],[-80.926,-6.189],[-81.014,-6.139],[-81.101,-6.072],[-81.131,-6.035],[-81.151,-5.976],[-81.149,-5.936],[-81.149,-5.892],[-81.15,-5.883],[-81.129,-5.866],[-81.124,-5.846],[-81.119,-5.84],[-81.096,-5.839],[-81.086,-5.816],[-81.085,-5.8],[-81.075,-5.787],[-81.057,-5.788],[-81.038,-5.818],[-81.01,-5.832],[-80.972,-5.846],[-80.94,-5.851],[-80.903,-5.815],[-80.864,-5.744],[-80.856,-5.65],[-80.881,-5.574],[-80.932,-5.464],[-80.962,-5.43],[-81.055,-5.34],[-81.072,-5.319],[-81.094,-5.313],[-81.108,-5.317],[-81.132,-5.3],[-81.152,-5.268],[-81.178,-5.239],[-81.198,-5.208],[-81.194,-5.198],[-81.187,-5.19],[-81.174,-5.185],[-81.166,-5.164],[-81.17,-5.153],[-81.178,-5.143],[-81.177,-5.13],[-81.163,-5.126],[-81.167,-5.109],[-81.171,-5.087],[-81.163,-5.073],[-81.147,-5.075],[-81.129,-5.065],[-81.113,-5.082],[-81.083,-5.079],[-81.068,-5.057],[-81.063,-5.022],[-81.085,-4.974],[-81.118,-4.941],[-81.149,-4.917],[-81.173,-4.881],[-81.19,-4.852],[-81.223,-4.806],[-81.303,-4.721],[-81.338,-4.678],[-81.333,-4.664],[-81.32,-4.658],[-81.305,-4.644],[-81.308,-4.624],[-81.317,-4.601],[-81.308,-4.55],[-81.307,-4.534],[-81.313,-4.516],[-81.323,-4.496],[-81.329,-4.477],[-81.325,-4.462],[-81.314,-4.452],[-81.307,-4.447],[-81.301,-4.442],[-81.294,-4.43],[-81.28,-4.396],[-81.279,-4.374],[-81.294,-4.318],[-81.289,-4.298],[-81.278,-4.274],[-81.264,-4.252],[-81.253,-4.239],[-81.166,-4.179],[-81.143,-4.156],[-81.124,-4.123],[-81.11,-4.108],[-81.091,-4.101],[-81.073,-4.097],[-81.062,-4.086],[-81.047,-4.053],[-80.993,-3.972],[-80.962,-3.939],[-80.924,-3.91],[-80.883,-3.887],[-80.868,-3.873],[-80.862,-3.852],[-80.859,-3.829],[-80.852,-3.808],[-80.834,-3.773],[-80.808,-3.739],[-80.772,-3.71],[-80.613,-3.616],[-80.585,-3.588],[-80.542,-3.526],[-80.536,-3.505],[-80.528,-3.502],[-80.518,-3.5],[-80.509,-3.495],[-80.494,-3.489],[-80.424,-3.491],[-80.405,-3.487],[-80.385,-3.479],[-80.368,-3.466],[-80.361,-3.448],[-80.359,-3.437],[-80.345,-3.414],[-80.341,-3.403],[-80.341,-3.393],[-80.334,-3.397],[-80.318,-3.406],[-80.28,-3.416],[-80.266,-3.426],[-80.268,-3.444],[-80.274,-3.465],[-80.272,-3.486],[-80.266,-3.491],[-80.249,-3.498],[-80.243,-3.505],[-80.24,-3.514],[-80.24,-3.524],[-80.242,-3.543],[-80.25,-3.57],[-80.25,-3.578],[-80.244,-3.585],[-80.234,-3.588],[-80.225,-3.592],[-80.222,-3.601],[-80.222,-3.612],[-80.216,-3.632],[-80.215,-3.643],[-80.217,-3.652],[-80.223,-3.672],[-80.225,-3.681],[-80.225,-3.691],[-80.224,-3.698],[-80.218,-3.717],[-80.217,-3.727],[-80.22,-3.735],[-80.224,-3.742],[-80.226,-3.749],[-80.222,-3.769],[-80.202,-3.801],[-80.193,-3.822],[-80.191,-3.831],[-80.191,-3.849],[-80.189,-3.858],[-80.18,-3.868],[-80.171,-3.874],[-80.165,-3.88],[-80.165,-3.881],[-80.165,-3.89],[-80.181,-3.908],[-80.259,-3.944],[-80.273,-3.961],[-80.288,-3.984],[-80.305,-4.005],[-80.326,-4.015],[-80.344,-4.012],[-80.386,-3.989],[-80.407,-3.982],[-80.427,-3.981],[-80.448,-3.983],[-80.466,-3.988],[-80.481,-3.999],[-80.492,-4.015],[-80.504,-4.039],[-80.512,-4.064],[-80.512,-4.065],[-80.514,-4.083],[-80.509,-4.096],[-80.493,-4.118],[-80.487,-4.131],[-80.487,-4.141],[-80.491,-4.16],[-80.491,-4.169],[-80.47,-4.213],[-80.435,-4.217],[-80.391,-4.204],[-80.345,-4.198],[-80.356,-4.221],[-80.489,-4.396],[-80.492,-4.413],[-80.484,-4.434],[-80.47,-4.446],[-80.425,-4.472],[-80.408,-4.478],[-80.391,-4.477],[-80.383,-4.476],[-80.373,-4.468],[-80.332,-4.446],[-80.255,-4.387],[-80.24,-4.37],[-80.232,-4.354],[-80.222,-4.319],[-80.213,-4.305],[-80.205,-4.298],[-80.195,-4.293],[-80.184,-4.289],[-80.143,-4.284],[-80.14,-4.283],[-80.134,-4.294],[-80.117,-4.299],[-80.097,-4.303],[-80.08,-4.309],[-80.062,-4.324],[-80.029,-4.36],[-80.009,-4.374],[-79.982,-4.389],[-79.956,-4.392],[-79.93,-4.392],[-79.904,-4.399],[-79.879,-4.422],[-79.858,-4.453],[-79.833,-4.479],[-79.796,-4.485],[-79.729,-4.464],[-79.694,-4.444],[-79.658,-4.439],[-79.63,-4.452],[-79.58,-4.502],[-79.572,-4.506],[-79.558,-4.517],[-79.552,-4.52],[-79.528,-4.52],[-79.507,-4.532],[-79.502,-4.541],[-79.504,-4.556],[-79.527,-4.597],[-79.528,-4.618],[-79.499,-4.661],[-79.487,-4.72],[-79.461,-4.769],[-79.461,-4.77],[-79.458,-4.789],[-79.451,-4.81],[-79.433,-4.824],[-79.413,-4.835],[-79.395,-4.848],[-79.39,-4.856],[-79.383,-4.876],[-79.378,-4.885],[-79.369,-4.891],[-79.35,-4.898],[-79.341,-4.904],[-79.328,-4.923],[-79.317,-4.944],[-79.303,-4.961],[-79.28,-4.967],[-79.234,-4.966],[-79.209,-4.965],[-79.192,-4.968],[-79.158,-4.979],[-79.141,-4.983],[-79.131,-4.983],[-79.115,-4.979],[-79.104,-4.98],[-79.093,-4.985],[-79.082,-4.993],[-79.064,-5.011],[-79.035,-4.987],[-79.009,-4.96],[-79.002,-4.939],[-78.991,-4.89],[-78.98,-4.874],[-78.96,-4.869],[-78.934,-4.869],[-78.911,-4.864],[-78.9,-4.844],[-78.905,-4.82],[-78.928,-4.775],[-78.929,-4.747],[-78.917,-4.72],[-78.899,-4.694],[-78.853,-4.652],[-78.811,-4.629],[-78.72,-4.592],[-78.709,-4.585],[-78.682,-4.567],[-78.673,-4.551],[-78.671,-4.532],[-78.672,-4.512],[-78.67,-4.493],[-78.655,-4.47],[-78.64,-4.451],[-78.637,-4.435],[-78.661,-4.421],[-78.673,-4.402],[-78.681,-4.364],[-78.682,-4.327],[-78.674,-4.306],[-78.656,-4.291],[-78.647,-4.271],[-78.638,-4.227],[-78.577,-4.1],[-78.566,-4.056],[-78.567,-3.996],[-78.562,-3.98],[-78.552,-3.969],[-78.541,-3.966],[-78.529,-3.965],[-78.516,-3.961],[-78.502,-3.954],[-78.498,-3.95],[-78.498,-3.943],[-78.488,-3.869],[-78.481,-3.85],[-78.47,-3.83],[-78.464,-3.826],[-78.452,-3.82],[-78.444,-3.815],[-78.42,-3.791],[-78.414,-3.772],[-78.426,-3.707],[-78.426,-3.695],[-78.426,-3.689],[-78.421,-3.688],[-78.408,-3.686],[-78.401,-3.68],[-78.4,-3.67],[-78.404,-3.65],[-78.405,-3.614],[-78.402,-3.594],[-78.396,-3.574],[-78.377,-3.534],[-78.376,-3.529],[-78.363,-3.489],[-78.355,-3.446],[-78.355,-3.435],[-78.361,-3.415],[-78.362,-3.409],[-78.351,-3.39],[-78.334,-3.385],[-78.313,-3.387],[-78.27,-3.4],[-78.257,-3.41],[-78.25,-3.425],[-78.236,-3.489],[-78.226,-3.507],[-78.213,-3.501],[-78.197,-3.488],[-78.179,-3.484],[-78.164,-3.477],[-78.155,-3.457],[-78.157,-3.429],[-78.169,-3.415],[-78.185,-3.404],[-78.197,-3.386],[-78.196,-3.364],[-78.185,-3.35],[-78.148,-3.322],[-78.136,-3.305],[-78.105,-3.245],[-78.091,-3.23],[-78.043,-3.19],[-77.941,-3.055],[-77.868,-2.99],[-77.849,-2.981],[-77.81,-2.967],[-77.783,-2.957],[-77.657,-2.914],[-77.531,-2.87],[-77.405,-2.826],[-77.28,-2.782],[-77.154,-2.738],[-77.028,-2.694],[-76.902,-2.65],[-76.777,-2.606],[-76.685,-2.574],[-76.67,-2.565],[-76.625,-2.538],[-76.569,-2.494],[-76.509,-2.449],[-76.449,-2.403],[-76.39,-2.357],[-76.33,-2.312],[-76.27,-2.266],[-76.211,-2.22],[-76.151,-2.175],[-76.091,-2.129],[-76.041,-2.071],[-75.991,-2.013],[-75.941,-1.954],[-75.891,-1.896],[-75.842,-1.838],[-75.792,-1.78],[-75.742,-1.722],[-75.692,-1.664],[-75.651,-1.617],[-75.597,-1.566],[-75.581,-1.547],[-75.573,-1.537],[-75.56,-1.503],[-75.545,-1.445],[-75.515,-1.327],[-75.485,-1.209],[-75.455,-1.091],[-75.425,-0.973],[-75.413,-0.924],[-75.406,-0.915],[-75.378,-0.941],[-75.364,-0.957],[-75.359,-0.967],[-75.349,-0.975],[-75.326,-0.975],[-75.283,-0.97],[-75.236,-0.97],[-75.227,-0.97],[-75.227,-0.963],[-75.235,-0.953],[-75.244,-0.945],[-75.252,-0.933],[-75.254,-0.924],[-75.252,-0.907],[-75.253,-0.898],[-75.297,-0.747],[-75.297,-0.734],[-75.29,-0.716],[-75.288,-0.706],[-75.289,-0.696],[-75.293,-0.678],[-75.294,-0.668],[-75.289,-0.656],[-75.279,-0.649],[-75.267,-0.643],[-75.258,-0.633],[-75.256,-0.624],[-75.257,-0.617],[-75.259,-0.61],[-75.26,-0.601],[-75.257,-0.562],[-75.261,-0.543],[-75.272,-0.526],[-75.277,-0.524],[-75.286,-0.529],[-75.291,-0.528],[-75.295,-0.523],[-75.3,-0.512],[-75.304,-0.507],[-75.343,-0.477],[-75.347,-0.471],[-75.353,-0.468],[-75.365,-0.469],[-75.376,-0.467],[-75.387,-0.46],[-75.406,-0.442],[-75.434,-0.403],[-75.453,-0.361],[-75.485,-0.248],[-75.496,-0.233],[-75.512,-0.223],[-75.534,-0.216],[-75.546,-0.21],[-75.567,-0.19],[-75.579,-0.183],[-75.589,-0.181],[-75.61,-0.183],[-75.62,-0.181],[-75.629,-0.17],[-75.638,-0.151],[-75.643,-0.129],[-75.638,-0.111],[-75.623,-0.107],[-75.605,-0.111],[-75.587,-0.119],[-75.571,-0.122],[-75.553,-0.12],[-75.539,-0.12],[-75.526,-0.123],[-75.455,-0.161],[-75.429,-0.164],[-75.403,-0.146],[-75.394,-0.145],[-75.36,-0.15],[-75.344,-0.149],[-75.331,-0.145],[-75.318,-0.138],[-75.295,-0.122],[-75.283,-0.107],[-75.268,-0.102],[-75.253,-0.09],[-75.24,-0.075],[-75.235,-0.062],[-75.232,-0.043],[-75.222,-0.032],[-75.207,-0.029],[-75.187,-0.031],[-75.142,-0.043],[-75.121,-0.054],[-75.102,-0.069],[-75.062,-0.123],[-75.051,-0.134],[-75.042,-0.137],[-75.025,-0.138],[-75.015,-0.141],[-75.009,-0.145],[-74.968,-0.19],[-74.955,-0.2],[-74.933,-0.209],[-74.899,-0.217],[-74.883,-0.223],[-74.873,-0.222],[-74.861,-0.213],[-74.837,-0.173],[-74.825,-0.17],[-74.804,-0.189],[-74.789,-0.209],[-74.755,-0.278],[-74.783,-0.299],[-74.791,-0.313],[-74.773,-0.319],[-74.763,-0.32],[-74.743,-0.325],[-74.718,-0.327],[-74.712,-0.33],[-74.708,-0.335],[-74.701,-0.34],[-74.696,-0.345],[-74.693,-0.35],[-74.687,-0.353],[-74.673,-0.354],[-74.668,-0.352],[-74.661,-0.347],[-74.653,-0.342],[-74.642,-0.34],[-74.633,-0.347],[-74.604,-0.395],[-74.562,-0.439],[-74.536,-0.46],[-74.476,-0.496],[-74.464,-0.507],[-74.451,-0.522],[-74.442,-0.536],[-74.437,-0.538],[-74.423,-0.538],[-74.418,-0.543],[-74.416,-0.553],[-74.415,-0.564],[-74.413,-0.573],[-74.365,-0.676],[-74.367,-0.683],[-74.38,-0.694],[-74.385,-0.703],[-74.385,-0.722],[-74.378,-0.737],[-74.344,-0.774],[-74.338,-0.779],[-74.328,-0.782],[-74.311,-0.782],[-74.303,-0.785],[-74.311,-0.801],[-74.305,-0.813],[-74.295,-0.824],[-74.289,-0.836],[-74.295,-0.847],[-74.309,-0.847],[-74.325,-0.845],[-74.338,-0.847],[-74.344,-0.859],[-74.338,-0.868],[-74.313,-0.884],[-74.303,-0.898],[-74.289,-0.943],[-74.267,-0.972],[-74.24,-0.987],[-74.181,-0.998],[-74.12,-1.021],[-74.092,-1.02],[-74.077,-0.991],[-74.065,-1.001],[-74.042,-1.071],[-74.037,-1.08],[-74.029,-1.086],[-74.017,-1.092],[-74.011,-1.09],[-74.006,-1.085],[-73.995,-1.08],[-73.991,-1.075],[-73.988,-1.069],[-73.983,-1.066],[-73.974,-1.073],[-73.973,-1.082],[-73.983,-1.099],[-73.981,-1.107],[-73.968,-1.115],[-73.936,-1.108],[-73.92,-1.114],[-73.914,-1.123],[-73.899,-1.163],[-73.881,-1.191],[-73.871,-1.201],[-73.857,-1.211],[-73.83,-1.22],[-73.814,-1.223],[-73.803,-1.224],[-73.786,-1.214],[-73.77,-1.189],[-73.755,-1.183],[-73.746,-1.201],[-73.732,-1.217],[-73.713,-1.227],[-73.69,-1.231],[-73.679,-1.234],[-73.66,-1.248],[-73.637,-1.255],[-73.631,-1.264],[-73.629,-1.275],[-73.622,-1.291],[-73.62,-1.302],[-73.618,-1.306],[-73.614,-1.307],[-73.601,-1.305],[-73.597,-1.306],[-73.594,-1.313],[-73.592,-1.322],[-73.591,-1.343],[-73.589,-1.35],[-73.584,-1.358],[-73.579,-1.365],[-73.563,-1.372],[-73.568,-1.383],[-73.583,-1.402],[-73.574,-1.417],[-73.537,-1.434],[-73.526,-1.452],[-73.505,-1.467],[-73.497,-1.478],[-73.495,-1.488],[-73.495,-1.498],[-73.494,-1.512],[-73.484,-1.553],[-73.485,-1.572],[-73.509,-1.587],[-73.517,-1.602],[-73.529,-1.635],[-73.531,-1.674],[-73.511,-1.699],[-73.446,-1.738],[-73.445,-1.742],[-73.442,-1.755],[-73.44,-1.759],[-73.435,-1.76],[-73.424,-1.758],[-73.41,-1.76],[-73.399,-1.759],[-73.387,-1.761],[-73.375,-1.769],[-73.351,-1.791],[-73.34,-1.792],[-73.333,-1.781],[-73.317,-1.765],[-73.301,-1.764],[-73.268,-1.772],[-73.261,-1.769],[-73.257,-1.742],[-73.247,-1.742],[-73.22,-1.772],[-73.211,-1.779],[-73.201,-1.783],[-73.193,-1.789],[-73.186,-1.8],[-73.194,-1.837],[-73.188,-1.851],[-73.165,-1.878],[-73.159,-1.895],[-73.161,-1.904],[-73.171,-1.93],[-73.173,-1.944],[-73.169,-1.959],[-73.162,-1.972],[-73.145,-1.998],[-73.138,-2.017],[-73.132,-2.04],[-73.125,-2.061],[-73.111,-2.073],[-73.141,-2.122],[-73.15,-2.144],[-73.186,-2.176],[-73.195,-2.187],[-73.199,-2.194],[-73.2,-2.204],[-73.198,-2.214],[-73.188,-2.229],[-73.186,-2.235],[-73.183,-2.24],[-73.169,-2.25],[-73.166,-2.256],[-73.161,-2.285],[-73.159,-2.293],[-73.142,-2.304],[-73.099,-2.315],[-73.09,-2.324],[-73.084,-2.345],[-73.071,-2.333],[-73.059,-2.311],[-73.056,-2.3],[-72.988,-2.338],[-72.984,-2.343],[-72.97,-2.356],[-72.953,-2.402],[-72.943,-2.419],[-72.935,-2.425],[-72.926,-2.425],[-72.884,-2.417],[-72.87,-2.412],[-72.858,-2.4],[-72.829,-2.39],[-72.805,-2.378],[-72.788,-2.384],[-72.762,-2.402],[-72.759,-2.39],[-72.754,-2.381],[-72.746,-2.373],[-72.734,-2.368],[-72.729,-2.375],[-72.725,-2.383],[-72.722,-2.394],[-72.718,-2.42],[-72.712,-2.422],[-72.696,-2.417],[-72.683,-2.405],[-72.657,-2.35],[-72.644,-2.334],[-72.626,-2.337],[-72.608,-2.346],[-72.563,-2.383],[-72.544,-2.389],[-72.442,-2.405],[-72.433,-2.413],[-72.428,-2.425],[-72.414,-2.437],[-72.397,-2.447],[-72.378,-2.451],[-72.356,-2.449],[-72.316,-2.438],[-72.292,-2.436],[-72.284,-2.433],[-72.281,-2.426],[-72.282,-2.406],[-72.277,-2.402],[-72.251,-2.396],[-72.241,-2.395],[-72.176,-2.41],[-72.161,-2.406],[-72.117,-2.355],[-72.089,-2.331],[-72.062,-2.32],[-72.029,-2.32],[-71.966,-2.328],[-71.949,-2.324],[-71.936,-2.312],[-71.932,-2.29],[-71.924,-2.282],[-71.877,-2.245],[-71.841,-2.19],[-71.836,-2.18],[-71.826,-2.179],[-71.768,-2.142],[-71.746,-2.132],[-71.738,-2.138],[-71.74,-2.173],[-71.731,-2.19],[-71.712,-2.187],[-71.679,-2.17],[-71.655,-2.174],[-71.635,-2.186],[-71.617,-2.2],[-71.596,-2.211],[-71.538,-2.223],[-71.527,-2.232],[-71.522,-2.25],[-71.521,-2.292],[-71.514,-2.307],[-71.498,-2.315],[-71.49,-2.303],[-71.481,-2.266],[-71.467,-2.251],[-71.456,-2.255],[-71.439,-2.286],[-71.415,-2.316],[-71.412,-2.327],[-71.414,-2.335],[-71.428,-2.348],[-71.432,-2.355],[-71.421,-2.376],[-71.387,-2.369],[-71.315,-2.334],[-71.308,-2.348],[-71.289,-2.343],[-71.268,-2.332],[-71.253,-2.327],[-71.242,-2.329],[-71.23,-2.338],[-71.22,-2.342],[-71.209,-2.339],[-71.19,-2.325],[-71.162,-2.31],[-71.143,-2.263],[-71.12,-2.252],[-71.092,-2.247],[-71.079,-2.248],[-71.054,-2.263],[-71.041,-2.265],[-71.03,-2.264],[-71.021,-2.259],[-71.03,-2.234],[-71.032,-2.211],[-71.021,-2.197],[-70.993,-2.197],[-70.95,-2.215],[-70.925,-2.22],[-70.905,-2.211],[-70.874,-2.23],[-70.822,-2.285],[-70.788,-2.307],[-70.751,-2.321],[-70.732,-2.325],[-70.707,-2.328],[-70.701,-2.333],[-70.699,-2.341],[-70.699,-2.37],[-70.695,-2.372],[-70.664,-2.398],[-70.658,-2.409],[-70.656,-2.419],[-70.656,-2.433],[-70.654,-2.445],[-70.648,-2.451],[-70.606,-2.451],[-70.599,-2.447],[-70.598,-2.437],[-70.599,-2.426],[-70.596,-2.417],[-70.579,-2.405],[-70.566,-2.414],[-70.553,-2.428],[-70.538,-2.436],[-70.521,-2.438],[-70.502,-2.444],[-70.484,-2.453],[-70.472,-2.463],[-70.466,-2.474],[-70.463,-2.484],[-70.457,-2.493],[-70.445,-2.499],[-70.435,-2.498],[-70.411,-2.487],[-70.4,-2.485],[-70.379,-2.485],[-70.358,-2.487],[-70.345,-2.497],[-70.35,-2.518],[-70.355,-2.522],[-70.372,-2.528],[-70.376,-2.533],[-70.376,-2.541],[-70.371,-2.55],[-70.365,-2.558],[-70.36,-2.561],[-70.335,-2.554],[-70.315,-2.542],[-70.296,-2.535],[-70.274,-2.546],[-70.261,-2.565],[-70.247,-2.607],[-70.236,-2.625],[-70.218,-2.632],[-70.201,-2.624],[-70.184,-2.62],[-70.164,-2.635],[-70.161,-2.645],[-70.161,-2.655],[-70.16,-2.664],[-70.15,-2.669],[-70.142,-2.667],[-70.136,-2.659],[-70.132,-2.648],[-70.126,-2.639],[-70.106,-2.625],[-70.095,-2.633],[-70.082,-2.677],[-70.076,-2.691],[-70.067,-2.703],[-70.056,-2.712],[-70.05,-2.714],[-70.051,-2.715],[-70.073,-2.751],[-70.152,-2.873],[-70.23,-2.995],[-70.308,-3.118],[-70.387,-3.24],[-70.465,-3.363],[-70.544,-3.485],[-70.622,-3.607],[-70.701,-3.73],[-70.734,-3.782],[-70.691,-3.787],[-70.555,-3.858],[-70.544,-3.865],[-70.491,-3.878],[-70.464,-3.879],[-70.439,-3.868],[-70.399,-3.832],[-70.378,-3.819],[-70.35,-3.816],[-70.311,-3.829],[-70.274,-3.857],[-70.241,-3.891],[-70.217,-3.925],[-70.205,-3.96],[-70.199,-3.996],[-70.188,-4.029],[-70.162,-4.056],[-70.06,-4.107],[-70.031,-4.132],[-70.01,-4.155],[-69.993,-4.181],[-69.965,-4.236],[-69.963,-4.264],[-69.972,-4.291],[-69.989,-4.315],[-70.023,-4.339],[-70.037,-4.341],[-70.051,-4.337],[-70.063,-4.328],[-70.076,-4.316],[-70.081,-4.309],[-70.086,-4.284],[-70.097,-4.266],[-70.117,-4.258],[-70.139,-4.26],[-70.157,-4.27],[-70.17,-4.288],[-70.187,-4.326],[-70.206,-4.343],[-70.217,-4.329],[-70.225,-4.313],[-70.231,-4.304],[-70.239,-4.302],[-70.248,-4.302],[-70.258,-4.299],[-70.307,-4.26],[-70.317,-4.247],[-70.318,-4.229],[-70.309,-4.191],[-70.311,-4.171],[-70.319,-4.156],[-70.331,-4.143],[-70.343,-4.139],[-70.361,-4.168],[-70.374,-4.165],[-70.399,-4.142],[-70.415,-4.136],[-70.43,-4.134],[-70.444,-4.137],[-70.46,-4.145],[-70.501,-4.177],[-70.516,-4.182],[-70.526,-4.176],[-70.529,-4.161],[-70.534,-4.147],[-70.55,-4.141],[-70.566,-4.149],[-70.572,-4.166],[-70.577,-4.184],[-70.585,-4.195],[-70.633,-4.167],[-70.633,-4.152],[-70.63,-4.133],[-70.631,-4.119],[-70.647,-4.116],[-70.663,-4.122],[-70.672,-4.133],[-70.683,-4.164],[-70.694,-4.172],[-70.712,-4.172],[-70.774,-4.155],[-70.785,-4.156],[-70.832,-4.179],[-70.845,-4.191],[-70.848,-4.204],[-70.84,-4.229],[-70.843,-4.238],[-70.858,-4.243],[-70.874,-4.251],[-70.881,-4.266],[-70.887,-4.284],[-70.896,-4.3],[-70.926,-4.329],[-70.939,-4.345],[-70.948,-4.364],[-70.969,-4.385],[-70.99,-4.366],[-71.005,-4.348],[-71.01,-4.37],[-71.029,-4.386],[-71.082,-4.364],[-71.106,-4.374],[-71.12,-4.396],[-71.128,-4.402],[-71.144,-4.399],[-71.152,-4.392],[-71.163,-4.369],[-71.17,-4.363],[-71.186,-4.372],[-71.201,-4.396],[-71.214,-4.411],[-71.242,-4.38],[-71.265,-4.375],[-71.288,-4.381],[-71.305,-4.395],[-71.307,-4.407],[-71.305,-4.417],[-71.305,-4.427],[-71.315,-4.44],[-71.318,-4.439],[-71.324,-4.437],[-71.331,-4.435],[-71.337,-4.438],[-71.346,-4.45],[-71.35,-4.454],[-71.363,-4.459],[-71.371,-4.453],[-71.378,-4.443],[-71.387,-4.435],[-71.401,-4.433],[-71.447,-4.44],[-71.477,-4.441],[-71.492,-4.443],[-71.506,-4.449],[-71.513,-4.457],[-71.519,-4.479],[-71.525,-4.485],[-71.532,-4.485],[-71.558,-4.479],[-71.572,-4.481],[-71.617,-4.5],[-71.613,-4.479],[-71.624,-4.482],[-71.644,-4.502],[-71.657,-4.507],[-71.665,-4.508],[-71.673,-4.504],[-71.683,-4.494],[-71.699,-4.482],[-71.71,-4.485],[-71.721,-4.493],[-71.74,-4.496],[-71.751,-4.492],[-71.774,-4.482],[-71.785,-4.481],[-71.793,-4.485],[-71.796,-4.491],[-71.797,-4.498],[-71.801,-4.502],[-71.808,-4.504],[-71.89,-4.514],[-71.907,-4.518],[-71.933,-4.537],[-71.98,-4.582],[-72.01,-4.592],[-72.026,-4.606],[-72.036,-4.612],[-72.044,-4.614],[-72.054,-4.61],[-72.063,-4.606],[-72.071,-4.605],[-72.079,-4.613],[-72.097,-4.65],[-72.108,-4.664],[-72.127,-4.68],[-72.182,-4.711],[-72.233,-4.748],[-72.251,-4.759],[-72.269,-4.765],[-72.282,-4.765],[-72.32,-4.76],[-72.332,-4.763],[-72.337,-4.77],[-72.339,-4.777],[-72.345,-4.783],[-72.386,-4.794],[-72.397,-4.806],[-72.404,-4.86],[-72.415,-4.876],[-72.431,-4.888],[-72.453,-4.899],[-72.458,-4.9],[-72.472,-4.901],[-72.476,-4.902],[-72.479,-4.908],[-72.48,-4.914],[-72.48,-4.92],[-72.481,-4.923],[-72.486,-4.933],[-72.489,-4.941],[-72.495,-4.947],[-72.51,-4.948],[-72.529,-4.95],[-72.546,-4.958],[-72.562,-4.97],[-72.587,-4.997],[-72.614,-5.01],[-72.627,-5.022],[-72.632,-5.033],[-72.632,-5.043],[-72.635,-5.052],[-72.645,-5.061],[-72.654,-5.063],[-72.708,-5.063],[-72.729,-5.057],[-72.748,-5.055],[-72.76,-5.065],[-72.773,-5.081],[-72.79,-5.089],[-72.831,-5.097],[-72.836,-5.096],[-72.849,-5.092],[-72.854,-5.093],[-72.857,-5.098],[-72.858,-5.112],[-72.859,-5.116],[-72.873,-5.124],[-72.881,-5.125],[-72.894,-5.126],[-72.918,-5.132],[-72.922,-5.147],[-72.915,-5.164],[-72.906,-5.179],[-72.9,-5.195],[-72.895,-5.256],[-72.897,-5.272],[-72.905,-5.286],[-72.916,-5.299],[-72.924,-5.314],[-72.931,-5.356],[-72.935,-5.372],[-72.964,-5.434],[-72.973,-5.466],[-72.969,-5.499],[-72.96,-5.531],[-72.96,-5.559],[-72.977,-5.652],[-72.987,-5.681],[-73.001,-5.709],[-73.106,-5.847],[-73.14,-5.879],[-73.197,-6.005],[-73.219,-6.04],[-73.235,-6.078],[-73.235,-6.124],[-73.226,-6.148],[-73.178,-6.202],[-73.172,-6.22],[-73.162,-6.3],[-73.156,-6.323],[-73.134,-6.368],[-73.127,-6.391],[-73.127,-6.413],[-73.132,-6.435],[-73.148,-6.476],[-73.171,-6.517],[-73.199,-6.546],[-73.234,-6.564],[-73.278,-6.576],[-73.349,-6.576],[-73.371,-6.584],[-73.406,-6.616],[-73.445,-6.64],[-73.513,-6.698],[-73.594,-6.744],[-73.644,-6.784],[-73.672,-6.801],[-73.685,-6.812],[-73.697,-6.837],[-73.707,-6.85],[-73.749,-6.876],[-73.759,-6.887],[-73.765,-6.904],[-73.768,-6.959],[-73.792,-7.05],[-73.807,-7.078],[-73.812,-7.103],[-73.807,-7.118],[-73.804,-7.126],[-73.735,-7.225],[-73.725,-7.268],[-73.716,-7.286],[-73.713,-7.305],[-73.725,-7.325],[-73.741,-7.334],[-73.761,-7.337],[-73.8,-7.336],[-73.826,-7.337],[-73.843,-7.343],[-73.88,-7.365],[-73.902,-7.373],[-73.92,-7.372],[-73.961,-7.356],[-73.983,-7.356],[-73.979,-7.375],[-73.951,-7.423],[-73.944,-7.449],[-73.95,-7.465],[-73.958,-7.48],[-73.959,-7.502],[-73.971,-7.524],[-73.984,-7.529],[-74.018,-7.544],[-74.01,-7.561],[-73.969,-7.585],[-73.839,-7.721],[-73.811,-7.739],[-73.78,-7.753],[-73.742,-7.764],[-73.712,-7.788],[-73.703,-7.828],[-73.714,-7.866],[-73.746,-7.886],[-73.78,-7.874],[-73.795,-7.874],[-73.796,-7.892],[-73.785,-7.94],[-73.779,-7.954],[-73.748,-7.977],[-73.706,-7.994],[-73.668,-8.014],[-73.652,-8.046],[-73.645,-8.068],[-73.612,-8.113],[-73.601,-8.136],[-73.601,-8.155],[-73.606,-8.193],[-73.603,-8.212],[-73.591,-8.235],[-73.562,-8.273],[-73.553,-8.299],[-73.548,-8.34],[-73.541,-8.359],[-73.527,-8.372],[-73.447,-8.416],[-73.437,-8.425],[-73.42,-8.446],[-73.41,-8.456],[-73.401,-8.459],[-73.379,-8.462],[-73.371,-8.465],[-73.356,-8.48],[-73.349,-8.498],[-73.348,-8.518],[-73.358,-8.563],[-73.357,-8.582],[-73.351,-8.598],[-73.308,-8.653],[-73.29,-8.67],[-73.269,-8.682],[-73.211,-8.694],[-73.192,-8.704],[-73.175,-8.721],[-73.163,-8.74],[-73.146,-8.782],[-73.069,-8.894],[-73.054,-8.906],[-73.017,-8.93],[-73.004,-8.944],[-72.976,-8.985],[-72.97,-9.002],[-72.959,-9.086],[-72.964,-9.116],[-72.972,-9.134],[-72.982,-9.147],[-73.028,-9.183],[-73.029,-9.211],[-73.034,-9.223],[-73.048,-9.23],[-73.064,-9.235],[-73.078,-9.237],[-73.09,-9.244],[-73.101,-9.26],[-73.118,-9.292],[-73.141,-9.323],[-73.194,-9.376],[-73.215,-9.409],[-72.813,-9.411],[-72.692,-9.435],[-72.687,-9.437],[-72.678,-9.445],[-72.672,-9.447],[-72.668,-9.445],[-72.66,-9.44],[-72.656,-9.439],[-72.637,-9.443],[-72.596,-9.456],[-72.554,-9.476],[-72.536,-9.482],[-72.491,-9.486],[-72.43,-9.482],[-72.41,-9.486],[-72.39,-9.496],[-72.362,-9.521],[-72.345,-9.533],[-72.335,-9.534],[-72.323,-9.532],[-72.313,-9.533],[-72.307,-9.541],[-72.306,-9.551],[-72.307,-9.58],[-72.304,-9.601],[-72.295,-9.617],[-72.268,-9.65],[-72.262,-9.667],[-72.265,-9.687],[-72.277,-9.724],[-72.265,-9.762],[-72.195,-9.806],[-72.174,-9.846],[-72.171,-9.857],[-72.163,-9.877],[-72.16,-9.888],[-72.163,-9.9],[-72.178,-9.919],[-72.184,-9.929],[-72.186,-9.95],[-72.184,-9.967],[-72.185,-9.985],[-72.196,-10.006],[-72.142,-10.006],[-71.964,-10.006],[-71.785,-10.006],[-71.607,-10.007],[-71.429,-10.007],[-71.391,-10.007],[-71.373,-10.002],[-71.364,-9.995],[-71.36,-9.987],[-71.354,-9.981],[-71.34,-9.98],[-71.329,-9.983],[-71.322,-9.989],[-71.313,-9.994],[-71.3,-9.993],[-71.28,-9.983],[-71.245,-9.956],[-71.197,-9.94],[-71.183,-9.921],[-71.174,-9.897],[-71.161,-9.876],[-71.144,-9.863],[-71.077,-9.834],[-71.015,-9.817],[-70.997,-9.804],[-70.99,-9.792],[-70.978,-9.767],[-70.969,-9.755],[-70.957,-9.745],[-70.932,-9.73],[-70.92,-9.72],[-70.892,-9.679],[-70.875,-9.66],[-70.825,-9.634],[-70.805,-9.618],[-70.768,-9.58],[-70.747,-9.565],[-70.681,-9.528],[-70.662,-9.509],[-70.627,-9.467],[-70.606,-9.449],[-70.587,-9.44],[-70.567,-9.435],[-70.525,-9.431],[-70.524,-9.444],[-70.525,-9.447],[-70.536,-9.464],[-70.538,-9.481],[-70.543,-9.493],[-70.562,-9.502],[-70.56,-9.505],[-70.557,-9.513],[-70.555,-9.516],[-70.568,-9.519],[-70.576,-9.529],[-70.578,-9.542],[-70.565,-9.565],[-70.574,-9.568],[-70.587,-9.566],[-70.593,-9.564],[-70.619,-9.564],[-70.624,-9.566],[-70.615,-9.584],[-70.607,-9.617],[-70.601,-9.635],[-70.59,-9.65],[-70.56,-9.673],[-70.549,-9.688],[-70.542,-9.708],[-70.543,-9.727],[-70.551,-9.744],[-70.563,-9.761],[-70.567,-9.767],[-70.569,-9.779],[-70.574,-9.785],[-70.58,-9.786],[-70.59,-9.779],[-70.595,-9.779],[-70.605,-9.785],[-70.615,-9.792],[-70.623,-9.801],[-70.629,-9.812],[-70.638,-9.852],[-70.639,-9.912],[-70.639,-9.956],[-70.639,-10.039],[-70.639,-10.166],[-70.639,-10.294],[-70.64,-10.421],[-70.64,-10.548],[-70.641,-10.675],[-70.641,-10.803],[-70.641,-10.93],[-70.641,-11.011],[-70.556,-10.943],[-70.534,-10.938],[-70.507,-10.961],[-70.462,-11.014],[-70.437,-11.037],[-70.391,-11.059],[-70.341,-11.067],[-70.289,-11.065],[-70.239,-11.055],[-70.199,-11.041],[-69.956,-10.919],[-69.914,-10.921],[-69.895,-10.927],[-69.876,-10.928],[-69.835,-10.925],[-69.808,-10.927],[-69.791,-10.934],[-69.753,-10.958],[-69.72,-10.965],[-69.596,-10.952],[-69.578,-10.952],[-69.574,-10.959],[-69.571,-10.965],[-69.567,-10.971],[-69.563,-10.977],[-69.56,-10.983],[-69.556,-10.989],[-69.552,-10.996],[-69.549,-11.002],[-69.445,-11.183],[-69.34,-11.364],[-69.236,-11.545],[-69.132,-11.726],[-69.027,-11.907],[-68.923,-12.088],[-68.819,-12.269],[-68.714,-12.45],[-68.689,-12.493],[-68.684,-12.502],[-68.694,-12.507],[-68.7,-12.516],[-68.706,-12.536],[-68.715,-12.551],[-68.726,-12.566],[-68.74,-12.579],[-68.77,-12.594],[-68.784,-12.606],[-68.793,-12.62],[-68.795,-12.637],[-68.785,-12.646],[-68.753,-12.655],[-68.743,-12.666],[-68.766,-12.711],[-68.774,-12.719],[-68.856,-12.741],[-68.877,-12.755],[-68.892,-12.776],[-68.905,-12.804],[-68.927,-12.801],[-68.939,-12.82],[-68.949,-12.844],[-68.981,-12.868],[-68.987,-12.89],[-68.986,-12.933],[-68.974,-13.032],[-68.972,-13.046],[-68.98,-13.165],[-68.977,-13.205],[-68.963,-13.284],[-68.974,-13.479],[-68.971,-13.501],[-68.977,-13.526],[-68.986,-13.55],[-68.994,-13.563],[-69.015,-13.585],[-69.023,-13.597],[-69.026,-13.611],[-69.024,-13.623],[-69.024,-13.635],[-69.033,-13.646],[-69.044,-13.648],[-69.075,-13.643],[-69.088,-13.644],[-69.102,-13.667],[-69.081,-13.695],[-69.027,-13.738],[-69.016,-13.753],[-69.016,-13.765],[-69.021,-13.776],[-69.024,-13.792],[-69.023,-13.806],[-69.01,-13.844],[-68.993,-13.87],[-68.989,-13.904],[-68.989,-13.94],[-68.983,-13.972],[-68.97,-13.991],[-68.916,-14.025],[-68.906,-14.039],[-68.9,-14.055],[-68.894,-14.089],[-68.869,-14.156],[-68.864,-14.191],[-68.884,-14.211],[-68.951,-14.22],[-68.985,-14.228],[-69.01,-14.246],[-69.016,-14.263],[-69.017,-14.282],[-69.016,-14.321],[-69.008,-14.339],[-68.995,-14.359],[-68.99,-14.379],[-69.01,-14.397],[-69.075,-14.432],[-69.095,-14.446],[-69.134,-14.491],[-69.141,-14.494],[-69.158,-14.498],[-69.164,-14.503],[-69.167,-14.52],[-69.165,-14.566],[-69.17,-14.578],[-69.192,-14.577],[-69.215,-14.572],[-69.235,-14.574],[-69.247,-14.594],[-69.254,-14.722],[-69.268,-14.751],[-69.284,-14.76],[-69.339,-14.775],[-69.361,-14.788],[-69.371,-14.802],[-69.372,-14.819],[-69.368,-14.901],[-69.37,-14.908],[-69.386,-14.946],[-69.391,-14.964],[-69.384,-14.982],[-69.363,-15.001],[-69.346,-15.016],[-69.289,-15.102],[-69.272,-15.118],[-69.213,-15.161],[-69.196,-15.177],[-69.172,-15.211],[-69.148,-15.233],[-69.15,-15.252],[-69.166,-15.264],[-69.19,-15.262],[-69.209,-15.264],[-69.223,-15.302],[-69.256,-15.313],[-69.275,-15.33],[-69.291,-15.351],[-69.297,-15.367],[-69.285,-15.397],[-69.286,-15.405],[-69.293,-15.41],[-69.32,-15.419],[-69.33,-15.424],[-69.343,-15.442],[-69.349,-15.462],[-69.351,-15.482],[-69.356,-15.501],[-69.421,-15.596],[-69.43,-15.626],[-69.424,-15.656],[-69.412,-15.686],[-69.37,-15.789],[-69.327,-15.892],[-69.285,-15.995],[-69.242,-16.098],[-69.22,-16.153],[-69.185,-16.195],[-69.166,-16.21],[-69.145,-16.223],[-69.121,-16.231],[-69.095,-16.231],[-69.084,-16.227],[-69.065,-16.212],[-69.054,-16.208],[-69.043,-16.209],[-69.01,-16.219],[-68.982,-16.21],[-68.96,-16.223],[-68.919,-16.267],[-68.867,-16.287],[-68.844,-16.302],[-68.833,-16.329],[-68.856,-16.363],[-68.968,-16.406],[-69.002,-16.423],[-69.028,-16.454],[-69.037,-16.471],[-69.039,-16.492],[-69.038,-16.55],[-69.04,-16.581],[-69.035,-16.598],[-69.008,-16.634],[-69.021,-16.649],[-69.037,-16.67],[-69.054,-16.682],[-69.112,-16.711],[-69.131,-16.716],[-69.166,-16.719],[-69.182,-16.729],[-69.192,-16.743],[-69.211,-16.797],[-69.224,-16.818],[-69.326,-16.922],[-69.352,-16.978],[-69.364,-16.991],[-69.407,-17.016],[-69.414,-17.022],[-69.417,-17.032],[-69.413,-17.038],[-69.406,-17.041],[-69.401,-17.047],[-69.406,-17.063],[-69.427,-17.087],[-69.454,-17.097],[-69.483,-17.102],[-69.51,-17.112],[-69.541,-17.132],[-69.595,-17.18],[-69.601,-17.182],[-69.618,-17.184],[-69.623,-17.186],[-69.634,-17.207],[-69.649,-17.263],[-69.666,-17.288],[-69.664,-17.289],[-69.613,-17.295],[-69.597,-17.3],[-69.557,-17.331],[-69.537,-17.351],[-69.523,-17.369],[-69.511,-17.399],[-69.508,-17.434],[-69.51,-17.505],[-69.51,-17.507]]],[[[-76.195,-14.263],[-76.189,-14.275],[-76.186,-14.283],[-76.176,-14.288],[-76.18,-14.295],[-76.191,-14.293],[-76.207,-14.282],[-76.22,-14.275],[-76.22,-14.263],[-76.212,-14.259],[-76.195,-14.263]]],[[[-76.444,-13.83],[-76.437,-13.834],[-76.437,-13.844],[-76.441,-13.854],[-76.451,-13.856],[-76.462,-13.856],[-76.47,-13.854],[-76.468,-13.842],[-76.459,-13.833],[-76.457,-13.823],[-76.446,-13.824],[-76.444,-13.83]]],[[[-77.233,-12.065],[-77.194,-12.1],[-77.185,-12.109],[-77.182,-12.116],[-77.192,-12.113],[-77.204,-12.115],[-77.218,-12.106],[-77.237,-12.093],[-77.248,-12.077],[-77.254,-12.063],[-77.244,-12.059],[-77.233,-12.065]]],[[[-80.843,-6.382],[-80.849,-6.389],[-80.855,-6.406],[-80.85,-6.419],[-80.842,-6.429],[-80.841,-6.441],[-80.842,-6.458],[-80.84,-6.475],[-80.851,-6.477],[-80.864,-6.476],[-80.867,-6.467],[-80.864,-6.456],[-80.867,-6.441],[-80.875,-6.433],[-80.868,-6.425],[-80.865,-6.41],[-80.853,-6.375],[-80.843,-6.382]]]]}},{"type":"Feature","properties":{"iso":"SUR","nombre":"SURINAM"},"geometry":{"type":"Polygon","coordinates":[[[-54.081,3.309],[-54.114,3.285],[-54.14,3.245],[-54.177,3.201],[-54.19,3.178],[-54.211,3.127],[-54.188,3.131],[-54.177,3.117],[-54.175,3.094],[-54.177,3.073],[-54.179,3.07],[-54.184,3.068],[-54.188,3.065],[-54.191,3.059],[-54.189,3.058],[-54.179,3.052],[-54.177,3.049],[-54.171,3.025],[-54.169,3.011],[-54.174,3.005],[-54.185,2.998],[-54.18,2.984],[-54.169,2.971],[-54.163,2.97],[-54.163,2.956],[-54.17,2.925],[-54.173,2.92],[-54.187,2.899],[-54.191,2.888],[-54.191,2.877],[-54.19,2.871],[-54.183,2.864],[-54.17,2.853],[-54.182,2.847],[-54.189,2.838],[-54.205,2.792],[-54.213,2.776],[-54.285,2.678],[-54.32,2.607],[-54.359,2.508],[-54.376,2.484],[-54.423,2.436],[-54.435,2.431],[-54.451,2.429],[-54.473,2.429],[-54.483,2.423],[-54.493,2.417],[-54.52,2.349],[-54.532,2.34],[-54.551,2.338],[-54.585,2.348],[-54.599,2.346],[-54.615,2.326],[-54.634,2.32],[-54.653,2.317],[-54.673,2.316],[-54.692,2.319],[-54.704,2.325],[-54.707,2.333],[-54.705,2.343],[-54.707,2.353],[-54.716,2.376],[-54.71,2.395],[-54.707,2.396],[-54.702,2.396],[-54.697,2.397],[-54.696,2.404],[-54.697,2.409],[-54.701,2.42],[-54.703,2.426],[-54.703,2.446],[-54.708,2.45],[-54.721,2.458],[-54.743,2.467],[-54.76,2.466],[-54.775,2.457],[-54.792,2.448],[-54.842,2.433],[-54.88,2.447],[-54.979,2.543],[-54.983,2.552],[-54.98,2.566],[-54.96,2.586],[-54.954,2.599],[-54.959,2.609],[-54.977,2.607],[-55.018,2.591],[-55.038,2.578],[-55.076,2.545],[-55.112,2.528],[-55.121,2.525],[-55.129,2.526],[-55.137,2.534],[-55.133,2.553],[-55.138,2.562],[-55.172,2.559],[-55.252,2.498],[-55.275,2.499],[-55.287,2.514],[-55.303,2.52],[-55.321,2.518],[-55.338,2.511],[-55.355,2.495],[-55.36,2.476],[-55.363,2.458],[-55.371,2.443],[-55.4,2.43],[-55.436,2.431],[-55.474,2.436],[-55.511,2.436],[-55.568,2.431],[-55.587,2.434],[-55.608,2.434],[-55.645,2.417],[-55.724,2.397],[-55.744,2.401],[-55.755,2.409],[-55.766,2.431],[-55.774,2.44],[-55.783,2.445],[-55.854,2.463],[-55.871,2.471],[-55.925,2.516],[-55.947,2.528],[-55.971,2.53],[-55.983,2.526],[-55.989,2.521],[-55.997,2.503],[-56.008,2.461],[-56.008,2.416],[-56.013,2.399],[-56.043,2.355],[-56.05,2.347],[-56.062,2.342],[-56.073,2.342],[-56.082,2.348],[-56.091,2.352],[-56.104,2.349],[-56.117,2.333],[-56.132,2.304],[-56.144,2.275],[-56.147,2.256],[-56.135,2.249],[-56.091,2.246],[-56.073,2.242],[-56.054,2.224],[-56.045,2.185],[-56.031,2.163],[-56.004,2.145],[-55.996,2.137],[-55.96,2.091],[-55.926,2.062],[-55.918,2.05],[-55.915,2.038],[-55.917,2.029],[-55.92,2.019],[-55.924,2.007],[-55.922,1.962],[-55.917,1.922],[-55.922,1.886],[-55.954,1.853],[-56.02,1.834],[-56.083,1.847],[-56.145,1.872],[-56.21,1.889],[-56.258,1.886],[-56.274,1.888],[-56.293,1.895],[-56.329,1.918],[-56.348,1.927],[-56.367,1.929],[-56.397,1.922],[-56.415,1.92],[-56.43,1.923],[-56.482,1.942],[-56.485,1.953],[-56.491,1.963],[-56.5,1.97],[-56.521,1.977],[-56.529,1.982],[-56.536,1.989],[-56.542,1.997],[-56.58,2.017],[-56.678,2.018],[-56.705,2.03],[-56.801,2.166],[-56.809,2.196],[-56.816,2.218],[-56.826,2.262],[-56.839,2.281],[-56.848,2.286],[-56.871,2.29],[-56.88,2.295],[-56.884,2.304],[-56.884,2.34],[-56.895,2.362],[-56.931,2.393],[-56.938,2.411],[-56.932,2.426],[-56.93,2.436],[-56.935,2.446],[-56.952,2.461],[-56.956,2.47],[-56.96,2.484],[-56.958,2.493],[-56.953,2.505],[-56.951,2.515],[-56.96,2.525],[-56.98,2.51],[-56.994,2.505],[-57.001,2.514],[-56.995,2.548],[-56.997,2.555],[-57.022,2.585],[-57.027,2.594],[-57.028,2.611],[-57.023,2.624],[-57.02,2.635],[-57.027,2.648],[-57.048,2.636],[-57.056,2.642],[-57.062,2.682],[-57.072,2.7],[-57.098,2.727],[-57.103,2.74],[-57.099,2.75],[-57.092,2.763],[-57.09,2.774],[-57.1,2.779],[-57.134,2.773],[-57.137,2.771],[-57.144,2.79],[-57.126,2.826],[-57.133,2.833],[-57.145,2.83],[-57.165,2.821],[-57.175,2.819],[-57.187,2.823],[-57.191,2.833],[-57.194,2.842],[-57.202,2.846],[-57.206,2.857],[-57.22,2.908],[-57.21,2.918],[-57.195,2.931],[-57.184,2.945],[-57.189,2.96],[-57.222,2.963],[-57.235,2.97],[-57.226,2.983],[-57.221,2.993],[-57.222,3],[-57.225,3.009],[-57.226,3.021],[-57.223,3.025],[-57.209,3.024],[-57.206,3.028],[-57.207,3.036],[-57.212,3.048],[-57.213,3.056],[-57.222,3.078],[-57.239,3.094],[-57.249,3.112],[-57.233,3.142],[-57.237,3.143],[-57.237,3.144],[-57.238,3.145],[-57.239,3.148],[-57.246,3.142],[-57.255,3.136],[-57.265,3.133],[-57.275,3.134],[-57.286,3.142],[-57.284,3.149],[-57.278,3.157],[-57.275,3.169],[-57.286,3.192],[-57.288,3.203],[-57.287,3.215],[-57.282,3.236],[-57.28,3.248],[-57.284,3.26],[-57.29,3.268],[-57.292,3.276],[-57.284,3.289],[-57.283,3.295],[-57.28,3.33],[-57.284,3.344],[-57.308,3.395],[-57.34,3.37],[-57.367,3.366],[-57.393,3.374],[-57.425,3.387],[-57.424,3.369],[-57.431,3.361],[-57.459,3.353],[-57.462,3.35],[-57.469,3.343],[-57.476,3.339],[-57.48,3.343],[-57.482,3.349],[-57.488,3.352],[-57.496,3.353],[-57.504,3.353],[-57.51,3.358],[-57.522,3.365],[-57.535,3.368],[-57.545,3.348],[-57.554,3.347],[-57.565,3.35],[-57.596,3.367],[-57.613,3.377],[-57.641,3.382],[-57.65,3.386],[-57.655,3.39],[-57.658,3.395],[-57.663,3.407],[-57.665,3.418],[-57.664,3.426],[-57.659,3.444],[-57.658,3.451],[-57.661,3.463],[-57.661,3.47],[-57.645,3.499],[-57.644,3.517],[-57.66,3.535],[-57.681,3.547],[-57.685,3.549],[-57.687,3.552],[-57.698,3.554],[-57.703,3.556],[-57.707,3.561],[-57.709,3.564],[-57.71,3.568],[-57.717,3.582],[-57.722,3.6],[-57.726,3.607],[-57.764,3.632],[-57.813,3.652],[-57.83,3.662],[-57.841,3.681],[-57.847,3.702],[-57.85,3.747],[-57.854,3.767],[-57.875,3.812],[-57.926,3.886],[-57.942,3.905],[-58.008,3.957],[-58.032,3.988],[-58.042,4.023],[-58.055,4.108],[-58.068,4.151],[-58.066,4.172],[-58.052,4.193],[-57.965,4.282],[-57.954,4.299],[-57.947,4.319],[-57.945,4.344],[-57.948,4.36],[-57.953,4.376],[-57.957,4.391],[-57.953,4.41],[-57.943,4.425],[-57.931,4.438],[-57.922,4.451],[-57.914,4.484],[-57.896,4.529],[-57.879,4.557],[-57.863,4.608],[-57.845,4.634],[-57.837,4.651],[-57.836,4.67],[-57.844,4.688],[-57.871,4.722],[-57.885,4.763],[-57.901,4.774],[-57.918,4.782],[-57.925,4.796],[-57.919,4.83],[-57.902,4.853],[-57.884,4.872],[-57.871,4.889],[-57.85,4.923],[-57.843,4.93],[-57.83,4.933],[-57.821,4.93],[-57.811,4.926],[-57.798,4.923],[-57.774,4.926],[-57.762,4.936],[-57.747,4.964],[-57.72,4.99],[-57.687,5.006],[-57.649,5.008],[-57.61,4.991],[-57.566,5.007],[-57.543,5.011],[-57.518,5.012],[-57.512,5.009],[-57.497,4.995],[-57.49,4.991],[-57.477,4.992],[-57.46,4.998],[-57.381,5.006],[-57.356,5.012],[-57.346,5.017],[-57.338,5.021],[-57.329,5.024],[-57.315,5.026],[-57.306,5.024],[-57.299,5.021],[-57.29,5.02],[-57.28,5.026],[-57.317,5.059],[-57.321,5.07],[-57.32,5.083],[-57.317,5.095],[-57.302,5.128],[-57.296,5.157],[-57.289,5.171],[-57.278,5.177],[-57.26,5.176],[-57.247,5.172],[-57.239,5.162],[-57.233,5.142],[-57.218,5.149],[-57.202,5.158],[-57.19,5.169],[-57.185,5.183],[-57.192,5.203],[-57.226,5.244],[-57.233,5.261],[-57.233,5.263],[-57.238,5.269],[-57.248,5.272],[-57.259,5.271],[-57.267,5.266],[-57.269,5.257],[-57.264,5.247],[-57.254,5.235],[-57.256,5.228],[-57.263,5.224],[-57.272,5.223],[-57.28,5.225],[-57.285,5.231],[-57.287,5.239],[-57.289,5.309],[-57.292,5.311],[-57.298,5.311],[-57.308,5.313],[-57.323,5.308],[-57.332,5.308],[-57.336,5.317],[-57.332,5.328],[-57.324,5.339],[-57.275,5.387],[-57.265,5.403],[-57.261,5.427],[-57.26,5.448],[-57.257,5.464],[-57.248,5.485],[-57.234,5.499],[-57.225,5.508],[-57.193,5.52],[-57.18,5.531],[-57.17,5.543],[-57.164,5.557],[-57.14,5.665],[-57.135,5.76],[-57.128,5.793],[-57.126,5.818],[-57.114,5.859],[-57.102,5.886],[-57.076,5.93],[-57.072,5.941],[-57.066,5.95],[-57.058,5.956],[-57.035,5.96],[-57.028,5.964],[-57.023,5.969],[-57.017,5.971],[-57.013,5.974],[-57,5.988],[-56.994,5.993],[-56.985,5.996],[-56.975,5.998],[-56.964,6.009],[-56.957,6.012],[-56.929,6.004],[-56.867,5.99],[-56.83,5.986],[-56.781,5.986],[-56.703,5.982],[-56.66,5.98],[-56.642,5.973],[-56.611,5.954],[-56.593,5.946],[-56.574,5.941],[-56.527,5.937],[-56.418,5.911],[-56.355,5.895],[-56.304,5.893],[-56.257,5.88],[-56.223,5.871],[-56.192,5.863],[-56.124,5.848],[-56.083,5.834],[-56.059,5.828],[-56.038,5.824],[-55.999,5.811],[-55.936,5.805],[-55.918,5.785],[-55.904,5.776],[-55.898,5.763],[-55.898,5.677],[-55.897,5.677],[-55.89,5.677],[-55.885,5.692],[-55.883,5.708],[-55.884,5.742],[-55.887,5.759],[-55.905,5.797],[-55.915,5.822],[-55.9,5.842],[-55.91,5.851],[-55.922,5.85],[-55.934,5.85],[-55.948,5.862],[-55.951,5.882],[-55.947,5.896],[-55.93,5.918],[-55.924,5.928],[-55.91,5.942],[-55.901,5.952],[-55.886,5.963],[-55.868,5.97],[-55.844,5.976],[-55.82,5.977],[-55.729,5.981],[-55.679,5.985],[-55.637,5.986],[-55.395,5.974],[-55.336,5.963],[-55.308,5.943],[-55.292,5.937],[-55.271,5.93],[-55.264,5.926],[-55.253,5.918],[-55.243,5.909],[-55.233,5.903],[-55.23,5.902],[-55.221,5.9],[-55.213,5.9],[-55.202,5.899],[-55.188,5.897],[-55.177,5.901],[-55.164,5.907],[-55.148,5.908],[-55.131,5.896],[-55.111,5.881],[-55.103,5.866],[-55.115,5.837],[-55.13,5.821],[-55.129,5.821],[-55.101,5.83],[-55.092,5.853],[-55.091,5.875],[-55.086,5.883],[-55.063,5.883],[-55.03,5.86],[-55.01,5.856],[-54.997,5.858],[-54.989,5.864],[-54.981,5.865],[-54.959,5.852],[-54.95,5.85],[-54.942,5.852],[-54.932,5.856],[-54.924,5.86],[-54.919,5.867],[-54.912,5.873],[-54.9,5.875],[-54.891,5.873],[-54.881,5.868],[-54.863,5.856],[-54.868,5.864],[-54.874,5.872],[-54.882,5.878],[-54.89,5.883],[-54.903,5.885],[-54.913,5.884],[-54.922,5.877],[-54.933,5.87],[-54.956,5.868],[-54.972,5.877],[-54.986,5.88],[-55.002,5.871],[-55.017,5.872],[-55.032,5.884],[-55.047,5.892],[-55.105,5.909],[-55.126,5.919],[-55.143,5.93],[-55.15,5.941],[-55.154,5.951],[-55.16,5.958],[-55.153,5.969],[-55.144,5.974],[-55.117,5.985],[-55.085,5.991],[-55.045,5.993],[-55.014,5.993],[-54.774,5.985],[-54.755,5.981],[-54.713,5.976],[-54.674,5.969],[-54.472,5.941],[-54.349,5.914],[-54.253,5.895],[-54.169,5.868],[-54.097,5.847],[-54.074,5.845],[-54.062,5.841],[-54.037,5.842],[-54.031,5.834],[-54.02,5.83],[-54.015,5.82],[-54.016,5.81],[-53.992,5.763],[-53.986,5.746],[-53.996,5.735],[-54.02,5.689],[-54.031,5.669],[-54.036,5.63],[-54.05,5.552],[-54.061,5.513],[-54.074,5.49],[-54.092,5.468],[-54.109,5.453],[-54.118,5.443],[-54.123,5.433],[-54.129,5.414],[-54.171,5.348],[-54.19,5.326],[-54.269,5.269],[-54.311,5.226],[-54.321,5.212],[-54.332,5.196],[-54.344,5.156],[-54.35,5.15],[-54.365,5.139],[-54.37,5.132],[-54.372,5.121],[-54.376,5.115],[-54.43,5.053],[-54.449,5.024],[-54.455,5.009],[-54.458,4.991],[-54.449,4.951],[-54.451,4.937],[-54.456,4.931],[-54.482,4.913],[-54.487,4.903],[-54.485,4.893],[-54.479,4.879],[-54.479,4.755],[-54.475,4.742],[-54.467,4.736],[-54.457,4.733],[-54.447,4.728],[-54.435,4.709],[-54.435,4.692],[-54.439,4.673],[-54.438,4.649],[-54.425,4.616],[-54.423,4.604],[-54.423,4.563],[-54.428,4.546],[-54.448,4.51],[-54.451,4.484],[-54.433,4.376],[-54.403,4.313],[-54.394,4.27],[-54.393,4.244],[-54.4,4.227],[-54.411,4.209],[-54.407,4.192],[-54.395,4.178],[-54.382,4.17],[-54.349,4.161],[-54.339,4.152],[-54.335,4.132],[-54.338,4.117],[-54.351,4.082],[-54.355,4.067],[-54.354,4.042],[-54.344,4.025],[-54.31,3.994],[-54.304,3.984],[-54.293,3.95],[-54.286,3.941],[-54.273,3.93],[-54.266,3.923],[-54.241,3.876],[-54.222,3.866],[-54.218,3.858],[-54.215,3.858],[-54.207,3.846],[-54.197,3.827],[-54.187,3.815],[-54.182,3.811],[-54.17,3.806],[-54.136,3.796],[-54.126,3.789],[-54.105,3.758],[-54.094,3.747],[-54.074,3.676],[-54.051,3.641],[-54.05,3.635],[-54.039,3.636],[-54.028,3.64],[-54.018,3.641],[-54.009,3.638],[-53.995,3.624],[-53.989,3.611],[-53.99,3.596],[-53.998,3.573],[-54.006,3.531],[-54.003,3.455],[-54.019,3.415],[-54.056,3.378],[-54.06,3.364],[-54.063,3.347],[-54.069,3.327],[-54.08,3.31],[-54.081,3.309]]]}},{"type":"Feature","properties":{"iso":"GUY","nombre":"GUYANA"},"geometry":{"type":"MultiPolygon","coordinates":[[[[-56.482,1.942],[-56.529,1.924],[-56.559,1.907],[-56.575,1.905],[-56.59,1.913],[-56.604,1.925],[-56.62,1.935],[-56.64,1.937],[-56.656,1.93],[-56.67,1.92],[-56.684,1.912],[-56.704,1.913],[-56.724,1.916],[-56.738,1.913],[-56.781,1.879],[-56.793,1.874],[-56.806,1.874],[-56.878,1.886],[-56.891,1.89],[-56.907,1.903],[-56.913,1.913],[-56.922,1.918],[-56.944,1.918],[-56.977,1.915],[-56.993,1.915],[-57.011,1.919],[-57.037,1.932],[-57.056,1.948],[-57.068,1.969],[-57.074,1.997],[-57.104,2.021],[-57.153,2.002],[-57.238,1.949],[-57.259,1.952],[-57.295,1.975],[-57.319,1.977],[-57.341,1.969],[-57.356,1.955],[-57.369,1.94],[-57.385,1.925],[-57.406,1.914],[-57.42,1.909],[-57.429,1.9],[-57.454,1.834],[-57.465,1.816],[-57.531,1.732],[-57.561,1.709],[-57.608,1.697],[-57.639,1.696],[-57.723,1.712],[-57.759,1.713],[-57.791,1.705],[-57.871,1.669],[-57.905,1.649],[-57.922,1.642],[-57.939,1.643],[-57.969,1.655],[-57.985,1.658],[-57.991,1.65],[-57.99,1.635],[-57.984,1.604],[-57.987,1.587],[-57.994,1.568],[-58.011,1.536],[-58.027,1.517],[-58.069,1.509],[-58.116,1.511],[-58.149,1.519],[-58.156,1.527],[-58.163,1.549],[-58.171,1.559],[-58.187,1.568],[-58.198,1.566],[-58.207,1.56],[-58.22,1.556],[-58.239,1.557],[-58.261,1.56],[-58.282,1.567],[-58.299,1.575],[-58.306,1.583],[-58.316,1.599],[-58.32,1.601],[-58.332,1.593],[-58.339,1.58],[-58.344,1.565],[-58.351,1.553],[-58.36,1.547],[-58.383,1.537],[-58.39,1.531],[-58.392,1.521],[-58.386,1.5],[-58.386,1.49],[-58.413,1.472],[-58.426,1.47],[-58.499,1.457],[-58.502,1.454],[-58.514,1.439],[-58.507,1.418],[-58.488,1.379],[-58.482,1.358],[-58.481,1.334],[-58.488,1.316],[-58.519,1.267],[-58.527,1.267],[-58.535,1.272],[-58.543,1.274],[-58.543,1.276],[-58.547,1.28],[-58.552,1.285],[-58.557,1.287],[-58.561,1.285],[-58.574,1.275],[-58.581,1.273],[-58.683,1.282],[-58.698,1.281],[-58.709,1.272],[-58.737,1.232],[-58.753,1.215],[-58.772,1.201],[-58.796,1.192],[-58.816,1.187],[-58.834,1.186],[-58.852,1.189],[-58.872,1.197],[-58.898,1.218],[-58.906,1.239],[-58.912,1.26],[-58.927,1.284],[-58.946,1.299],[-58.966,1.31],[-58.972,1.312],[-59.011,1.328],[-59.178,1.357],[-59.242,1.378],[-59.26,1.387],[-59.272,1.404],[-59.294,1.452],[-59.302,1.463],[-59.32,1.474],[-59.325,1.491],[-59.327,1.51],[-59.339,1.525],[-59.348,1.526],[-59.368,1.52],[-59.38,1.523],[-59.384,1.528],[-59.391,1.544],[-59.395,1.549],[-59.4,1.552],[-59.412,1.553],[-59.417,1.555],[-59.426,1.566],[-59.446,1.601],[-59.455,1.611],[-59.486,1.636],[-59.503,1.658],[-59.531,1.703],[-59.551,1.721],[-59.573,1.727],[-59.591,1.725],[-59.608,1.72],[-59.628,1.719],[-59.64,1.722],[-59.65,1.727],[-59.659,1.734],[-59.681,1.757],[-59.682,1.766],[-59.666,1.787],[-59.645,1.828],[-59.646,1.84],[-59.649,1.841],[-59.655,1.84],[-59.668,1.843],[-59.706,1.857],[-59.717,1.858],[-59.738,1.851],[-59.75,1.851],[-59.759,1.862],[-59.764,1.883],[-59.765,1.905],[-59.765,1.921],[-59.761,1.932],[-59.748,1.951],[-59.744,1.962],[-59.743,1.971],[-59.745,1.997],[-59.744,2.006],[-59.738,2.022],[-59.737,2.03],[-59.74,2.041],[-59.751,2.062],[-59.753,2.075],[-59.75,2.086],[-59.739,2.104],[-59.735,2.114],[-59.736,2.124],[-59.745,2.154],[-59.746,2.191],[-59.74,2.229],[-59.742,2.264],[-59.763,2.288],[-59.772,2.29],[-59.792,2.291],[-59.801,2.293],[-59.814,2.299],[-59.844,2.325],[-59.884,2.346],[-59.903,2.36],[-59.913,2.379],[-59.912,2.388],[-59.902,2.405],[-59.902,2.416],[-59.904,2.426],[-59.905,2.448],[-59.907,2.459],[-59.936,2.524],[-59.94,2.543],[-59.939,2.555],[-59.941,2.563],[-59.949,2.58],[-59.953,2.584],[-59.966,2.589],[-59.971,2.593],[-59.97,2.596],[-59.965,2.608],[-59.965,2.613],[-59.996,2.675],[-60,2.694],[-59.994,2.857],[-59.973,2.939],[-59.97,2.96],[-59.974,3.018],[-59.969,3.043],[-59.959,3.066],[-59.933,3.11],[-59.927,3.114],[-59.921,3.117],[-59.915,3.12],[-59.912,3.126],[-59.913,3.133],[-59.92,3.144],[-59.922,3.15],[-59.918,3.153],[-59.906,3.155],[-59.903,3.159],[-59.905,3.165],[-59.914,3.175],[-59.917,3.181],[-59.917,3.194],[-59.912,3.202],[-59.904,3.208],[-59.898,3.217],[-59.884,3.263],[-59.88,3.273],[-59.854,3.315],[-59.843,3.349],[-59.84,3.35],[-59.834,3.35],[-59.827,3.352],[-59.822,3.357],[-59.821,3.363],[-59.827,3.377],[-59.828,3.383],[-59.824,3.432],[-59.841,3.425],[-59.839,3.443],[-59.821,3.484],[-59.83,3.51],[-59.848,3.53],[-59.863,3.552],[-59.863,3.582],[-59.838,3.609],[-59.756,3.638],[-59.718,3.673],[-59.695,3.683],[-59.686,3.69],[-59.68,3.702],[-59.68,3.71],[-59.681,3.719],[-59.68,3.731],[-59.672,3.756],[-59.659,3.769],[-59.618,3.787],[-59.599,3.802],[-59.595,3.817],[-59.6,3.833],[-59.603,3.856],[-59.596,3.876],[-59.582,3.899],[-59.563,3.918],[-59.545,3.926],[-59.535,3.927],[-59.529,3.932],[-59.528,3.94],[-59.53,3.949],[-59.537,3.958],[-59.549,3.962],[-59.58,3.967],[-59.59,3.967],[-59.596,3.971],[-59.595,3.996],[-59.6,4.002],[-59.606,4.007],[-59.62,4.033],[-59.654,4.064],[-59.663,4.08],[-59.66,4.103],[-59.649,4.12],[-59.646,4.134],[-59.667,4.151],[-59.71,4.164],[-59.727,4.176],[-59.738,4.203],[-59.74,4.214],[-59.741,4.222],[-59.738,4.24],[-59.736,4.246],[-59.727,4.258],[-59.724,4.264],[-59.727,4.271],[-59.737,4.282],[-59.738,4.287],[-59.728,4.305],[-59.694,4.341],[-59.687,4.364],[-59.687,4.371],[-59.687,4.381],[-59.69,4.384],[-59.702,4.386],[-59.714,4.389],[-59.722,4.398],[-59.73,4.408],[-59.738,4.416],[-59.796,4.448],[-59.81,4.466],[-59.818,4.457],[-59.826,4.455],[-59.848,4.46],[-59.852,4.461],[-59.863,4.461],[-59.868,4.462],[-59.872,4.468],[-59.869,4.481],[-59.873,4.485],[-59.886,4.485],[-59.905,4.475],[-59.915,4.474],[-59.92,4.479],[-59.934,4.498],[-59.943,4.504],[-59.953,4.506],[-59.965,4.506],[-59.975,4.504],[-59.979,4.495],[-59.985,4.489],[-59.997,4.491],[-60.021,4.499],[-60.04,4.496],[-60.056,4.492],[-60.066,4.494],[-60.072,4.513],[-60.077,4.52],[-60.088,4.526],[-60.099,4.526],[-60.104,4.518],[-60.106,4.507],[-60.112,4.502],[-60.121,4.502],[-60.133,4.505],[-60.149,4.513],[-60.16,4.528],[-60.165,4.546],[-60.162,4.565],[-60.135,4.594],[-60.126,4.595],[-60.106,4.595],[-60.097,4.599],[-60.088,4.608],[-60.084,4.617],[-60.083,4.627],[-60.081,4.638],[-60.076,4.65],[-60.047,4.692],[-60.038,4.708],[-60.032,4.725],[-60.03,4.744],[-60.035,4.788],[-60.02,4.832],[-60.018,4.892],[-60.011,4.922],[-60.004,4.94],[-60,4.958],[-59.999,4.997],[-59.982,5.057],[-59.983,5.086],[-60.011,5.1],[-60.055,5.125],[-60.076,5.141],[-60.089,5.155],[-60.091,5.158],[-60.123,5.232],[-60.132,5.243],[-60.177,5.227],[-60.191,5.24],[-60.2,5.263],[-60.213,5.267],[-60.255,5.256],[-60.274,5.247],[-60.314,5.207],[-60.333,5.194],[-60.355,5.193],[-60.399,5.208],[-60.42,5.207],[-60.427,5.201],[-60.439,5.181],[-60.449,5.174],[-60.456,5.175],[-60.463,5.18],[-60.47,5.187],[-60.477,5.192],[-60.497,5.196],[-60.554,5.188],[-60.568,5.19],[-60.579,5.195],[-60.59,5.201],[-60.602,5.207],[-60.614,5.209],[-60.673,5.213],[-60.695,5.212],[-60.74,5.202],[-60.817,5.285],[-60.893,5.369],[-60.968,5.452],[-61.044,5.536],[-61.12,5.619],[-61.196,5.703],[-61.272,5.786],[-61.347,5.87],[-61.38,5.905],[-61.397,5.946],[-61.386,5.957],[-61.353,5.975],[-61.338,5.987],[-61.291,6.061],[-61.279,6.093],[-61.269,6.107],[-61.256,6.114],[-61.223,6.121],[-61.207,6.126],[-61.194,6.133],[-61.185,6.146],[-61.174,6.172],[-61.161,6.183],[-61.147,6.185],[-61.133,6.184],[-61.122,6.187],[-61.118,6.203],[-61.118,6.216],[-61.113,6.254],[-61.115,6.264],[-61.118,6.267],[-61.121,6.269],[-61.124,6.276],[-61.129,6.283],[-61.147,6.294],[-61.152,6.303],[-61.159,6.331],[-61.161,6.342],[-61.155,6.391],[-61.15,6.404],[-61.141,6.416],[-61.139,6.425],[-61.139,6.433],[-61.14,6.441],[-61.143,6.449],[-61.153,6.464],[-61.163,6.494],[-61.171,6.509],[-61.186,6.523],[-61.2,6.531],[-61.21,6.541],[-61.212,6.561],[-61.205,6.596],[-61.19,6.633],[-61.171,6.669],[-61.139,6.704],[-61.13,6.716],[-61.111,6.72],[-61.089,6.717],[-61.07,6.712],[-61.061,6.73],[-61.04,6.727],[-61.019,6.72],[-61,6.734],[-60.955,6.729],[-60.934,6.732],[-60.928,6.736],[-60.901,6.764],[-60.899,6.769],[-60.899,6.777],[-60.901,6.786],[-60.911,6.8],[-60.913,6.811],[-60.908,6.815],[-60.895,6.814],[-60.872,6.808],[-60.866,6.803],[-60.859,6.796],[-60.85,6.79],[-60.838,6.786],[-60.828,6.787],[-60.805,6.792],[-60.794,6.794],[-60.773,6.788],[-60.736,6.765],[-60.722,6.76],[-60.7,6.767],[-60.684,6.784],[-60.656,6.825],[-60.64,6.838],[-60.621,6.846],[-60.549,6.863],[-60.421,6.942],[-60.394,6.948],[-60.377,6.939],[-60.368,6.988],[-60.36,7.005],[-60.345,7.018],[-60.328,7.029],[-60.313,7.04],[-60.304,7.054],[-60.296,7.071],[-60.292,7.088],[-60.292,7.105],[-60.3,7.121],[-60.313,7.133],[-60.348,7.152],[-60.348,7.153],[-60.36,7.166],[-60.372,7.172],[-60.385,7.173],[-60.401,7.171],[-60.416,7.171],[-60.427,7.177],[-60.437,7.184],[-60.45,7.188],[-60.475,7.189],[-60.497,7.181],[-60.513,7.165],[-60.535,7.126],[-60.548,7.126],[-60.618,7.18],[-60.628,7.191],[-60.643,7.221],[-60.644,7.251],[-60.631,7.278],[-60.607,7.299],[-60.602,7.307],[-60.6,7.314],[-60.6,7.322],[-60.602,7.33],[-60.611,7.344],[-60.622,7.372],[-60.629,7.384],[-60.636,7.39],[-60.645,7.393],[-60.653,7.398],[-60.657,7.408],[-60.657,7.417],[-60.656,7.423],[-60.656,7.429],[-60.661,7.436],[-60.674,7.445],[-60.688,7.449],[-60.701,7.454],[-60.724,7.496],[-60.73,7.51],[-60.731,7.525],[-60.716,7.552],[-60.671,7.566],[-60.656,7.585],[-60.641,7.611],[-60.632,7.625],[-60.625,7.629],[-60.611,7.627],[-60.601,7.634],[-60.597,7.647],[-60.6,7.662],[-60.585,7.689],[-60.584,7.699],[-60.588,7.718],[-60.587,7.727],[-60.582,7.736],[-60.56,7.763],[-60.54,7.8],[-60.526,7.813],[-60.503,7.821],[-60.419,7.819],[-60.375,7.824],[-60.35,7.842],[-60.342,7.865],[-60.32,7.885],[-60.272,7.918],[-60.268,7.921],[-60.253,7.935],[-60.243,7.951],[-60.231,7.964],[-60.183,7.983],[-60.166,7.997],[-60.15,8.013],[-60.129,8.029],[-60.108,8.036],[-60.068,8.032],[-60.046,8.033],[-60.03,8.043],[-60.019,8.06],[-60.011,8.1],[-59.999,8.115],[-59.998,8.127],[-60.001,8.139],[-60.001,8.153],[-59.993,8.169],[-59.968,8.188],[-59.957,8.2],[-59.94,8.208],[-59.89,8.22],[-59.869,8.221],[-59.848,8.228],[-59.829,8.245],[-59.817,8.267],[-59.816,8.288],[-59.856,8.352],[-59.96,8.468],[-60.021,8.558],[-60.001,8.549],[-59.968,8.528],[-59.932,8.492],[-59.875,8.405],[-59.838,8.369],[-59.809,8.355],[-59.761,8.341],[-59.735,8.329],[-59.681,8.289],[-59.652,8.274],[-59.622,8.268],[-59.613,8.252],[-59.611,8.25],[-59.61,8.242],[-59.606,8.24],[-59.6,8.241],[-59.543,8.229],[-59.536,8.222],[-59.523,8.206],[-59.434,8.13],[-59.457,8.167],[-59.492,8.201],[-59.534,8.229],[-59.609,8.259],[-59.701,8.323],[-59.761,8.355],[-59.77,8.367],[-59.782,8.394],[-59.78,8.407],[-59.756,8.411],[-59.739,8.404],[-59.704,8.376],[-59.663,8.363],[-59.643,8.35],[-59.611,8.323],[-59.545,8.284],[-59.454,8.243],[-59.348,8.167],[-59.165,8.059],[-59.105,8.014],[-59.09,8],[-59.075,7.981],[-59.021,7.931],[-58.885,7.779],[-58.833,7.738],[-58.804,7.696],[-58.779,7.662],[-58.754,7.612],[-58.738,7.588],[-58.734,7.595],[-58.744,7.619],[-58.742,7.63],[-58.728,7.629],[-58.703,7.621],[-58.682,7.604],[-58.663,7.585],[-58.647,7.565],[-58.63,7.54],[-58.609,7.506],[-58.584,7.476],[-58.568,7.453],[-58.49,7.376],[-58.472,7.345],[-58.464,7.312],[-58.474,7.28],[-58.467,7.287],[-58.473,7.244],[-58.467,7.116],[-58.485,7.011],[-58.497,6.995],[-58.52,6.978],[-58.536,6.965],[-58.551,6.947],[-58.562,6.927],[-58.568,6.907],[-58.574,6.868],[-58.598,6.808],[-58.6,6.787],[-58.598,6.722],[-58.6,6.711],[-58.609,6.699],[-58.611,6.688],[-58.611,6.51],[-58.617,6.488],[-58.62,6.477],[-58.686,6.382],[-58.682,6.38],[-58.68,6.376],[-58.649,6.404],[-58.639,6.41],[-58.636,6.414],[-58.633,6.42],[-58.629,6.423],[-58.615,6.417],[-58.607,6.416],[-58.602,6.417],[-58.59,6.417],[-58.598,6.423],[-58.581,6.463],[-58.577,6.595],[-58.567,6.637],[-58.462,6.822],[-58.435,6.858],[-58.398,6.883],[-58.354,6.894],[-58.312,6.892],[-58.274,6.881],[-58.214,6.849],[-58.194,6.831],[-58.19,6.828],[-58.187,6.825],[-58.178,6.818],[-58.174,6.815],[-58.17,6.813],[-58.166,6.818],[-58.162,6.83],[-58.154,6.832],[-58.068,6.822],[-58.006,6.792],[-57.986,6.775],[-57.956,6.753],[-57.919,6.716],[-57.892,6.696],[-57.838,6.645],[-57.806,6.613],[-57.797,6.598],[-57.779,6.59],[-57.757,6.568],[-57.7,6.522],[-57.668,6.496],[-57.647,6.478],[-57.633,6.463],[-57.618,6.448],[-57.599,6.427],[-57.578,6.378],[-57.548,6.307],[-57.537,6.293],[-57.534,6.274],[-57.529,6.266],[-57.52,6.278],[-57.519,6.287],[-57.517,6.298],[-57.517,6.315],[-57.504,6.329],[-57.494,6.335],[-57.491,6.339],[-57.486,6.34],[-57.466,6.338],[-57.446,6.33],[-57.429,6.323],[-57.409,6.313],[-57.377,6.294],[-57.365,6.287],[-57.33,6.264],[-57.29,6.235],[-57.207,6.151],[-57.187,6.121],[-57.167,6.085],[-57.158,6.044],[-57.155,6.02],[-57.152,6.008],[-57.147,5.998],[-57.144,5.989],[-57.144,5.978],[-57.158,5.999],[-57.166,6.006],[-57.148,5.97],[-57.142,5.956],[-57.142,5.934],[-57.14,5.918],[-57.137,5.882],[-57.154,5.847],[-57.158,5.829],[-57.165,5.811],[-57.17,5.8],[-57.171,5.779],[-57.181,5.755],[-57.183,5.731],[-57.16,5.693],[-57.162,5.639],[-57.173,5.607],[-57.186,5.587],[-57.197,5.565],[-57.248,5.492],[-57.248,5.485],[-57.257,5.464],[-57.26,5.448],[-57.261,5.427],[-57.265,5.403],[-57.275,5.387],[-57.324,5.339],[-57.332,5.328],[-57.336,5.317],[-57.332,5.308],[-57.323,5.308],[-57.308,5.313],[-57.298,5.311],[-57.292,5.311],[-57.289,5.309],[-57.287,5.239],[-57.285,5.231],[-57.28,5.225],[-57.272,5.223],[-57.263,5.224],[-57.256,5.228],[-57.254,5.235],[-57.264,5.247],[-57.269,5.257],[-57.267,5.266],[-57.259,5.271],[-57.248,5.272],[-57.238,5.269],[-57.233,5.263],[-57.233,5.261],[-57.226,5.244],[-57.192,5.203],[-57.185,5.183],[-57.19,5.169],[-57.202,5.158],[-57.218,5.149],[-57.233,5.142],[-57.239,5.162],[-57.247,5.172],[-57.26,5.176],[-57.278,5.177],[-57.289,5.171],[-57.296,5.157],[-57.302,5.128],[-57.317,5.095],[-57.32,5.083],[-57.321,5.07],[-57.317,5.059],[-57.28,5.026],[-57.29,5.02],[-57.299,5.021],[-57.306,5.024],[-57.315,5.026],[-57.329,5.024],[-57.338,5.021],[-57.346,5.017],[-57.356,5.012],[-57.381,5.006],[-57.46,4.998],[-57.477,4.992],[-57.49,4.991],[-57.497,4.995],[-57.512,5.009],[-57.518,5.012],[-57.543,5.011],[-57.566,5.007],[-57.61,4.991],[-57.649,5.008],[-57.687,5.006],[-57.72,4.99],[-57.747,4.964],[-57.762,4.936],[-57.774,4.926],[-57.798,4.923],[-57.811,4.926],[-57.821,4.93],[-57.83,4.933],[-57.843,4.93],[-57.85,4.923],[-57.871,4.889],[-57.884,4.872],[-57.902,4.853],[-57.919,4.83],[-57.925,4.796],[-57.918,4.782],[-57.901,4.774],[-57.885,4.763],[-57.871,4.722],[-57.844,4.688],[-57.836,4.67],[-57.837,4.651],[-57.845,4.634],[-57.863,4.608],[-57.879,4.557],[-57.896,4.529],[-57.914,4.484],[-57.922,4.451],[-57.931,4.438],[-57.943,4.425],[-57.953,4.41],[-57.957,4.391],[-57.953,4.376],[-57.948,4.36],[-57.945,4.344],[-57.947,4.319],[-57.954,4.299],[-57.965,4.282],[-58.052,4.193],[-58.066,4.172],[-58.068,4.151],[-58.055,4.108],[-58.042,4.023],[-58.032,3.988],[-58.008,3.957],[-57.942,3.905],[-57.926,3.886],[-57.875,3.812],[-57.854,3.767],[-57.85,3.747],[-57.847,3.702],[-57.841,3.681],[-57.83,3.662],[-57.813,3.652],[-57.764,3.632],[-57.726,3.607],[-57.722,3.6],[-57.717,3.582],[-57.71,3.568],[-57.709,3.564],[-57.707,3.561],[-57.703,3.556],[-57.698,3.554],[-57.687,3.552],[-57.685,3.549],[-57.681,3.547],[-57.66,3.535],[-57.644,3.517],[-57.645,3.499],[-57.661,3.47],[-57.661,3.463],[-57.658,3.451],[-57.659,3.444],[-57.664,3.426],[-57.665,3.418],[-57.663,3.407],[-57.658,3.395],[-57.655,3.39],[-57.65,3.386],[-57.641,3.382],[-57.613,3.377],[-57.596,3.367],[-57.565,3.35],[-57.554,3.347],[-57.545,3.348],[-57.535,3.368],[-57.522,3.365],[-57.51,3.358],[-57.504,3.353],[-57.496,3.353],[-57.488,3.352],[-57.482,3.349],[-57.48,3.343],[-57.476,3.339],[-57.469,3.343],[-57.462,3.35],[-57.459,3.353],[-57.431,3.361],[-57.424,3.369],[-57.425,3.387],[-57.393,3.374],[-57.367,3.366],[-57.34,3.37],[-57.308,3.395],[-57.284,3.344],[-57.28,3.33],[-57.283,3.295],[-57.284,3.289],[-57.292,3.276],[-57.29,3.268],[-57.284,3.26],[-57.28,3.248],[-57.282,3.236],[-57.287,3.215],[-57.288,3.203],[-57.286,3.192],[-57.275,3.169],[-57.278,3.157],[-57.284,3.149],[-57.286,3.142],[-57.275,3.134],[-57.265,3.133],[-57.255,3.136],[-57.246,3.142],[-57.239,3.148],[-57.238,3.145],[-57.237,3.144],[-57.237,3.143],[-57.233,3.142],[-57.249,3.112],[-57.239,3.094],[-57.222,3.078],[-57.213,3.056],[-57.212,3.048],[-57.207,3.036],[-57.206,3.028],[-57.209,3.024],[-57.223,3.025],[-57.226,3.021],[-57.225,3.009],[-57.222,3],[-57.221,2.993],[-57.226,2.983],[-57.235,2.97],[-57.222,2.963],[-57.189,2.96],[-57.184,2.945],[-57.195,2.931],[-57.21,2.918],[-57.22,2.908],[-57.206,2.857],[-57.202,2.846],[-57.194,2.842],[-57.191,2.833],[-57.187,2.823],[-57.175,2.819],[-57.165,2.821],[-57.145,2.83],[-57.133,2.833],[-57.126,2.826],[-57.144,2.79],[-57.137,2.771],[-57.134,2.773],[-57.1,2.779],[-57.09,2.774],[-57.092,2.763],[-57.099,2.75],[-57.103,2.74],[-57.098,2.727],[-57.072,2.7],[-57.062,2.682],[-57.056,2.642],[-57.048,2.636],[-57.027,2.648],[-57.02,2.635],[-57.023,2.624],[-57.028,2.611],[-57.027,2.594],[-57.022,2.585],[-56.997,2.555],[-56.995,2.548],[-57.001,2.514],[-56.994,2.505],[-56.98,2.51],[-56.96,2.525],[-56.951,2.515],[-56.953,2.505],[-56.958,2.493],[-56.96,2.484],[-56.956,2.47],[-56.952,2.461],[-56.935,2.446],[-56.93,2.436],[-56.932,2.426],[-56.938,2.411],[-56.931,2.393],[-56.895,2.362],[-56.884,2.34],[-56.884,2.304],[-56.88,2.295],[-56.871,2.29],[-56.848,2.286],[-56.839,2.281],[-56.826,2.262],[-56.816,2.218],[-56.809,2.196],[-56.801,2.166],[-56.705,2.03],[-56.678,2.018],[-56.58,2.017],[-56.542,1.997],[-56.536,1.989],[-56.529,1.982],[-56.521,1.977],[-56.5,1.97],[-56.491,1.963],[-56.485,1.953],[-56.482,1.942]]],[[[-58.379,6.972],[-58.334,6.965],[-58.335,6.961],[-58.391,6.92],[-58.441,6.905],[-58.461,6.883],[-58.463,6.9],[-58.458,6.923],[-58.447,6.943],[-58.432,6.955],[-58.423,6.968],[-58.419,6.972],[-58.41,6.974],[-58.379,6.972]]]]}},{"type":"Feature","properties":{"iso":"BRA","nombre":"BRASIL"},"geometry":{"type":"MultiPolygon","coordinates":[[[[-57.603,-30.191],[-57.612,-30.183],[-57.569,-30.177],[-57.549,-30.17],[-57.506,-30.144],[-57.411,-30.04],[-57.325,-29.981],[-57.319,-29.966],[-57.309,-29.849],[-57.292,-29.815],[-57.263,-29.793],[-57.22,-29.778],[-57.177,-29.773],[-57.133,-29.772],[-57.113,-29.766],[-57.094,-29.752],[-57.021,-29.683],[-57.014,-29.673],[-57.009,-29.663],[-56.979,-29.635],[-56.966,-29.601],[-56.952,-29.586],[-56.912,-29.558],[-56.904,-29.55],[-56.897,-29.536],[-56.819,-29.475],[-56.815,-29.467],[-56.813,-29.457],[-56.808,-29.445],[-56.8,-29.434],[-56.783,-29.426],[-56.782,-29.417],[-56.783,-29.405],[-56.781,-29.395],[-56.776,-29.386],[-56.77,-29.379],[-56.763,-29.373],[-56.754,-29.367],[-56.718,-29.351],[-56.705,-29.344],[-56.689,-29.33],[-56.677,-29.313],[-56.661,-29.271],[-56.65,-29.251],[-56.657,-29.238],[-56.656,-29.223],[-56.651,-29.209],[-56.644,-29.196],[-56.617,-29.161],[-56.584,-29.132],[-56.548,-29.11],[-56.513,-29.094],[-56.444,-29.078],[-56.428,-29.07],[-56.416,-29.051],[-56.412,-29.032],[-56.411,-28.991],[-56.392,-28.952],[-56.323,-28.916],[-56.301,-28.881],[-56.295,-28.796],[-56.286,-28.78],[-56.265,-28.772],[-56.218,-28.764],[-56.185,-28.744],[-56.103,-28.648],[-56.041,-28.609],[-56.022,-28.586],[-56.021,-28.546],[-56.023,-28.528],[-56.021,-28.51],[-56.012,-28.497],[-55.979,-28.489],[-55.952,-28.477],[-55.919,-28.473],[-55.911,-28.471],[-55.902,-28.465],[-55.898,-28.461],[-55.897,-28.453],[-55.897,-28.407],[-55.9,-28.398],[-55.906,-28.378],[-55.887,-28.363],[-55.842,-28.346],[-55.813,-28.353],[-55.771,-28.358],[-55.735,-28.366],[-55.719,-28.385],[-55.715,-28.404],[-55.706,-28.408],[-55.694,-28.4],[-55.684,-28.388],[-55.677,-28.374],[-55.664,-28.327],[-55.677,-28.302],[-55.687,-28.29],[-55.701,-28.285],[-55.715,-28.282],[-55.755,-28.266],[-55.767,-28.258],[-55.773,-28.232],[-55.748,-28.216],[-55.684,-28.196],[-55.642,-28.16],[-55.633,-28.155],[-55.624,-28.146],[-55.623,-28.144],[-55.617,-28.13],[-55.605,-28.117],[-55.582,-28.121],[-55.579,-28.127],[-55.579,-28.136],[-55.577,-28.144],[-55.565,-28.148],[-55.553,-28.146],[-55.55,-28.14],[-55.548,-28.132],[-55.544,-28.124],[-55.538,-28.119],[-55.525,-28.111],[-55.52,-28.107],[-55.51,-28.084],[-55.506,-28.079],[-55.493,-28.074],[-55.487,-28.077],[-55.482,-28.083],[-55.475,-28.086],[-55.465,-28.085],[-55.441,-28.079],[-55.435,-28.071],[-55.39,-28.024],[-55.383,-28.014],[-55.381,-28.009],[-55.382,-27.987],[-55.381,-27.978],[-55.376,-27.973],[-55.369,-27.971],[-55.359,-27.97],[-55.338,-27.963],[-55.333,-27.947],[-55.33,-27.928],[-55.314,-27.915],[-55.302,-27.914],[-55.281,-27.921],[-55.27,-27.922],[-55.26,-27.919],[-55.224,-27.894],[-55.212,-27.877],[-55.198,-27.861],[-55.178,-27.854],[-55.161,-27.858],[-55.14,-27.877],[-55.119,-27.881],[-55.111,-27.853],[-55.109,-27.847],[-55.1,-27.844],[-55.078,-27.843],[-55.068,-27.839],[-55.046,-27.851],[-55.03,-27.851],[-55.026,-27.84],[-55.04,-27.819],[-55.071,-27.794],[-55.081,-27.778],[-55.064,-27.771],[-55.045,-27.775],[-55.028,-27.783],[-55.009,-27.788],[-54.985,-27.785],[-54.933,-27.744],[-54.913,-27.737],[-54.907,-27.727],[-54.902,-27.704],[-54.896,-27.661],[-54.898,-27.624],[-54.89,-27.621],[-54.865,-27.621],[-54.845,-27.612],[-54.837,-27.59],[-54.834,-27.565],[-54.828,-27.545],[-54.819,-27.536],[-54.805,-27.526],[-54.792,-27.523],[-54.787,-27.534],[-54.789,-27.539],[-54.792,-27.544],[-54.794,-27.549],[-54.79,-27.551],[-54.788,-27.553],[-54.782,-27.56],[-54.78,-27.562],[-54.774,-27.564],[-54.732,-27.551],[-54.722,-27.551],[-54.7,-27.553],[-54.69,-27.551],[-54.681,-27.546],[-54.677,-27.542],[-54.676,-27.534],[-54.677,-27.521],[-54.673,-27.51],[-54.666,-27.504],[-54.659,-27.503],[-54.656,-27.507],[-54.651,-27.526],[-54.64,-27.527],[-54.626,-27.515],[-54.615,-27.497],[-54.61,-27.479],[-54.605,-27.468],[-54.598,-27.459],[-54.589,-27.453],[-54.584,-27.452],[-54.579,-27.454],[-54.571,-27.456],[-54.567,-27.46],[-54.558,-27.478],[-54.554,-27.483],[-54.543,-27.487],[-54.534,-27.487],[-54.469,-27.47],[-54.448,-27.459],[-54.448,-27.446],[-54.465,-27.423],[-54.461,-27.413],[-54.445,-27.409],[-54.404,-27.407],[-54.389,-27.411],[-54.379,-27.423],[-54.375,-27.446],[-54.372,-27.454],[-54.363,-27.454],[-54.354,-27.446],[-54.348,-27.436],[-54.346,-27.427],[-54.348,-27.394],[-54.334,-27.406],[-54.322,-27.42],[-54.307,-27.429],[-54.287,-27.428],[-54.282,-27.424],[-54.275,-27.416],[-54.269,-27.406],[-54.266,-27.398],[-54.261,-27.389],[-54.251,-27.385],[-54.239,-27.384],[-54.232,-27.381],[-54.23,-27.372],[-54.232,-27.352],[-54.228,-27.343],[-54.223,-27.337],[-54.218,-27.329],[-54.19,-27.261],[-54.177,-27.243],[-54.165,-27.251],[-54.156,-27.258],[-54.158,-27.279],[-54.128,-27.289],[-54.092,-27.285],[-54.018,-27.212],[-54.011,-27.194],[-54.005,-27.188],[-53.997,-27.187],[-53.993,-27.19],[-53.988,-27.194],[-53.981,-27.196],[-53.962,-27.191],[-53.961,-27.181],[-53.966,-27.167],[-53.964,-27.154],[-53.951,-27.148],[-53.939,-27.155],[-53.925,-27.166],[-53.909,-27.168],[-53.899,-27.158],[-53.891,-27.127],[-53.882,-27.12],[-53.869,-27.126],[-53.858,-27.141],[-53.849,-27.158],[-53.842,-27.164],[-53.83,-27.157],[-53.819,-27.14],[-53.819,-27.131],[-53.828,-27.122],[-53.829,-27.114],[-53.824,-27.109],[-53.81,-27.101],[-53.805,-27.094],[-53.803,-27.081],[-53.805,-27.052],[-53.801,-27.039],[-53.796,-27.036],[-53.78,-27.034],[-53.773,-27.03],[-53.768,-27.024],[-53.725,-26.94],[-53.713,-26.905],[-53.711,-26.874],[-53.722,-26.814],[-53.734,-26.777],[-53.738,-26.776],[-53.75,-26.775],[-53.753,-26.773],[-53.754,-26.763],[-53.747,-26.749],[-53.748,-26.739],[-53.752,-26.736],[-53.761,-26.733],[-53.77,-26.727],[-53.774,-26.714],[-53.772,-26.704],[-53.764,-26.701],[-53.754,-26.7],[-53.746,-26.694],[-53.74,-26.676],[-53.738,-26.657],[-53.743,-26.619],[-53.742,-26.601],[-53.73,-26.566],[-53.727,-26.549],[-53.728,-26.552],[-53.732,-26.546],[-53.736,-26.535],[-53.737,-26.525],[-53.735,-26.518],[-53.727,-26.511],[-53.713,-26.5],[-53.713,-26.47],[-53.724,-26.376],[-53.716,-26.347],[-53.673,-26.293],[-53.662,-26.26],[-53.667,-26.219],[-53.685,-26.188],[-53.733,-26.126],[-53.747,-26.092],[-53.753,-26.059],[-53.765,-26.028],[-53.793,-26.001],[-53.793,-26],[-53.826,-25.973],[-53.833,-25.962],[-53.836,-25.95],[-53.834,-25.94],[-53.831,-25.932],[-53.83,-25.921],[-53.842,-25.868],[-53.837,-25.809],[-53.84,-25.791],[-53.849,-25.773],[-53.858,-25.763],[-53.877,-25.746],[-53.883,-25.736],[-53.886,-25.723],[-53.883,-25.713],[-53.878,-25.706],[-53.876,-25.698],[-53.888,-25.661],[-53.898,-25.639],[-53.91,-25.629],[-53.948,-25.651],[-53.968,-25.653],[-53.976,-25.628],[-53.978,-25.607],[-53.985,-25.589],[-53.997,-25.575],[-54.017,-25.565],[-54.03,-25.562],[-54.037,-25.565],[-54.043,-25.568],[-54.055,-25.571],[-54.072,-25.555],[-54.083,-25.55],[-54.089,-25.559],[-54.089,-25.568],[-54.086,-25.58],[-54.086,-25.591],[-54.09,-25.597],[-54.099,-25.597],[-54.109,-25.59],[-54.118,-25.581],[-54.123,-25.572],[-54.126,-25.552],[-54.12,-25.535],[-54.112,-25.519],[-54.107,-25.501],[-54.111,-25.496],[-54.116,-25.495],[-54.122,-25.496],[-54.128,-25.501],[-54.154,-25.528],[-54.165,-25.534],[-54.178,-25.536],[-54.197,-25.53],[-54.207,-25.528],[-54.215,-25.531],[-54.195,-25.563],[-54.19,-25.581],[-54.21,-25.582],[-54.229,-25.577],[-54.235,-25.577],[-54.244,-25.578],[-54.25,-25.593],[-54.256,-25.599],[-54.263,-25.59],[-54.274,-25.569],[-54.284,-25.557],[-54.299,-25.553],[-54.322,-25.555],[-54.333,-25.562],[-54.35,-25.582],[-54.36,-25.584],[-54.378,-25.578],[-54.386,-25.577],[-54.395,-25.581],[-54.403,-25.59],[-54.404,-25.6],[-54.403,-25.61],[-54.405,-25.62],[-54.413,-25.627],[-54.431,-25.637],[-54.437,-25.645],[-54.438,-25.655],[-54.433,-25.677],[-54.437,-25.685],[-54.447,-25.689],[-54.454,-25.683],[-54.457,-25.673],[-54.457,-25.663],[-54.461,-25.642],[-54.473,-25.626],[-54.491,-25.614],[-54.511,-25.606],[-54.532,-25.611],[-54.539,-25.601],[-54.54,-25.587],[-54.546,-25.575],[-54.56,-25.57],[-54.6,-25.575],[-54.6,-25.573],[-54.594,-25.549],[-54.591,-25.525],[-54.598,-25.506],[-54.609,-25.488],[-54.612,-25.466],[-54.612,-25.444],[-54.61,-25.433],[-54.598,-25.398],[-54.576,-25.36],[-54.547,-25.337],[-54.528,-25.314],[-54.504,-25.279],[-54.481,-25.213],[-54.469,-25.195],[-54.436,-25.167],[-54.427,-25.149],[-54.43,-25.131],[-54.455,-25.092],[-54.463,-25.073],[-54.464,-25.056],[-54.462,-25.037],[-54.453,-25.003],[-54.407,-24.821],[-54.4,-24.805],[-54.371,-24.767],[-54.358,-24.731],[-54.321,-24.628],[-54.321,-24.596],[-54.335,-24.527],[-54.335,-24.497],[-54.323,-24.464],[-54.284,-24.411],[-54.272,-24.389],[-54.262,-24.359],[-54.261,-24.329],[-54.274,-24.298],[-54.283,-24.275],[-54.306,-24.247],[-54.314,-24.234],[-54.319,-24.197],[-54.332,-24.165],[-54.335,-24.149],[-54.325,-24.118],[-54.301,-24.09],[-54.266,-24.066],[-54.245,-24.051],[-54.246,-24.05],[-54.274,-24.036],[-54.368,-23.985],[-54.423,-23.914],[-54.443,-23.9],[-54.613,-23.811],[-54.639,-23.804],[-54.655,-23.811],[-54.68,-23.837],[-54.697,-23.845],[-54.827,-23.887],[-54.892,-23.921],[-54.905,-23.933],[-54.927,-23.96],[-54.944,-23.969],[-54.961,-23.972],[-54.995,-23.973],[-55.011,-23.981],[-55.042,-23.989],[-55.106,-23.989],[-55.131,-24],[-55.131,-24.001],[-55.165,-24.017],[-55.201,-24.02],[-55.237,-24.013],[-55.272,-24.001],[-55.273,-24],[-55.304,-23.994],[-55.367,-23.99],[-55.398,-23.977],[-55.421,-23.955],[-55.43,-23.929],[-55.445,-23.735],[-55.467,-23.673],[-55.511,-23.629],[-55.531,-23.603],[-55.534,-23.57],[-55.533,-23.534],[-55.534,-23.53],[-55.54,-23.501],[-55.542,-23.466],[-55.516,-23.41],[-55.514,-23.379],[-55.525,-23.36],[-55.556,-23.33],[-55.562,-23.308],[-55.559,-23.291],[-55.536,-23.246],[-55.535,-23.229],[-55.557,-23.155],[-55.561,-23.146],[-55.589,-23.13],[-55.599,-23.117],[-55.6,-23.101],[-55.595,-23.064],[-55.601,-23.045],[-55.611,-23.029],[-55.638,-23.001],[-55.64,-22.984],[-55.634,-22.95],[-55.634,-22.933],[-55.657,-22.856],[-55.659,-22.818],[-55.646,-22.788],[-55.629,-22.759],[-55.618,-22.726],[-55.619,-22.717],[-55.626,-22.701],[-55.628,-22.692],[-55.627,-22.684],[-55.622,-22.667],[-55.62,-22.659],[-55.624,-22.639],[-55.631,-22.627],[-55.644,-22.62],[-55.665,-22.613],[-55.698,-22.596],[-55.724,-22.57],[-55.741,-22.537],[-55.748,-22.501],[-55.752,-22.416],[-55.76,-22.392],[-55.77,-22.381],[-55.811,-22.353],[-55.861,-22.29],[-55.872,-22.31],[-55.874,-22.317],[-55.893,-22.307],[-55.955,-22.301],[-55.971,-22.294],[-55.985,-22.283],[-55.999,-22.277],[-56.011,-22.284],[-56.025,-22.287],[-56.197,-22.279],[-56.214,-22.275],[-56.232,-22.265],[-56.261,-22.239],[-56.317,-22.208],[-56.347,-22.18],[-56.371,-22.147],[-56.397,-22.086],[-56.408,-22.076],[-56.422,-22.074],[-56.494,-22.087],[-56.511,-22.091],[-56.522,-22.1],[-56.531,-22.109],[-56.546,-22.13],[-56.549,-22.136],[-56.555,-22.152],[-56.558,-22.156],[-56.565,-22.16],[-56.568,-22.162],[-56.585,-22.191],[-56.596,-22.201],[-56.629,-22.225],[-56.637,-22.228],[-56.648,-22.231],[-56.655,-22.237],[-56.644,-22.255],[-56.649,-22.263],[-56.665,-22.26],[-56.699,-22.223],[-56.715,-22.215],[-56.721,-22.219],[-56.729,-22.237],[-56.733,-22.244],[-56.744,-22.25],[-56.746,-22.248],[-56.747,-22.244],[-56.754,-22.243],[-56.787,-22.252],[-56.795,-22.253],[-56.808,-22.248],[-56.812,-22.25],[-56.813,-22.256],[-56.82,-22.265],[-56.843,-22.289],[-56.856,-22.293],[-56.88,-22.29],[-56.882,-22.277],[-56.892,-22.252],[-56.904,-22.237],[-56.915,-22.263],[-56.925,-22.262],[-56.943,-22.254],[-56.952,-22.254],[-56.961,-22.255],[-56.965,-22.251],[-56.965,-22.235],[-56.976,-22.242],[-56.986,-22.241],[-57.011,-22.234],[-57.028,-22.235],[-57.059,-22.233],[-57.072,-22.236],[-57.079,-22.239],[-57.085,-22.238],[-57.091,-22.236],[-57.108,-22.234],[-57.113,-22.229],[-57.115,-22.225],[-57.115,-22.223],[-57.124,-22.219],[-57.154,-22.208],[-57.17,-22.206],[-57.178,-22.207],[-57.184,-22.211],[-57.19,-22.214],[-57.2,-22.213],[-57.206,-22.207],[-57.209,-22.192],[-57.214,-22.188],[-57.227,-22.191],[-57.252,-22.211],[-57.272,-22.214],[-57.316,-22.204],[-57.332,-22.202],[-57.333,-22.205],[-57.335,-22.212],[-57.34,-22.217],[-57.351,-22.217],[-57.367,-22.209],[-57.375,-22.207],[-57.379,-22.213],[-57.385,-22.213],[-57.418,-22.194],[-57.432,-22.189],[-57.443,-22.188],[-57.464,-22.18],[-57.472,-22.18],[-57.511,-22.189],[-57.535,-22.174],[-57.542,-22.172],[-57.555,-22.17],[-57.56,-22.172],[-57.564,-22.174],[-57.573,-22.178],[-57.597,-22.181],[-57.614,-22.177],[-57.627,-22.165],[-57.639,-22.145],[-57.654,-22.105],[-57.664,-22.101],[-57.671,-22.102],[-57.679,-22.106],[-57.69,-22.109],[-57.71,-22.108],[-57.723,-22.105],[-57.736,-22.104],[-57.756,-22.111],[-57.76,-22.111],[-57.77,-22.107],[-57.774,-22.108],[-57.776,-22.111],[-57.777,-22.117],[-57.778,-22.122],[-57.775,-22.124],[-57.788,-22.13],[-57.795,-22.131],[-57.805,-22.129],[-57.816,-22.128],[-57.832,-22.141],[-57.844,-22.144],[-57.849,-22.14],[-57.863,-22.126],[-57.871,-22.121],[-57.878,-22.122],[-57.896,-22.129],[-57.906,-22.129],[-57.94,-22.118],[-57.952,-22.106],[-57.961,-22.09],[-57.973,-22.081],[-57.986,-22.074],[-57.988,-22.064],[-57.988,-22.049],[-57.987,-22.035],[-57.965,-21.977],[-57.963,-21.967],[-57.953,-21.958],[-57.93,-21.917],[-57.925,-21.905],[-57.933,-21.882],[-57.947,-21.865],[-57.956,-21.851],[-57.949,-21.834],[-57.936,-21.812],[-57.935,-21.793],[-57.938,-21.775],[-57.939,-21.755],[-57.896,-21.688],[-57.901,-21.679],[-57.912,-21.673],[-57.924,-21.659],[-57.935,-21.641],[-57.939,-21.624],[-57.932,-21.607],[-57.919,-21.584],[-57.912,-21.564],[-57.922,-21.555],[-57.94,-21.548],[-57.948,-21.531],[-57.949,-21.508],[-57.945,-21.487],[-57.93,-21.453],[-57.863,-21.357],[-57.856,-21.331],[-57.866,-21.321],[-57.882,-21.316],[-57.891,-21.306],[-57.894,-21.3],[-57.9,-21.295],[-57.905,-21.287],[-57.904,-21.275],[-57.899,-21.267],[-57.871,-21.248],[-57.848,-21.216],[-57.834,-21.174],[-57.83,-21.127],[-57.836,-21.082],[-57.852,-21.052],[-57.852,-21.038],[-57.825,-20.999],[-57.816,-20.975],[-57.818,-20.954],[-57.836,-20.939],[-57.84,-20.956],[-57.847,-20.956],[-57.87,-20.933],[-57.893,-20.915],[-57.898,-20.915],[-57.901,-20.912],[-57.908,-20.911],[-57.915,-20.906],[-57.918,-20.894],[-57.909,-20.882],[-57.867,-20.86],[-57.857,-20.85],[-57.86,-20.832],[-57.871,-20.816],[-57.888,-20.806],[-57.908,-20.802],[-57.934,-20.8],[-57.94,-20.794],[-57.933,-20.785],[-57.918,-20.774],[-57.907,-20.762],[-57.899,-20.757],[-57.877,-20.752],[-57.865,-20.747],[-57.858,-20.74],[-57.86,-20.73],[-57.869,-20.722],[-57.884,-20.712],[-57.891,-20.706],[-57.894,-20.7],[-57.9,-20.685],[-57.904,-20.679],[-57.918,-20.67],[-57.934,-20.667],[-57.947,-20.675],[-57.956,-20.71],[-57.965,-20.711],[-57.974,-20.704],[-57.981,-20.693],[-57.981,-20.681],[-57.974,-20.662],[-57.973,-20.651],[-57.978,-20.64],[-57.991,-20.621],[-57.994,-20.607],[-57.993,-20.585],[-57.993,-20.574],[-58.005,-20.55],[-58.009,-20.526],[-58.01,-20.5],[-58.008,-20.48],[-57.992,-20.451],[-57.989,-20.433],[-58.004,-20.425],[-58.023,-20.421],[-58.046,-20.409],[-58.067,-20.394],[-58.083,-20.376],[-58.091,-20.359],[-58.098,-20.335],[-58.1,-20.309],[-58.09,-20.282],[-58.095,-20.272],[-58.103,-20.264],[-58.11,-20.261],[-58.12,-20.261],[-58.126,-20.267],[-58.131,-20.273],[-58.137,-20.274],[-58.156,-20.262],[-58.163,-20.243],[-58.155,-20.226],[-58.119,-20.214],[-58.121,-20.204],[-58.13,-20.193],[-58.137,-20.186],[-58.144,-20.184],[-58.152,-20.185],[-58.158,-20.181],[-58.159,-20.165],[-58.116,-20.15],[-58.104,-20.144],[-58.098,-20.138],[-58.086,-20.121],[-58.08,-20.117],[-58.054,-20.108],[-58.022,-20.065],[-57.997,-20.055],[-57.986,-20.053],[-57.976,-20.048],[-57.969,-20.04],[-57.966,-20.031],[-57.959,-20.026],[-57.943,-20.028],[-57.918,-20.034],[-57.896,-20.024],[-57.881,-20.009],[-57.87,-19.993],[-57.86,-19.98],[-57.96,-19.893],[-58.041,-19.823],[-58.117,-19.758],[-58.125,-19.73],[-58.09,-19.659],[-58.077,-19.635],[-58.05,-19.58],[-58.024,-19.526],[-58.011,-19.501],[-57.98,-19.439],[-57.912,-19.303],[-57.843,-19.167],[-57.812,-19.105],[-57.789,-19.059],[-57.772,-19.049],[-57.716,-19.045],[-57.722,-19.001],[-57.728,-18.942],[-57.732,-18.922],[-57.742,-18.914],[-57.782,-18.91],[-57.771,-18.876],[-57.724,-18.734],[-57.677,-18.591],[-57.63,-18.448],[-57.583,-18.306],[-57.567,-18.256],[-57.554,-18.245],[-57.536,-18.24],[-57.467,-18.24],[-57.466,-18.218],[-57.475,-18.208],[-57.491,-18.206],[-57.511,-18.206],[-57.551,-18.184],[-57.585,-18.123],[-57.637,-18.001],[-57.73,-17.846],[-57.699,-17.843],[-57.697,-17.825],[-57.711,-17.801],[-57.729,-17.779],[-57.733,-17.768],[-57.724,-17.737],[-57.74,-17.73],[-57.755,-17.721],[-57.768,-17.709],[-57.778,-17.696],[-57.786,-17.678],[-57.788,-17.659],[-57.788,-17.62],[-57.79,-17.604],[-57.788,-17.581],[-57.791,-17.556],[-57.801,-17.533],[-57.814,-17.52],[-57.837,-17.511],[-57.854,-17.509],[-57.877,-17.512],[-57.906,-17.52],[-57.944,-17.518],[-57.981,-17.509],[-58.01,-17.497],[-58.054,-17.462],[-58.066,-17.456],[-58.101,-17.441],[-58.112,-17.434],[-58.139,-17.405],[-58.152,-17.396],[-58.163,-17.393],[-58.175,-17.392],[-58.188,-17.389],[-58.204,-17.377],[-58.22,-17.344],[-58.232,-17.33],[-58.24,-17.325],[-58.256,-17.323],[-58.265,-17.32],[-58.274,-17.314],[-58.292,-17.3],[-58.302,-17.294],[-58.312,-17.291],[-58.344,-17.287],[-58.381,-17.267],[-58.399,-17.237],[-58.405,-17.2],[-58.406,-17.11],[-58.411,-17.088],[-58.422,-17.071],[-58.427,-17.055],[-58.432,-16.985],[-58.439,-16.967],[-58.456,-16.937],[-58.466,-16.887],[-58.467,-16.876],[-58.464,-16.866],[-58.455,-16.848],[-58.453,-16.841],[-58.456,-16.802],[-58.477,-16.727],[-58.48,-16.684],[-58.473,-16.65],[-58.456,-16.619],[-58.356,-16.51],[-58.343,-16.473],[-58.364,-16.437],[-58.362,-16.419],[-58.339,-16.4],[-58.335,-16.387],[-58.34,-16.289],[-58.35,-16.28],[-58.393,-16.279],[-58.4,-16.284],[-58.414,-16.309],[-58.422,-16.318],[-58.442,-16.328],[-58.465,-16.331],[-58.537,-16.329],[-58.727,-16.322],[-58.918,-16.315],[-59.108,-16.309],[-59.299,-16.302],[-59.489,-16.295],[-59.68,-16.289],[-59.87,-16.282],[-60.06,-16.275],[-60.13,-16.273],[-60.161,-16.265],[-60.18,-16.222],[-60.187,-16.109],[-60.194,-16.001],[-60.207,-15.853],[-60.225,-15.651],[-60.238,-15.503],[-60.246,-15.478],[-60.26,-15.456],[-60.352,-15.35],[-60.46,-15.224],[-60.529,-15.144],[-60.582,-15.099],[-60.389,-15.096],[-60.275,-15.095],[-60.27,-15.083],[-60.273,-15.019],[-60.277,-14.937],[-60.281,-14.855],[-60.285,-14.773],[-60.289,-14.691],[-60.292,-14.63],[-60.304,-14.608],[-60.353,-14.575],[-60.369,-14.543],[-60.338,-14.533],[-60.344,-14.491],[-60.377,-14.42],[-60.391,-14.357],[-60.4,-14.341],[-60.454,-14.297],[-60.464,-14.278],[-60.466,-14.251],[-60.462,-14.224],[-60.462,-14.198],[-60.476,-14.176],[-60.479,-14.163],[-60.478,-14.14],[-60.474,-14.117],[-60.468,-14.104],[-60.461,-14.099],[-60.437,-14.092],[-60.419,-14.077],[-60.409,-14.055],[-60.397,-14.008],[-60.388,-13.989],[-60.387,-13.983],[-60.39,-13.975],[-60.396,-13.971],[-60.405,-13.967],[-60.412,-13.961],[-60.407,-13.95],[-60.409,-13.945],[-60.43,-13.927],[-60.439,-13.918],[-60.449,-13.897],[-60.457,-13.871],[-60.463,-13.843],[-60.465,-13.817],[-60.473,-13.798],[-60.491,-13.788],[-60.566,-13.77],[-60.575,-13.766],[-60.58,-13.761],[-60.585,-13.749],[-60.589,-13.745],[-60.595,-13.742],[-60.618,-13.737],[-60.653,-13.719],[-60.726,-13.663],[-60.802,-13.604],[-60.871,-13.575],[-60.878,-13.57],[-60.897,-13.553],[-60.929,-13.546],[-60.978,-13.543],[-61.022,-13.535],[-61.041,-13.515],[-61.041,-13.475],[-61.047,-13.465],[-61.06,-13.467],[-61.072,-13.474],[-61.076,-13.478],[-61.119,-13.484],[-61.134,-13.494],[-61.139,-13.514],[-61.149,-13.52],[-61.215,-13.517],[-61.238,-13.524],[-61.249,-13.524],[-61.26,-13.52],[-61.281,-13.507],[-61.317,-13.501],[-61.332,-13.495],[-61.348,-13.494],[-61.415,-13.528],[-61.459,-13.544],[-61.503,-13.548],[-61.551,-13.538],[-61.561,-13.533],[-61.588,-13.508],[-61.593,-13.507],[-61.597,-13.506],[-61.668,-13.513],[-61.693,-13.518],[-61.716,-13.527],[-61.735,-13.538],[-61.754,-13.53],[-61.774,-13.533],[-61.794,-13.54],[-61.814,-13.544],[-61.836,-13.541],[-61.848,-13.531],[-61.869,-13.464],[-61.872,-13.456],[-61.88,-13.449],[-61.899,-13.439],[-61.91,-13.432],[-61.958,-13.385],[-61.975,-13.374],[-61.998,-13.364],[-62.003,-13.36],[-62.019,-13.337],[-62.02,-13.333],[-62.034,-13.326],[-62.078,-13.278],[-62.099,-13.263],[-62.109,-13.249],[-62.112,-13.232],[-62.113,-13.165],[-62.115,-13.15],[-62.12,-13.149],[-62.129,-13.151],[-62.14,-13.147],[-62.162,-13.121],[-62.172,-13.118],[-62.174,-13.141],[-62.201,-13.123],[-62.212,-13.12],[-62.222,-13.121],[-62.259,-13.131],[-62.274,-13.138],[-62.29,-13.142],[-62.311,-13.134],[-62.322,-13.144],[-62.335,-13.145],[-62.382,-13.14],[-62.39,-13.137],[-62.407,-13.127],[-62.41,-13.126],[-62.424,-13.127],[-62.427,-13.125],[-62.429,-13.115],[-62.431,-13.11],[-62.458,-13.078],[-62.472,-13.068],[-62.493,-13.065],[-62.555,-13.067],[-62.642,-13.03],[-62.645,-13.025],[-62.648,-13.002],[-62.651,-12.992],[-62.658,-12.985],[-62.667,-12.976],[-62.687,-12.965],[-62.699,-12.967],[-62.709,-12.975],[-62.722,-12.983],[-62.741,-12.985],[-62.758,-12.985],[-62.769,-12.991],[-62.77,-13.01],[-62.79,-13.001],[-62.807,-12.989],[-62.82,-12.975],[-62.825,-12.959],[-62.827,-12.95],[-62.831,-12.945],[-62.839,-12.943],[-62.849,-12.942],[-62.86,-12.94],[-62.865,-12.936],[-62.868,-12.929],[-62.92,-12.862],[-62.924,-12.853],[-62.929,-12.846],[-62.938,-12.849],[-62.947,-12.855],[-62.955,-12.858],[-62.964,-12.857],[-62.975,-12.853],[-62.988,-12.844],[-62.999,-12.829],[-63.007,-12.81],[-63.01,-12.788],[-63.015,-12.778],[-63.026,-12.766],[-63.048,-12.747],[-63.051,-12.742],[-63.052,-12.736],[-63.051,-12.731],[-63.043,-12.719],[-63.047,-12.714],[-63.054,-12.708],[-63.058,-12.702],[-63.065,-12.666],[-63.075,-12.653],[-63.105,-12.645],[-63.125,-12.636],[-63.137,-12.634],[-63.139,-12.636],[-63.167,-12.647],[-63.172,-12.652],[-63.176,-12.664],[-63.181,-12.668],[-63.186,-12.668],[-63.197,-12.667],[-63.202,-12.668],[-63.223,-12.683],[-63.232,-12.691],[-63.236,-12.699],[-63.247,-12.701],[-63.318,-12.702],[-63.33,-12.697],[-63.359,-12.675],[-63.371,-12.67],[-63.393,-12.665],[-63.431,-12.637],[-63.435,-12.63],[-63.438,-12.619],[-63.445,-12.615],[-63.454,-12.612],[-63.463,-12.605],[-63.466,-12.595],[-63.467,-12.586],[-63.469,-12.576],[-63.476,-12.565],[-63.486,-12.557],[-63.496,-12.553],[-63.508,-12.552],[-63.52,-12.551],[-63.542,-12.548],[-63.559,-12.54],[-63.6,-12.506],[-63.655,-12.478],[-63.658,-12.475],[-63.801,-12.455],[-63.815,-12.457],[-63.846,-12.467],[-63.863,-12.469],[-63.863,-12.475],[-63.897,-12.516],[-63.902,-12.525],[-63.909,-12.534],[-63.921,-12.544],[-63.939,-12.544],[-63.95,-12.537],[-63.959,-12.528],[-63.972,-12.524],[-64.004,-12.535],[-64.023,-12.538],[-64.044,-12.509],[-64.104,-12.507],[-64.12,-12.49],[-64.135,-12.511],[-64.145,-12.52],[-64.155,-12.517],[-64.183,-12.488],[-64.198,-12.479],[-64.215,-12.474],[-64.237,-12.475],[-64.246,-12.479],[-64.257,-12.491],[-64.264,-12.495],[-64.269,-12.497],[-64.278,-12.499],[-64.288,-12.497],[-64.298,-12.466],[-64.313,-12.462],[-64.353,-12.469],[-64.377,-12.466],[-64.396,-12.457],[-64.411,-12.445],[-64.425,-12.431],[-64.432,-12.421],[-64.444,-12.4],[-64.453,-12.39],[-64.462,-12.385],[-64.484,-12.378],[-64.49,-12.374],[-64.492,-12.357],[-64.474,-12.316],[-64.469,-12.295],[-64.468,-12.273],[-64.469,-12.261],[-64.473,-12.253],[-64.489,-12.239],[-64.494,-12.238],[-64.509,-12.236],[-64.51,-12.237],[-64.51,-12.24],[-64.511,-12.243],[-64.532,-12.232],[-64.548,-12.219],[-64.555,-12.218],[-64.581,-12.217],[-64.593,-12.216],[-64.641,-12.195],[-64.665,-12.181],[-64.675,-12.171],[-64.677,-12.168],[-64.686,-12.159],[-64.689,-12.154],[-64.689,-12.147],[-64.682,-12.135],[-64.682,-12.127],[-64.686,-12.11],[-64.69,-12.104],[-64.706,-12.106],[-64.71,-12.112],[-64.714,-12.138],[-64.716,-12.147],[-64.728,-12.15],[-64.74,-12.145],[-64.744,-12.134],[-64.737,-12.12],[-64.769,-12.086],[-64.78,-12.068],[-64.785,-12.047],[-64.793,-12.033],[-64.809,-12.026],[-64.828,-12.022],[-64.84,-12.017],[-64.862,-12.025],[-64.884,-12.021],[-64.904,-12.014],[-64.925,-12.01],[-64.968,-12.008],[-64.983,-12.004],[-64.997,-11.996],[-65.009,-11.984],[-65.016,-11.968],[-65.015,-11.95],[-65.001,-11.931],[-64.996,-11.921],[-64.998,-11.909],[-65.005,-11.898],[-65.015,-11.894],[-65.018,-11.894],[-65.028,-11.889],[-65.034,-11.88],[-65.038,-11.858],[-65.039,-11.849],[-65.037,-11.828],[-65.038,-11.819],[-65.043,-11.808],[-65.056,-11.786],[-65.066,-11.753],[-65.081,-11.743],[-65.099,-11.736],[-65.114,-11.723],[-65.11,-11.7],[-65.113,-11.691],[-65.128,-11.695],[-65.134,-11.703],[-65.138,-11.715],[-65.144,-11.764],[-65.151,-11.773],[-65.164,-11.77],[-65.182,-11.757],[-65.196,-11.742],[-65.202,-11.728],[-65.202,-11.691],[-65.2,-11.682],[-65.191,-11.667],[-65.189,-11.657],[-65.193,-11.632],[-65.191,-11.623],[-65.167,-11.616],[-65.174,-11.607],[-65.195,-11.592],[-65.207,-11.588],[-65.215,-11.588],[-65.219,-11.585],[-65.223,-11.571],[-65.224,-11.558],[-65.216,-11.54],[-65.216,-11.53],[-65.223,-11.517],[-65.233,-11.508],[-65.258,-11.495],[-65.292,-11.505],[-65.32,-11.476],[-65.353,-11.391],[-65.355,-11.382],[-65.354,-11.372],[-65.348,-11.361],[-65.33,-11.34],[-65.326,-11.328],[-65.335,-11.321],[-65.354,-11.311],[-65.374,-11.296],[-65.387,-11.278],[-65.389,-11.253],[-65.379,-11.242],[-65.366,-11.234],[-65.36,-11.219],[-65.368,-11.205],[-65.385,-11.194],[-65.398,-11.178],[-65.395,-11.153],[-65.38,-11.136],[-65.341,-11.107],[-65.333,-11.089],[-65.337,-11.068],[-65.343,-11.051],[-65.342,-11.033],[-65.326,-11.009],[-65.318,-11.002],[-65.31,-10.997],[-65.303,-10.991],[-65.299,-10.982],[-65.3,-10.97],[-65.305,-10.962],[-65.31,-10.957],[-65.313,-10.951],[-65.319,-10.865],[-65.327,-10.85],[-65.342,-10.835],[-65.36,-10.823],[-65.4,-10.812],[-65.405,-10.799],[-65.39,-10.754],[-65.382,-10.716],[-65.381,-10.698],[-65.387,-10.67],[-65.401,-10.655],[-65.419,-10.645],[-65.436,-10.626],[-65.436,-10.611],[-65.429,-10.561],[-65.432,-10.551],[-65.436,-10.547],[-65.439,-10.538],[-65.442,-10.528],[-65.442,-10.519],[-65.441,-10.513],[-65.437,-10.504],[-65.436,-10.499],[-65.438,-10.493],[-65.45,-10.475],[-65.45,-10.468],[-65.425,-10.463],[-65.411,-10.449],[-65.387,-10.407],[-65.391,-10.403],[-65.393,-10.4],[-65.395,-10.392],[-65.39,-10.374],[-65.379,-10.351],[-65.365,-10.332],[-65.328,-10.314],[-65.316,-10.291],[-65.305,-10.242],[-65.288,-10.216],[-65.285,-10.207],[-65.287,-10.196],[-65.297,-10.173],[-65.299,-10.163],[-65.301,-10.12],[-65.306,-10.098],[-65.324,-10.046],[-65.333,-10.008],[-65.337,-9.967],[-65.333,-9.927],[-65.325,-9.905],[-65.304,-9.865],[-65.299,-9.841],[-65.304,-9.826],[-65.317,-9.813],[-65.33,-9.801],[-65.34,-9.79],[-65.354,-9.745],[-65.356,-9.742],[-65.371,-9.711],[-65.398,-9.687],[-65.416,-9.68],[-65.442,-9.68],[-65.452,-9.681],[-65.465,-9.696],[-65.511,-9.734],[-65.517,-9.743],[-65.521,-9.759],[-65.525,-9.768],[-65.535,-9.782],[-65.547,-9.795],[-65.551,-9.797],[-65.563,-9.799],[-65.568,-9.802],[-65.57,-9.806],[-65.571,-9.816],[-65.572,-9.819],[-65.577,-9.826],[-65.579,-9.833],[-65.584,-9.837],[-65.596,-9.838],[-65.614,-9.834],[-65.629,-9.827],[-65.658,-9.807],[-65.664,-9.803],[-65.673,-9.793],[-65.679,-9.789],[-65.684,-9.79],[-65.694,-9.794],[-65.697,-9.794],[-65.705,-9.793],[-65.713,-9.794],[-65.717,-9.791],[-65.714,-9.779],[-65.71,-9.756],[-65.725,-9.757],[-65.763,-9.772],[-65.772,-9.769],[-65.777,-9.763],[-65.78,-9.756],[-65.782,-9.746],[-65.789,-9.733],[-65.795,-9.738],[-65.803,-9.757],[-65.804,-9.765],[-65.804,-9.776],[-65.806,-9.784],[-65.817,-9.786],[-65.822,-9.782],[-65.827,-9.774],[-65.832,-9.765],[-65.834,-9.758],[-65.85,-9.775],[-65.862,-9.782],[-65.874,-9.781],[-65.915,-9.772],[-65.929,-9.77],[-65.947,-9.771],[-65.966,-9.777],[-66.01,-9.804],[-66.029,-9.808],[-66.043,-9.805],[-66.069,-9.79],[-66.082,-9.786],[-66.087,-9.785],[-66.102,-9.787],[-66.106,-9.79],[-66.113,-9.802],[-66.118,-9.806],[-66.124,-9.805],[-66.128,-9.801],[-66.132,-9.797],[-66.135,-9.795],[-66.191,-9.801],[-66.208,-9.808],[-66.239,-9.828],[-66.257,-9.835],[-66.355,-9.85],[-66.372,-9.856],[-66.413,-9.879],[-66.433,-9.886],[-66.453,-9.889],[-66.514,-9.884],[-66.632,-9.904],[-66.643,-9.908],[-66.649,-9.916],[-66.652,-9.926],[-66.655,-9.937],[-66.66,-9.945],[-66.67,-9.952],[-66.752,-9.983],[-66.771,-9.993],[-66.903,-10.093],[-67.064,-10.257],[-67.11,-10.283],[-67.121,-10.285],[-67.142,-10.286],[-67.152,-10.289],[-67.159,-10.297],[-67.165,-10.309],[-67.172,-10.32],[-67.185,-10.327],[-67.202,-10.327],[-67.241,-10.316],[-67.259,-10.314],[-67.301,-10.315],[-67.324,-10.319],[-67.338,-10.326],[-67.339,-10.335],[-67.334,-10.357],[-67.335,-10.366],[-67.343,-10.372],[-67.353,-10.376],[-67.365,-10.378],[-67.409,-10.379],[-67.418,-10.381],[-67.429,-10.39],[-67.432,-10.398],[-67.432,-10.406],[-67.437,-10.417],[-67.451,-10.436],[-67.468,-10.452],[-67.488,-10.465],[-67.529,-10.479],[-67.565,-10.496],[-67.585,-10.502],[-67.6,-10.515],[-67.611,-10.529],[-67.631,-10.56],[-67.643,-10.575],[-67.674,-10.599],[-67.685,-10.611],[-67.696,-10.64],[-67.705,-10.677],[-67.722,-10.705],[-67.756,-10.714],[-67.775,-10.707],[-67.814,-10.676],[-67.833,-10.665],[-67.848,-10.661],[-67.863,-10.659],[-67.982,-10.664],[-68.01,-10.66],[-68.027,-10.662],[-68.044,-10.667],[-68.075,-10.682],[-68.098,-10.698],[-68.112,-10.714],[-68.147,-10.78],[-68.204,-10.839],[-68.218,-10.858],[-68.244,-10.917],[-68.258,-10.939],[-68.274,-10.96],[-68.293,-10.979],[-68.314,-10.993],[-68.331,-11],[-68.378,-11.005],[-68.396,-11.014],[-68.428,-11.044],[-68.442,-11.048],[-68.46,-11.045],[-68.477,-11.045],[-68.493,-11.047],[-68.536,-11.062],[-68.588,-11.099],[-68.616,-11.112],[-68.758,-11.141],[-68.776,-11.141],[-68.784,-11.135],[-68.787,-11.126],[-68.791,-11.085],[-68.786,-11.059],[-68.774,-11.035],[-68.758,-11.012],[-68.775,-11.003],[-68.805,-10.995],[-68.832,-11],[-68.859,-11.01],[-68.884,-11.016],[-68.908,-11.013],[-68.955,-11],[-68.979,-11.002],[-68.983,-11.002],[-68.993,-11.002],[-68.997,-11.002],[-69.071,-10.97],[-69.087,-10.967],[-69.121,-10.971],[-69.159,-10.962],[-69.237,-10.953],[-69.294,-10.955],[-69.33,-10.949],[-69.363,-10.94],[-69.396,-10.935],[-69.463,-10.951],[-69.503,-10.955],[-69.578,-10.952],[-69.596,-10.952],[-69.72,-10.965],[-69.753,-10.958],[-69.791,-10.934],[-69.808,-10.927],[-69.835,-10.925],[-69.876,-10.928],[-69.895,-10.927],[-69.914,-10.921],[-69.956,-10.919],[-70.199,-11.041],[-70.239,-11.055],[-70.289,-11.065],[-70.341,-11.067],[-70.391,-11.059],[-70.437,-11.037],[-70.462,-11.014],[-70.507,-10.961],[-70.534,-10.938],[-70.556,-10.943],[-70.641,-11.011],[-70.641,-10.93],[-70.641,-10.803],[-70.641,-10.675],[-70.64,-10.548],[-70.64,-10.421],[-70.639,-10.294],[-70.639,-10.166],[-70.639,-10.039],[-70.639,-9.956],[-70.639,-9.912],[-70.638,-9.852],[-70.629,-9.812],[-70.623,-9.801],[-70.615,-9.792],[-70.605,-9.785],[-70.595,-9.779],[-70.59,-9.779],[-70.58,-9.786],[-70.574,-9.785],[-70.569,-9.779],[-70.567,-9.767],[-70.563,-9.761],[-70.551,-9.744],[-70.543,-9.727],[-70.542,-9.708],[-70.549,-9.688],[-70.56,-9.673],[-70.59,-9.65],[-70.601,-9.635],[-70.607,-9.617],[-70.615,-9.584],[-70.624,-9.566],[-70.619,-9.564],[-70.593,-9.564],[-70.587,-9.566],[-70.574,-9.568],[-70.565,-9.565],[-70.578,-9.542],[-70.576,-9.529],[-70.568,-9.519],[-70.555,-9.516],[-70.557,-9.513],[-70.56,-9.505],[-70.562,-9.502],[-70.543,-9.493],[-70.538,-9.481],[-70.536,-9.464],[-70.525,-9.447],[-70.524,-9.444],[-70.525,-9.431],[-70.567,-9.435],[-70.587,-9.44],[-70.606,-9.449],[-70.627,-9.467],[-70.662,-9.509],[-70.681,-9.528],[-70.747,-9.565],[-70.768,-9.58],[-70.805,-9.618],[-70.825,-9.634],[-70.875,-9.66],[-70.892,-9.679],[-70.92,-9.72],[-70.932,-9.73],[-70.957,-9.745],[-70.969,-9.755],[-70.978,-9.767],[-70.99,-9.792],[-70.997,-9.804],[-71.015,-9.817],[-71.077,-9.834],[-71.144,-9.863],[-71.161,-9.876],[-71.174,-9.897],[-71.183,-9.921],[-71.197,-9.94],[-71.245,-9.956],[-71.28,-9.983],[-71.3,-9.993],[-71.313,-9.994],[-71.322,-9.989],[-71.329,-9.983],[-71.34,-9.98],[-71.354,-9.981],[-71.36,-9.987],[-71.364,-9.995],[-71.373,-10.002],[-71.391,-10.007],[-71.429,-10.007],[-71.607,-10.007],[-71.785,-10.006],[-71.964,-10.006],[-72.142,-10.006],[-72.196,-10.006],[-72.185,-9.985],[-72.184,-9.967],[-72.186,-9.95],[-72.184,-9.929],[-72.178,-9.919],[-72.163,-9.9],[-72.16,-9.888],[-72.163,-9.877],[-72.171,-9.857],[-72.174,-9.846],[-72.195,-9.806],[-72.265,-9.762],[-72.277,-9.724],[-72.265,-9.687],[-72.262,-9.667],[-72.268,-9.65],[-72.295,-9.617],[-72.304,-9.601],[-72.307,-9.58],[-72.306,-9.551],[-72.307,-9.541],[-72.313,-9.533],[-72.323,-9.532],[-72.335,-9.534],[-72.345,-9.533],[-72.362,-9.521],[-72.39,-9.496],[-72.41,-9.486],[-72.43,-9.482],[-72.491,-9.486],[-72.536,-9.482],[-72.554,-9.476],[-72.596,-9.456],[-72.637,-9.443],[-72.656,-9.439],[-72.66,-9.44],[-72.668,-9.445],[-72.672,-9.447],[-72.678,-9.445],[-72.687,-9.437],[-72.692,-9.435],[-72.813,-9.411],[-73.215,-9.409],[-73.194,-9.376],[-73.141,-9.323],[-73.118,-9.292],[-73.101,-9.26],[-73.09,-9.244],[-73.078,-9.237],[-73.064,-9.235],[-73.048,-9.23],[-73.034,-9.223],[-73.029,-9.211],[-73.028,-9.183],[-72.982,-9.147],[-72.972,-9.134],[-72.964,-9.116],[-72.959,-9.086],[-72.97,-9.002],[-72.976,-8.985],[-73.004,-8.944],[-73.017,-8.93],[-73.054,-8.906],[-73.069,-8.894],[-73.146,-8.782],[-73.163,-8.74],[-73.175,-8.721],[-73.192,-8.704],[-73.211,-8.694],[-73.269,-8.682],[-73.29,-8.67],[-73.308,-8.653],[-73.351,-8.598],[-73.357,-8.582],[-73.358,-8.563],[-73.348,-8.518],[-73.349,-8.498],[-73.356,-8.48],[-73.371,-8.465],[-73.379,-8.462],[-73.401,-8.459],[-73.41,-8.456],[-73.42,-8.446],[-73.437,-8.425],[-73.447,-8.416],[-73.527,-8.372],[-73.541,-8.359],[-73.548,-8.34],[-73.553,-8.299],[-73.562,-8.273],[-73.591,-8.235],[-73.603,-8.212],[-73.606,-8.193],[-73.601,-8.155],[-73.601,-8.136],[-73.612,-8.113],[-73.645,-8.068],[-73.652,-8.046],[-73.668,-8.014],[-73.706,-7.994],[-73.748,-7.977],[-73.779,-7.954],[-73.785,-7.94],[-73.796,-7.892],[-73.795,-7.874],[-73.78,-7.874],[-73.746,-7.886],[-73.714,-7.866],[-73.703,-7.828],[-73.712,-7.788],[-73.742,-7.764],[-73.78,-7.753],[-73.811,-7.739],[-73.839,-7.721],[-73.969,-7.585],[-74.01,-7.561],[-74.018,-7.544],[-73.984,-7.529],[-73.971,-7.524],[-73.959,-7.502],[-73.958,-7.48],[-73.95,-7.465],[-73.944,-7.449],[-73.951,-7.423],[-73.979,-7.375],[-73.983,-7.356],[-73.961,-7.356],[-73.92,-7.372],[-73.902,-7.373],[-73.88,-7.365],[-73.843,-7.343],[-73.826,-7.337],[-73.8,-7.336],[-73.761,-7.337],[-73.741,-7.334],[-73.725,-7.325],[-73.713,-7.305],[-73.716,-7.286],[-73.725,-7.268],[-73.735,-7.225],[-73.804,-7.126],[-73.807,-7.118],[-73.812,-7.103],[-73.807,-7.078],[-73.792,-7.05],[-73.768,-6.959],[-73.765,-6.904],[-73.759,-6.887],[-73.749,-6.876],[-73.707,-6.85],[-73.697,-6.837],[-73.685,-6.812],[-73.672,-6.801],[-73.644,-6.784],[-73.594,-6.744],[-73.513,-6.698],[-73.445,-6.64],[-73.406,-6.616],[-73.371,-6.584],[-73.349,-6.576],[-73.278,-6.576],[-73.234,-6.564],[-73.199,-6.546],[-73.171,-6.517],[-73.148,-6.476],[-73.132,-6.435],[-73.127,-6.413],[-73.127,-6.391],[-73.134,-6.368],[-73.156,-6.323],[-73.162,-6.3],[-73.172,-6.22],[-73.178,-6.202],[-73.226,-6.148],[-73.235,-6.124],[-73.235,-6.078],[-73.219,-6.04],[-73.197,-6.005],[-73.14,-5.879],[-73.106,-5.847],[-73.001,-5.709],[-72.987,-5.681],[-72.977,-5.652],[-72.96,-5.559],[-72.96,-5.531],[-72.969,-5.499],[-72.973,-5.466],[-72.964,-5.434],[-72.935,-5.372],[-72.931,-5.356],[-72.924,-5.314],[-72.916,-5.299],[-72.905,-5.286],[-72.897,-5.272],[-72.895,-5.256],[-72.9,-5.195],[-72.906,-5.179],[-72.915,-5.164],[-72.922,-5.147],[-72.918,-5.132],[-72.894,-5.126],[-72.881,-5.125],[-72.873,-5.124],[-72.859,-5.116],[-72.858,-5.112],[-72.857,-5.098],[-72.854,-5.093],[-72.849,-5.092],[-72.836,-5.096],[-72.831,-5.097],[-72.79,-5.089],[-72.773,-5.081],[-72.76,-5.065],[-72.748,-5.055],[-72.729,-5.057],[-72.708,-5.063],[-72.654,-5.063],[-72.645,-5.061],[-72.635,-5.052],[-72.632,-5.043],[-72.632,-5.033],[-72.627,-5.022],[-72.614,-5.01],[-72.587,-4.997],[-72.562,-4.97],[-72.546,-4.958],[-72.529,-4.95],[-72.51,-4.948],[-72.495,-4.947],[-72.489,-4.941],[-72.486,-4.933],[-72.481,-4.923],[-72.48,-4.92],[-72.48,-4.914],[-72.479,-4.908],[-72.476,-4.902],[-72.472,-4.901],[-72.458,-4.9],[-72.453,-4.899],[-72.431,-4.888],[-72.415,-4.876],[-72.404,-4.86],[-72.397,-4.806],[-72.386,-4.794],[-72.345,-4.783],[-72.339,-4.777],[-72.337,-4.77],[-72.332,-4.763],[-72.32,-4.76],[-72.282,-4.765],[-72.269,-4.765],[-72.251,-4.759],[-72.233,-4.748],[-72.182,-4.711],[-72.127,-4.68],[-72.108,-4.664],[-72.097,-4.65],[-72.079,-4.613],[-72.071,-4.605],[-72.063,-4.606],[-72.054,-4.61],[-72.044,-4.614],[-72.036,-4.612],[-72.026,-4.606],[-72.01,-4.592],[-71.98,-4.582],[-71.933,-4.537],[-71.907,-4.518],[-71.89,-4.514],[-71.808,-4.504],[-71.801,-4.502],[-71.797,-4.498],[-71.796,-4.491],[-71.793,-4.485],[-71.785,-4.481],[-71.774,-4.482],[-71.751,-4.492],[-71.74,-4.496],[-71.721,-4.493],[-71.71,-4.485],[-71.699,-4.482],[-71.683,-4.494],[-71.673,-4.504],[-71.665,-4.508],[-71.657,-4.507],[-71.644,-4.502],[-71.624,-4.482],[-71.613,-4.479],[-71.617,-4.5],[-71.572,-4.481],[-71.558,-4.479],[-71.532,-4.485],[-71.525,-4.485],[-71.519,-4.479],[-71.513,-4.457],[-71.506,-4.449],[-71.492,-4.443],[-71.477,-4.441],[-71.447,-4.44],[-71.401,-4.433],[-71.387,-4.435],[-71.378,-4.443],[-71.371,-4.453],[-71.363,-4.459],[-71.35,-4.454],[-71.346,-4.45],[-71.337,-4.438],[-71.331,-4.435],[-71.324,-4.437],[-71.318,-4.439],[-71.315,-4.44],[-71.305,-4.427],[-71.305,-4.417],[-71.307,-4.407],[-71.305,-4.395],[-71.288,-4.381],[-71.265,-4.375],[-71.242,-4.38],[-71.214,-4.411],[-71.201,-4.396],[-71.186,-4.372],[-71.17,-4.363],[-71.163,-4.369],[-71.152,-4.392],[-71.144,-4.399],[-71.128,-4.402],[-71.12,-4.396],[-71.106,-4.374],[-71.082,-4.364],[-71.029,-4.386],[-71.01,-4.37],[-71.005,-4.348],[-70.99,-4.366],[-70.969,-4.385],[-70.948,-4.364],[-70.939,-4.345],[-70.926,-4.329],[-70.896,-4.3],[-70.887,-4.284],[-70.881,-4.266],[-70.874,-4.251],[-70.858,-4.243],[-70.843,-4.238],[-70.84,-4.229],[-70.848,-4.204],[-70.845,-4.191],[-70.832,-4.179],[-70.785,-4.156],[-70.774,-4.155],[-70.712,-4.172],[-70.694,-4.172],[-70.683,-4.164],[-70.672,-4.133],[-70.663,-4.122],[-70.647,-4.116],[-70.631,-4.119],[-70.63,-4.133],[-70.633,-4.152],[-70.633,-4.167],[-70.585,-4.195],[-70.577,-4.184],[-70.572,-4.166],[-70.566,-4.149],[-70.55,-4.141],[-70.534,-4.147],[-70.529,-4.161],[-70.526,-4.176],[-70.516,-4.182],[-70.501,-4.177],[-70.46,-4.145],[-70.444,-4.137],[-70.43,-4.134],[-70.415,-4.136],[-70.399,-4.142],[-70.374,-4.165],[-70.361,-4.168],[-70.343,-4.139],[-70.331,-4.143],[-70.319,-4.156],[-70.311,-4.171],[-70.309,-4.191],[-70.318,-4.229],[-70.317,-4.247],[-70.307,-4.26],[-70.258,-4.299],[-70.248,-4.302],[-70.239,-4.302],[-70.231,-4.304],[-70.225,-4.313],[-70.217,-4.329],[-70.206,-4.343],[-70.187,-4.326],[-70.17,-4.288],[-70.157,-4.27],[-70.139,-4.26],[-70.117,-4.258],[-70.097,-4.266],[-70.086,-4.284],[-70.081,-4.309],[-70.076,-4.316],[-70.063,-4.328],[-70.051,-4.337],[-70.037,-4.341],[-70.023,-4.339],[-69.989,-4.315],[-69.972,-4.291],[-69.963,-4.264],[-69.965,-4.236],[-69.964,-4.234],[-69.963,-4.232],[-69.962,-4.23],[-69.961,-4.228],[-69.959,-4.225],[-69.958,-4.223],[-69.957,-4.221],[-69.956,-4.219],[-69.955,-4.217],[-69.954,-4.214],[-69.953,-4.212],[-69.952,-4.21],[-69.951,-4.208],[-69.949,-4.206],[-69.948,-4.203],[-69.947,-4.201],[-69.918,-4.04],[-69.889,-3.879],[-69.859,-3.718],[-69.83,-3.557],[-69.8,-3.395],[-69.771,-3.234],[-69.742,-3.073],[-69.712,-2.912],[-69.683,-2.751],[-69.654,-2.589],[-69.624,-2.428],[-69.595,-2.267],[-69.566,-2.106],[-69.536,-1.945],[-69.507,-1.784],[-69.478,-1.622],[-69.466,-1.561],[-69.452,-1.511],[-69.452,-1.491],[-69.434,-1.422],[-69.435,-1.376],[-69.418,-1.284],[-69.421,-1.239],[-69.399,-1.183],[-69.41,-1.153],[-69.448,-1.092],[-69.448,-1.08],[-69.442,-1.06],[-69.44,-1.049],[-69.445,-1.011],[-69.443,-1.008],[-69.447,-1.001],[-69.45,-0.997],[-69.455,-0.995],[-69.465,-0.993],[-69.471,-0.988],[-69.493,-0.956],[-69.502,-0.95],[-69.524,-0.941],[-69.533,-0.934],[-69.539,-0.921],[-69.539,-0.911],[-69.536,-0.901],[-69.537,-0.89],[-69.543,-0.879],[-69.55,-0.873],[-69.558,-0.869],[-69.564,-0.863],[-69.573,-0.849],[-69.576,-0.839],[-69.573,-0.814],[-69.581,-0.799],[-69.618,-0.757],[-69.628,-0.733],[-69.622,-0.715],[-69.591,-0.668],[-69.584,-0.645],[-69.587,-0.632],[-69.593,-0.624],[-69.599,-0.616],[-69.605,-0.606],[-69.607,-0.596],[-69.607,-0.567],[-69.612,-0.545],[-69.62,-0.525],[-69.632,-0.507],[-69.65,-0.492],[-69.666,-0.483],[-69.746,-0.453],[-69.762,-0.441],[-69.791,-0.408],[-69.802,-0.401],[-69.825,-0.39],[-69.835,-0.383],[-69.842,-0.373],[-69.852,-0.351],[-69.858,-0.341],[-69.875,-0.331],[-69.915,-0.322],[-69.934,-0.314],[-69.944,-0.305],[-69.967,-0.272],[-70.018,-0.226],[-70.056,-0.181],[-70.068,-0.16],[-70.074,-0.125],[-70.072,-0.075],[-70.072,-0.049],[-70.07,0.018],[-70.067,0.113],[-70.064,0.222],[-70.061,0.331],[-70.059,0.426],[-70.057,0.493],[-70.056,0.519],[-70.054,0.588],[-70.039,0.575],[-70.021,0.58],[-69.999,0.59],[-69.976,0.59],[-69.953,0.586],[-69.934,0.589],[-69.914,0.595],[-69.846,0.599],[-69.805,0.607],[-69.768,0.621],[-69.733,0.639],[-69.695,0.669],[-69.679,0.67],[-69.651,0.657],[-69.619,0.651],[-69.605,0.667],[-69.594,0.689],[-69.574,0.698],[-69.556,0.7],[-69.523,0.721],[-69.504,0.73],[-69.478,0.733],[-69.458,0.728],[-69.44,0.716],[-69.369,0.644],[-69.363,0.641],[-69.342,0.65],[-69.32,0.656],[-69.302,0.657],[-69.293,0.646],[-69.297,0.618],[-69.279,0.619],[-69.242,0.614],[-69.226,0.615],[-69.219,0.62],[-69.208,0.635],[-69.201,0.639],[-69.19,0.64],[-69.171,0.633],[-69.162,0.631],[-69.144,0.638],[-69.137,0.65],[-69.141,0.668],[-69.152,0.691],[-69.159,0.697],[-69.181,0.708],[-69.189,0.715],[-69.192,0.729],[-69.185,0.738],[-69.175,0.745],[-69.168,0.756],[-69.168,0.779],[-69.178,0.824],[-69.175,0.844],[-69.169,0.848],[-69.16,0.85],[-69.152,0.854],[-69.152,0.868],[-69.159,0.876],[-69.171,0.883],[-69.194,0.892],[-69.21,0.908],[-69.204,0.944],[-69.226,0.957],[-69.229,0.967],[-69.23,0.979],[-69.233,0.988],[-69.24,0.996],[-69.257,1.007],[-69.274,1.028],[-69.289,1.038],[-69.339,1.064],[-69.355,1.067],[-69.371,1.063],[-69.418,1.029],[-69.428,1.03],[-69.447,1.042],[-69.452,1.046],[-69.455,1.051],[-69.46,1.055],[-69.469,1.059],[-69.478,1.061],[-69.51,1.056],[-69.543,1.056],[-69.553,1.057],[-69.597,1.072],[-69.62,1.073],[-69.716,1.059],[-69.727,1.061],[-69.728,1.083],[-69.737,1.088],[-69.75,1.091],[-69.763,1.091],[-69.788,1.084],[-69.829,1.057],[-69.852,1.059],[-69.852,1.119],[-69.852,1.188],[-69.851,1.257],[-69.851,1.325],[-69.85,1.394],[-69.85,1.463],[-69.85,1.531],[-69.849,1.6],[-69.849,1.669],[-69.856,1.708],[-69.841,1.708],[-69.808,1.707],[-69.789,1.713],[-69.746,1.735],[-69.729,1.739],[-69.711,1.739],[-69.69,1.735],[-69.649,1.739],[-69.58,1.77],[-69.542,1.773],[-69.469,1.757],[-69.393,1.725],[-69.352,1.72],[-69.305,1.72],[-69.178,1.72],[-69,1.72],[-68.795,1.721],[-68.591,1.721],[-68.413,1.721],[-68.286,1.721],[-68.239,1.721],[-68.163,1.721],[-68.18,1.73],[-68.189,1.736],[-68.192,1.742],[-68.191,1.755],[-68.194,1.764],[-68.202,1.769],[-68.239,1.77],[-68.241,1.788],[-68.239,1.81],[-68.248,1.822],[-68.274,1.825],[-68.28,1.829],[-68.261,1.858],[-68.201,2.008],[-68.192,2.015],[-68.187,2.008],[-68.187,1.988],[-68.185,1.981],[-68.177,1.973],[-68.17,1.97],[-68.149,1.966],[-68.126,1.956],[-68.111,1.942],[-68.101,1.924],[-68.079,1.86],[-68.059,1.816],[-68.032,1.778],[-67.998,1.75],[-67.965,1.74],[-67.929,1.741],[-67.893,1.75],[-67.861,1.762],[-67.821,1.784],[-67.79,1.813],[-67.67,1.973],[-67.593,2.055],[-67.554,2.073],[-67.527,2.097],[-67.51,2.107],[-67.475,2.112],[-67.466,2.116],[-67.449,2.134],[-67.44,2.14],[-67.425,2.138],[-67.382,2.123],[-67.366,2.115],[-67.341,2.09],[-67.32,2.053],[-67.289,1.975],[-67.265,1.933],[-67.156,1.788],[-67.117,1.71],[-67.083,1.605],[-67.074,1.541],[-67.098,1.253],[-67.094,1.201],[-67.086,1.176],[-67.065,1.173],[-66.978,1.197],[-66.913,1.215],[-66.875,1.223],[-66.857,1.206],[-66.809,1.163],[-66.74,1.102],[-66.662,1.031],[-66.584,0.961],[-66.516,0.9],[-66.468,0.857],[-66.449,0.84],[-66.407,0.802],[-66.346,0.759],[-66.285,0.746],[-66.228,0.763],[-66.209,0.763],[-66.189,0.755],[-66.173,0.743],[-66.156,0.733],[-66.134,0.731],[-66.111,0.742],[-66.079,0.778],[-66.057,0.787],[-66.014,0.79],[-65.994,0.795],[-65.974,0.807],[-65.953,0.828],[-65.914,0.875],[-65.892,0.896],[-65.872,0.909],[-65.785,0.949],[-65.745,0.974],[-65.721,0.982],[-65.701,0.984],[-65.629,0.982],[-65.608,0.985],[-65.596,0.984],[-65.583,0.978],[-65.571,0.969],[-65.56,0.958],[-65.536,0.928],[-65.525,0.908],[-65.519,0.887],[-65.517,0.863],[-65.533,0.816],[-65.563,0.778],[-65.587,0.739],[-65.585,0.691],[-65.574,0.67],[-65.56,0.656],[-65.543,0.649],[-65.52,0.651],[-65.498,0.659],[-65.473,0.673],[-65.451,0.69],[-65.433,0.721],[-65.414,0.742],[-65.409,0.755],[-65.411,0.784],[-65.41,0.792],[-65.4,0.817],[-65.389,0.836],[-65.327,0.91],[-65.31,0.919],[-65.284,0.919],[-65.243,0.913],[-65.223,0.914],[-65.203,0.924],[-65.179,0.955],[-65.168,0.996],[-65.16,1.08],[-65.137,1.127],[-65.101,1.136],[-65.06,1.132],[-65.022,1.14],[-65.021,1.144],[-65.02,1.158],[-65.017,1.163],[-65.013,1.166],[-65.003,1.169],[-64.999,1.172],[-64.966,1.201],[-64.956,1.207],[-64.933,1.213],[-64.915,1.215],[-64.897,1.22],[-64.878,1.235],[-64.855,1.259],[-64.839,1.271],[-64.821,1.271],[-64.771,1.247],[-64.751,1.243],[-64.731,1.248],[-64.604,1.331],[-64.591,1.35],[-64.57,1.395],[-64.551,1.42],[-64.528,1.436],[-64.475,1.463],[-64.433,1.494],[-64.409,1.508],[-64.386,1.51],[-64.365,1.497],[-64.364,1.477],[-64.385,1.436],[-64.391,1.418],[-64.395,1.392],[-64.39,1.369],[-64.37,1.359],[-64.353,1.366],[-64.341,1.384],[-64.322,1.424],[-64.302,1.447],[-64.232,1.497],[-64.177,1.551],[-64.13,1.578],[-64.11,1.598],[-64.093,1.623],[-64.081,1.647],[-64.075,1.665],[-64.073,1.685],[-64.076,1.745],[-64.06,1.807],[-64.054,1.894],[-64.037,1.927],[-63.995,1.958],[-63.958,1.971],[-63.921,1.974],[-63.802,1.972],[-63.783,1.975],[-63.763,1.986],[-63.618,2.101],[-63.562,2.126],[-63.549,2.128],[-63.521,2.124],[-63.511,2.125],[-63.443,2.137],[-63.412,2.149],[-63.402,2.171],[-63.404,2.188],[-63.401,2.205],[-63.387,2.236],[-63.373,2.267],[-63.371,2.281],[-63.373,2.349],[-63.371,2.365],[-63.361,2.4],[-63.365,2.413],[-63.385,2.421],[-63.511,2.425],[-63.574,2.434],[-63.704,2.438],[-63.767,2.429],[-63.831,2.429],[-63.952,2.462],[-64.011,2.468],[-64.032,2.463],[-64.048,2.471],[-64.057,2.489],[-64.058,2.51],[-64.051,2.535],[-64.012,2.604],[-64.008,2.623],[-64.004,2.68],[-63.998,2.706],[-63.998,2.715],[-64.001,2.725],[-64.012,2.744],[-64.029,2.798],[-64.106,2.947],[-64.138,2.987],[-64.173,3.052],[-64.205,3.089],[-64.223,3.124],[-64.225,3.166],[-64.216,3.251],[-64.22,3.293],[-64.246,3.419],[-64.242,3.443],[-64.232,3.461],[-64.205,3.497],[-64.198,3.515],[-64.196,3.533],[-64.196,3.57],[-64.203,3.595],[-64.222,3.616],[-64.266,3.652],[-64.324,3.724],[-64.347,3.738],[-64.394,3.756],[-64.435,3.778],[-64.531,3.854],[-64.575,3.914],[-64.596,3.936],[-64.643,3.973],[-64.663,3.997],[-64.707,4.083],[-64.72,4.123],[-64.727,4.141],[-64.742,4.157],[-64.763,4.169],[-64.784,4.177],[-64.801,4.189],[-64.813,4.211],[-64.816,4.231],[-64.813,4.253],[-64.805,4.272],[-64.792,4.284],[-64.746,4.288],[-64.7,4.264],[-64.661,4.227],[-64.648,4.208],[-64.637,4.191],[-64.621,4.147],[-64.608,4.126],[-64.59,4.119],[-64.365,4.152],[-64.241,4.142],[-64.173,4.123],[-64.147,4.111],[-64.125,4.088],[-64.108,4.058],[-64.096,4.024],[-64.079,3.953],[-64.064,3.912],[-64.038,3.883],[-63.996,3.881],[-63.957,3.902],[-63.917,3.929],[-63.875,3.95],[-63.831,3.949],[-63.791,3.933],[-63.771,3.929],[-63.746,3.93],[-63.691,3.944],[-63.672,3.946],[-63.623,3.935],[-63.554,3.875],[-63.511,3.855],[-63.469,3.867],[-63.455,3.901],[-63.448,3.939],[-63.425,3.968],[-63.391,3.972],[-63.352,3.959],[-63.286,3.921],[-63.251,3.887],[-63.193,3.807],[-63.131,3.762],[-63.025,3.638],[-63.011,3.615],[-62.997,3.599],[-62.975,3.583],[-62.951,3.57],[-62.931,3.564],[-62.908,3.561],[-62.889,3.561],[-62.872,3.565],[-62.851,3.577],[-62.832,3.595],[-62.822,3.599],[-62.808,3.597],[-62.796,3.597],[-62.786,3.604],[-62.771,3.623],[-62.75,3.66],[-62.74,3.7],[-62.74,3.742],[-62.75,3.784],[-62.767,3.822],[-62.77,3.848],[-62.774,3.855],[-62.78,3.861],[-62.785,3.872],[-62.789,3.899],[-62.783,3.92],[-62.773,3.94],[-62.766,3.965],[-62.767,3.987],[-62.771,4.005],[-62.766,4.021],[-62.744,4.034],[-62.727,4.039],[-62.671,4.044],[-62.589,4.031],[-62.561,4.038],[-62.549,4.077],[-62.549,4.098],[-62.546,4.114],[-62.537,4.125],[-62.515,4.133],[-62.484,4.139],[-62.475,4.144],[-62.47,4.152],[-62.467,4.169],[-62.463,4.175],[-62.428,4.183],[-62.384,4.173],[-62.193,4.095],[-62.154,4.09],[-62.111,4.105],[-62.035,4.16],[-61.99,4.166],[-61.969,4.16],[-61.95,4.152],[-61.931,4.146],[-61.908,4.146],[-61.888,4.15],[-61.867,4.157],[-61.847,4.166],[-61.831,4.177],[-61.779,4.233],[-61.756,4.246],[-61.738,4.252],[-61.719,4.255],[-61.681,4.252],[-61.649,4.243],[-61.641,4.242],[-61.628,4.243],[-61.61,4.252],[-61.599,4.254],[-61.585,4.253],[-61.577,4.25],[-61.567,4.249],[-61.552,4.255],[-61.542,4.263],[-61.533,4.274],[-61.527,4.286],[-61.522,4.298],[-61.516,4.375],[-61.502,4.402],[-61.458,4.419],[-61.439,4.421],[-61.381,4.418],[-61.36,4.419],[-61.333,4.424],[-61.308,4.433],[-61.293,4.448],[-61.296,4.469],[-61.323,4.509],[-61.316,4.521],[-61.297,4.524],[-61.238,4.516],[-61.22,4.511],[-61.186,4.494],[-61.169,4.49],[-61.151,4.492],[-61.095,4.508],[-61.012,4.518],[-60.977,4.535],[-60.948,4.574],[-60.94,4.594],[-60.931,4.637],[-60.903,4.7],[-60.896,4.709],[-60.888,4.711],[-60.869,4.711],[-60.86,4.712],[-60.764,4.755],[-60.718,4.784],[-60.68,4.818],[-60.613,4.901],[-60.592,4.95],[-60.599,4.997],[-60.664,5.17],[-60.685,5.188],[-60.711,5.198],[-60.74,5.202],[-60.695,5.212],[-60.673,5.213],[-60.614,5.209],[-60.602,5.207],[-60.59,5.201],[-60.579,5.195],[-60.568,5.19],[-60.554,5.188],[-60.497,5.196],[-60.477,5.192],[-60.47,5.187],[-60.463,5.18],[-60.456,5.175],[-60.449,5.174],[-60.439,5.181],[-60.427,5.201],[-60.42,5.207],[-60.399,5.208],[-60.355,5.193],[-60.333,5.194],[-60.314,5.207],[-60.274,5.247],[-60.255,5.256],[-60.213,5.267],[-60.2,5.263],[-60.191,5.24],[-60.177,5.227],[-60.132,5.243],[-60.123,5.232],[-60.091,5.158],[-60.089,5.155],[-60.076,5.141],[-60.055,5.125],[-60.011,5.1],[-59.983,5.086],[-59.982,5.057],[-59.999,4.997],[-60,4.958],[-60.004,4.94],[-60.011,4.922],[-60.018,4.892],[-60.02,4.832],[-60.035,4.788],[-60.03,4.744],[-60.032,4.725],[-60.038,4.708],[-60.047,4.692],[-60.076,4.65],[-60.081,4.638],[-60.083,4.627],[-60.084,4.617],[-60.088,4.608],[-60.097,4.599],[-60.106,4.595],[-60.126,4.595],[-60.135,4.594],[-60.162,4.565],[-60.165,4.546],[-60.16,4.528],[-60.149,4.513],[-60.133,4.505],[-60.121,4.502],[-60.112,4.502],[-60.106,4.507],[-60.104,4.518],[-60.099,4.526],[-60.088,4.526],[-60.077,4.52],[-60.072,4.513],[-60.066,4.494],[-60.056,4.492],[-60.04,4.496],[-60.021,4.499],[-59.997,4.491],[-59.985,4.489],[-59.979,4.495],[-59.975,4.504],[-59.965,4.506],[-59.953,4.506],[-59.943,4.504],[-59.934,4.498],[-59.92,4.479],[-59.915,4.474],[-59.905,4.475],[-59.886,4.485],[-59.873,4.485],[-59.869,4.481],[-59.872,4.468],[-59.868,4.462],[-59.863,4.461],[-59.852,4.461],[-59.848,4.46],[-59.826,4.455],[-59.818,4.457],[-59.81,4.466],[-59.796,4.448],[-59.738,4.416],[-59.73,4.408],[-59.722,4.398],[-59.714,4.389],[-59.702,4.386],[-59.69,4.384],[-59.687,4.381],[-59.687,4.371],[-59.687,4.364],[-59.694,4.341],[-59.728,4.305],[-59.738,4.287],[-59.737,4.282],[-59.727,4.271],[-59.724,4.264],[-59.727,4.258],[-59.736,4.246],[-59.738,4.24],[-59.741,4.222],[-59.74,4.214],[-59.738,4.203],[-59.727,4.176],[-59.71,4.164],[-59.667,4.151],[-59.646,4.134],[-59.649,4.12],[-59.66,4.103],[-59.663,4.08],[-59.654,4.064],[-59.62,4.033],[-59.606,4.007],[-59.6,4.002],[-59.595,3.996],[-59.596,3.971],[-59.59,3.967],[-59.58,3.967],[-59.549,3.962],[-59.537,3.958],[-59.53,3.949],[-59.528,3.94],[-59.529,3.932],[-59.535,3.927],[-59.545,3.926],[-59.563,3.918],[-59.582,3.899],[-59.596,3.876],[-59.603,3.856],[-59.6,3.833],[-59.595,3.817],[-59.599,3.802],[-59.618,3.787],[-59.659,3.769],[-59.672,3.756],[-59.68,3.731],[-59.681,3.719],[-59.68,3.71],[-59.68,3.702],[-59.686,3.69],[-59.695,3.683],[-59.718,3.673],[-59.756,3.638],[-59.838,3.609],[-59.863,3.582],[-59.863,3.552],[-59.848,3.53],[-59.83,3.51],[-59.821,3.484],[-59.839,3.443],[-59.841,3.425],[-59.824,3.432],[-59.828,3.383],[-59.827,3.377],[-59.821,3.363],[-59.822,3.357],[-59.827,3.352],[-59.834,3.35],[-59.84,3.35],[-59.843,3.349],[-59.854,3.315],[-59.88,3.273],[-59.884,3.263],[-59.898,3.217],[-59.904,3.208],[-59.912,3.202],[-59.917,3.194],[-59.917,3.181],[-59.914,3.175],[-59.905,3.165],[-59.903,3.159],[-59.906,3.155],[-59.918,3.153],[-59.922,3.15],[-59.92,3.144],[-59.913,3.133],[-59.912,3.126],[-59.915,3.12],[-59.921,3.117],[-59.927,3.114],[-59.933,3.11],[-59.959,3.066],[-59.969,3.043],[-59.974,3.018],[-59.97,2.96],[-59.973,2.939],[-59.994,2.857],[-60,2.694],[-59.996,2.675],[-59.965,2.613],[-59.965,2.608],[-59.97,2.596],[-59.971,2.593],[-59.966,2.589],[-59.953,2.584],[-59.949,2.58],[-59.941,2.563],[-59.939,2.555],[-59.94,2.543],[-59.936,2.524],[-59.907,2.459],[-59.905,2.448],[-59.904,2.426],[-59.902,2.416],[-59.902,2.405],[-59.912,2.388],[-59.913,2.379],[-59.903,2.36],[-59.884,2.346],[-59.844,2.325],[-59.814,2.299],[-59.801,2.293],[-59.792,2.291],[-59.772,2.29],[-59.763,2.288],[-59.742,2.264],[-59.74,2.229],[-59.746,2.191],[-59.745,2.154],[-59.736,2.124],[-59.735,2.114],[-59.739,2.104],[-59.75,2.086],[-59.753,2.075],[-59.751,2.062],[-59.74,2.041],[-59.737,2.03],[-59.738,2.022],[-59.744,2.006],[-59.745,1.997],[-59.743,1.971],[-59.744,1.962],[-59.748,1.951],[-59.761,1.932],[-59.765,1.921],[-59.765,1.905],[-59.764,1.883],[-59.759,1.862],[-59.75,1.851],[-59.738,1.851],[-59.717,1.858],[-59.706,1.857],[-59.668,1.843],[-59.655,1.84],[-59.649,1.841],[-59.646,1.84],[-59.645,1.828],[-59.666,1.787],[-59.682,1.766],[-59.681,1.757],[-59.659,1.734],[-59.65,1.727],[-59.64,1.722],[-59.628,1.719],[-59.608,1.72],[-59.591,1.725],[-59.573,1.727],[-59.551,1.721],[-59.531,1.703],[-59.503,1.658],[-59.486,1.636],[-59.455,1.611],[-59.446,1.601],[-59.426,1.566],[-59.417,1.555],[-59.412,1.553],[-59.4,1.552],[-59.395,1.549],[-59.391,1.544],[-59.384,1.528],[-59.38,1.523],[-59.368,1.52],[-59.348,1.526],[-59.339,1.525],[-59.327,1.51],[-59.325,1.491],[-59.32,1.474],[-59.302,1.463],[-59.294,1.452],[-59.272,1.404],[-59.26,1.387],[-59.242,1.378],[-59.178,1.357],[-59.011,1.328],[-58.972,1.312],[-58.966,1.31],[-58.946,1.299],[-58.927,1.284],[-58.912,1.26],[-58.906,1.239],[-58.898,1.218],[-58.872,1.197],[-58.852,1.189],[-58.834,1.186],[-58.816,1.187],[-58.796,1.192],[-58.772,1.201],[-58.753,1.215],[-58.737,1.232],[-58.709,1.272],[-58.698,1.281],[-58.683,1.282],[-58.581,1.273],[-58.574,1.275],[-58.561,1.285],[-58.557,1.287],[-58.552,1.285],[-58.547,1.28],[-58.543,1.276],[-58.543,1.274],[-58.535,1.272],[-58.527,1.267],[-58.519,1.267],[-58.488,1.316],[-58.481,1.334],[-58.482,1.358],[-58.488,1.379],[-58.507,1.418],[-58.514,1.439],[-58.502,1.454],[-58.499,1.457],[-58.426,1.47],[-58.413,1.472],[-58.386,1.49],[-58.386,1.5],[-58.392,1.521],[-58.39,1.531],[-58.383,1.537],[-58.36,1.547],[-58.351,1.553],[-58.344,1.565],[-58.339,1.58],[-58.332,1.593],[-58.32,1.601],[-58.316,1.599],[-58.306,1.583],[-58.299,1.575],[-58.282,1.567],[-58.261,1.56],[-58.239,1.557],[-58.22,1.556],[-58.207,1.56],[-58.198,1.566],[-58.187,1.568],[-58.171,1.559],[-58.163,1.549],[-58.156,1.527],[-58.149,1.519],[-58.116,1.511],[-58.069,1.509],[-58.027,1.517],[-58.011,1.536],[-57.994,1.568],[-57.987,1.587],[-57.984,1.604],[-57.99,1.635],[-57.991,1.65],[-57.985,1.658],[-57.969,1.655],[-57.939,1.643],[-57.922,1.642],[-57.905,1.649],[-57.871,1.669],[-57.791,1.705],[-57.759,1.713],[-57.723,1.712],[-57.639,1.696],[-57.608,1.697],[-57.561,1.709],[-57.531,1.732],[-57.465,1.816],[-57.454,1.834],[-57.429,1.9],[-57.42,1.909],[-57.406,1.914],[-57.385,1.925],[-57.369,1.94],[-57.356,1.955],[-57.341,1.969],[-57.319,1.977],[-57.295,1.975],[-57.259,1.952],[-57.238,1.949],[-57.153,2.002],[-57.104,2.021],[-57.074,1.997],[-57.068,1.969],[-57.056,1.948],[-57.037,1.932],[-57.011,1.919],[-56.993,1.915],[-56.977,1.915],[-56.944,1.918],[-56.922,1.918],[-56.913,1.913],[-56.907,1.903],[-56.891,1.89],[-56.878,1.886],[-56.806,1.874],[-56.793,1.874],[-56.781,1.879],[-56.738,1.913],[-56.724,1.916],[-56.704,1.913],[-56.684,1.912],[-56.67,1.92],[-56.656,1.93],[-56.64,1.937],[-56.62,1.935],[-56.604,1.925],[-56.59,1.913],[-56.575,1.905],[-56.559,1.907],[-56.529,1.924],[-56.482,1.942],[-56.43,1.923],[-56.415,1.92],[-56.397,1.922],[-56.367,1.929],[-56.348,1.927],[-56.329,1.918],[-56.293,1.895],[-56.274,1.888],[-56.258,1.886],[-56.21,1.889],[-56.145,1.872],[-56.083,1.847],[-56.02,1.834],[-55.954,1.853],[-55.922,1.886],[-55.917,1.922],[-55.922,1.962],[-55.924,2.007],[-55.92,2.019],[-55.917,2.029],[-55.915,2.038],[-55.918,2.05],[-55.926,2.062],[-55.96,2.091],[-55.996,2.137],[-56.004,2.145],[-56.031,2.163],[-56.045,2.185],[-56.054,2.224],[-56.073,2.242],[-56.091,2.246],[-56.135,2.249],[-56.147,2.256],[-56.144,2.275],[-56.132,2.304],[-56.117,2.333],[-56.104,2.349],[-56.091,2.352],[-56.082,2.348],[-56.073,2.342],[-56.062,2.342],[-56.05,2.347],[-56.043,2.355],[-56.013,2.399],[-56.008,2.416],[-56.008,2.461],[-55.997,2.503],[-55.989,2.521],[-55.983,2.526],[-55.971,2.53],[-55.947,2.528],[-55.925,2.516],[-55.871,2.471],[-55.854,2.463],[-55.783,2.445],[-55.774,2.44],[-55.766,2.431],[-55.755,2.409],[-55.744,2.401],[-55.724,2.397],[-55.645,2.417],[-55.608,2.434],[-55.587,2.434],[-55.568,2.431],[-55.511,2.436],[-55.474,2.436],[-55.436,2.431],[-55.4,2.43],[-55.371,2.443],[-55.363,2.458],[-55.36,2.476],[-55.355,2.495],[-55.338,2.511],[-55.321,2.518],[-55.303,2.52],[-55.287,2.514],[-55.275,2.499],[-55.252,2.498],[-55.172,2.559],[-55.138,2.562],[-55.133,2.553],[-55.137,2.534],[-55.129,2.526],[-55.121,2.525],[-55.112,2.528],[-55.076,2.545],[-55.038,2.578],[-55.018,2.591],[-54.977,2.607],[-54.959,2.609],[-54.954,2.599],[-54.96,2.586],[-54.98,2.566],[-54.983,2.552],[-54.979,2.543],[-54.88,2.447],[-54.842,2.433],[-54.792,2.448],[-54.775,2.457],[-54.76,2.466],[-54.743,2.467],[-54.721,2.458],[-54.708,2.45],[-54.703,2.446],[-54.703,2.426],[-54.701,2.42],[-54.697,2.409],[-54.696,2.404],[-54.697,2.397],[-54.702,2.396],[-54.707,2.396],[-54.71,2.395],[-54.716,2.376],[-54.707,2.353],[-54.705,2.343],[-54.707,2.333],[-54.704,2.325],[-54.692,2.319],[-54.673,2.316],[-54.653,2.317],[-54.634,2.32],[-54.615,2.326],[-54.588,2.324],[-54.565,2.315],[-54.544,2.3],[-54.526,2.283],[-54.549,2.279],[-54.546,2.269],[-54.511,2.243],[-54.493,2.223],[-54.477,2.214],[-54.434,2.209],[-54.427,2.207],[-54.411,2.2],[-54.403,2.197],[-54.388,2.196],[-54.381,2.198],[-54.374,2.197],[-54.361,2.188],[-54.335,2.164],[-54.323,2.157],[-54.314,2.155],[-54.264,2.148],[-54.246,2.152],[-54.23,2.157],[-54.21,2.162],[-54.194,2.163],[-54.189,2.161],[-54.157,2.122],[-54.148,2.114],[-54.135,2.111],[-54.112,2.114],[-54.111,2.114],[-54.098,2.128],[-54.084,2.169],[-54.077,2.184],[-54.069,2.188],[-54.048,2.189],[-54.043,2.188],[-54.033,2.18],[-54.028,2.179],[-54.021,2.181],[-54.012,2.191],[-54.006,2.194],[-53.964,2.209],[-53.946,2.222],[-53.939,2.24],[-53.938,2.265],[-53.933,2.27],[-53.922,2.266],[-53.901,2.265],[-53.888,2.274],[-53.879,2.291],[-53.867,2.305],[-53.843,2.307],[-53.831,2.31],[-53.821,2.324],[-53.812,2.34],[-53.801,2.354],[-53.783,2.364],[-53.765,2.369],[-53.748,2.365],[-53.737,2.349],[-53.738,2.339],[-53.748,2.319],[-53.749,2.313],[-53.742,2.309],[-53.713,2.307],[-53.646,2.278],[-53.629,2.275],[-53.595,2.274],[-53.579,2.27],[-53.547,2.252],[-53.532,2.247],[-53.512,2.252],[-53.473,2.254],[-53.462,2.259],[-53.425,2.286],[-53.39,2.299],[-53.379,2.308],[-53.351,2.342],[-53.349,2.348],[-53.344,2.35],[-53.331,2.346],[-53.323,2.339],[-53.297,2.304],[-53.234,2.251],[-53.235,2.241],[-53.254,2.234],[-53.272,2.22],[-53.28,2.205],[-53.269,2.196],[-53.253,2.197],[-53.132,2.219],[-53.113,2.219],[-53.092,2.212],[-53.061,2.186],[-53.019,2.182],[-52.981,2.173],[-52.96,2.175],[-52.953,2.179],[-52.944,2.191],[-52.939,2.196],[-52.934,2.196],[-52.923,2.194],[-52.917,2.196],[-52.907,2.205],[-52.9,2.214],[-52.892,2.237],[-52.88,2.26],[-52.863,2.274],[-52.82,2.292],[-52.708,2.359],[-52.691,2.373],[-52.677,2.39],[-52.656,2.431],[-52.619,2.463],[-52.59,2.505],[-52.569,2.55],[-52.564,2.559],[-52.558,2.566],[-52.553,2.573],[-52.552,2.587],[-52.556,2.598],[-52.572,2.623],[-52.576,2.634],[-52.572,2.639],[-52.551,2.646],[-52.543,2.652],[-52.54,2.659],[-52.533,2.69],[-52.455,2.865],[-52.448,2.874],[-52.442,2.881],[-52.433,2.887],[-52.422,2.891],[-52.409,2.897],[-52.411,2.906],[-52.418,2.915],[-52.422,2.927],[-52.417,2.943],[-52.353,3.058],[-52.352,3.066],[-52.361,3.109],[-52.362,3.132],[-52.355,3.152],[-52.319,3.178],[-52.299,3.225],[-52.279,3.242],[-52.267,3.245],[-52.259,3.243],[-52.251,3.243],[-52.238,3.25],[-52.228,3.26],[-52.093,3.481],[-52.092,3.49],[-52.094,3.499],[-52.094,3.507],[-52.074,3.517],[-52.066,3.529],[-52.054,3.557],[-52.013,3.619],[-52.003,3.642],[-51.995,3.685],[-51.988,3.705],[-51.973,3.722],[-51.963,3.725],[-51.956,3.724],[-51.949,3.725],[-51.94,3.734],[-51.938,3.743],[-51.941,3.764],[-51.939,3.774],[-51.931,3.781],[-51.9,3.797],[-51.835,3.868],[-51.819,3.891],[-51.806,3.918],[-51.798,3.95],[-51.783,3.981],[-51.758,4.003],[-51.683,4.039],[-51.652,4.048],[-51.632,4.068],[-51.596,4.158],[-51.597,4.216],[-51.585,4.234],[-51.572,4.235],[-51.56,4.224],[-51.552,4.207],[-51.539,4.149],[-51.512,4.08],[-51.451,3.971],[-51.437,3.93],[-51.428,3.958],[-51.435,3.986],[-51.463,4.032],[-51.498,4.105],[-51.547,4.255],[-51.561,4.357],[-51.56,4.369],[-51.548,4.422],[-51.538,4.432],[-51.516,4.441],[-51.491,4.428],[-51.453,4.402],[-51.389,4.359],[-51.298,4.259],[-51.224,4.165],[-51.187,4.079],[-51.179,4.025],[-51.179,3.925],[-51.18,3.804],[-51.197,3.7],[-51.176,3.648],[-51.173,3.671],[-51.156,3.738],[-51.149,3.827],[-51.136,3.868],[-51.116,3.906],[-51.093,3.907],[-51.08,3.882],[-51.09,3.725],[-51.084,3.592],[-51.079,3.492],[-51.096,3.449],[-51.093,3.376],[-51.036,3.229],[-51.028,3.182],[-51.041,3.151],[-51.034,3.127],[-51.018,3.092],[-51.014,3.072],[-51.019,3.057],[-51.017,3.036],[-51.004,3.023],[-50.997,3.005],[-50.989,2.981],[-50.986,2.958],[-50.98,2.939],[-50.964,2.916],[-50.952,2.89],[-50.944,2.875],[-50.946,2.863],[-50.95,2.848],[-50.949,2.837],[-50.945,2.822],[-50.934,2.814],[-50.923,2.809],[-50.917,2.801],[-50.903,2.794],[-50.899,2.779],[-50.894,2.763],[-50.883,2.748],[-50.875,2.729],[-50.873,2.704],[-50.866,2.684],[-50.852,2.666],[-50.846,2.647],[-50.844,2.627],[-50.835,2.593],[-50.819,2.552],[-50.822,2.528],[-50.83,2.518],[-50.837,2.515],[-50.84,2.507],[-50.839,2.497],[-50.833,2.491],[-50.824,2.49],[-50.818,2.495],[-50.813,2.502],[-50.806,2.504],[-50.792,2.495],[-50.774,2.465],[-50.763,2.444],[-50.761,2.419],[-50.752,2.397],[-50.742,2.378],[-50.744,2.367],[-50.74,2.351],[-50.734,2.313],[-50.721,2.293],[-50.718,2.258],[-50.713,2.237],[-50.697,2.216],[-50.686,2.198],[-50.679,2.172],[-50.696,2.147],[-50.703,2.141],[-50.713,2.138],[-50.73,2.14],[-50.737,2.134],[-50.766,2.143],[-50.778,2.15],[-50.786,2.162],[-50.793,2.162],[-50.793,2.155],[-50.791,2.151],[-50.786,2.141],[-50.78,2.136],[-50.773,2.134],[-50.767,2.131],[-50.765,2.124],[-50.766,2.118],[-50.771,2.108],[-50.778,2.083],[-50.78,2.071],[-50.772,2.061],[-50.768,2.051],[-50.762,2.044],[-50.752,2.045],[-50.746,2.053],[-50.745,2.064],[-50.745,2.076],[-50.744,2.086],[-50.735,2.104],[-50.721,2.119],[-50.702,2.13],[-50.679,2.134],[-50.66,2.131],[-50.62,2.105],[-50.6,2.075],[-50.594,2.029],[-50.59,2.017],[-50.56,1.963],[-50.533,1.93],[-50.522,1.913],[-50.515,1.873],[-50.509,1.857],[-50.501,1.844],[-50.491,1.833],[-50.467,1.815],[-50.433,1.802],[-50.393,1.798],[-50.353,1.805],[-50.331,1.818],[-50.305,1.814],[-50.291,1.812],[-50.268,1.812],[-50.258,1.808],[-50.222,1.814],[-50.207,1.814],[-50.183,1.819],[-50.165,1.816],[-50.138,1.799],[-50.092,1.782],[-50.004,1.752],[-49.951,1.721],[-49.923,1.69],[-49.91,1.664],[-49.901,1.612],[-49.9,1.578],[-49.899,1.558],[-49.895,1.531],[-49.888,1.469],[-49.876,1.433],[-49.874,1.392],[-49.873,1.36],[-49.883,1.308],[-49.895,1.29],[-49.913,1.272],[-49.94,1.259],[-49.975,1.245],[-50.025,1.23],[-50.067,1.225],[-50.102,1.215],[-50.118,1.216],[-50.131,1.22],[-50.141,1.225],[-50.15,1.221],[-50.148,1.205],[-50.138,1.194],[-50.12,1.185],[-50.098,1.195],[-50.067,1.187],[-50.026,1.198],[-49.999,1.2],[-49.975,1.198],[-49.945,1.219],[-49.922,1.218],[-49.905,1.207],[-49.891,1.186],[-49.888,1.175],[-49.89,1.165],[-49.908,1.133],[-49.939,1.097],[-49.979,1.072],[-50.014,1.071],[-50.032,1.106],[-50.041,1.088],[-50.047,1.053],[-50.061,1.019],[-50.096,1.004],[-50.106,0.995],[-50.141,0.941],[-50.156,0.927],[-50.17,0.916],[-50.249,0.88],[-50.262,0.87],[-50.303,0.825],[-50.312,0.817],[-50.346,0.736],[-50.353,0.727],[-50.367,0.716],[-50.433,0.679],[-50.453,0.664],[-50.466,0.646],[-50.5,0.556],[-50.561,0.448],[-50.609,0.374],[-50.694,0.286],[-50.791,0.17],[-50.802,0.169],[-50.819,0.174],[-50.854,0.174],[-50.929,0.155],[-50.98,0.12],[-51.017,0.071],[-51.069,-0.019],[-51.081,-0.033],[-51.097,-0.038],[-51.16,-0.039],[-51.202,-0.049],[-51.208,-0.053],[-51.21,-0.062],[-51.215,-0.069],[-51.239,-0.073],[-51.265,-0.083],[-51.309,-0.077],[-51.327,-0.08],[-51.327,-0.086],[-51.318,-0.091],[-51.294,-0.096],[-51.282,-0.103],[-51.276,-0.113],[-51.273,-0.122],[-51.266,-0.127],[-51.251,-0.127],[-51.322,-0.215],[-51.338,-0.261],[-51.357,-0.29],[-51.364,-0.326],[-51.371,-0.343],[-51.388,-0.374],[-51.401,-0.39],[-51.431,-0.414],[-51.443,-0.428],[-51.446,-0.44],[-51.444,-0.455],[-51.445,-0.471],[-51.454,-0.487],[-51.486,-0.517],[-51.506,-0.532],[-51.522,-0.538],[-51.537,-0.536],[-51.562,-0.525],[-51.58,-0.525],[-51.58,-0.532],[-51.571,-0.532],[-51.564,-0.533],[-51.553,-0.538],[-51.553,-0.546],[-51.569,-0.55],[-51.588,-0.552],[-51.588,-0.559],[-51.574,-0.56],[-51.561,-0.559],[-51.552,-0.554],[-51.547,-0.546],[-51.532,-0.552],[-51.579,-0.604],[-51.629,-0.676],[-51.636,-0.682],[-51.65,-0.691],[-51.656,-0.696],[-51.697,-0.747],[-51.701,-0.76],[-51.714,-0.793],[-51.724,-0.878],[-51.711,-0.979],[-51.711,-1.011],[-51.713,-1.02],[-51.715,-1.028],[-51.719,-1.033],[-51.724,-1.039],[-51.733,-1.046],[-51.752,-1.055],[-51.785,-1.084],[-51.801,-1.093],[-51.822,-1.124],[-51.834,-1.135],[-51.908,-1.158],[-51.929,-1.178],[-51.93,-1.223],[-51.916,-1.309],[-51.921,-1.326],[-51.935,-1.34],[-51.964,-1.361],[-51.995,-1.396],[-52.008,-1.402],[-52.066,-1.405],[-52.087,-1.402],[-52.151,-1.381],[-52.166,-1.371],[-52.179,-1.357],[-52.195,-1.345],[-52.215,-1.34],[-52.238,-1.346],[-52.249,-1.354],[-52.276,-1.384],[-52.285,-1.39],[-52.308,-1.394],[-52.333,-1.408],[-52.402,-1.422],[-52.422,-1.43],[-52.442,-1.443],[-52.458,-1.458],[-52.464,-1.474],[-52.475,-1.484],[-52.558,-1.519],[-52.575,-1.523],[-52.618,-1.526],[-52.682,-1.545],[-52.697,-1.552],[-52.706,-1.561],[-52.71,-1.568],[-52.711,-1.577],[-52.711,-1.59],[-52.708,-1.6],[-52.701,-1.6],[-52.69,-1.596],[-52.68,-1.594],[-52.658,-1.591],[-52.595,-1.573],[-52.423,-1.566],[-52.344,-1.552],[-52.327,-1.547],[-52.291,-1.524],[-52.279,-1.518],[-52.263,-1.525],[-52.25,-1.542],[-52.241,-1.562],[-52.237,-1.585],[-52.233,-1.593],[-52.231,-1.603],[-52.232,-1.614],[-52.237,-1.626],[-52.252,-1.645],[-52.259,-1.655],[-52.263,-1.677],[-52.26,-1.695],[-52.249,-1.703],[-52.222,-1.691],[-52.209,-1.692],[-52.204,-1.69],[-52.2,-1.685],[-52.199,-1.674],[-52.197,-1.67],[-52.163,-1.635],[-52.142,-1.623],[-52.124,-1.619],[-52.077,-1.621],[-52.072,-1.62],[-52.057,-1.611],[-52.046,-1.608],[-52.037,-1.607],[-52.016,-1.609],[-52.005,-1.608],[-51.959,-1.593],[-51.915,-1.571],[-51.67,-1.402],[-51.595,-1.387],[-51.577,-1.378],[-51.558,-1.365],[-51.484,-1.34],[-51.462,-1.329],[-51.437,-1.313],[-51.418,-1.292],[-51.409,-1.268],[-51.4,-1.251],[-51.376,-1.24],[-51.327,-1.231],[-51.327,-1.237],[-51.335,-1.241],[-51.34,-1.245],[-51.344,-1.25],[-51.347,-1.258],[-51.328,-1.254],[-51.305,-1.244],[-51.283,-1.231],[-51.268,-1.22],[-51.252,-1.202],[-51.228,-1.163],[-51.214,-1.145],[-51.187,-1.122],[-51.161,-1.104],[-51.033,-1.038],[-51.003,-1.014],[-50.991,-0.987],[-50.997,-0.971],[-51.006,-0.953],[-51.01,-0.936],[-50.997,-0.922],[-50.977,-0.92],[-50.957,-0.95],[-50.936,-0.957],[-50.936,-0.949],[-50.947,-0.942],[-50.953,-0.931],[-50.952,-0.919],[-50.943,-0.909],[-50.929,-0.906],[-50.881,-0.915],[-50.854,-0.911],[-50.84,-0.913],[-50.827,-0.922],[-50.822,-0.935],[-50.822,-0.951],[-50.827,-0.984],[-50.824,-1.031],[-50.827,-1.045],[-50.834,-1.059],[-50.844,-1.066],[-50.855,-1.071],[-50.868,-1.08],[-50.892,-1.112],[-50.902,-1.121],[-50.912,-1.126],[-50.925,-1.128],[-50.956,-1.129],[-50.847,-1.198],[-50.83,-1.214],[-50.82,-1.232],[-50.819,-1.252],[-50.829,-1.312],[-50.827,-1.371],[-50.823,-1.376],[-50.817,-1.382],[-50.809,-1.39],[-50.806,-1.402],[-50.813,-1.414],[-50.818,-1.425],[-50.819,-1.436],[-50.81,-1.458],[-50.779,-1.499],[-50.767,-1.541],[-50.753,-1.557],[-50.689,-1.612],[-50.68,-1.629],[-50.67,-1.696],[-50.664,-1.719],[-50.655,-1.738],[-50.674,-1.765],[-50.691,-1.765],[-50.737,-1.738],[-50.726,-1.761],[-50.718,-1.769],[-50.71,-1.791],[-50.717,-1.822],[-50.74,-1.833],[-50.758,-1.845],[-50.767,-1.863],[-50.767,-1.882],[-50.788,-1.897],[-50.815,-1.896],[-50.836,-1.883],[-50.858,-1.866],[-50.88,-1.852],[-50.888,-1.868],[-50.893,-1.879],[-50.88,-1.883],[-50.871,-1.901],[-50.853,-1.908],[-50.854,-1.933],[-50.844,-1.955],[-50.831,-1.963],[-50.819,-1.969],[-50.822,-1.946],[-50.826,-1.931],[-50.818,-1.925],[-50.792,-1.927],[-50.737,-1.921],[-50.713,-1.915],[-50.702,-1.909],[-50.698,-1.888],[-50.7,-1.872],[-50.699,-1.854],[-50.69,-1.843],[-50.676,-1.83],[-50.668,-1.808],[-50.66,-1.803],[-50.634,-1.812],[-50.611,-1.814],[-50.592,-1.843],[-50.565,-1.891],[-50.547,-1.907],[-50.525,-1.921],[-50.505,-1.929],[-50.49,-1.928],[-50.476,-1.926],[-50.467,-1.928],[-50.463,-1.94],[-50.466,-1.947],[-50.48,-1.967],[-50.484,-1.978],[-50.47,-1.97],[-50.457,-1.944],[-50.443,-1.936],[-50.442,-1.947],[-50.443,-1.957],[-50.447,-1.966],[-50.453,-1.974],[-50.458,-1.984],[-50.454,-1.994],[-50.443,-2.012],[-50.436,-2.045],[-50.429,-2.063],[-50.416,-2.073],[-50.41,-2.047],[-50.404,-2.036],[-50.395,-2.025],[-50.382,-2.017],[-50.379,-2.005],[-50.378,-1.999],[-50.374,-1.987],[-50.373,-1.974],[-50.364,-1.961],[-50.341,-1.936],[-50.313,-1.909],[-50.281,-1.894],[-50.251,-1.902],[-50.232,-1.896],[-50.207,-1.897],[-50.183,-1.904],[-50.162,-1.916],[-50.155,-1.883],[-50.137,-1.862],[-50.11,-1.849],[-50.025,-1.826],[-50.001,-1.824],[-49.977,-1.826],[-49.953,-1.833],[-49.932,-1.843],[-49.875,-1.88],[-49.869,-1.889],[-49.867,-1.906],[-49.87,-1.919],[-49.894,-1.963],[-49.875,-1.943],[-49.86,-1.922],[-49.854,-1.943],[-49.851,-1.963],[-49.85,-1.983],[-49.853,-2.005],[-49.861,-2.027],[-49.882,-2.067],[-49.888,-2.087],[-49.881,-2.087],[-49.86,-2.046],[-49.853,-2.046],[-49.848,-2.062],[-49.838,-2.081],[-49.825,-2.098],[-49.812,-2.108],[-49.829,-2.058],[-49.839,-2.005],[-49.838,-1.927],[-49.847,-1.909],[-49.847,-1.902],[-49.835,-1.906],[-49.831,-1.918],[-49.832,-1.95],[-49.823,-1.928],[-49.82,-1.912],[-49.81,-1.901],[-49.785,-1.895],[-49.76,-1.897],[-49.747,-1.905],[-49.737,-1.916],[-49.724,-1.929],[-49.728,-1.911],[-49.721,-1.904],[-49.711,-1.908],[-49.703,-1.922],[-49.694,-1.907],[-49.676,-1.909],[-49.654,-1.92],[-49.619,-1.95],[-49.605,-1.968],[-49.594,-1.988],[-49.593,-2.012],[-49.579,-1.994],[-49.593,-1.964],[-49.634,-1.909],[-49.647,-1.916],[-49.649,-1.908],[-49.655,-1.895],[-49.632,-1.868],[-49.598,-1.843],[-49.563,-1.835],[-49.537,-1.861],[-49.522,-1.796],[-49.511,-1.779],[-49.485,-1.764],[-49.466,-1.764],[-49.458,-1.779],[-49.463,-1.806],[-49.453,-1.8],[-49.436,-1.785],[-49.422,-1.779],[-49.428,-1.799],[-49.451,-1.825],[-49.456,-1.837],[-49.454,-1.856],[-49.448,-1.87],[-49.435,-1.88],[-49.415,-1.888],[-49.379,-1.896],[-49.37,-1.905],[-49.367,-1.926],[-49.37,-1.94],[-49.376,-1.957],[-49.384,-1.973],[-49.394,-1.984],[-49.394,-1.991],[-49.381,-1.991],[-49.389,-2.006],[-49.413,-2.027],[-49.422,-2.039],[-49.426,-2.051],[-49.428,-2.132],[-49.43,-2.141],[-49.44,-2.161],[-49.446,-2.184],[-49.453,-2.191],[-49.462,-2.196],[-49.47,-2.204],[-49.496,-2.247],[-49.5,-2.252],[-49.503,-2.258],[-49.504,-2.31],[-49.506,-2.32],[-49.512,-2.327],[-49.519,-2.334],[-49.524,-2.341],[-49.527,-2.351],[-49.529,-2.371],[-49.531,-2.38],[-49.549,-2.403],[-49.552,-2.413],[-49.551,-2.424],[-49.546,-2.443],[-49.542,-2.497],[-49.546,-2.517],[-49.608,-2.605],[-49.617,-2.615],[-49.641,-2.62],[-49.661,-2.632],[-49.677,-2.649],[-49.689,-2.669],[-49.664,-2.678],[-49.62,-2.67],[-49.545,-2.642],[-49.527,-2.628],[-49.524,-2.616],[-49.524,-2.601],[-49.518,-2.58],[-49.512,-2.573],[-49.492,-2.562],[-49.487,-2.56],[-49.483,-2.557],[-49.479,-2.539],[-49.477,-2.532],[-49.453,-2.508],[-49.443,-2.492],[-49.436,-2.47],[-49.434,-2.452],[-49.437,-2.414],[-49.436,-2.395],[-49.427,-2.367],[-49.332,-2.205],[-49.314,-2.16],[-49.306,-2.124],[-49.305,-2.105],[-49.301,-2.091],[-49.232,-1.948],[-49.204,-1.907],[-49.176,-1.881],[-49.168,-1.878],[-49.16,-1.876],[-49.146,-1.857],[-49.143,-1.84],[-49.129,-1.801],[-49.123,-1.768],[-49.087,-1.749],[-49.05,-1.722],[-49.009,-1.681],[-48.992,-1.635],[-48.966,-1.6],[-48.926,-1.594],[-48.903,-1.584],[-48.878,-1.571],[-48.865,-1.56],[-48.856,-1.559],[-48.857,-1.567],[-48.875,-1.586],[-48.893,-1.598],[-48.896,-1.623],[-48.903,-1.638],[-48.912,-1.673],[-48.93,-1.686],[-48.937,-1.694],[-48.943,-1.7],[-48.946,-1.705],[-48.942,-1.72],[-48.943,-1.743],[-48.956,-1.766],[-48.969,-1.786],[-48.996,-1.793],[-49.012,-1.807],[-49.018,-1.828],[-49.032,-1.839],[-49.033,-1.847],[-49.017,-1.847],[-49.002,-1.843],[-48.992,-1.833],[-48.983,-1.814],[-48.957,-1.804],[-48.929,-1.788],[-48.917,-1.763],[-48.911,-1.742],[-48.9,-1.735],[-48.893,-1.723],[-48.884,-1.717],[-48.881,-1.713],[-48.89,-1.694],[-48.891,-1.686],[-48.882,-1.68],[-48.864,-1.672],[-48.856,-1.666],[-48.854,-1.662],[-48.848,-1.65],[-48.847,-1.645],[-48.845,-1.641],[-48.841,-1.642],[-48.837,-1.643],[-48.83,-1.641],[-48.82,-1.64],[-48.815,-1.638],[-48.813,-1.634],[-48.813,-1.625],[-48.812,-1.621],[-48.737,-1.511],[-48.735,-1.507],[-48.736,-1.503],[-48.736,-1.499],[-48.733,-1.494],[-48.729,-1.493],[-48.719,-1.492],[-48.716,-1.491],[-48.704,-1.479],[-48.699,-1.473],[-48.695,-1.464],[-48.676,-1.418],[-48.657,-1.383],[-48.642,-1.386],[-48.631,-1.406],[-48.618,-1.428],[-48.606,-1.456],[-48.576,-1.513],[-48.562,-1.529],[-48.552,-1.544],[-48.544,-1.566],[-48.535,-1.581],[-48.524,-1.58],[-48.502,-1.612],[-48.49,-1.619],[-48.466,-1.621],[-48.453,-1.626],[-48.442,-1.636],[-48.434,-1.65],[-48.428,-1.662],[-48.421,-1.645],[-48.424,-1.626],[-48.431,-1.607],[-48.435,-1.59],[-48.443,-1.57],[-48.478,-1.535],[-48.483,-1.511],[-48.465,-1.522],[-48.448,-1.526],[-48.428,-1.524],[-48.376,-1.511],[-48.356,-1.5],[-48.34,-1.487],[-48.325,-1.47],[-48.334,-1.469],[-48.366,-1.47],[-48.378,-1.469],[-48.388,-1.466],[-48.398,-1.462],[-48.407,-1.456],[-48.418,-1.465],[-48.435,-1.471],[-48.456,-1.473],[-48.476,-1.47],[-48.497,-1.461],[-48.503,-1.448],[-48.502,-1.431],[-48.497,-1.408],[-48.49,-1.327],[-48.483,-1.281],[-48.454,-1.244],[-48.436,-1.219],[-48.423,-1.233],[-48.429,-1.265],[-48.425,-1.297],[-48.41,-1.303],[-48.34,-1.316],[-48.335,-1.314],[-48.332,-1.294],[-48.326,-1.279],[-48.32,-1.23],[-48.305,-1.188],[-48.281,-1.167],[-48.25,-1.189],[-48.257,-1.174],[-48.269,-1.162],[-48.277,-1.15],[-48.271,-1.135],[-48.278,-1.129],[-48.271,-1.121],[-48.259,-1.126],[-48.248,-1.123],[-48.237,-1.117],[-48.223,-1.114],[-48.235,-1.109],[-48.247,-1.109],[-48.274,-1.114],[-48.278,-1.108],[-48.291,-1.08],[-48.296,-1.056],[-48.292,-1.044],[-48.278,-1.04],[-48.231,-1.039],[-48.213,-1.037],[-48.198,-1.03],[-48.187,-1.019],[-48.186,-1.01],[-48.185,-0.998],[-48.183,-0.988],[-48.178,-0.984],[-48.176,-0.98],[-48.164,-0.963],[-48.161,-0.96],[-48.159,-0.936],[-48.154,-0.915],[-48.152,-0.914],[-48.148,-0.911],[-48.143,-0.906],[-48.14,-0.901],[-48.146,-0.886],[-48.147,-0.881],[-48.141,-0.855],[-48.14,-0.843],[-48.144,-0.833],[-48.151,-0.827],[-48.158,-0.821],[-48.161,-0.816],[-48.159,-0.797],[-48.154,-0.782],[-48.112,-0.725],[-48.038,-0.662],[-48.025,-0.676],[-48.021,-0.684],[-48.017,-0.696],[-48.018,-0.703],[-48.024,-0.715],[-48.024,-0.723],[-48.021,-0.725],[-48.012,-0.731],[-48.01,-0.734],[-48.003,-0.747],[-47.97,-0.779],[-47.962,-0.782],[-47.946,-0.74],[-47.878,-0.697],[-47.866,-0.674],[-47.85,-0.671],[-47.821,-0.68],[-47.802,-0.69],[-47.807,-0.677],[-47.822,-0.665],[-47.825,-0.639],[-47.825,-0.607],[-47.816,-0.589],[-47.813,-0.574],[-47.809,-0.565],[-47.79,-0.583],[-47.775,-0.599],[-47.769,-0.62],[-47.77,-0.637],[-47.747,-0.634],[-47.725,-0.644],[-47.716,-0.668],[-47.716,-0.713],[-47.722,-0.724],[-47.735,-0.735],[-47.743,-0.746],[-47.736,-0.757],[-47.729,-0.757],[-47.653,-0.724],[-47.627,-0.707],[-47.611,-0.694],[-47.597,-0.677],[-47.588,-0.642],[-47.578,-0.635],[-47.587,-0.614],[-47.585,-0.578],[-47.573,-0.583],[-47.559,-0.591],[-47.538,-0.611],[-47.543,-0.627],[-47.534,-0.637],[-47.529,-0.646],[-47.527,-0.657],[-47.524,-0.669],[-47.519,-0.676],[-47.509,-0.687],[-47.493,-0.712],[-47.487,-0.728],[-47.488,-0.746],[-47.497,-0.765],[-47.424,-0.765],[-47.409,-0.771],[-47.406,-0.801],[-47.393,-0.813],[-47.393,-0.801],[-47.391,-0.79],[-47.386,-0.78],[-47.379,-0.771],[-47.385,-0.767],[-47.389,-0.763],[-47.392,-0.756],[-47.393,-0.747],[-47.414,-0.737],[-47.439,-0.703],[-47.448,-0.696],[-47.451,-0.707],[-47.455,-0.717],[-47.46,-0.725],[-47.469,-0.731],[-47.47,-0.622],[-47.464,-0.609],[-47.448,-0.607],[-47.462,-0.593],[-47.446,-0.585],[-47.43,-0.58],[-47.414,-0.581],[-47.4,-0.593],[-47.405,-0.6],[-47.41,-0.61],[-47.414,-0.614],[-47.41,-0.628],[-47.415,-0.661],[-47.407,-0.682],[-47.409,-0.67],[-47.407,-0.66],[-47.402,-0.653],[-47.393,-0.648],[-47.39,-0.662],[-47.386,-0.673],[-47.378,-0.68],[-47.366,-0.682],[-47.366,-0.676],[-47.374,-0.67],[-47.38,-0.659],[-47.381,-0.645],[-47.373,-0.634],[-47.359,-0.631],[-47.346,-0.637],[-47.325,-0.655],[-47.326,-0.639],[-47.333,-0.629],[-47.34,-0.62],[-47.345,-0.607],[-47.329,-0.613],[-47.317,-0.608],[-47.306,-0.598],[-47.294,-0.593],[-47.279,-0.599],[-47.277,-0.614],[-47.279,-0.633],[-47.276,-0.648],[-47.27,-0.648],[-47.258,-0.641],[-47.251,-0.647],[-47.25,-0.661],[-47.256,-0.676],[-47.239,-0.665],[-47.234,-0.651],[-47.238,-0.636],[-47.243,-0.62],[-47.198,-0.652],[-47.195,-0.664],[-47.2,-0.677],[-47.209,-0.682],[-47.215,-0.669],[-47.222,-0.669],[-47.225,-0.68],[-47.231,-0.687],[-47.239,-0.693],[-47.249,-0.696],[-47.249,-0.703],[-47.236,-0.716],[-47.229,-0.716],[-47.222,-0.702],[-47.208,-0.699],[-47.191,-0.703],[-47.174,-0.71],[-47.174,-0.699],[-47.172,-0.692],[-47.168,-0.687],[-47.161,-0.682],[-47.155,-0.698],[-47.154,-0.713],[-47.158,-0.729],[-47.167,-0.744],[-47.174,-0.748],[-47.191,-0.756],[-47.194,-0.761],[-47.191,-0.77],[-47.183,-0.77],[-47.174,-0.764],[-47.167,-0.757],[-47.156,-0.764],[-47.148,-0.774],[-47.143,-0.786],[-47.14,-0.799],[-47.135,-0.781],[-47.139,-0.76],[-47.14,-0.741],[-47.126,-0.731],[-47.125,-0.738],[-47.121,-0.745],[-47.119,-0.751],[-47.115,-0.742],[-47.116,-0.737],[-47.118,-0.731],[-47.119,-0.72],[-47.118,-0.713],[-47.11,-0.703],[-47.106,-0.696],[-47.103,-0.675],[-47.099,-0.666],[-47.088,-0.662],[-47.078,-0.666],[-47.073,-0.675],[-47.074,-0.686],[-47.078,-0.696],[-47.076,-0.698],[-47.074,-0.697],[-47.073,-0.698],[-47.072,-0.703],[-47.08,-0.71],[-47.08,-0.736],[-47.085,-0.751],[-47.078,-0.757],[-47.072,-0.744],[-47.066,-0.76],[-47.065,-0.777],[-47.06,-0.79],[-47.044,-0.791],[-47.054,-0.803],[-47.073,-0.815],[-47.078,-0.826],[-47.077,-0.837],[-47.063,-0.856],[-47.057,-0.867],[-47.054,-0.857],[-47.051,-0.819],[-47.048,-0.811],[-47.042,-0.801],[-47.036,-0.792],[-47.03,-0.785],[-47.026,-0.788],[-47.016,-0.791],[-47.017,-0.77],[-47.015,-0.76],[-47.008,-0.757],[-46.993,-0.757],[-46.985,-0.749],[-46.977,-0.731],[-46.969,-0.696],[-46.957,-0.71],[-46.957,-0.735],[-46.969,-0.785],[-46.962,-0.785],[-46.955,-0.771],[-46.946,-0.776],[-46.942,-0.782],[-46.943,-0.79],[-46.947,-0.799],[-46.928,-0.799],[-46.932,-0.805],[-46.938,-0.82],[-46.941,-0.826],[-46.933,-0.823],[-46.931,-0.822],[-46.928,-0.819],[-46.922,-0.835],[-46.93,-0.843],[-46.944,-0.848],[-46.955,-0.854],[-46.963,-0.865],[-46.968,-0.88],[-46.965,-0.893],[-46.947,-0.901],[-46.949,-0.885],[-46.952,-0.872],[-46.949,-0.862],[-46.934,-0.854],[-46.912,-0.86],[-46.901,-0.857],[-46.9,-0.839],[-46.893,-0.847],[-46.891,-0.834],[-46.893,-0.785],[-46.884,-0.79],[-46.878,-0.796],[-46.874,-0.803],[-46.873,-0.813],[-46.865,-0.813],[-46.862,-0.806],[-46.859,-0.803],[-46.855,-0.801],[-46.846,-0.799],[-46.85,-0.791],[-46.856,-0.786],[-46.864,-0.781],[-46.873,-0.778],[-46.859,-0.766],[-46.833,-0.73],[-46.818,-0.723],[-46.818,-0.716],[-46.831,-0.71],[-46.819,-0.712],[-46.809,-0.717],[-46.802,-0.726],[-46.797,-0.737],[-46.808,-0.74],[-46.811,-0.747],[-46.806,-0.755],[-46.797,-0.765],[-46.811,-0.771],[-46.818,-0.771],[-46.818,-0.778],[-46.812,-0.785],[-46.813,-0.791],[-46.82,-0.796],[-46.831,-0.799],[-46.831,-0.805],[-46.821,-0.808],[-46.818,-0.814],[-46.819,-0.823],[-46.824,-0.833],[-46.813,-0.83],[-46.804,-0.825],[-46.799,-0.817],[-46.797,-0.805],[-46.79,-0.805],[-46.798,-0.861],[-46.799,-0.862],[-46.8,-0.865],[-46.797,-0.875],[-46.786,-0.894],[-46.783,-0.901],[-46.779,-0.886],[-46.783,-0.874],[-46.786,-0.863],[-46.777,-0.847],[-46.77,-0.847],[-46.77,-0.867],[-46.76,-0.862],[-46.756,-0.85],[-46.756,-0.819],[-46.745,-0.829],[-46.72,-0.865],[-46.715,-0.878],[-46.719,-0.895],[-46.749,-0.943],[-46.733,-0.931],[-46.709,-0.89],[-46.698,-0.881],[-46.699,-0.868],[-46.698,-0.844],[-46.689,-0.826],[-46.667,-0.833],[-46.661,-0.845],[-46.66,-0.856],[-46.657,-0.864],[-46.643,-0.867],[-46.633,-0.863],[-46.635,-0.853],[-46.657,-0.814],[-46.656,-0.802],[-46.638,-0.802],[-46.614,-0.813],[-46.599,-0.867],[-46.622,-0.898],[-46.626,-0.909],[-46.619,-0.909],[-46.611,-0.904],[-46.609,-0.911],[-46.611,-0.924],[-46.619,-0.935],[-46.633,-0.943],[-46.646,-0.945],[-46.657,-0.939],[-46.66,-0.922],[-46.667,-0.922],[-46.673,-0.937],[-46.682,-0.947],[-46.724,-0.973],[-46.737,-0.984],[-46.747,-0.999],[-46.749,-1.019],[-46.738,-1.002],[-46.721,-0.984],[-46.7,-0.97],[-46.681,-0.963],[-46.677,-0.966],[-46.654,-0.967],[-46.626,-0.962],[-46.605,-0.957],[-46.582,-0.97],[-46.565,-0.951],[-46.561,-0.928],[-46.546,-0.914],[-46.518,-0.901],[-46.503,-0.884],[-46.488,-0.879],[-46.475,-0.884],[-46.466,-0.877],[-46.447,-0.873],[-46.428,-0.869],[-46.416,-0.881],[-46.421,-0.894],[-46.438,-0.903],[-46.461,-0.907],[-46.48,-0.919],[-46.473,-0.936],[-46.477,-0.953],[-46.489,-0.965],[-46.488,-0.976],[-46.472,-0.986],[-46.476,-1.007],[-46.48,-1.022],[-46.467,-1.023],[-46.463,-1.032],[-46.475,-1.045],[-46.465,-1.046],[-46.453,-1.044],[-46.444,-1.038],[-46.44,-1.028],[-46.436,-1.024],[-46.425,-1.029],[-46.414,-1.036],[-46.407,-1.039],[-46.393,-1.027],[-46.385,-1.01],[-46.365,-1.008],[-46.367,-1.025],[-46.366,-1.045],[-46.361,-1.067],[-46.357,-1.075],[-46.353,-1.069],[-46.351,-1.049],[-46.346,-1.034],[-46.334,-1.022],[-46.323,-1.02],[-46.317,-1.035],[-46.317,-1.073],[-46.319,-1.081],[-46.324,-1.097],[-46.325,-1.107],[-46.31,-1.096],[-46.301,-1.079],[-46.298,-1.058],[-46.297,-1.032],[-46.29,-1.032],[-46.281,-1.049],[-46.256,-1.077],[-46.248,-1.094],[-46.254,-1.077],[-46.271,-1.054],[-46.276,-1.039],[-46.279,-1.037],[-46.283,-1.029],[-46.283,-1.022],[-46.264,-1.017],[-46.275,-1.006],[-46.281,-0.997],[-46.279,-0.986],[-46.268,-0.971],[-46.262,-0.95],[-46.25,-0.931],[-46.234,-0.917],[-46.2,-0.908],[-46.172,-0.921],[-46.174,-0.957],[-46.18,-0.957],[-46.19,-0.959],[-46.203,-0.976],[-46.216,-0.997],[-46.221,-1.011],[-46.206,-1.007],[-46.199,-1.011],[-46.201,-1.018],[-46.215,-1.025],[-46.213,-1.029],[-46.212,-1.032],[-46.211,-1.035],[-46.208,-1.039],[-46.212,-1.044],[-46.217,-1.054],[-46.221,-1.059],[-46.211,-1.075],[-46.262,-1.183],[-46.231,-1.148],[-46.221,-1.142],[-46.209,-1.143],[-46.196,-1.149],[-46.182,-1.153],[-46.166,-1.148],[-46.155,-1.126],[-46.147,-1.114],[-46.139,-1.114],[-46.136,-1.126],[-46.145,-1.161],[-46.146,-1.176],[-46.133,-1.164],[-46.127,-1.146],[-46.126,-1.104],[-46.123,-1.095],[-46.116,-1.085],[-46.108,-1.077],[-46.102,-1.073],[-46.094,-1.076],[-46.09,-1.082],[-46.088,-1.091],[-46.085,-1.101],[-46.068,-1.13],[-46.065,-1.148],[-46.074,-1.155],[-46.086,-1.162],[-46.094,-1.178],[-46.095,-1.197],[-46.085,-1.21],[-46.072,-1.202],[-46.064,-1.19],[-46.05,-1.163],[-46.041,-1.175],[-46.04,-1.187],[-46.044,-1.198],[-46.05,-1.21],[-46.032,-1.201],[-46.03,-1.185],[-46.035,-1.166],[-46.036,-1.148],[-46.031,-1.138],[-46.023,-1.128],[-46.017,-1.113],[-46.016,-1.094],[-46.009,-1.094],[-46.009,-1.098],[-46.007,-1.101],[-46.005,-1.104],[-46.003,-1.107],[-45.991,-1.104],[-45.993,-1.079],[-45.993,-1.068],[-45.979,-1.055],[-45.964,-1.064],[-45.965,-1.073],[-45.961,-1.086],[-45.97,-1.087],[-45.974,-1.091],[-45.961,-1.107],[-45.972,-1.111],[-45.977,-1.119],[-45.982,-1.142],[-45.972,-1.137],[-45.963,-1.135],[-45.955,-1.137],[-45.948,-1.142],[-45.961,-1.146],[-45.999,-1.152],[-46.003,-1.193],[-45.998,-1.201],[-45.987,-1.204],[-45.973,-1.205],[-45.961,-1.21],[-45.956,-1.22],[-45.956,-1.24],[-45.948,-1.251],[-45.939,-1.246],[-45.934,-1.24],[-45.935,-1.233],[-45.941,-1.223],[-45.936,-1.223],[-45.933,-1.221],[-45.93,-1.219],[-45.926,-1.217],[-45.931,-1.201],[-45.923,-1.173],[-45.91,-1.141],[-45.89,-1.091],[-45.867,-1.063],[-45.854,-1.068],[-45.854,-1.101],[-45.885,-1.141],[-45.89,-1.154],[-45.9,-1.168],[-45.906,-1.173],[-45.907,-1.198],[-45.906,-1.21],[-45.898,-1.183],[-45.892,-1.172],[-45.879,-1.163],[-45.883,-1.179],[-45.885,-1.183],[-45.873,-1.202],[-45.881,-1.219],[-45.894,-1.237],[-45.9,-1.258],[-45.874,-1.235],[-45.865,-1.231],[-45.865,-1.237],[-45.868,-1.244],[-45.865,-1.251],[-45.865,-1.258],[-45.871,-1.263],[-45.881,-1.278],[-45.885,-1.285],[-45.863,-1.273],[-45.847,-1.257],[-45.838,-1.234],[-45.838,-1.203],[-45.827,-1.219],[-45.821,-1.242],[-45.821,-1.263],[-45.828,-1.272],[-45.841,-1.28],[-45.835,-1.297],[-45.821,-1.316],[-45.811,-1.326],[-45.819,-1.296],[-45.81,-1.275],[-45.794,-1.268],[-45.783,-1.278],[-45.774,-1.264],[-45.768,-1.229],[-45.762,-1.21],[-45.748,-1.204],[-45.722,-1.135],[-45.701,-1.135],[-45.696,-1.161],[-45.727,-1.226],[-45.735,-1.251],[-45.728,-1.251],[-45.727,-1.247],[-45.722,-1.237],[-45.703,-1.222],[-45.689,-1.202],[-45.68,-1.21],[-45.675,-1.229],[-45.673,-1.244],[-45.675,-1.259],[-45.665,-1.269],[-45.654,-1.274],[-45.66,-1.293],[-45.652,-1.3],[-45.651,-1.317],[-45.656,-1.333],[-45.663,-1.347],[-45.67,-1.354],[-45.676,-1.366],[-45.641,-1.371],[-45.632,-1.367],[-45.622,-1.357],[-45.616,-1.348],[-45.612,-1.335],[-45.61,-1.32],[-45.615,-1.309],[-45.623,-1.296],[-45.62,-1.284],[-45.61,-1.276],[-45.598,-1.272],[-45.583,-1.274],[-45.579,-1.282],[-45.585,-1.289],[-45.598,-1.292],[-45.594,-1.294],[-45.591,-1.296],[-45.588,-1.298],[-45.584,-1.299],[-45.588,-1.307],[-45.589,-1.314],[-45.588,-1.321],[-45.584,-1.326],[-45.56,-1.283],[-45.544,-1.27],[-45.53,-1.285],[-45.542,-1.285],[-45.549,-1.29],[-45.552,-1.299],[-45.55,-1.312],[-45.545,-1.31],[-45.536,-1.308],[-45.53,-1.306],[-45.537,-1.319],[-45.545,-1.327],[-45.551,-1.337],[-45.55,-1.354],[-45.546,-1.351],[-45.537,-1.346],[-45.536,-1.337],[-45.525,-1.325],[-45.523,-1.312],[-45.515,-1.312],[-45.512,-1.354],[-45.512,-1.361],[-45.523,-1.386],[-45.529,-1.404],[-45.53,-1.416],[-45.514,-1.403],[-45.471,-1.35],[-45.469,-1.343],[-45.468,-1.334],[-45.467,-1.323],[-45.461,-1.312],[-45.453,-1.307],[-45.42,-1.292],[-45.447,-1.292],[-45.428,-1.287],[-45.416,-1.288],[-45.409,-1.297],[-45.406,-1.316],[-45.407,-1.325],[-45.412,-1.343],[-45.413,-1.35],[-45.417,-1.354],[-45.436,-1.353],[-45.44,-1.357],[-45.463,-1.365],[-45.468,-1.367],[-45.473,-1.376],[-45.474,-1.384],[-45.473,-1.392],[-45.474,-1.402],[-45.485,-1.43],[-45.487,-1.447],[-45.481,-1.464],[-45.504,-1.459],[-45.518,-1.465],[-45.543,-1.491],[-45.531,-1.49],[-45.522,-1.484],[-45.517,-1.475],[-45.515,-1.464],[-45.502,-1.47],[-45.496,-1.481],[-45.499,-1.493],[-45.509,-1.505],[-45.498,-1.505],[-45.491,-1.503],[-45.486,-1.499],[-45.481,-1.491],[-45.465,-1.501],[-45.461,-1.516],[-45.463,-1.533],[-45.461,-1.546],[-45.449,-1.528],[-45.448,-1.505],[-45.455,-1.46],[-45.451,-1.454],[-45.442,-1.443],[-45.432,-1.433],[-45.423,-1.429],[-45.418,-1.434],[-45.42,-1.445],[-45.426,-1.457],[-45.433,-1.464],[-45.423,-1.459],[-45.409,-1.445],[-45.403,-1.443],[-45.401,-1.438],[-45.386,-1.412],[-45.38,-1.394],[-45.356,-1.35],[-45.355,-1.336],[-45.36,-1.32],[-45.347,-1.312],[-45.326,-1.313],[-45.31,-1.326],[-45.307,-1.336],[-45.296,-1.416],[-45.306,-1.411],[-45.31,-1.408],[-45.322,-1.437],[-45.342,-1.453],[-45.366,-1.466],[-45.392,-1.484],[-45.386,-1.491],[-45.378,-1.479],[-45.369,-1.473],[-45.36,-1.472],[-45.351,-1.477],[-45.359,-1.489],[-45.365,-1.504],[-45.37,-1.52],[-45.371,-1.535],[-45.379,-1.541],[-45.393,-1.548],[-45.401,-1.56],[-45.392,-1.58],[-45.386,-1.564],[-45.385,-1.556],[-45.386,-1.546],[-45.351,-1.56],[-45.34,-1.583],[-45.343,-1.612],[-45.355,-1.654],[-45.361,-1.668],[-45.366,-1.685],[-45.365,-1.704],[-45.359,-1.719],[-45.35,-1.73],[-45.338,-1.738],[-45.324,-1.745],[-45.284,-1.732],[-45.271,-1.722],[-45.276,-1.704],[-45.262,-1.696],[-45.228,-1.683],[-45.221,-1.673],[-45.226,-1.657],[-45.249,-1.625],[-45.255,-1.608],[-45.247,-1.579],[-45.227,-1.547],[-45.204,-1.525],[-45.18,-1.526],[-45.176,-1.5],[-45.163,-1.483],[-45.149,-1.482],[-45.139,-1.505],[-45.132,-1.505],[-45.128,-1.487],[-45.116,-1.478],[-45.103,-1.473],[-45.098,-1.467],[-45.091,-1.464],[-45.081,-1.472],[-45.081,-1.481],[-45.105,-1.484],[-45.079,-1.484],[-45.072,-1.47],[-45.071,-1.45],[-45.063,-1.429],[-45.062,-1.466],[-45.057,-1.477],[-45.05,-1.482],[-45.039,-1.488],[-45.027,-1.49],[-45.019,-1.488],[-45.007,-1.491],[-44.996,-1.509],[-44.998,-1.524],[-45.022,-1.518],[-45.01,-1.533],[-44.995,-1.535],[-44.98,-1.536],[-44.967,-1.546],[-44.967,-1.552],[-44.985,-1.561],[-45.005,-1.568],[-45.02,-1.579],[-45.022,-1.601],[-45.016,-1.601],[-45.009,-1.583],[-44.996,-1.582],[-44.967,-1.594],[-44.972,-1.579],[-44.967,-1.565],[-44.959,-1.549],[-44.954,-1.532],[-44.954,-1.502],[-44.947,-1.493],[-44.926,-1.491],[-44.926,-1.484],[-44.934,-1.484],[-44.934,-1.477],[-44.916,-1.469],[-44.895,-1.456],[-44.878,-1.441],[-44.871,-1.425],[-44.868,-1.421],[-44.861,-1.427],[-44.854,-1.437],[-44.851,-1.446],[-44.85,-1.476],[-44.851,-1.484],[-44.857,-1.489],[-44.876,-1.498],[-44.885,-1.505],[-44.891,-1.512],[-44.897,-1.528],[-44.913,-1.548],[-44.92,-1.563],[-44.92,-1.58],[-44.912,-1.601],[-44.926,-1.601],[-44.944,-1.597],[-44.954,-1.601],[-44.939,-1.611],[-44.922,-1.63],[-44.915,-1.647],[-44.934,-1.655],[-44.918,-1.657],[-44.912,-1.654],[-44.903,-1.625],[-44.904,-1.617],[-44.9,-1.61],[-44.885,-1.601],[-44.873,-1.613],[-44.861,-1.63],[-44.847,-1.641],[-44.83,-1.635],[-44.847,-1.629],[-44.851,-1.616],[-44.845,-1.601],[-44.837,-1.587],[-44.844,-1.587],[-44.842,-1.581],[-44.84,-1.577],[-44.838,-1.573],[-44.837,-1.566],[-44.823,-1.576],[-44.814,-1.591],[-44.81,-1.609],[-44.81,-1.628],[-44.804,-1.609],[-44.803,-1.601],[-44.792,-1.618],[-44.796,-1.63],[-44.805,-1.64],[-44.81,-1.652],[-44.806,-1.659],[-44.788,-1.673],[-44.782,-1.683],[-44.785,-1.684],[-44.803,-1.704],[-44.796,-1.71],[-44.777,-1.721],[-44.773,-1.724],[-44.786,-1.738],[-44.795,-1.743],[-44.803,-1.752],[-44.808,-1.748],[-44.811,-1.748],[-44.824,-1.752],[-44.823,-1.756],[-44.822,-1.759],[-44.817,-1.765],[-44.774,-1.741],[-44.768,-1.727],[-44.776,-1.704],[-44.742,-1.719],[-44.725,-1.723],[-44.708,-1.717],[-44.721,-1.75],[-44.751,-1.773],[-44.81,-1.806],[-44.81,-1.813],[-44.795,-1.808],[-44.757,-1.802],[-44.744,-1.796],[-44.73,-1.786],[-44.723,-1.791],[-44.717,-1.803],[-44.708,-1.813],[-44.679,-1.811],[-44.663,-1.785],[-44.655,-1.75],[-44.653,-1.717],[-44.598,-1.745],[-44.614,-1.754],[-44.625,-1.763],[-44.633,-1.776],[-44.639,-1.793],[-44.641,-1.808],[-44.641,-1.822],[-44.645,-1.831],[-44.66,-1.834],[-44.66,-1.84],[-44.649,-1.837],[-44.633,-1.828],[-44.621,-1.826],[-44.612,-1.83],[-44.607,-1.837],[-44.603,-1.845],[-44.598,-1.847],[-44.592,-1.84],[-44.589,-1.829],[-44.585,-1.818],[-44.573,-1.813],[-44.565,-1.818],[-44.564,-1.831],[-44.569,-1.844],[-44.576,-1.854],[-44.57,-1.861],[-44.562,-1.851],[-44.554,-1.844],[-44.547,-1.838],[-44.543,-1.826],[-44.536,-1.829],[-44.53,-1.834],[-44.526,-1.84],[-44.522,-1.847],[-44.538,-1.865],[-44.578,-1.887],[-44.591,-1.902],[-44.571,-1.901],[-44.537,-1.892],[-44.522,-1.895],[-44.513,-1.905],[-44.507,-1.92],[-44.503,-1.938],[-44.501,-1.953],[-44.499,-1.962],[-44.49,-1.978],[-44.488,-1.987],[-44.49,-1.995],[-44.495,-2],[-44.499,-2.004],[-44.501,-2.008],[-44.51,-2.016],[-44.529,-2.018],[-44.549,-2.016],[-44.563,-2.012],[-44.575,-2.024],[-44.588,-2.031],[-44.617,-2.039],[-44.611,-2.04],[-44.607,-2.04],[-44.603,-2.041],[-44.598,-2.046],[-44.581,-2.035],[-44.561,-2.03],[-44.541,-2.029],[-44.522,-2.032],[-44.505,-2.032],[-44.496,-2.036],[-44.494,-2.046],[-44.501,-2.054],[-44.535,-2.08],[-44.554,-2.087],[-44.579,-2.122],[-44.608,-2.154],[-44.639,-2.149],[-44.645,-2.156],[-44.632,-2.16],[-44.616,-2.159],[-44.603,-2.157],[-44.598,-2.156],[-44.589,-2.165],[-44.594,-2.174],[-44.617,-2.19],[-44.655,-2.231],[-44.676,-2.24],[-44.708,-2.238],[-44.701,-2.244],[-44.697,-2.25],[-44.694,-2.266],[-44.733,-2.253],[-44.751,-2.252],[-44.77,-2.26],[-44.785,-2.275],[-44.801,-2.286],[-44.824,-2.279],[-44.804,-2.291],[-44.759,-2.275],[-44.718,-2.266],[-44.708,-2.3],[-44.701,-2.3],[-44.693,-2.285],[-44.679,-2.274],[-44.666,-2.271],[-44.66,-2.283],[-44.662,-2.296],[-44.667,-2.305],[-44.674,-2.312],[-44.68,-2.321],[-44.688,-2.343],[-44.692,-2.348],[-44.704,-2.358],[-44.711,-2.368],[-44.715,-2.393],[-44.721,-2.402],[-44.714,-2.409],[-44.711,-2.397],[-44.707,-2.388],[-44.701,-2.382],[-44.674,-2.36],[-44.664,-2.357],[-44.66,-2.364],[-44.665,-2.404],[-44.663,-2.421],[-44.653,-2.429],[-44.656,-2.42],[-44.656,-2.407],[-44.654,-2.394],[-44.644,-2.375],[-44.646,-2.366],[-44.65,-2.359],[-44.653,-2.351],[-44.652,-2.328],[-44.65,-2.309],[-44.644,-2.291],[-44.632,-2.272],[-44.585,-2.23],[-44.573,-2.224],[-44.562,-2.222],[-44.554,-2.216],[-44.543,-2.204],[-44.545,-2.204],[-44.543,-2.19],[-44.54,-2.186],[-44.533,-2.181],[-44.529,-2.176],[-44.497,-2.148],[-44.462,-2.145],[-44.427,-2.162],[-44.399,-2.197],[-44.39,-2.218],[-44.386,-2.238],[-44.385,-2.276],[-44.382,-2.278],[-44.369,-2.293],[-44.365,-2.3],[-44.362,-2.31],[-44.364,-2.334],[-44.373,-2.377],[-44.382,-2.395],[-44.395,-2.402],[-44.431,-2.407],[-44.453,-2.407],[-44.474,-2.402],[-44.48,-2.397],[-44.491,-2.383],[-44.498,-2.38],[-44.5,-2.379],[-44.504,-2.376],[-44.507,-2.373],[-44.509,-2.371],[-44.511,-2.367],[-44.515,-2.369],[-44.521,-2.373],[-44.538,-2.38],[-44.551,-2.391],[-44.563,-2.405],[-44.57,-2.416],[-44.523,-2.387],[-44.507,-2.39],[-44.501,-2.42],[-44.511,-2.47],[-44.522,-2.5],[-44.535,-2.518],[-44.547,-2.521],[-44.556,-2.52],[-44.565,-2.521],[-44.576,-2.532],[-44.588,-2.562],[-44.594,-2.567],[-44.613,-2.57],[-44.637,-2.58],[-44.656,-2.593],[-44.66,-2.608],[-44.645,-2.593],[-44.599,-2.574],[-44.58,-2.564],[-44.571,-2.552],[-44.567,-2.542],[-44.561,-2.535],[-44.546,-2.532],[-44.54,-2.538],[-44.545,-2.551],[-44.553,-2.562],[-44.557,-2.567],[-44.608,-2.67],[-44.632,-2.697],[-44.625,-2.707],[-44.627,-2.719],[-44.639,-2.745],[-44.646,-2.768],[-44.648,-2.787],[-44.645,-2.831],[-44.65,-2.855],[-44.686,-2.917],[-44.687,-2.924],[-44.686,-2.954],[-44.687,-2.965],[-44.692,-2.985],[-44.694,-2.995],[-44.684,-3.013],[-44.663,-3.018],[-44.64,-3.019],[-44.625,-3.026],[-44.622,-3.051],[-44.64,-3.069],[-44.662,-3.083],[-44.673,-3.098],[-44.677,-3.112],[-44.687,-3.121],[-44.698,-3.128],[-44.708,-3.136],[-44.712,-3.145],[-44.717,-3.169],[-44.721,-3.177],[-44.741,-3.187],[-44.763,-3.191],[-44.782,-3.197],[-44.789,-3.215],[-44.787,-3.233],[-44.781,-3.252],[-44.772,-3.269],[-44.761,-3.286],[-44.796,-3.3],[-44.762,-3.306],[-44.754,-3.29],[-44.761,-3.238],[-44.755,-3.22],[-44.743,-3.207],[-44.725,-3.2],[-44.68,-3.194],[-44.66,-3.185],[-44.644,-3.17],[-44.632,-3.15],[-44.614,-3.112],[-44.6,-3.104],[-44.573,-3.102],[-44.529,-3.032],[-44.482,-3.007],[-44.474,-3.002],[-44.469,-2.987],[-44.433,-2.95],[-44.424,-2.935],[-44.415,-2.914],[-44.409,-2.892],[-44.406,-2.872],[-44.408,-2.826],[-44.404,-2.805],[-44.392,-2.793],[-44.395,-2.789],[-44.397,-2.785],[-44.4,-2.782],[-44.406,-2.779],[-44.371,-2.668],[-44.365,-2.629],[-44.361,-2.637],[-44.359,-2.645],[-44.357,-2.653],[-44.358,-2.663],[-44.351,-2.663],[-44.368,-2.55],[-44.357,-2.537],[-44.353,-2.529],[-44.345,-2.526],[-44.326,-2.525],[-44.312,-2.532],[-44.302,-2.548],[-44.289,-2.58],[-44.288,-2.551],[-44.292,-2.54],[-44.303,-2.532],[-44.3,-2.521],[-44.301,-2.508],[-44.301,-2.495],[-44.293,-2.481],[-44.279,-2.476],[-44.22,-2.47],[-44.111,-2.416],[-44.083,-2.416],[-44.073,-2.4],[-44.053,-2.4],[-44.034,-2.415],[-44.029,-2.443],[-44.046,-2.439],[-44.071,-2.438],[-44.092,-2.443],[-44.097,-2.457],[-44.07,-2.461],[-44.064,-2.463],[-44.061,-2.472],[-44.06,-2.495],[-44.056,-2.505],[-44.056,-2.494],[-44.054,-2.487],[-44.049,-2.47],[-44.042,-2.47],[-44.034,-2.493],[-44.033,-2.513],[-44.037,-2.532],[-44.049,-2.553],[-44.066,-2.551],[-44.083,-2.56],[-44.097,-2.58],[-44.103,-2.583],[-44.11,-2.585],[-44.118,-2.587],[-44.124,-2.594],[-44.107,-2.602],[-44.111,-2.622],[-44.137,-2.67],[-44.151,-2.68],[-44.167,-2.687],[-44.18,-2.69],[-44.191,-2.689],[-44.198,-2.685],[-44.214,-2.669],[-44.21,-2.686],[-44.207,-2.692],[-44.2,-2.697],[-44.212,-2.708],[-44.24,-2.715],[-44.252,-2.721],[-44.28,-2.748],[-44.286,-2.752],[-44.313,-2.762],[-44.338,-2.785],[-44.348,-2.81],[-44.33,-2.827],[-44.328,-2.804],[-44.323,-2.785],[-44.312,-2.779],[-44.296,-2.793],[-44.306,-2.81],[-44.31,-2.814],[-44.31,-2.82],[-44.296,-2.834],[-44.289,-2.807],[-44.284,-2.806],[-44.277,-2.807],[-44.271,-2.807],[-44.268,-2.803],[-44.268,-2.79],[-44.265,-2.781],[-44.261,-2.773],[-44.255,-2.765],[-44.246,-2.774],[-44.22,-2.793],[-44.226,-2.777],[-44.218,-2.768],[-44.187,-2.759],[-44.189,-2.778],[-44.175,-2.807],[-44.183,-2.824],[-44.191,-2.83],[-44.207,-2.836],[-44.214,-2.841],[-44.219,-2.848],[-44.218,-2.852],[-44.214,-2.852],[-44.207,-2.848],[-44.205,-2.853],[-44.202,-2.858],[-44.201,-2.862],[-44.2,-2.869],[-44.167,-2.838],[-44.159,-2.827],[-44.156,-2.83],[-44.155,-2.83],[-44.154,-2.83],[-44.152,-2.834],[-44.141,-2.82],[-44.133,-2.804],[-44.127,-2.786],[-44.124,-2.769],[-44.118,-2.758],[-44.106,-2.75],[-44.098,-2.749],[-44.105,-2.759],[-44.105,-2.765],[-44.093,-2.762],[-44.089,-2.759],[-44.083,-2.752],[-44.077,-2.759],[-44.079,-2.766],[-44.08,-2.769],[-44.078,-2.772],[-44.077,-2.779],[-44.074,-2.772],[-44.073,-2.769],[-44.07,-2.765],[-44.069,-2.779],[-44.072,-2.789],[-44.083,-2.807],[-44.068,-2.795],[-44.063,-2.777],[-44.064,-2.735],[-44.06,-2.718],[-44.052,-2.702],[-44.036,-2.676],[-44.023,-2.649],[-44.014,-2.635],[-43.984,-2.615],[-43.98,-2.612],[-43.976,-2.61],[-43.946,-2.629],[-43.946,-2.621],[-43.958,-2.612],[-43.958,-2.601],[-43.946,-2.574],[-43.933,-2.556],[-43.923,-2.547],[-43.919,-2.55],[-43.892,-2.601],[-43.878,-2.635],[-43.874,-2.623],[-43.877,-2.611],[-43.882,-2.599],[-43.885,-2.584],[-43.879,-2.571],[-43.853,-2.559],[-43.846,-2.556],[-43.839,-2.556],[-43.834,-2.555],[-43.828,-2.551],[-43.821,-2.551],[-43.816,-2.552],[-43.805,-2.549],[-43.782,-2.532],[-43.767,-2.526],[-43.753,-2.524],[-43.746,-2.529],[-43.739,-2.517],[-43.74,-2.487],[-43.724,-2.477],[-43.713,-2.489],[-43.707,-2.514],[-43.709,-2.54],[-43.721,-2.553],[-43.721,-2.56],[-43.714,-2.56],[-43.714,-2.553],[-43.707,-2.553],[-43.707,-2.56],[-43.699,-2.56],[-43.699,-2.554],[-43.698,-2.549],[-43.693,-2.539],[-43.685,-2.543],[-43.677,-2.546],[-43.658,-2.546],[-43.681,-2.53],[-43.682,-2.505],[-43.668,-2.483],[-43.645,-2.477],[-43.652,-2.485],[-43.657,-2.494],[-43.666,-2.512],[-43.652,-2.502],[-43.636,-2.498],[-43.622,-2.505],[-43.617,-2.525],[-43.597,-2.516],[-43.558,-2.531],[-43.542,-2.525],[-43.548,-2.518],[-43.56,-2.519],[-43.563,-2.51],[-43.558,-2.496],[-43.548,-2.485],[-43.548,-2.505],[-43.539,-2.491],[-43.537,-2.478],[-43.542,-2.467],[-43.556,-2.457],[-43.537,-2.436],[-43.524,-2.443],[-43.517,-2.465],[-43.522,-2.491],[-43.508,-2.492],[-43.5,-2.525],[-43.487,-2.532],[-43.494,-2.546],[-43.484,-2.544],[-43.477,-2.538],[-43.472,-2.529],[-43.467,-2.518],[-43.458,-2.535],[-43.453,-2.553],[-43.446,-2.545],[-43.444,-2.531],[-43.448,-2.515],[-43.465,-2.486],[-43.453,-2.484],[-43.419,-2.491],[-43.419,-2.485],[-43.435,-2.483],[-43.447,-2.472],[-43.455,-2.457],[-43.46,-2.443],[-43.453,-2.443],[-43.448,-2.452],[-43.439,-2.457],[-43.426,-2.458],[-43.412,-2.457],[-43.428,-2.442],[-43.474,-2.418],[-43.487,-2.395],[-43.483,-2.379],[-43.475,-2.366],[-43.467,-2.354],[-43.467,-2.346],[-43.454,-2.341],[-43.441,-2.339],[-43.426,-2.338],[-43.408,-2.337],[-43.385,-2.34],[-43.364,-2.343],[-43.341,-2.345],[-43.312,-2.346],[-43.251,-2.367],[-43.199,-2.38],[-43.119,-2.417],[-43.014,-2.457],[-42.943,-2.482],[-42.916,-2.492],[-42.883,-2.51],[-42.858,-2.522],[-42.824,-2.543],[-42.819,-2.546],[-42.811,-2.548],[-42.775,-2.56],[-42.766,-2.561],[-42.71,-2.56],[-42.7,-2.564],[-42.693,-2.57],[-42.688,-2.577],[-42.682,-2.58],[-42.673,-2.589],[-42.63,-2.642],[-42.581,-2.672],[-42.566,-2.676],[-42.556,-2.678],[-42.539,-2.683],[-42.527,-2.683],[-42.516,-2.681],[-42.487,-2.669],[-42.486,-2.687],[-42.489,-2.7],[-42.498,-2.704],[-42.514,-2.697],[-42.508,-2.722],[-42.494,-2.731],[-42.474,-2.737],[-42.453,-2.752],[-42.446,-2.747],[-42.427,-2.738],[-42.418,-2.731],[-42.412,-2.739],[-42.407,-2.75],[-42.378,-2.756],[-42.264,-2.759],[-42.255,-2.767],[-42.254,-2.783],[-42.259,-2.802],[-42.267,-2.814],[-42.239,-2.805],[-42.234,-2.811],[-42.239,-2.834],[-42.233,-2.834],[-42.229,-2.822],[-42.222,-2.812],[-42.214,-2.805],[-42.206,-2.8],[-42.193,-2.809],[-42.176,-2.812],[-42.16,-2.81],[-42.148,-2.803],[-42.082,-2.8],[-42.084,-2.804],[-42.086,-2.805],[-42.087,-2.805],[-42.09,-2.807],[-42.084,-2.821],[-42.082,-2.827],[-42.068,-2.82],[-42.047,-2.821],[-42.029,-2.825],[-42.021,-2.824],[-42.016,-2.811],[-42.004,-2.813],[-41.969,-2.834],[-41.955,-2.839],[-41.944,-2.838],[-41.939,-2.824],[-41.937,-2.788],[-41.94,-2.774],[-41.953,-2.779],[-41.959,-2.779],[-41.971,-2.768],[-42.002,-2.75],[-42.015,-2.741],[-42.01,-2.727],[-41.996,-2.721],[-41.9,-2.725],[-41.839,-2.729],[-41.821,-2.734],[-41.843,-2.765],[-41.832,-2.762],[-41.824,-2.757],[-41.809,-2.745],[-41.779,-2.782],[-41.694,-2.833],[-41.665,-2.856],[-41.658,-2.869],[-41.664,-2.865],[-41.679,-2.858],[-41.685,-2.855],[-41.683,-2.858],[-41.678,-2.869],[-41.688,-2.865],[-41.699,-2.862],[-41.699,-2.869],[-41.686,-2.876],[-41.675,-2.88],[-41.664,-2.878],[-41.651,-2.869],[-41.64,-2.885],[-41.623,-2.896],[-41.602,-2.901],[-41.517,-2.907],[-41.49,-2.904],[-41.465,-2.889],[-41.455,-2.897],[-41.449,-2.906],[-41.449,-2.916],[-41.459,-2.93],[-41.456,-2.93],[-41.446,-2.93],[-41.448,-2.934],[-41.449,-2.936],[-41.451,-2.939],[-41.452,-2.943],[-41.445,-2.943],[-41.44,-2.942],[-41.432,-2.937],[-41.44,-2.914],[-41.422,-2.909],[-41.343,-2.92],[-41.336,-2.923],[-41.329,-2.932],[-41.328,-2.941],[-41.332,-2.947],[-41.342,-2.95],[-41.338,-2.955],[-41.328,-2.961],[-41.322,-2.964],[-41.316,-2.961],[-41.311,-2.963],[-41.305,-2.969],[-41.301,-2.978],[-41.295,-2.978],[-41.295,-2.964],[-41.274,-2.98],[-41.256,-3.005],[-41.248,-3.012],[-41.245,-3.015],[-41.24,-2.988],[-41.243,-2.973],[-41.257,-2.95],[-41.264,-2.928],[-41.282,-2.916],[-41.287,-2.903],[-41.296,-2.907],[-41.303,-2.908],[-41.309,-2.906],[-41.315,-2.903],[-41.3,-2.897],[-41.273,-2.879],[-41.257,-2.875],[-41.199,-2.875],[-41.168,-2.879],[-41.138,-2.886],[-41.111,-2.898],[-41.089,-2.917],[-41.083,-2.917],[-41.085,-2.905],[-41.09,-2.894],[-41.103,-2.875],[-41.089,-2.883],[-41.083,-2.883],[-40.938,-2.869],[-40.928,-2.87],[-40.909,-2.874],[-40.9,-2.875],[-40.892,-2.873],[-40.888,-2.864],[-40.88,-2.862],[-40.849,-2.859],[-40.841,-2.865],[-40.835,-2.883],[-40.829,-2.883],[-40.818,-2.872],[-40.769,-2.847],[-40.753,-2.841],[-40.582,-2.827],[-40.527,-2.803],[-40.51,-2.8],[-40.507,-2.798],[-40.5,-2.786],[-40.493,-2.787],[-40.488,-2.789],[-40.484,-2.792],[-40.479,-2.793],[-40.403,-2.806],[-40.274,-2.807],[-40.188,-2.82],[-40.175,-2.825],[-40.155,-2.844],[-40.143,-2.848],[-40.132,-2.844],[-40.127,-2.835],[-40.121,-2.828],[-40.109,-2.834],[-40.096,-2.831],[-40.082,-2.836],[-40.067,-2.844],[-40.051,-2.848],[-40.001,-2.846],[-39.986,-2.848],[-39.903,-2.902],[-39.872,-2.91],[-39.861,-2.916],[-39.807,-2.968],[-39.796,-2.975],[-39.783,-2.978],[-39.767,-2.986],[-39.743,-3.004],[-39.726,-3.022],[-39.732,-3.032],[-39.725,-3.035],[-39.719,-3.038],[-39.712,-3.039],[-39.705,-3.04],[-39.712,-3.026],[-39.698,-3.017],[-39.682,-3.02],[-39.643,-3.04],[-39.638,-3.041],[-39.619,-3.04],[-39.615,-3.042],[-39.611,-3.055],[-39.608,-3.06],[-39.571,-3.091],[-39.497,-3.131],[-39.485,-3.146],[-39.397,-3.184],[-39.384,-3.186],[-39.375,-3.186],[-39.368,-3.185],[-39.358,-3.184],[-39.353,-3.187],[-39.348,-3.194],[-39.341,-3.201],[-39.32,-3.208],[-39.287,-3.232],[-39.278,-3.23],[-39.273,-3.232],[-39.267,-3.236],[-39.264,-3.242],[-39.262,-3.248],[-39.259,-3.252],[-39.194,-3.297],[-39.165,-3.323],[-39.156,-3.328],[-39.146,-3.33],[-39.126,-3.33],[-39.116,-3.334],[-39.101,-3.349],[-39.092,-3.364],[-39.081,-3.377],[-39.057,-3.382],[-39.015,-3.384],[-39,-3.388],[-38.985,-3.396],[-38.96,-3.418],[-38.943,-3.445],[-38.916,-3.505],[-38.897,-3.5],[-38.883,-3.508],[-38.871,-3.521],[-38.855,-3.533],[-38.807,-3.547],[-38.79,-3.574],[-38.763,-3.598],[-38.732,-3.62],[-38.707,-3.629],[-38.694,-3.637],[-38.671,-3.669],[-38.66,-3.676],[-38.595,-3.691],[-38.526,-3.718],[-38.494,-3.721],[-38.477,-3.697],[-38.467,-3.705],[-38.457,-3.718],[-38.436,-3.758],[-38.41,-3.793],[-38.403,-3.809],[-38.396,-3.841],[-38.389,-3.855],[-38.378,-3.87],[-38.321,-3.923],[-38.31,-3.93],[-38.263,-3.952],[-38.251,-3.962],[-38.189,-4.052],[-38.107,-4.158],[-38.03,-4.237],[-37.935,-4.308],[-37.919,-4.315],[-37.854,-4.376],[-37.835,-4.385],[-37.814,-4.391],[-37.791,-4.395],[-37.769,-4.396],[-37.711,-4.515],[-37.684,-4.548],[-37.649,-4.579],[-37.607,-4.608],[-37.564,-4.629],[-37.537,-4.638],[-37.525,-4.633],[-37.514,-4.624],[-37.488,-4.63],[-37.427,-4.661],[-37.325,-4.696],[-37.293,-4.718],[-37.274,-4.742],[-37.231,-4.842],[-37.183,-4.911],[-37.135,-4.931],[-37.115,-4.922],[-37.098,-4.921],[-37.082,-4.924],[-37.049,-4.938],[-37.037,-4.939],[-37.011,-4.931],[-36.983,-4.93],[-36.899,-4.938],[-36.881,-4.948],[-36.848,-4.986],[-36.843,-4.993],[-36.833,-4.997],[-36.821,-5.008],[-36.81,-5.02],[-36.806,-5.03],[-36.791,-5.051],[-36.757,-5.067],[-36.72,-5.075],[-36.696,-5.075],[-36.696,-5.09],[-36.682,-5.092],[-36.641,-5.089],[-36.607,-5.096],[-36.59,-5.103],[-36.561,-5.123],[-36.544,-5.128],[-36.531,-5.123],[-36.525,-5.106],[-36.534,-5.101],[-36.571,-5.092],[-36.58,-5.081],[-36.545,-5.09],[-36.422,-5.081],[-36.34,-5.089],[-36.3,-5.101],[-36.281,-5.105],[-36.257,-5.102],[-36.257,-5.096],[-36.292,-5.096],[-36.292,-5.089],[-36.131,-5.096],[-36.114,-5.092],[-36.079,-5.072],[-36.043,-5.065],[-36.016,-5.051],[-35.997,-5.048],[-35.918,-5.058],[-35.768,-5.087],[-35.659,-5.111],[-35.582,-5.119],[-35.549,-5.128],[-35.511,-5.144],[-35.493,-5.157],[-35.455,-5.197],[-35.439,-5.205],[-35.421,-5.212],[-35.404,-5.226],[-35.39,-5.245],[-35.371,-5.279],[-35.362,-5.301],[-35.356,-5.323],[-35.354,-5.346],[-35.349,-5.356],[-35.319,-5.383],[-35.262,-5.483],[-35.254,-5.524],[-35.245,-5.546],[-35.234,-5.567],[-35.223,-5.583],[-35.231,-5.589],[-35.226,-5.599],[-35.207,-5.668],[-35.206,-5.679],[-35.196,-5.69],[-35.195,-5.76],[-35.188,-5.774],[-35.179,-5.783],[-35.171,-5.796],[-35.168,-5.818],[-35.171,-5.834],[-35.172,-5.844],[-35.168,-5.856],[-35.15,-5.875],[-35.147,-5.877],[-35.146,-5.887],[-35.147,-5.921],[-35.145,-5.932],[-35.136,-5.946],[-35.134,-5.955],[-35.13,-5.96],[-35.112,-5.977],[-35.107,-5.986],[-35.105,-5.996],[-35.107,-6.028],[-35.112,-6.049],[-35.111,-6.058],[-35.103,-6.062],[-35.099,-6.067],[-35.093,-6.186],[-35.121,-6.165],[-35.125,-6.183],[-35.15,-6.207],[-35.151,-6.216],[-35.134,-6.224],[-35.12,-6.215],[-35.108,-6.2],[-35.096,-6.192],[-35.087,-6.197],[-35.078,-6.221],[-35.069,-6.226],[-35.049,-6.227],[-35.041,-6.23],[-35.038,-6.237],[-35.036,-6.259],[-35.026,-6.299],[-35.024,-6.318],[-35.026,-6.334],[-35.024,-6.343],[-35.017,-6.356],[-35.011,-6.363],[-34.996,-6.371],[-34.989,-6.378],[-34.982,-6.391],[-34.972,-6.433],[-34.959,-6.537],[-34.958,-6.583],[-34.97,-6.617],[-34.961,-6.639],[-34.957,-6.651],[-34.953,-6.675],[-34.948,-6.685],[-34.941,-6.694],[-34.935,-6.706],[-34.935,-6.724],[-34.94,-6.745],[-34.943,-6.766],[-34.935,-6.788],[-34.935,-6.782],[-34.917,-6.864],[-34.904,-6.887],[-34.894,-6.894],[-34.866,-6.907],[-34.86,-6.915],[-34.86,-6.963],[-34.863,-6.976],[-34.869,-6.983],[-34.876,-6.987],[-34.881,-6.993],[-34.881,-7.005],[-34.878,-7.028],[-34.881,-7.041],[-34.896,-7.081],[-34.894,-7.083],[-34.902,-7.091],[-34.908,-7.093],[-34.913,-7.091],[-34.921,-7.083],[-34.912,-7.093],[-34.908,-7.104],[-34.909,-7.117],[-34.915,-7.131],[-34.896,-7.117],[-34.876,-7.096],[-34.859,-7.071],[-34.853,-7.052],[-34.849,-7.03],[-34.836,-6.992],[-34.84,-6.973],[-34.826,-6.984],[-34.824,-7.003],[-34.833,-7.041],[-34.833,-7.1],[-34.828,-7.13],[-34.825,-7.137],[-34.819,-7.144],[-34.802,-7.154],[-34.797,-7.158],[-34.794,-7.176],[-34.797,-7.193],[-34.802,-7.209],[-34.805,-7.223],[-34.805,-7.371],[-34.814,-7.445],[-34.815,-7.484],[-34.805,-7.514],[-34.815,-7.543],[-34.819,-7.548],[-34.824,-7.549],[-34.834,-7.543],[-34.842,-7.542],[-34.881,-7.542],[-34.893,-7.543],[-34.897,-7.543],[-34.913,-7.548],[-34.929,-7.556],[-34.865,-7.553],[-34.835,-7.563],[-34.831,-7.582],[-34.82,-7.6],[-34.809,-7.614],[-34.805,-7.623],[-34.813,-7.639],[-34.82,-7.654],[-34.83,-7.681],[-34.837,-7.68],[-34.837,-7.667],[-34.84,-7.656],[-34.84,-7.644],[-34.844,-7.651],[-34.845,-7.657],[-34.846,-7.672],[-34.868,-7.632],[-34.874,-7.618],[-34.876,-7.637],[-34.86,-7.686],[-34.864,-7.705],[-34.877,-7.703],[-34.887,-7.708],[-34.9,-7.718],[-34.907,-7.734],[-34.888,-7.724],[-34.878,-7.715],[-34.869,-7.714],[-34.866,-7.718],[-34.869,-7.728],[-34.876,-7.736],[-34.884,-7.745],[-34.892,-7.763],[-34.894,-7.805],[-34.885,-7.816],[-34.848,-7.823],[-34.847,-7.834],[-34.844,-7.848],[-34.846,-7.885],[-34.833,-7.857],[-34.826,-7.869],[-34.818,-7.894],[-34.812,-7.906],[-34.817,-7.913],[-34.819,-7.919],[-34.817,-7.925],[-34.812,-7.933],[-34.821,-7.952],[-34.846,-8.042],[-34.846,-8.059],[-34.851,-8.069],[-34.864,-8.07],[-34.881,-8.063],[-34.901,-8.043],[-34.913,-8.035],[-34.929,-8.035],[-34.913,-8.046],[-34.907,-8.053],[-34.901,-8.063],[-34.898,-8.075],[-34.898,-8.085],[-34.896,-8.094],[-34.887,-8.104],[-34.884,-8.097],[-34.881,-8.09],[-34.881,-8.105],[-34.894,-8.141],[-34.9,-8.18],[-34.904,-8.189],[-34.921,-8.214],[-34.932,-8.242],[-34.939,-8.272],[-34.943,-8.31],[-34.942,-8.337],[-34.939,-8.347],[-34.94,-8.351],[-34.946,-8.357],[-34.953,-8.365],[-34.956,-8.374],[-34.957,-8.383],[-35.026,-8.576],[-35.07,-8.662],[-35.069,-8.672],[-35.08,-8.681],[-35.084,-8.701],[-35.086,-8.741],[-35.097,-8.761],[-35.127,-8.806],[-35.134,-8.827],[-35.138,-8.871],[-35.147,-8.912],[-35.189,-8.991],[-35.232,-9.048],[-35.26,-9.114],[-35.289,-9.154],[-35.305,-9.193],[-35.392,-9.306],[-35.415,-9.323],[-35.415,-9.317],[-35.438,-9.328],[-35.462,-9.347],[-35.482,-9.368],[-35.49,-9.389],[-35.493,-9.404],[-35.574,-9.523],[-35.583,-9.533],[-35.63,-9.564],[-35.658,-9.577],[-35.675,-9.609],[-35.696,-9.673],[-35.709,-9.675],[-35.719,-9.678],[-35.743,-9.68],[-35.752,-9.683],[-35.761,-9.687],[-35.778,-9.7],[-35.763,-9.676],[-35.749,-9.66],[-35.746,-9.642],[-35.765,-9.611],[-35.773,-9.6],[-35.786,-9.589],[-35.8,-9.585],[-35.812,-9.598],[-35.81,-9.605],[-35.795,-9.629],[-35.792,-9.642],[-35.792,-9.669],[-35.795,-9.679],[-35.802,-9.684],[-35.809,-9.687],[-35.853,-9.731],[-35.858,-9.735],[-35.868,-9.718],[-35.877,-9.697],[-35.877,-9.687],[-35.908,-9.639],[-35.905,-9.625],[-35.92,-9.608],[-35.942,-9.6],[-35.963,-9.611],[-35.952,-9.628],[-35.923,-9.646],[-35.908,-9.659],[-35.902,-9.671],[-35.879,-9.749],[-35.874,-9.755],[-35.861,-9.76],[-35.857,-9.755],[-35.857,-9.747],[-35.853,-9.741],[-35.82,-9.736],[-35.806,-9.731],[-35.799,-9.721],[-35.811,-9.745],[-35.862,-9.794],[-35.883,-9.856],[-35.904,-9.878],[-35.949,-9.913],[-35.973,-9.966],[-35.98,-9.975],[-35.992,-9.981],[-36.002,-9.996],[-36.036,-10.064],[-36.05,-10.079],[-36.09,-10.093],[-36.141,-10.159],[-36.251,-10.248],[-36.281,-10.28],[-36.289,-10.297],[-36.292,-10.32],[-36.291,-10.332],[-36.289,-10.339],[-36.289,-10.344],[-36.292,-10.352],[-36.408,-10.502],[-36.421,-10.509],[-36.458,-10.52],[-36.486,-10.523],[-36.505,-10.528],[-36.52,-10.534],[-36.538,-10.544],[-36.577,-10.55],[-36.582,-10.554],[-36.592,-10.568],[-36.597,-10.571],[-36.611,-10.575],[-36.768,-10.673],[-36.903,-10.773],[-36.953,-10.836],[-36.963,-10.865],[-36.979,-10.886],[-37.029,-10.936],[-37.04,-10.949],[-37.044,-10.964],[-37.046,-10.985],[-37.05,-11],[-37.124,-11.115],[-37.138,-11.126],[-37.148,-11.122],[-37.147,-11.112],[-37.143,-11.101],[-37.142,-11.092],[-37.147,-11.085],[-37.152,-11.084],[-37.158,-11.081],[-37.162,-11.071],[-37.17,-11.071],[-37.176,-11.086],[-37.185,-11.074],[-37.2,-11.043],[-37.207,-11.039],[-37.249,-11.022],[-37.258,-11.02],[-37.262,-11.015],[-37.268,-11.016],[-37.275,-11.023],[-37.278,-11.033],[-37.276,-11.042],[-37.271,-11.053],[-37.264,-11.064],[-37.258,-11.071],[-37.252,-11.073],[-37.245,-11.071],[-37.237,-11.07],[-37.227,-11.075],[-37.219,-11.081],[-37.211,-11.086],[-37.196,-11.092],[-37.196,-11.099],[-37.214,-11.092],[-37.221,-11.097],[-37.217,-11.106],[-37.204,-11.112],[-37.194,-11.111],[-37.19,-11.105],[-37.188,-11.1],[-37.183,-11.099],[-37.173,-11.103],[-37.166,-11.109],[-37.164,-11.116],[-37.17,-11.126],[-37.163,-11.136],[-37.164,-11.17],[-37.155,-11.187],[-37.155,-11.181],[-37.149,-11.187],[-37.172,-11.204],[-37.199,-11.215],[-37.222,-11.23],[-37.231,-11.253],[-37.235,-11.261],[-37.245,-11.267],[-37.257,-11.272],[-37.265,-11.277],[-37.27,-11.285],[-37.286,-11.317],[-37.316,-11.406],[-37.33,-11.421],[-37.375,-11.43],[-37.388,-11.427],[-37.39,-11.419],[-37.384,-11.409],[-37.384,-11.402],[-37.402,-11.4],[-37.374,-11.362],[-37.368,-11.351],[-37.362,-11.325],[-37.358,-11.316],[-37.347,-11.303],[-37.306,-11.27],[-37.295,-11.258],[-37.291,-11.254],[-37.272,-11.249],[-37.286,-11.237],[-37.288,-11.208],[-37.299,-11.195],[-37.303,-11.22],[-37.303,-11.231],[-37.299,-11.243],[-37.306,-11.243],[-37.324,-11.209],[-37.337,-11.191],[-37.344,-11.184],[-37.348,-11.204],[-37.32,-11.25],[-37.319,-11.27],[-37.326,-11.263],[-37.347,-11.249],[-37.346,-11.261],[-37.341,-11.268],[-37.336,-11.273],[-37.333,-11.28],[-37.336,-11.29],[-37.343,-11.293],[-37.352,-11.293],[-37.361,-11.297],[-37.371,-11.306],[-37.38,-11.317],[-37.396,-11.345],[-37.408,-11.396],[-37.415,-11.406],[-37.43,-11.405],[-37.436,-11.389],[-37.443,-11.351],[-37.446,-11.364],[-37.452,-11.371],[-37.46,-11.369],[-37.47,-11.359],[-37.46,-11.392],[-37.454,-11.404],[-37.443,-11.413],[-37.402,-11.429],[-37.396,-11.437],[-37.406,-11.47],[-37.431,-11.493],[-37.463,-11.507],[-37.492,-11.516],[-37.475,-11.52],[-37.454,-11.518],[-37.433,-11.511],[-37.415,-11.503],[-37.402,-11.491],[-37.39,-11.474],[-37.377,-11.46],[-37.361,-11.455],[-37.368,-11.474],[-37.435,-11.569],[-37.509,-11.724],[-37.513,-11.761],[-37.523,-11.776],[-37.546,-11.804],[-37.604,-11.95],[-37.632,-11.995],[-37.655,-12.05],[-37.718,-12.136],[-37.787,-12.265],[-37.871,-12.382],[-37.933,-12.475],[-37.999,-12.562],[-38.051,-12.641],[-38.063,-12.647],[-38.074,-12.654],[-38.145,-12.735],[-38.213,-12.82],[-38.291,-12.895],[-38.32,-12.935],[-38.34,-12.95],[-38.361,-12.962],[-38.372,-12.965],[-38.394,-12.968],[-38.406,-12.969],[-38.416,-12.973],[-38.437,-12.992],[-38.465,-13.002],[-38.486,-13.014],[-38.51,-13.021],[-38.533,-13.017],[-38.538,-13.004],[-38.518,-12.967],[-38.508,-12.932],[-38.498,-12.918],[-38.486,-12.916],[-38.477,-12.935],[-38.479,-12.916],[-38.487,-12.899],[-38.491,-12.882],[-38.476,-12.852],[-38.48,-12.842],[-38.488,-12.835],[-38.492,-12.829],[-38.492,-12.822],[-38.494,-12.818],[-38.502,-12.808],[-38.504,-12.804],[-38.502,-12.801],[-38.5,-12.797],[-38.499,-12.791],[-38.509,-12.723],[-38.527,-12.723],[-38.542,-12.722],[-38.557,-12.716],[-38.574,-12.702],[-38.606,-12.714],[-38.626,-12.702],[-38.638,-12.681],[-38.649,-12.638],[-38.656,-12.634],[-38.667,-12.634],[-38.683,-12.627],[-38.695,-12.614],[-38.695,-12.603],[-38.692,-12.59],[-38.691,-12.571],[-38.697,-12.571],[-38.716,-12.605],[-38.722,-12.622],[-38.724,-12.643],[-38.724,-12.671],[-38.726,-12.679],[-38.73,-12.682],[-38.735,-12.685],[-38.738,-12.688],[-38.751,-12.713],[-38.75,-12.725],[-38.738,-12.737],[-38.777,-12.808],[-38.79,-12.819],[-38.795,-12.821],[-38.807,-12.835],[-38.814,-12.839],[-38.824,-12.838],[-38.836,-12.828],[-38.845,-12.826],[-38.856,-12.817],[-38.864,-12.795],[-38.883,-12.722],[-38.881,-12.705],[-38.87,-12.692],[-38.848,-12.674],[-38.862,-12.654],[-38.868,-12.654],[-38.863,-12.67],[-38.87,-12.678],[-38.882,-12.684],[-38.896,-12.695],[-38.903,-12.709],[-38.906,-12.722],[-38.911,-12.731],[-38.924,-12.737],[-38.915,-12.748],[-38.904,-12.772],[-38.896,-12.784],[-38.888,-12.79],[-38.881,-12.792],[-38.875,-12.795],[-38.868,-12.805],[-38.869,-12.809],[-38.869,-12.821],[-38.867,-12.835],[-38.862,-12.846],[-38.854,-12.851],[-38.834,-12.861],[-38.828,-12.867],[-38.812,-12.854],[-38.804,-12.849],[-38.797,-12.849],[-38.793,-12.857],[-38.789,-12.867],[-38.784,-12.873],[-38.776,-12.87],[-38.765,-12.865],[-38.752,-12.864],[-38.738,-12.868],[-38.724,-12.873],[-38.734,-12.88],[-38.736,-12.883],[-38.742,-12.897],[-38.747,-12.905],[-38.751,-12.913],[-38.752,-12.925],[-38.751,-12.946],[-38.752,-12.957],[-38.756,-12.965],[-38.767,-12.979],[-38.787,-13.008],[-38.801,-13.024],[-38.816,-13.037],[-38.835,-13.05],[-38.857,-13.061],[-38.879,-13.065],[-38.889,-13.07],[-38.895,-13.081],[-38.897,-13.095],[-38.896,-13.107],[-38.893,-13.113],[-38.89,-13.118],[-38.884,-13.122],[-38.875,-13.126],[-38.807,-13.144],[-38.811,-13.153],[-38.82,-13.157],[-38.831,-13.158],[-38.842,-13.161],[-38.852,-13.169],[-38.875,-13.195],[-38.932,-13.233],[-38.948,-13.247],[-38.958,-13.265],[-38.963,-13.306],[-38.971,-13.326],[-38.957,-13.357],[-38.955,-13.372],[-38.965,-13.38],[-38.99,-13.364],[-38.999,-13.36],[-39.01,-13.36],[-39.04,-13.367],[-39.038,-13.358],[-39.037,-13.35],[-39.038,-13.342],[-39.04,-13.332],[-39.062,-13.4],[-39.068,-13.441],[-39.06,-13.47],[-39.071,-13.48],[-39.08,-13.495],[-39.086,-13.514],[-39.088,-13.534],[-39.084,-13.579],[-39.091,-13.594],[-39.116,-13.599],[-39.116,-13.606],[-39.087,-13.604],[-39.077,-13.59],[-39.081,-13.541],[-39.075,-13.517],[-39.06,-13.495],[-39.038,-13.485],[-39.012,-13.497],[-39.007,-13.505],[-39.003,-13.523],[-38.995,-13.534],[-38.993,-13.541],[-38.997,-13.547],[-39.003,-13.553],[-39.006,-13.562],[-39.002,-13.588],[-38.993,-13.608],[-38.981,-13.626],[-38.971,-13.648],[-38.968,-13.674],[-38.976,-13.693],[-38.987,-13.71],[-38.992,-13.733],[-38.994,-13.795],[-38.992,-13.812],[-38.982,-13.828],[-38.98,-13.836],[-38.989,-13.84],[-39.002,-13.838],[-39.011,-13.832],[-39.03,-13.815],[-39.037,-13.805],[-39.041,-13.794],[-39.043,-13.782],[-39.047,-13.771],[-39.054,-13.761],[-39.06,-13.755],[-39.067,-13.75],[-39.075,-13.743],[-39.08,-13.741],[-39.084,-13.742],[-39.087,-13.741],[-39.092,-13.713],[-39.1,-13.709],[-39.111,-13.708],[-39.133,-13.709],[-39.141,-13.719],[-39.149,-13.737],[-39.144,-13.744],[-39.116,-13.724],[-39.11,-13.732],[-39.108,-13.74],[-39.11,-13.749],[-39.116,-13.758],[-39.072,-13.78],[-39.06,-13.792],[-39.043,-13.826],[-39.032,-13.841],[-38.998,-13.852],[-38.994,-13.863],[-39,-13.875],[-39.009,-13.881],[-39.035,-13.88],[-39.049,-13.876],[-39.067,-13.867],[-39.075,-13.894],[-39.071,-13.903],[-39.064,-13.936],[-39.057,-13.938],[-39.041,-13.947],[-39.022,-13.956],[-39.007,-13.97],[-38.997,-13.986],[-38.992,-13.997],[-38.993,-14.009],[-38.996,-14.019],[-38.996,-14.029],[-38.983,-14.051],[-38.98,-14.061],[-38.981,-14.07],[-38.989,-14.073],[-39.028,-14.078],[-39.04,-14.075],[-39.054,-14.059],[-39.071,-14.076],[-39.073,-14.086],[-39.06,-14.1],[-39.067,-14.106],[-39.073,-14.115],[-39.076,-14.127],[-39.075,-14.141],[-39.067,-14.15],[-39.056,-14.155],[-39.046,-14.161],[-39.04,-14.175],[-39.034,-14.175],[-39.057,-14.134],[-39.063,-14.11],[-39.043,-14.1],[-39.024,-14.097],[-39.003,-14.09],[-38.957,-14.066],[-38.959,-14.057],[-38.958,-14.046],[-38.96,-14.036],[-38.968,-14.032],[-38.972,-14.027],[-38.971,-14.015],[-38.965,-13.997],[-38.965,-13.992],[-38.969,-13.989],[-38.971,-13.986],[-38.968,-13.981],[-38.963,-13.978],[-38.953,-13.977],[-38.951,-13.974],[-38.953,-13.963],[-38.958,-13.956],[-38.967,-13.952],[-38.978,-13.949],[-38.976,-13.946],[-38.971,-13.936],[-38.988,-13.94],[-38.99,-13.931],[-38.984,-13.916],[-38.975,-13.904],[-38.964,-13.897],[-38.949,-13.89],[-38.936,-13.889],[-38.93,-13.898],[-38.929,-13.983],[-38.924,-14.004],[-38.947,-14.102],[-38.959,-14.122],[-38.965,-14.134],[-38.967,-14.146],[-38.968,-14.17],[-38.971,-14.182],[-38.989,-14.212],[-38.992,-14.227],[-38.992,-14.268],[-38.984,-14.299],[-38.985,-14.313],[-38.992,-14.325],[-39.001,-14.336],[-39.005,-14.347],[-38.999,-14.36],[-39.007,-14.37],[-39.008,-14.383],[-39.006,-14.398],[-39.006,-14.415],[-39.026,-14.463],[-39.034,-14.539],[-39.051,-14.592],[-39.056,-14.622],[-39.066,-14.655],[-39.067,-14.675],[-39.054,-14.754],[-39.051,-14.766],[-39.037,-14.779],[-39.034,-14.792],[-39.046,-14.796],[-39.053,-14.801],[-39.054,-14.812],[-39.048,-14.819],[-39.039,-14.818],[-39.03,-14.815],[-39.023,-14.816],[-39.026,-14.857],[-39.023,-14.9],[-39.009,-14.971],[-39.002,-15.232],[-38.98,-15.324],[-38.973,-15.409],[-38.943,-15.565],[-38.924,-15.716],[-38.905,-15.758],[-38.892,-15.775],[-38.889,-15.783],[-38.883,-15.813],[-38.878,-15.822],[-38.864,-15.843],[-38.862,-15.854],[-38.867,-15.87],[-38.89,-15.904],[-38.896,-15.919],[-38.899,-15.94],[-38.924,-16.005],[-38.924,-16.024],[-38.93,-16.038],[-38.944,-16.067],[-38.948,-16.081],[-38.953,-16.167],[-38.957,-16.183],[-38.998,-16.253],[-39.005,-16.275],[-39.008,-16.299],[-39.006,-16.327],[-39.007,-16.359],[-39.018,-16.383],[-39.054,-16.436],[-39.05,-16.447],[-39.051,-16.457],[-39.06,-16.478],[-39.092,-16.658],[-39.136,-16.8],[-39.136,-16.845],[-39.134,-16.856],[-39.122,-16.879],[-39.122,-16.892],[-39.124,-16.898],[-39.15,-16.95],[-39.169,-17.076],[-39.184,-17.115],[-39.202,-17.144],[-39.209,-17.162],[-39.217,-17.295],[-39.209,-17.382],[-39.19,-17.43],[-39.186,-17.452],[-39.188,-17.578],[-39.184,-17.601],[-39.167,-17.634],[-39.147,-17.657],[-39.137,-17.68],[-39.15,-17.711],[-39.259,-17.821],[-39.268,-17.837],[-39.271,-17.846],[-39.273,-17.859],[-39.275,-17.867],[-39.281,-17.871],[-39.289,-17.874],[-39.314,-17.89],[-39.382,-17.903],[-39.418,-17.921],[-39.45,-17.948],[-39.499,-18.006],[-39.625,-18.193],[-39.659,-18.274],[-39.673,-18.323],[-39.725,-18.519],[-39.745,-18.682],[-39.741,-18.902],[-39.719,-19.091],[-39.698,-19.24],[-39.701,-19.376],[-39.71,-19.416],[-39.786,-19.602],[-39.807,-19.636],[-39.835,-19.657],[-39.951,-19.705],[-40.009,-19.747],[-40.027,-19.764],[-40.084,-19.895],[-40.088,-19.914],[-40.097,-19.931],[-40.142,-19.946],[-40.157,-19.959],[-40.134,-19.959],[-40.132,-19.972],[-40.146,-20.023],[-40.154,-20.028],[-40.163,-20.03],[-40.17,-20.034],[-40.179,-20.043],[-40.177,-20.059],[-40.175,-20.067],[-40.166,-20.087],[-40.164,-20.096],[-40.166,-20.106],[-40.175,-20.125],[-40.191,-20.19],[-40.195,-20.198],[-40.203,-20.208],[-40.223,-20.252],[-40.233,-20.267],[-40.242,-20.276],[-40.244,-20.278],[-40.247,-20.274],[-40.256,-20.264],[-40.266,-20.261],[-40.274,-20.268],[-40.28,-20.277],[-40.287,-20.281],[-40.298,-20.274],[-40.293,-20.245],[-40.3,-20.233],[-40.316,-20.228],[-40.336,-20.228],[-40.369,-20.233],[-40.356,-20.243],[-40.351,-20.257],[-40.357,-20.266],[-40.376,-20.267],[-40.376,-20.274],[-40.372,-20.276],[-40.369,-20.277],[-40.362,-20.281],[-40.37,-20.301],[-40.366,-20.323],[-40.348,-20.326],[-40.324,-20.325],[-40.325,-20.338],[-40.315,-20.334],[-40.301,-20.319],[-40.282,-20.314],[-40.26,-20.321],[-40.275,-20.334],[-40.291,-20.351],[-40.302,-20.371],[-40.313,-20.417],[-40.337,-20.456],[-40.349,-20.5],[-40.397,-20.569],[-40.418,-20.615],[-40.433,-20.629],[-40.451,-20.617],[-40.475,-20.638],[-40.484,-20.648],[-40.524,-20.716],[-40.534,-20.727],[-40.556,-20.744],[-40.565,-20.753],[-40.583,-20.802],[-40.609,-20.807],[-40.62,-20.834],[-40.628,-20.839],[-40.634,-20.83],[-40.637,-20.819],[-40.642,-20.808],[-40.652,-20.808],[-40.662,-20.813],[-40.667,-20.816],[-40.701,-20.836],[-40.732,-20.844],[-40.746,-20.853],[-40.758,-20.864],[-40.761,-20.882],[-40.773,-20.889],[-40.779,-20.903],[-40.789,-20.916],[-40.801,-20.931],[-40.808,-20.963],[-40.807,-20.998],[-40.811,-21.019],[-40.815,-21.037],[-40.831,-21.049],[-40.84,-21.068],[-40.842,-21.079],[-40.847,-21.094],[-40.922,-21.19],[-40.952,-21.238],[-40.965,-21.274],[-40.965,-21.275],[-40.96,-21.287],[-40.959,-21.303],[-40.961,-21.32],[-40.965,-21.336],[-40.964,-21.365],[-40.983,-21.391],[-41.018,-21.442],[-41.05,-21.469],[-41.057,-21.484],[-41.072,-21.523],[-41.059,-21.561],[-41.019,-21.608],[-41.014,-21.652],[-41.025,-21.719],[-41.007,-21.823],[-40.967,-21.948],[-40.973,-21.987],[-40.995,-22.014],[-41.141,-22.097],[-41.244,-22.145],[-41.346,-22.172],[-41.466,-22.203],[-41.555,-22.232],[-41.666,-22.282],[-41.741,-22.329],[-41.771,-22.354],[-41.776,-22.363],[-41.779,-22.38],[-41.784,-22.389],[-41.803,-22.402],[-41.835,-22.42],[-41.85,-22.433],[-41.868,-22.469],[-41.874,-22.474],[-41.883,-22.476],[-41.893,-22.48],[-41.901,-22.486],[-41.904,-22.491],[-41.912,-22.508],[-41.93,-22.52],[-41.966,-22.535],[-41.986,-22.565],[-41.996,-22.609],[-41.998,-22.658],[-41.993,-22.7],[-41.983,-22.716],[-41.947,-22.754],[-41.939,-22.765],[-41.935,-22.769],[-41.925,-22.762],[-41.911,-22.747],[-41.902,-22.744],[-41.88,-22.739],[-41.87,-22.734],[-41.87,-22.752],[-41.877,-22.762],[-41.885,-22.771],[-41.891,-22.782],[-41.91,-22.777],[-41.922,-22.783],[-41.945,-22.81],[-41.975,-22.822],[-41.983,-22.823],[-41.99,-22.826],[-41.991,-22.834],[-41.991,-22.843],[-41.995,-22.86],[-41.995,-22.868],[-41.997,-22.875],[-42.004,-22.878],[-42.014,-22.879],[-42.02,-22.881],[-42.024,-22.886],[-42.028,-22.892],[-42.033,-22.913],[-42.03,-22.934],[-42.023,-22.945],[-42.014,-22.933],[-42.007,-22.933],[-42.003,-22.948],[-42.004,-22.959],[-42.014,-22.982],[-42.027,-22.976],[-42.046,-22.958],[-42.058,-22.954],[-42.174,-22.951],[-42.376,-22.937],[-42.532,-22.934],[-42.624,-22.94],[-42.656,-22.946],[-42.669,-22.947],[-42.675,-22.95],[-42.687,-22.964],[-42.696,-22.967],[-42.769,-22.969],[-42.863,-22.977],[-42.932,-22.972],[-43.031,-22.974],[-43.057,-22.953],[-43.074,-22.945],[-43.09,-22.954],[-43.102,-22.943],[-43.121,-22.93],[-43.131,-22.92],[-43.116,-22.921],[-43.111,-22.923],[-43.103,-22.926],[-43.092,-22.917],[-43.091,-22.908],[-43.099,-22.902],[-43.114,-22.899],[-43.129,-22.894],[-43.127,-22.882],[-43.11,-22.861],[-43.102,-22.837],[-43.081,-22.814],[-43.035,-22.776],[-43.053,-22.778],[-43.061,-22.774],[-43.061,-22.766],[-43.056,-22.755],[-43.035,-22.746],[-43.028,-22.741],[-43.025,-22.736],[-43.021,-22.714],[-43.021,-22.704],[-43.025,-22.679],[-43.028,-22.673],[-43.041,-22.669],[-43.066,-22.672],[-43.076,-22.666],[-43.084,-22.672],[-43.095,-22.687],[-43.103,-22.694],[-43.115,-22.698],[-43.122,-22.697],[-43.13,-22.695],[-43.141,-22.694],[-43.152,-22.696],[-43.176,-22.708],[-43.217,-22.734],[-43.236,-22.734],[-43.256,-22.737],[-43.27,-22.747],[-43.275,-22.768],[-43.271,-22.789],[-43.241,-22.844],[-43.234,-22.844],[-43.231,-22.839],[-43.227,-22.835],[-43.223,-22.833],[-43.22,-22.83],[-43.219,-22.84],[-43.215,-22.847],[-43.209,-22.853],[-43.2,-22.857],[-43.204,-22.858],[-43.207,-22.859],[-43.209,-22.862],[-43.213,-22.864],[-43.173,-22.887],[-43.162,-22.896],[-43.161,-22.909],[-43.163,-22.927],[-43.162,-22.94],[-43.151,-22.933],[-43.152,-22.951],[-43.171,-22.97],[-43.197,-22.986],[-43.22,-22.995],[-43.448,-23.018],[-43.496,-23.031],[-43.542,-23.049],[-43.548,-23.055],[-43.554,-23.062],[-43.56,-23.067],[-43.567,-23.066],[-43.577,-23.051],[-43.58,-23.049],[-43.621,-23.043],[-43.872,-23.07],[-43.914,-23.07],[-43.935,-23.073],[-43.95,-23.08],[-43.969,-23.093],[-43.989,-23.097],[-44.004,-23.091],[-44.008,-23.07],[-44.001,-23.049],[-43.987,-23.042],[-43.95,-23.043],[-43.94,-23.046],[-43.916,-23.056],[-43.905,-23.056],[-43.9,-23.05],[-43.892,-23.021],[-43.869,-23.04],[-43.832,-23.048],[-43.751,-23.049],[-43.669,-23.037],[-43.625,-23.024],[-43.604,-23.008],[-43.624,-23.006],[-43.646,-22.999],[-43.664,-22.988],[-43.672,-22.978],[-43.677,-22.98],[-43.687,-22.979],[-43.699,-22.977],[-43.707,-22.974],[-43.716,-22.966],[-43.729,-22.946],[-43.734,-22.94],[-43.749,-22.934],[-43.794,-22.928],[-43.803,-22.93],[-43.809,-22.91],[-43.824,-22.908],[-43.844,-22.911],[-43.864,-22.906],[-43.85,-22.899],[-43.85,-22.892],[-43.864,-22.896],[-43.893,-22.909],[-43.902,-22.912],[-43.954,-22.92],[-43.966,-22.923],[-43.996,-22.937],[-44.005,-22.94],[-44.012,-22.946],[-44.02,-22.959],[-44.031,-22.971],[-44.049,-22.974],[-44.043,-22.959],[-44.039,-22.944],[-44.042,-22.936],[-44.056,-22.94],[-44.062,-22.948],[-44.08,-22.987],[-44.089,-22.994],[-44.115,-23.022],[-44.128,-23.029],[-44.152,-23.029],[-44.157,-23.032],[-44.173,-23.043],[-44.18,-23.045],[-44.186,-23.049],[-44.191,-23.049],[-44.193,-23.039],[-44.197,-23.034],[-44.206,-23.038],[-44.22,-23.049],[-44.237,-23.047],[-44.243,-23.043],[-44.24,-23.009],[-44.242,-23],[-44.25,-22.996],[-44.272,-22.995],[-44.29,-23.011],[-44.299,-23.013],[-44.303,-22.995],[-44.317,-23.003],[-44.324,-23.008],[-44.33,-23.015],[-44.353,-22.999],[-44.354,-22.986],[-44.342,-22.977],[-44.32,-22.974],[-44.312,-22.97],[-44.312,-22.961],[-44.317,-22.947],[-44.321,-22.944],[-44.328,-22.94],[-44.329,-22.935],[-44.317,-22.926],[-44.326,-22.922],[-44.336,-22.919],[-44.347,-22.919],[-44.358,-22.92],[-44.352,-22.935],[-44.356,-22.944],[-44.364,-22.951],[-44.371,-22.961],[-44.375,-22.955],[-44.382,-22.946],[-44.385,-22.94],[-44.392,-22.942],[-44.395,-22.943],[-44.399,-22.947],[-44.411,-22.937],[-44.423,-22.948],[-44.44,-22.982],[-44.436,-22.997],[-44.457,-23.009],[-44.487,-23.018],[-44.534,-23.025],[-44.604,-23.056],[-44.603,-23.05],[-44.601,-23.041],[-44.598,-23.036],[-44.63,-23.035],[-44.655,-23.043],[-44.673,-23.059],[-44.701,-23.108],[-44.698,-23.115],[-44.695,-23.121],[-44.693,-23.127],[-44.702,-23.145],[-44.712,-23.175],[-44.714,-23.187],[-44.708,-23.215],[-44.689,-23.211],[-44.666,-23.195],[-44.645,-23.187],[-44.627,-23.195],[-44.673,-23.23],[-44.68,-23.249],[-44.67,-23.239],[-44.656,-23.23],[-44.64,-23.228],[-44.625,-23.235],[-44.64,-23.25],[-44.649,-23.262],[-44.653,-23.272],[-44.651,-23.285],[-44.647,-23.283],[-44.628,-23.258],[-44.614,-23.244],[-44.601,-23.234],[-44.583,-23.229],[-44.557,-23.227],[-44.564,-23.24],[-44.568,-23.244],[-44.576,-23.249],[-44.558,-23.263],[-44.533,-23.267],[-44.511,-23.273],[-44.501,-23.296],[-44.524,-23.291],[-44.541,-23.303],[-44.563,-23.337],[-44.584,-23.353],[-44.601,-23.35],[-44.616,-23.342],[-44.632,-23.345],[-44.647,-23.339],[-44.674,-23.338],[-44.704,-23.342],[-44.727,-23.351],[-44.728,-23.352],[-44.733,-23.366],[-44.748,-23.371],[-44.766,-23.373],[-44.782,-23.379],[-44.8,-23.371],[-44.813,-23.377],[-44.827,-23.385],[-44.844,-23.385],[-44.85,-23.379],[-44.854,-23.37],[-44.859,-23.362],[-44.868,-23.358],[-44.877,-23.358],[-44.884,-23.359],[-44.899,-23.365],[-44.892,-23.341],[-44.919,-23.349],[-44.953,-23.368],[-44.964,-23.379],[-44.969,-23.381],[-44.976,-23.394],[-44.981,-23.399],[-44.988,-23.402],[-45.002,-23.404],[-45.008,-23.406],[-45.028,-23.416],[-45.036,-23.416],[-45.043,-23.406],[-45.051,-23.428],[-45.04,-23.439],[-45.022,-23.446],[-45.008,-23.461],[-45.035,-23.462],[-45.05,-23.473],[-45.07,-23.515],[-45.08,-23.498],[-45.092,-23.492],[-45.098,-23.498],[-45.09,-23.515],[-45.102,-23.513],[-45.113,-23.508],[-45.125,-23.501],[-45.135,-23.492],[-45.148,-23.487],[-45.152,-23.499],[-45.151,-23.516],[-45.145,-23.529],[-45.164,-23.533],[-45.183,-23.526],[-45.2,-23.524],[-45.214,-23.543],[-45.203,-23.561],[-45.201,-23.572],[-45.211,-23.577],[-45.223,-23.579],[-45.252,-23.591],[-45.264,-23.587],[-45.279,-23.574],[-45.29,-23.57],[-45.302,-23.574],[-45.312,-23.584],[-45.321,-23.594],[-45.327,-23.598],[-45.348,-23.604],[-45.368,-23.617],[-45.388,-23.624],[-45.413,-23.618],[-45.417,-23.629],[-45.428,-23.642],[-45.433,-23.653],[-45.434,-23.665],[-45.428,-23.686],[-45.427,-23.697],[-45.423,-23.711],[-45.415,-23.715],[-45.406,-23.716],[-45.399,-23.721],[-45.398,-23.734],[-45.406,-23.756],[-45.403,-23.765],[-45.393,-23.783],[-45.395,-23.803],[-45.407,-23.82],[-45.427,-23.831],[-45.439,-23.832],[-45.448,-23.829],[-45.456,-23.826],[-45.465,-23.824],[-45.479,-23.826],[-45.499,-23.836],[-45.509,-23.838],[-45.529,-23.83],[-45.552,-23.802],[-45.574,-23.797],[-45.608,-23.803],[-45.618,-23.803],[-45.623,-23.8],[-45.627,-23.793],[-45.632,-23.79],[-45.651,-23.789],[-45.653,-23.79],[-45.718,-23.771],[-45.783,-23.769],[-45.794,-23.766],[-45.816,-23.757],[-45.824,-23.755],[-45.864,-23.756],[-45.956,-23.777],[-45.989,-23.79],[-46.008,-23.801],[-46.018,-23.81],[-46.027,-23.829],[-46.037,-23.829],[-46.061,-23.824],[-46.08,-23.828],[-46.099,-23.837],[-46.136,-23.852],[-46.138,-23.85],[-46.139,-23.844],[-46.146,-23.844],[-46.16,-23.871],[-46.18,-23.89],[-46.205,-23.904],[-46.235,-23.913],[-46.235,-23.92],[-46.214,-23.919],[-46.197,-23.916],[-46.183,-23.907],[-46.145,-23.871],[-46.132,-23.865],[-46.112,-23.865],[-46.15,-23.906],[-46.16,-23.92],[-46.164,-23.935],[-46.168,-23.955],[-46.17,-23.972],[-46.166,-23.982],[-46.175,-23.991],[-46.187,-23.995],[-46.197,-23.994],[-46.201,-23.985],[-46.208,-23.98],[-46.221,-23.982],[-46.234,-23.986],[-46.253,-23.996],[-46.268,-24.011],[-46.288,-24.021],[-46.317,-24.016],[-46.31,-24.002],[-46.285,-23.993],[-46.276,-23.982],[-46.277,-23.968],[-46.285,-23.956],[-46.293,-23.946],[-46.297,-23.937],[-46.299,-23.925],[-46.307,-23.915],[-46.319,-23.909],[-46.346,-23.905],[-46.358,-23.901],[-46.364,-23.894],[-46.358,-23.886],[-46.358,-23.879],[-46.385,-23.873],[-46.389,-23.886],[-46.387,-23.904],[-46.397,-23.913],[-46.409,-23.916],[-46.41,-23.923],[-46.408,-23.931],[-46.41,-23.934],[-46.433,-23.932],[-46.454,-23.926],[-46.45,-23.938],[-46.44,-23.945],[-46.431,-23.948],[-46.427,-23.951],[-46.426,-23.957],[-46.417,-23.976],[-46.413,-23.982],[-46.402,-23.984],[-46.388,-23.984],[-46.377,-23.985],[-46.372,-23.992],[-46.372,-24.016],[-46.376,-24.025],[-46.386,-24.03],[-46.388,-24.022],[-46.392,-24.016],[-46.398,-24.012],[-46.407,-24.009],[-46.469,-24.04],[-46.593,-24.09],[-46.743,-24.177],[-46.855,-24.228],[-46.937,-24.273],[-46.966,-24.299],[-46.989,-24.331],[-47,-24.367],[-47.006,-24.372],[-47.01,-24.377],[-47,-24.401],[-47,-24.41],[-47.015,-24.423],[-47.035,-24.431],[-47.05,-24.428],[-47.051,-24.406],[-47.072,-24.448],[-47.081,-24.454],[-47.097,-24.459],[-47.123,-24.483],[-47.136,-24.489],[-47.181,-24.533],[-47.442,-24.68],[-47.455,-24.677],[-47.469,-24.681],[-47.497,-24.694],[-47.518,-24.688],[-47.531,-24.688],[-47.541,-24.703],[-47.56,-24.713],[-47.585,-24.732],[-47.634,-24.756],[-47.826,-24.894],[-47.842,-24.91],[-47.867,-24.941],[-47.873,-24.945],[-47.88,-24.949],[-47.886,-24.953],[-47.893,-24.961],[-47.934,-25.033],[-47.961,-25.05],[-48.01,-25.044],[-48.002,-25.028],[-47.988,-25.026],[-47.973,-25.028],[-47.962,-25.023],[-47.961,-25.013],[-47.973,-25.009],[-48.017,-25.011],[-48.024,-25.015],[-48.024,-25.022],[-48.024,-25.034],[-48.027,-25.045],[-48.035,-25.049],[-48.044,-25.046],[-48.052,-25.037],[-48.052,-25.053],[-48.032,-25.063],[-48.006,-25.069],[-47.986,-25.071],[-47.963,-25.078],[-47.95,-25.08],[-47.938,-25.075],[-47.928,-25.066],[-47.915,-25.06],[-47.902,-25.057],[-47.887,-25.057],[-47.922,-25.159],[-47.952,-25.201],[-48.003,-25.214],[-48.02,-25.226],[-48.068,-25.28],[-48.076,-25.293],[-48.082,-25.307],[-48.083,-25.31],[-48.092,-25.325],[-48.168,-25.369],[-48.173,-25.381],[-48.197,-25.417],[-48.209,-25.458],[-48.225,-25.46],[-48.242,-25.448],[-48.25,-25.428],[-48.247,-25.411],[-48.223,-25.352],[-48.222,-25.343],[-48.222,-25.339],[-48.219,-25.335],[-48.209,-25.324],[-48.202,-25.318],[-48.181,-25.307],[-48.137,-25.29],[-48.127,-25.28],[-48.14,-25.27],[-48.153,-25.282],[-48.174,-25.291],[-48.199,-25.295],[-48.219,-25.297],[-48.23,-25.3],[-48.243,-25.315],[-48.25,-25.318],[-48.259,-25.314],[-48.274,-25.297],[-48.284,-25.29],[-48.283,-25.306],[-48.284,-25.316],[-48.286,-25.323],[-48.297,-25.341],[-48.307,-25.351],[-48.319,-25.358],[-48.333,-25.358],[-48.319,-25.324],[-48.325,-25.324],[-48.334,-25.33],[-48.336,-25.319],[-48.331,-25.27],[-48.326,-25.244],[-48.325,-25.229],[-48.338,-25.237],[-48.351,-25.251],[-48.361,-25.264],[-48.363,-25.27],[-48.373,-25.272],[-48.373,-25.276],[-48.366,-25.284],[-48.364,-25.283],[-48.359,-25.286],[-48.355,-25.289],[-48.353,-25.293],[-48.354,-25.297],[-48.359,-25.297],[-48.36,-25.3],[-48.367,-25.305],[-48.384,-25.298],[-48.407,-25.284],[-48.414,-25.274],[-48.424,-25.252],[-48.435,-25.242],[-48.435,-25.263],[-48.442,-25.263],[-48.445,-25.257],[-48.448,-25.254],[-48.451,-25.252],[-48.456,-25.248],[-48.452,-25.265],[-48.428,-25.324],[-48.447,-25.324],[-48.479,-25.332],[-48.497,-25.332],[-48.497,-25.338],[-48.463,-25.343],[-48.446,-25.347],[-48.435,-25.358],[-48.452,-25.368],[-48.457,-25.38],[-48.451,-25.386],[-48.435,-25.379],[-48.43,-25.389],[-48.417,-25.404],[-48.414,-25.41],[-48.418,-25.428],[-48.427,-25.432],[-48.438,-25.431],[-48.448,-25.434],[-48.454,-25.446],[-48.456,-25.46],[-48.46,-25.471],[-48.473,-25.476],[-48.488,-25.474],[-48.498,-25.469],[-48.517,-25.447],[-48.527,-25.453],[-48.537,-25.455],[-48.548,-25.452],[-48.558,-25.447],[-48.563,-25.46],[-48.575,-25.462],[-48.624,-25.45],[-48.635,-25.445],[-48.684,-25.413],[-48.691,-25.406],[-48.731,-25.36],[-48.743,-25.352],[-48.74,-25.367],[-48.723,-25.407],[-48.719,-25.423],[-48.716,-25.428],[-48.71,-25.433],[-48.699,-25.438],[-48.695,-25.441],[-48.684,-25.463],[-48.689,-25.473],[-48.706,-25.474],[-48.729,-25.468],[-48.711,-25.496],[-48.683,-25.499],[-48.651,-25.493],[-48.62,-25.496],[-48.622,-25.503],[-48.624,-25.506],[-48.627,-25.51],[-48.636,-25.503],[-48.643,-25.502],[-48.649,-25.507],[-48.654,-25.517],[-48.642,-25.522],[-48.628,-25.525],[-48.615,-25.53],[-48.606,-25.544],[-48.595,-25.528],[-48.578,-25.526],[-48.559,-25.527],[-48.524,-25.515],[-48.505,-25.523],[-48.486,-25.536],[-48.469,-25.544],[-48.479,-25.555],[-48.483,-25.558],[-48.476,-25.551],[-48.49,-25.564],[-48.497,-25.569],[-48.503,-25.572],[-48.482,-25.58],[-48.471,-25.573],[-48.464,-25.56],[-48.456,-25.551],[-48.44,-25.55],[-48.424,-25.554],[-48.406,-25.555],[-48.387,-25.544],[-48.361,-25.571],[-48.389,-25.595],[-48.433,-25.622],[-48.518,-25.77],[-48.517,-25.797],[-48.535,-25.839],[-48.541,-25.845],[-48.559,-25.841],[-48.572,-25.822],[-48.586,-25.818],[-48.581,-25.802],[-48.579,-25.797],[-48.592,-25.799],[-48.604,-25.802],[-48.613,-25.808],[-48.62,-25.818],[-48.608,-25.819],[-48.599,-25.823],[-48.592,-25.829],[-48.586,-25.838],[-48.58,-25.851],[-48.583,-25.855],[-48.651,-25.844],[-48.743,-25.852],[-48.753,-25.855],[-48.763,-25.86],[-48.769,-25.867],[-48.77,-25.88],[-48.766,-25.887],[-48.759,-25.884],[-48.75,-25.877],[-48.743,-25.873],[-48.579,-25.873],[-48.571,-25.869],[-48.567,-25.864],[-48.563,-25.866],[-48.558,-25.88],[-48.557,-25.891],[-48.559,-25.902],[-48.579,-25.962],[-48.586,-25.996],[-48.605,-26.023],[-48.613,-26.041],[-48.61,-26.054],[-48.6,-26.071],[-48.583,-26.157],[-48.583,-26.173],[-48.593,-26.184],[-48.617,-26.188],[-48.635,-26.195],[-48.646,-26.209],[-48.655,-26.225],[-48.668,-26.236],[-48.687,-26.238],[-48.712,-26.234],[-48.734,-26.225],[-48.743,-26.212],[-48.745,-26.189],[-48.751,-26.174],[-48.764,-26.147],[-48.769,-26.13],[-48.77,-26.109],[-48.773,-26.101],[-48.782,-26.091],[-48.789,-26.063],[-48.796,-26.068],[-48.798,-26.088],[-48.784,-26.113],[-48.791,-26.125],[-48.791,-26.135],[-48.788,-26.145],[-48.784,-26.154],[-48.78,-26.157],[-48.773,-26.16],[-48.767,-26.164],[-48.764,-26.171],[-48.764,-26.182],[-48.763,-26.187],[-48.761,-26.192],[-48.756,-26.204],[-48.764,-26.228],[-48.761,-26.24],[-48.756,-26.249],[-48.76,-26.257],[-48.768,-26.262],[-48.778,-26.263],[-48.757,-26.291],[-48.77,-26.29],[-48.782,-26.291],[-48.792,-26.296],[-48.798,-26.305],[-48.757,-26.311],[-48.738,-26.319],[-48.729,-26.335],[-48.722,-26.345],[-48.66,-26.371],[-48.651,-26.377],[-48.644,-26.385],[-48.641,-26.397],[-48.64,-26.409],[-48.636,-26.419],[-48.629,-26.425],[-48.617,-26.428],[-48.608,-26.437],[-48.614,-26.457],[-48.664,-26.556],[-48.675,-26.595],[-48.683,-26.662],[-48.682,-26.719],[-48.679,-26.731],[-48.671,-26.739],[-48.627,-26.771],[-48.615,-26.77],[-48.592,-26.764],[-48.582,-26.768],[-48.578,-26.777],[-48.579,-26.787],[-48.584,-26.795],[-48.598,-26.804],[-48.609,-26.819],[-48.62,-26.837],[-48.627,-26.852],[-48.629,-26.865],[-48.627,-26.897],[-48.625,-26.903],[-48.615,-26.912],[-48.613,-26.918],[-48.614,-26.924],[-48.619,-26.933],[-48.62,-26.938],[-48.621,-26.974],[-48.62,-26.983],[-48.611,-26.994],[-48.602,-26.998],[-48.595,-26.997],[-48.592,-26.996],[-48.575,-27.016],[-48.577,-27.033],[-48.587,-27.05],[-48.596,-27.086],[-48.604,-27.094],[-48.607,-27.104],[-48.588,-27.151],[-48.579,-27.158],[-48.565,-27.161],[-48.551,-27.158],[-48.545,-27.15],[-48.541,-27.14],[-48.534,-27.13],[-48.516,-27.121],[-48.507,-27.133],[-48.497,-27.149],[-48.476,-27.154],[-48.484,-27.166],[-48.489,-27.171],[-48.497,-27.175],[-48.487,-27.198],[-48.486,-27.211],[-48.493,-27.216],[-48.505,-27.219],[-48.516,-27.222],[-48.525,-27.221],[-48.531,-27.209],[-48.516,-27.206],[-48.513,-27.198],[-48.518,-27.189],[-48.531,-27.182],[-48.542,-27.182],[-48.56,-27.193],[-48.569,-27.195],[-48.573,-27.2],[-48.606,-27.223],[-48.614,-27.232],[-48.618,-27.238],[-48.62,-27.247],[-48.62,-27.261],[-48.613,-27.299],[-48.61,-27.305],[-48.607,-27.306],[-48.572,-27.312],[-48.561,-27.325],[-48.555,-27.342],[-48.552,-27.387],[-48.563,-27.373],[-48.566,-27.367],[-48.571,-27.377],[-48.576,-27.385],[-48.578,-27.394],[-48.579,-27.405],[-48.582,-27.417],[-48.59,-27.422],[-48.602,-27.424],[-48.613,-27.428],[-48.626,-27.437],[-48.637,-27.447],[-48.645,-27.461],[-48.647,-27.48],[-48.61,-27.559],[-48.59,-27.564],[-48.579,-27.576],[-48.578,-27.594],[-48.586,-27.613],[-48.595,-27.601],[-48.614,-27.612],[-48.635,-27.633],[-48.647,-27.647],[-48.638,-27.661],[-48.632,-27.68],[-48.628,-27.7],[-48.627,-27.72],[-48.624,-27.725],[-48.61,-27.741],[-48.606,-27.75],[-48.612,-27.753],[-48.622,-27.76],[-48.629,-27.768],[-48.624,-27.771],[-48.618,-27.778],[-48.582,-27.813],[-48.572,-27.825],[-48.574,-27.833],[-48.581,-27.837],[-48.589,-27.839],[-48.592,-27.843],[-48.588,-27.854],[-48.579,-27.857],[-48.57,-27.858],[-48.566,-27.86],[-48.57,-27.878],[-48.599,-27.917],[-48.606,-27.932],[-48.617,-27.991],[-48.613,-28.011],[-48.61,-28.017],[-48.605,-28.022],[-48.601,-28.028],[-48.599,-28.042],[-48.602,-28.051],[-48.61,-28.058],[-48.617,-28.063],[-48.62,-28.069],[-48.622,-28.077],[-48.633,-28.107],[-48.641,-28.148],[-48.654,-28.19],[-48.655,-28.213],[-48.636,-28.23],[-48.652,-28.247],[-48.688,-28.278],[-48.692,-28.288],[-48.695,-28.312],[-48.695,-28.336],[-48.696,-28.342],[-48.724,-28.371],[-48.731,-28.384],[-48.743,-28.422],[-48.757,-28.445],[-48.763,-28.457],[-48.761,-28.467],[-48.757,-28.478],[-48.761,-28.487],[-48.771,-28.492],[-48.781,-28.487],[-48.794,-28.471],[-48.803,-28.452],[-48.808,-28.432],[-48.805,-28.408],[-48.795,-28.393],[-48.791,-28.382],[-48.795,-28.371],[-48.822,-28.346],[-48.835,-28.338],[-48.851,-28.324],[-48.865,-28.321],[-48.874,-28.346],[-48.873,-28.359],[-48.862,-28.38],[-48.86,-28.391],[-48.862,-28.401],[-48.872,-28.41],[-48.874,-28.419],[-48.869,-28.427],[-48.859,-28.427],[-48.847,-28.426],[-48.839,-28.429],[-48.838,-28.437],[-48.843,-28.446],[-48.849,-28.455],[-48.853,-28.464],[-48.855,-28.471],[-48.855,-28.475],[-48.852,-28.479],[-48.843,-28.487],[-48.808,-28.505],[-48.799,-28.514],[-48.789,-28.521],[-48.778,-28.525],[-48.769,-28.518],[-48.761,-28.513],[-48.75,-28.511],[-48.756,-28.528],[-48.765,-28.544],[-48.796,-28.58],[-48.807,-28.6],[-48.815,-28.61],[-48.826,-28.615],[-48.871,-28.62],[-48.884,-28.623],[-48.912,-28.638],[-48.941,-28.645],[-48.955,-28.656],[-48.976,-28.675],[-49.057,-28.719],[-49.343,-28.924],[-49.552,-29.127],[-49.714,-29.324],[-49.811,-29.443],[-49.86,-29.529],[-49.934,-29.634],[-49.997,-29.765],[-50.045,-29.815],[-50.207,-30.201],[-50.251,-30.323],[-50.316,-30.462],[-50.588,-30.851],[-50.593,-30.872],[-50.6,-30.881],[-50.721,-31.045],[-50.828,-31.143],[-50.884,-31.22],[-51.035,-31.378],[-51.152,-31.482],[-51.324,-31.604],[-51.563,-31.777],[-51.864,-31.932],[-51.889,-31.954],[-52.033,-32.109],[-52.069,-32.162],[-52.077,-32.167],[-52.084,-32.147],[-52.077,-32.124],[-52.053,-32.088],[-52.047,-32.074],[-52.039,-32.052],[-52.036,-32.028],[-52.043,-32.01],[-52.057,-31.988],[-52.045,-31.977],[-52.025,-31.967],[-52.012,-31.951],[-52.026,-31.92],[-52.088,-31.859],[-52.087,-31.828],[-52.048,-31.808],[-52.002,-31.822],[-51.923,-31.869],[-51.88,-31.871],[-51.836,-31.855],[-51.814,-31.828],[-51.834,-31.8],[-51.786,-31.792],[-51.744,-31.795],[-51.704,-31.793],[-51.666,-31.77],[-51.56,-31.668],[-51.545,-31.64],[-51.513,-31.616],[-51.505,-31.598],[-51.499,-31.575],[-51.484,-31.583],[-51.457,-31.615],[-51.448,-31.613],[-51.451,-31.595],[-51.463,-31.557],[-51.459,-31.539],[-51.448,-31.517],[-51.435,-31.497],[-51.423,-31.485],[-51.413,-31.518],[-51.378,-31.527],[-51.335,-31.519],[-51.303,-31.502],[-51.288,-31.49],[-51.257,-31.473],[-51.245,-31.464],[-51.21,-31.416],[-51.18,-31.359],[-51.159,-31.286],[-51.155,-31.212],[-51.176,-31.149],[-51.17,-31.135],[-51.163,-31.093],[-51.162,-31.078],[-51.153,-31.067],[-51.134,-31.07],[-51.097,-31.081],[-51.078,-31.078],[-51.048,-31.064],[-51.033,-31.061],[-51.014,-31.063],[-51.006,-31.07],[-51.006,-31.124],[-51.003,-31.133],[-50.994,-31.136],[-50.984,-31.135],[-50.976,-31.131],[-50.972,-31.123],[-50.97,-31.112],[-50.965,-31.101],[-50.953,-31.095],[-50.941,-31.092],[-50.936,-31.088],[-50.94,-31.076],[-50.949,-31.075],[-50.96,-31.076],[-50.97,-31.074],[-50.988,-31.046],[-50.977,-31.009],[-50.96,-30.967],[-50.956,-30.923],[-50.972,-30.904],[-50.978,-30.893],[-50.974,-30.889],[-50.963,-30.89],[-50.95,-30.895],[-50.939,-30.896],[-50.914,-30.893],[-50.895,-30.886],[-50.82,-30.831],[-50.78,-30.824],[-50.76,-30.815],[-50.744,-30.804],[-50.731,-30.792],[-50.693,-30.726],[-50.679,-30.642],[-50.69,-30.464],[-50.695,-30.446],[-50.713,-30.408],[-50.721,-30.379],[-50.727,-30.37],[-50.726,-30.363],[-50.71,-30.354],[-50.697,-30.351],[-50.69,-30.353],[-50.676,-30.368],[-50.645,-30.392],[-50.643,-30.398],[-50.646,-30.405],[-50.652,-30.411],[-50.655,-30.419],[-50.65,-30.439],[-50.638,-30.457],[-50.623,-30.474],[-50.608,-30.485],[-50.572,-30.461],[-50.565,-30.45],[-50.567,-30.434],[-50.573,-30.409],[-50.569,-30.398],[-50.555,-30.379],[-50.537,-30.32],[-50.537,-30.294],[-50.54,-30.268],[-50.546,-30.251],[-50.583,-30.232],[-50.588,-30.227],[-50.598,-30.202],[-50.604,-30.194],[-50.615,-30.186],[-50.626,-30.183],[-50.637,-30.185],[-50.649,-30.19],[-50.672,-30.217],[-50.676,-30.218],[-50.678,-30.228],[-50.676,-30.232],[-50.67,-30.234],[-50.658,-30.241],[-50.653,-30.252],[-50.655,-30.262],[-50.662,-30.275],[-50.672,-30.289],[-50.695,-30.294],[-50.761,-30.291],[-50.779,-30.293],[-50.794,-30.303],[-50.799,-30.323],[-50.857,-30.317],[-50.874,-30.32],[-50.898,-30.31],[-50.913,-30.317],[-50.923,-30.333],[-50.929,-30.354],[-50.933,-30.381],[-50.93,-30.399],[-50.915,-30.436],[-50.936,-30.432],[-50.984,-30.395],[-51.004,-30.388],[-51.021,-30.384],[-51.034,-30.376],[-51.039,-30.358],[-51.04,-30.344],[-51.039,-30.339],[-51.033,-30.327],[-51.026,-30.318],[-51.019,-30.311],[-51.014,-30.305],[-51.012,-30.296],[-51.015,-30.279],[-51.023,-30.264],[-51.034,-30.257],[-51.046,-30.265],[-51.053,-30.265],[-51.058,-30.242],[-51.079,-30.238],[-51.103,-30.243],[-51.115,-30.248],[-51.123,-30.256],[-51.141,-30.247],[-51.176,-30.225],[-51.171,-30.209],[-51.18,-30.2],[-51.21,-30.19],[-51.219,-30.189],[-51.227,-30.19],[-51.233,-30.19],[-51.238,-30.184],[-51.236,-30.178],[-51.221,-30.165],[-51.217,-30.156],[-51.22,-30.136],[-51.232,-30.125],[-51.244,-30.117],[-51.251,-30.108],[-51.25,-30.092],[-51.239,-30.059],[-51.238,-30.04],[-51.259,-30.047],[-51.263,-30.033],[-51.262,-30.014],[-51.272,-30.005],[-51.284,-30.007],[-51.285,-30.013],[-51.284,-30.021],[-51.286,-30.032],[-51.304,-30.063],[-51.306,-30.07],[-51.304,-30.076],[-51.299,-30.079],[-51.294,-30.081],[-51.292,-30.084],[-51.293,-30.09],[-51.298,-30.1],[-51.3,-30.105],[-51.3,-30.127],[-51.303,-30.136],[-51.31,-30.146],[-51.314,-30.155],[-51.312,-30.165],[-51.309,-30.176],[-51.306,-30.187],[-51.309,-30.197],[-51.327,-30.225],[-51.317,-30.223],[-51.299,-30.219],[-51.289,-30.218],[-51.282,-30.221],[-51.265,-30.245],[-51.292,-30.272],[-51.281,-30.287],[-51.247,-30.298],[-51.238,-30.313],[-51.228,-30.307],[-51.209,-30.289],[-51.204,-30.285],[-51.197,-30.295],[-51.195,-30.309],[-51.197,-30.337],[-51.188,-30.36],[-51.166,-30.363],[-51.115,-30.347],[-51.093,-30.345],[-51.091,-30.352],[-51.096,-30.366],[-51.1,-30.385],[-51.105,-30.393],[-51.115,-30.401],[-51.126,-30.407],[-51.135,-30.409],[-51.141,-30.408],[-51.153,-30.399],[-51.162,-30.395],[-51.2,-30.4],[-51.229,-30.426],[-51.25,-30.462],[-51.278,-30.54],[-51.287,-30.582],[-51.29,-30.624],[-51.286,-30.67],[-51.268,-30.735],[-51.265,-30.756],[-51.27,-30.782],[-51.282,-30.797],[-51.298,-30.795],[-51.314,-30.773],[-51.289,-30.767],[-51.291,-30.74],[-51.314,-30.684],[-51.322,-30.642],[-51.333,-30.636],[-51.358,-30.635],[-51.377,-30.642],[-51.383,-30.659],[-51.382,-30.776],[-51.379,-30.794],[-51.365,-30.832],[-51.361,-30.855],[-51.362,-30.879],[-51.371,-30.886],[-51.413,-30.883],[-51.437,-30.884],[-51.455,-30.889],[-51.469,-30.902],[-51.478,-30.923],[-51.486,-30.967],[-51.484,-31.013],[-51.471,-31.053],[-51.443,-31.081],[-51.57,-31.12],[-51.591,-31.122],[-51.624,-31.135],[-51.643,-31.167],[-51.651,-31.205],[-51.649,-31.239],[-51.638,-31.25],[-51.638,-31.257],[-51.653,-31.259],[-51.663,-31.257],[-51.674,-31.254],[-51.685,-31.252],[-51.694,-31.256],[-51.713,-31.266],[-51.735,-31.269],[-51.779,-31.266],[-51.796,-31.267],[-51.819,-31.272],[-51.839,-31.282],[-51.857,-31.311],[-51.878,-31.311],[-51.902,-31.307],[-51.923,-31.307],[-51.927,-31.311],[-51.932,-31.319],[-51.94,-31.325],[-51.954,-31.328],[-51.964,-31.332],[-51.964,-31.342],[-51.957,-31.351],[-51.947,-31.355],[-51.943,-31.359],[-51.951,-31.368],[-51.988,-31.393],[-51.994,-31.398],[-51.999,-31.409],[-52.002,-31.429],[-51.999,-31.495],[-52,-31.507],[-52.005,-31.528],[-52.005,-31.54],[-52.001,-31.551],[-51.988,-31.565],[-51.985,-31.574],[-52.002,-31.624],[-52.005,-31.64],[-52.008,-31.646],[-52.015,-31.637],[-52.026,-31.615],[-52.03,-31.589],[-52.033,-31.581],[-52.04,-31.57],[-52.046,-31.566],[-52.053,-31.564],[-52.063,-31.557],[-52.073,-31.554],[-52.083,-31.559],[-52.091,-31.568],[-52.094,-31.578],[-52.09,-31.606],[-52.079,-31.61],[-52.064,-31.605],[-52.046,-31.608],[-52.041,-31.623],[-52.049,-31.644],[-52.063,-31.665],[-52.077,-31.681],[-52.096,-31.691],[-52.204,-31.727],[-52.219,-31.741],[-52.224,-31.762],[-52.222,-31.774],[-52.212,-31.794],[-52.21,-31.8],[-52.213,-31.809],[-52.219,-31.818],[-52.224,-31.828],[-52.224,-31.841],[-52.246,-31.841],[-52.248,-31.862],[-52.236,-31.88],[-52.21,-31.869],[-52.187,-31.895],[-52.184,-31.9],[-52.179,-31.903],[-52.157,-31.907],[-52.149,-31.91],[-52.142,-31.915],[-52.136,-31.923],[-52.134,-31.931],[-52.139,-31.941],[-52.147,-31.942],[-52.17,-31.936],[-52.18,-31.941],[-52.197,-31.95],[-52.219,-31.957],[-52.238,-31.966],[-52.246,-31.982],[-52.248,-32.019],[-52.252,-32.038],[-52.259,-32.054],[-52.229,-32.051],[-52.211,-32.057],[-52.212,-32.068],[-52.238,-32.081],[-52.214,-32.086],[-52.182,-32.079],[-52.154,-32.065],[-52.142,-32.05],[-52.137,-32.038],[-52.124,-32.029],[-52.108,-32.026],[-52.094,-32.026],[-52.081,-32.032],[-52.081,-32.038],[-52.098,-32.05],[-52.147,-32.078],[-52.169,-32.101],[-52.156,-32.123],[-52.14,-32.119],[-52.103,-32.08],[-52.087,-32.067],[-52.101,-32.106],[-52.102,-32.123],[-52.091,-32.154],[-52.091,-32.166],[-52.127,-32.178],[-52.229,-32.251],[-52.253,-32.282],[-52.375,-32.499],[-52.443,-32.686],[-52.471,-32.801],[-52.622,-33.102],[-52.645,-33.137],[-52.744,-33.249],[-52.819,-33.323],[-52.921,-33.403],[-53.092,-33.527],[-53.194,-33.62],[-53.266,-33.677],[-53.379,-33.74],[-53.379,-33.741],[-53.411,-33.742],[-53.424,-33.731],[-53.431,-33.713],[-53.44,-33.697],[-53.457,-33.688],[-53.473,-33.687],[-53.491,-33.69],[-53.512,-33.69],[-53.54,-33.649],[-53.537,-33.56],[-53.514,-33.395],[-53.536,-33.245],[-53.537,-33.171],[-53.521,-33.125],[-53.512,-33.099],[-53.483,-33.067],[-53.449,-33.042],[-53.327,-32.974],[-53.316,-32.963],[-53.31,-32.944],[-53.307,-32.907],[-53.299,-32.889],[-53.271,-32.864],[-53.204,-32.822],[-53.183,-32.8],[-53.163,-32.779],[-53.127,-32.755],[-53.114,-32.741],[-53.111,-32.722],[-53.12,-32.707],[-53.186,-32.647],[-53.201,-32.637],[-53.234,-32.625],[-53.267,-32.607],[-53.299,-32.607],[-53.316,-32.603],[-53.359,-32.58],[-53.416,-32.564],[-53.475,-32.508],[-53.538,-32.47],[-53.561,-32.45],[-53.582,-32.426],[-53.599,-32.4],[-53.609,-32.388],[-53.635,-32.369],[-53.644,-32.356],[-53.649,-32.339],[-53.652,-32.288],[-53.659,-32.254],[-53.671,-32.226],[-53.721,-32.162],[-53.75,-32.104],[-53.751,-32.069],[-53.757,-32.055],[-53.772,-32.047],[-53.83,-32.036],[-53.858,-32.021],[-53.871,-32.011],[-53.881,-32.001],[-53.887,-31.991],[-53.89,-31.98],[-53.894,-31.97],[-53.906,-31.959],[-53.934,-31.943],[-53.949,-31.937],[-53.966,-31.933],[-53.999,-31.93],[-54.009,-31.927],[-54.018,-31.92],[-54.027,-31.905],[-54.033,-31.898],[-54.05,-31.887],[-54.069,-31.88],[-54.088,-31.878],[-54.107,-31.884],[-54.126,-31.899],[-54.135,-31.909],[-54.146,-31.91],[-54.17,-31.896],[-54.219,-31.857],[-54.274,-31.823],[-54.343,-31.769],[-54.373,-31.739],[-54.404,-31.715],[-54.436,-31.694],[-54.464,-31.672],[-54.467,-31.664],[-54.477,-31.642],[-54.479,-31.601],[-54.483,-31.584],[-54.495,-31.566],[-54.51,-31.552],[-54.562,-31.516],[-54.574,-31.502],[-54.592,-31.471],[-54.605,-31.46],[-54.62,-31.456],[-54.654,-31.456],[-54.82,-31.435],[-54.85,-31.425],[-54.863,-31.418],[-54.876,-31.406],[-54.888,-31.393],[-54.9,-31.382],[-54.941,-31.366],[-54.97,-31.341],[-54.995,-31.312],[-55.011,-31.288],[-55.029,-31.269],[-55.042,-31.273],[-55.061,-31.305],[-55.074,-31.321],[-55.087,-31.327],[-55.102,-31.324],[-55.122,-31.314],[-55.17,-31.276],[-55.188,-31.267],[-55.228,-31.253],[-55.244,-31.245],[-55.26,-31.229],[-55.269,-31.211],[-55.282,-31.169],[-55.294,-31.154],[-55.327,-31.135],[-55.338,-31.126],[-55.345,-31.108],[-55.348,-31.073],[-55.354,-31.056],[-55.369,-31.037],[-55.443,-30.966],[-55.489,-30.93],[-55.511,-30.906],[-55.527,-30.895],[-55.564,-30.876],[-55.592,-30.848],[-55.613,-30.843],[-55.634,-30.848],[-55.65,-30.861],[-55.655,-30.879],[-55.651,-30.92],[-55.653,-30.939],[-55.666,-30.949],[-55.688,-30.948],[-55.713,-30.943],[-55.732,-30.945],[-55.745,-30.959],[-55.756,-30.993],[-55.764,-31.008],[-55.778,-31.02],[-55.817,-31.043],[-55.832,-31.052],[-55.838,-31.058],[-55.842,-31.064],[-55.847,-31.069],[-55.855,-31.075],[-55.864,-31.077],[-55.888,-31.077],[-55.919,-31.082],[-55.985,-31.079],[-56.01,-31.082],[-56.011,-31.082],[-56.017,-31.074],[-56.022,-31.067],[-56.022,-31.046],[-56.016,-31],[-56.016,-30.934],[-56.011,-30.913],[-55.994,-30.885],[-55.989,-30.856],[-55.995,-30.826],[-56.011,-30.798],[-56.077,-30.752],[-56.092,-30.736],[-56.125,-30.68],[-56.132,-30.672],[-56.14,-30.665],[-56.16,-30.654],[-56.171,-30.646],[-56.175,-30.636],[-56.178,-30.626],[-56.184,-30.615],[-56.215,-30.582],[-56.235,-30.565],[-56.268,-30.551],[-56.327,-30.508],[-56.373,-30.486],[-56.386,-30.476],[-56.4,-30.459],[-56.425,-30.424],[-56.441,-30.409],[-56.495,-30.379],[-56.511,-30.366],[-56.524,-30.357],[-56.561,-30.321],[-56.57,-30.308],[-56.575,-30.302],[-56.586,-30.297],[-56.596,-30.295],[-56.605,-30.296],[-56.615,-30.293],[-56.631,-30.285],[-56.632,-30.278],[-56.629,-30.268],[-56.633,-30.247],[-56.642,-30.234],[-56.657,-30.221],[-56.674,-30.211],[-56.705,-30.198],[-56.767,-30.161],[-56.777,-30.151],[-56.795,-30.124],[-56.831,-30.102],[-56.869,-30.103],[-56.906,-30.109],[-56.955,-30.097],[-56.975,-30.097],[-57.011,-30.103],[-57.018,-30.106],[-57.038,-30.115],[-57.049,-30.115],[-57.067,-30.107],[-57.077,-30.106],[-57.102,-30.121],[-57.13,-30.15],[-57.151,-30.182],[-57.158,-30.208],[-57.164,-30.239],[-57.184,-30.268],[-57.213,-30.287],[-57.245,-30.293],[-57.25,-30.29],[-57.262,-30.279],[-57.27,-30.275],[-57.276,-30.278],[-57.289,-30.291],[-57.296,-30.293],[-57.311,-30.288],[-57.322,-30.28],[-57.334,-30.273],[-57.354,-30.272],[-57.367,-30.277],[-57.389,-30.295],[-57.399,-30.299],[-57.415,-30.296],[-57.43,-30.275],[-57.443,-30.269],[-57.467,-30.27],[-57.511,-30.277],[-57.536,-30.274],[-57.567,-30.256],[-57.587,-30.204],[-57.603,-30.191]]],[[[-38.944,-13.395],[-38.916,-13.383],[-38.906,-13.389],[-38.896,-13.454],[-38.899,-13.471],[-38.916,-13.484],[-38.91,-13.495],[-38.915,-13.509],[-38.924,-13.523],[-38.93,-13.538],[-38.934,-13.556],[-38.932,-13.568],[-38.917,-13.581],[-38.915,-13.593],[-38.905,-13.6],[-38.907,-13.606],[-38.907,-13.621],[-38.896,-13.63],[-38.893,-13.639],[-38.902,-13.672],[-38.913,-13.672],[-38.919,-13.667],[-38.92,-13.655],[-38.938,-13.656],[-38.949,-13.658],[-38.958,-13.632],[-38.979,-13.6],[-38.985,-13.573],[-38.984,-13.558],[-38.981,-13.547],[-38.978,-13.517],[-38.973,-13.508],[-38.968,-13.503],[-38.968,-13.498],[-38.978,-13.49],[-39.027,-13.472],[-39.046,-13.458],[-39.034,-13.442],[-39.043,-13.424],[-39.042,-13.406],[-39.033,-13.393],[-39.016,-13.387],[-39,-13.39],[-38.983,-13.395],[-38.966,-13.398],[-38.944,-13.395]]],[[[-38.615,-12.925],[-38.593,-12.965],[-38.587,-12.987],[-38.605,-12.997],[-38.625,-13.002],[-38.642,-13.014],[-38.677,-13.045],[-38.718,-13.073],[-38.737,-13.09],[-38.752,-13.113],[-38.763,-13.117],[-38.77,-13.121],[-38.776,-13.127],[-38.779,-13.134],[-38.787,-13.134],[-38.786,-13.118],[-38.793,-13.075],[-38.791,-13.058],[-38.785,-13.05],[-38.759,-13.037],[-38.732,-13.018],[-38.669,-12.962],[-38.669,-12.955],[-38.679,-12.953],[-38.683,-12.95],[-38.683,-12.945],[-38.677,-12.935],[-38.674,-12.938],[-38.674,-12.939],[-38.673,-12.94],[-38.669,-12.942],[-38.671,-12.925],[-38.679,-12.91],[-38.689,-12.896],[-38.697,-12.881],[-38.683,-12.873],[-38.641,-12.893],[-38.622,-12.905],[-38.615,-12.925]]],[[[-44.498,-2.807],[-44.508,-2.809],[-44.514,-2.815],[-44.516,-2.823],[-44.515,-2.834],[-44.507,-2.823],[-44.481,-2.793],[-44.488,-2.872],[-44.492,-2.891],[-44.5,-2.904],[-44.506,-2.915],[-44.497,-2.949],[-44.515,-2.96],[-44.538,-2.97],[-44.557,-3.003],[-44.585,-3.036],[-44.584,-3.046],[-44.589,-3.053],[-44.59,-3.055],[-44.591,-3.06],[-44.598,-3.06],[-44.598,-3.052],[-44.601,-3.045],[-44.603,-3.04],[-44.604,-3.036],[-44.604,-3.026],[-44.603,-3.022],[-44.591,-3],[-44.584,-2.99],[-44.578,-2.981],[-44.574,-2.957],[-44.565,-2.932],[-44.563,-2.92],[-44.566,-2.903],[-44.584,-2.862],[-44.586,-2.846],[-44.584,-2.83],[-44.576,-2.8],[-44.548,-2.744],[-44.527,-2.728],[-44.481,-2.704],[-44.484,-2.761],[-44.498,-2.807]]],[[[-42.041,-2.704],[-42.035,-2.704],[-42.036,-2.715],[-42.035,-2.726],[-42.032,-2.736],[-42.028,-2.745],[-42.035,-2.75],[-42.044,-2.754],[-42.052,-2.757],[-42.074,-2.761],[-42.085,-2.759],[-42.095,-2.754],[-42.103,-2.745],[-42.089,-2.739],[-42.082,-2.739],[-42.082,-2.731],[-42.096,-2.729],[-42.105,-2.724],[-42.109,-2.716],[-42.103,-2.704],[-42.124,-2.707],[-42.144,-2.701],[-42.186,-2.676],[-42.171,-2.673],[-42.091,-2.678],[-42.073,-2.685],[-42.059,-2.695],[-42.048,-2.711],[-42.045,-2.708],[-42.044,-2.707],[-42.041,-2.704]]],[[[-43.627,-2.252],[-43.607,-2.256],[-43.604,-2.266],[-43.6,-2.284],[-43.61,-2.301],[-43.626,-2.316],[-43.63,-2.333],[-43.631,-2.36],[-43.633,-2.376],[-43.641,-2.383],[-43.636,-2.393],[-43.635,-2.4],[-43.639,-2.404],[-43.656,-2.4],[-43.676,-2.4],[-43.687,-2.401],[-43.693,-2.409],[-43.701,-2.411],[-43.704,-2.415],[-43.708,-2.425],[-43.713,-2.427],[-43.725,-2.422],[-43.733,-2.42],[-43.743,-2.412],[-43.743,-2.403],[-43.737,-2.395],[-43.73,-2.375],[-43.734,-2.354],[-43.737,-2.334],[-43.727,-2.318],[-43.715,-2.289],[-43.702,-2.275],[-43.684,-2.263],[-43.669,-2.259],[-43.656,-2.258],[-43.639,-2.253],[-43.627,-2.252]]],[[[-49.288,-1.758],[-49.277,-1.767],[-49.282,-1.786],[-49.293,-1.805],[-49.302,-1.813],[-49.31,-1.818],[-49.333,-1.854],[-49.36,-1.884],[-49.367,-1.895],[-49.385,-1.888],[-49.426,-1.878],[-49.442,-1.868],[-49.453,-1.85],[-49.448,-1.837],[-49.422,-1.813],[-49.419,-1.805],[-49.416,-1.784],[-49.411,-1.776],[-49.402,-1.767],[-49.374,-1.752],[-49.352,-1.722],[-49.338,-1.713],[-49.319,-1.717],[-49.316,-1.731],[-49.31,-1.744],[-49.3,-1.754],[-49.288,-1.758]]],[[[-44.892,-1.272],[-44.879,-1.285],[-44.876,-1.296],[-44.885,-1.326],[-44.892,-1.326],[-44.896,-1.32],[-44.903,-1.314],[-44.911,-1.309],[-44.92,-1.306],[-44.918,-1.315],[-44.914,-1.322],[-44.907,-1.328],[-44.899,-1.333],[-44.907,-1.338],[-44.915,-1.345],[-44.921,-1.353],[-44.926,-1.361],[-44.935,-1.367],[-44.943,-1.371],[-44.952,-1.372],[-44.961,-1.367],[-44.964,-1.391],[-44.98,-1.396],[-45.002,-1.39],[-45.019,-1.378],[-45.027,-1.361],[-45.027,-1.341],[-45.022,-1.323],[-45.016,-1.312],[-45.003,-1.317],[-44.996,-1.326],[-44.994,-1.339],[-44.995,-1.354],[-44.98,-1.32],[-44.978,-1.301],[-44.992,-1.292],[-44.99,-1.285],[-44.985,-1.27],[-44.974,-1.26],[-44.947,-1.273],[-44.939,-1.269],[-44.931,-1.261],[-44.923,-1.258],[-44.916,-1.259],[-44.908,-1.262],[-44.892,-1.272]]],[[[-48.339,-1.067],[-48.324,-1.076],[-48.311,-1.112],[-48.297,-1.129],[-48.315,-1.155],[-48.319,-1.159],[-48.318,-1.181],[-48.319,-1.189],[-48.334,-1.205],[-48.349,-1.209],[-48.364,-1.21],[-48.38,-1.217],[-48.388,-1.212],[-48.392,-1.205],[-48.394,-1.197],[-48.394,-1.189],[-48.402,-1.203],[-48.414,-1.198],[-48.435,-1.176],[-48.45,-1.169],[-48.462,-1.164],[-48.465,-1.158],[-48.456,-1.142],[-48.432,-1.124],[-48.428,-1.117],[-48.421,-1.08],[-48.405,-1.069],[-48.383,-1.065],[-48.339,-1.067]]],[[[-48.195,-0.819],[-48.163,-0.85],[-48.156,-0.866],[-48.181,-0.867],[-48.181,-0.875],[-48.157,-0.888],[-48.162,-0.921],[-48.195,-0.984],[-48.202,-1.011],[-48.207,-1.018],[-48.223,-1.025],[-48.238,-1.028],[-48.288,-1.025],[-48.307,-1.021],[-48.316,-1.01],[-48.319,-0.993],[-48.319,-0.974],[-48.313,-0.953],[-48.285,-0.921],[-48.274,-0.895],[-48.255,-0.863],[-48.25,-0.85],[-48.244,-0.842],[-48.195,-0.819]]],[[[-47.949,-0.641],[-47.935,-0.637],[-47.915,-0.642],[-47.896,-0.653],[-47.887,-0.669],[-47.896,-0.691],[-47.916,-0.709],[-47.962,-0.731],[-47.964,-0.715],[-47.978,-0.692],[-47.983,-0.676],[-47.979,-0.673],[-47.971,-0.666],[-47.967,-0.658],[-47.978,-0.652],[-47.976,-0.645],[-47.972,-0.637],[-47.969,-0.634],[-47.961,-0.633],[-47.955,-0.633],[-47.951,-0.636],[-47.949,-0.641]]],[[[-50.819,-0.62],[-50.813,-0.655],[-50.813,-0.669],[-50.822,-0.7],[-50.843,-0.716],[-50.872,-0.722],[-50.906,-0.723],[-50.934,-0.732],[-50.976,-0.77],[-51.001,-0.778],[-51.027,-0.784],[-51.054,-0.797],[-51.078,-0.812],[-51.094,-0.826],[-51.1,-0.826],[-51.11,-0.807],[-51.112,-0.782],[-51.108,-0.756],[-51.1,-0.731],[-51.082,-0.701],[-51.077,-0.696],[-51.073,-0.693],[-51.069,-0.68],[-51.066,-0.676],[-51.059,-0.675],[-51.046,-0.681],[-51.039,-0.682],[-51.016,-0.668],[-50.98,-0.626],[-50.956,-0.607],[-50.91,-0.583],[-50.861,-0.566],[-50.879,-0.6],[-50.881,-0.614],[-50.874,-0.614],[-50.841,-0.559],[-50.837,-0.562],[-50.835,-0.565],[-50.833,-0.573],[-50.829,-0.583],[-50.819,-0.62]]],[[[-47.661,-0.579],[-47.649,-0.592],[-47.641,-0.608],[-47.639,-0.628],[-47.647,-0.648],[-47.643,-0.658],[-47.642,-0.675],[-47.643,-0.693],[-47.647,-0.703],[-47.658,-0.708],[-47.686,-0.707],[-47.702,-0.71],[-47.699,-0.694],[-47.704,-0.675],[-47.716,-0.637],[-47.752,-0.622],[-47.751,-0.607],[-47.761,-0.576],[-47.756,-0.566],[-47.745,-0.563],[-47.743,-0.547],[-47.735,-0.542],[-47.715,-0.547],[-47.707,-0.56],[-47.704,-0.578],[-47.688,-0.585],[-47.661,-0.579]]],[[[-51.186,-0.614],[-51.163,-0.621],[-51.152,-0.637],[-51.15,-0.659],[-51.156,-0.682],[-51.218,-0.802],[-51.231,-0.839],[-51.252,-0.962],[-51.271,-1.018],[-51.276,-1.025],[-51.286,-1.032],[-51.31,-1.002],[-51.331,-1.01],[-51.41,-1.153],[-51.435,-1.187],[-51.556,-1.289],[-51.598,-1.312],[-51.61,-1.316],[-51.619,-1.324],[-51.626,-1.333],[-51.635,-1.34],[-51.663,-1.35],[-51.67,-1.354],[-51.671,-1.358],[-51.674,-1.37],[-51.676,-1.374],[-51.681,-1.377],[-51.695,-1.381],[-51.701,-1.384],[-51.741,-1.42],[-51.786,-1.45],[-51.807,-1.457],[-51.852,-1.464],[-51.892,-1.484],[-51.913,-1.481],[-51.93,-1.471],[-51.944,-1.456],[-51.954,-1.422],[-51.942,-1.391],[-51.903,-1.34],[-51.897,-1.325],[-51.893,-1.306],[-51.889,-1.268],[-51.884,-1.256],[-51.872,-1.243],[-51.806,-1.194],[-51.796,-1.189],[-51.795,-1.184],[-51.787,-1.162],[-51.786,-1.159],[-51.782,-1.154],[-51.772,-1.151],[-51.751,-1.148],[-51.718,-1.13],[-51.684,-1.097],[-51.668,-1.058],[-51.69,-1.019],[-51.686,-0.884],[-51.676,-0.847],[-51.624,-0.79],[-51.582,-0.699],[-51.56,-0.665],[-51.534,-0.635],[-51.505,-0.607],[-51.455,-0.575],[-51.44,-0.562],[-51.425,-0.554],[-51.37,-0.534],[-51.355,-0.532],[-51.347,-0.532],[-51.357,-0.544],[-51.363,-0.562],[-51.367,-0.582],[-51.368,-0.596],[-51.367,-0.602],[-51.365,-0.606],[-51.365,-0.611],[-51.368,-0.62],[-51.373,-0.629],[-51.385,-0.645],[-51.388,-0.655],[-51.382,-0.655],[-51.374,-0.645],[-51.354,-0.626],[-51.347,-0.614],[-51.348,-0.601],[-51.353,-0.589],[-51.354,-0.58],[-51.341,-0.573],[-51.341,-0.593],[-51.333,-0.593],[-51.333,-0.573],[-51.326,-0.58],[-51.318,-0.586],[-51.309,-0.59],[-51.3,-0.593],[-51.322,-0.563],[-51.327,-0.552],[-51.329,-0.539],[-51.327,-0.532],[-51.322,-0.528],[-51.32,-0.521],[-51.308,-0.519],[-51.254,-0.532],[-51.238,-0.538],[-51.223,-0.558],[-51.203,-0.605],[-51.186,-0.614]]],[[[-51.165,-0.14],[-51.121,-0.14],[-51.12,-0.145],[-51.122,-0.147],[-51.125,-0.147],[-51.128,-0.148],[-51.134,-0.161],[-51.136,-0.179],[-51.135,-0.196],[-51.132,-0.203],[-51.144,-0.211],[-51.149,-0.231],[-51.149,-0.264],[-51.167,-0.306],[-51.201,-0.344],[-51.279,-0.401],[-51.342,-0.434],[-51.376,-0.461],[-51.394,-0.466],[-51.405,-0.46],[-51.402,-0.436],[-51.391,-0.424],[-51.376,-0.417],[-51.361,-0.407],[-51.355,-0.391],[-51.351,-0.386],[-51.337,-0.376],[-51.33,-0.366],[-51.264,-0.219],[-51.243,-0.199],[-51.233,-0.179],[-51.227,-0.175],[-51.198,-0.171],[-51.19,-0.168],[-51.184,-0.163],[-51.166,-0.144],[-51.165,-0.14]]],[[[-48.463,-0.576],[-48.465,-0.59],[-48.483,-0.628],[-48.484,-0.654],[-48.487,-0.665],[-48.497,-0.676],[-48.486,-0.685],[-48.488,-0.702],[-48.494,-0.723],[-48.497,-0.744],[-48.518,-0.735],[-48.538,-0.719],[-48.572,-0.682],[-48.561,-0.714],[-48.538,-0.745],[-48.524,-0.773],[-48.538,-0.799],[-48.526,-0.82],[-48.523,-0.846],[-48.528,-0.873],[-48.538,-0.894],[-48.56,-0.914],[-48.613,-0.933],[-48.633,-0.949],[-48.628,-0.959],[-48.631,-0.969],[-48.647,-0.991],[-48.658,-0.999],[-48.665,-1.001],[-48.665,-1.003],[-48.654,-1.011],[-48.645,-1.012],[-48.636,-1.008],[-48.629,-1.01],[-48.627,-1.025],[-48.631,-1.029],[-48.654,-1.045],[-48.654,-1.053],[-48.628,-1.048],[-48.629,-1.063],[-48.643,-1.084],[-48.657,-1.094],[-48.672,-1.101],[-48.718,-1.134],[-48.74,-1.142],[-48.758,-1.151],[-48.796,-1.192],[-48.819,-1.203],[-48.85,-1.198],[-48.876,-1.181],[-48.898,-1.158],[-48.915,-1.135],[-48.921,-1.142],[-48.911,-1.161],[-48.895,-1.181],[-48.875,-1.197],[-48.856,-1.203],[-48.842,-1.213],[-48.837,-1.234],[-48.845,-1.249],[-48.867,-1.244],[-48.867,-1.251],[-48.854,-1.254],[-48.825,-1.255],[-48.812,-1.258],[-48.796,-1.268],[-48.793,-1.28],[-48.802,-1.34],[-48.833,-1.416],[-48.839,-1.416],[-48.858,-1.399],[-48.942,-1.296],[-48.964,-1.283],[-48.99,-1.292],[-48.957,-1.296],[-48.946,-1.309],[-48.955,-1.324],[-48.983,-1.333],[-48.983,-1.34],[-48.977,-1.347],[-48.977,-1.356],[-48.981,-1.366],[-48.99,-1.374],[-48.977,-1.369],[-48.953,-1.35],[-48.945,-1.346],[-48.935,-1.351],[-48.93,-1.364],[-48.926,-1.378],[-48.921,-1.388],[-48.899,-1.394],[-48.898,-1.395],[-48.892,-1.398],[-48.887,-1.413],[-48.884,-1.416],[-48.874,-1.419],[-48.839,-1.443],[-48.839,-1.45],[-48.855,-1.454],[-48.872,-1.459],[-48.888,-1.467],[-48.901,-1.477],[-48.905,-1.483],[-48.907,-1.493],[-48.911,-1.501],[-48.918,-1.505],[-48.935,-1.493],[-48.944,-1.491],[-48.948,-1.501],[-48.956,-1.509],[-48.974,-1.514],[-49.025,-1.522],[-49.037,-1.528],[-49.048,-1.533],[-49.066,-1.532],[-49.072,-1.527],[-49.072,-1.52],[-49.073,-1.514],[-49.083,-1.511],[-49.091,-1.511],[-49.097,-1.51],[-49.102,-1.508],[-49.107,-1.505],[-49.113,-1.495],[-49.125,-1.463],[-49.127,-1.453],[-49.15,-1.409],[-49.151,-1.402],[-49.182,-1.402],[-49.187,-1.398],[-49.192,-1.391],[-49.198,-1.388],[-49.209,-1.395],[-49.192,-1.409],[-49.184,-1.429],[-49.184,-1.453],[-49.204,-1.529],[-49.202,-1.553],[-49.182,-1.566],[-49.192,-1.572],[-49.195,-1.573],[-49.196,-1.569],[-49.198,-1.566],[-49.203,-1.56],[-49.208,-1.566],[-49.213,-1.569],[-49.22,-1.572],[-49.23,-1.573],[-49.222,-1.583],[-49.212,-1.584],[-49.202,-1.587],[-49.195,-1.601],[-49.189,-1.594],[-49.183,-1.59],[-49.168,-1.587],[-49.188,-1.608],[-49.223,-1.621],[-49.256,-1.62],[-49.275,-1.622],[-49.294,-1.618],[-49.314,-1.604],[-49.332,-1.588],[-49.353,-1.573],[-49.389,-1.539],[-49.394,-1.529],[-49.391,-1.515],[-49.386,-1.504],[-49.384,-1.494],[-49.387,-1.484],[-49.394,-1.496],[-49.407,-1.518],[-49.415,-1.542],[-49.41,-1.564],[-49.375,-1.586],[-49.354,-1.614],[-49.358,-1.638],[-49.372,-1.647],[-49.407,-1.638],[-49.425,-1.632],[-49.443,-1.635],[-49.468,-1.623],[-49.483,-1.602],[-49.485,-1.568],[-49.49,-1.556],[-49.497,-1.498],[-49.505,-1.501],[-49.513,-1.502],[-49.522,-1.501],[-49.531,-1.498],[-49.525,-1.506],[-49.516,-1.513],[-49.508,-1.523],[-49.504,-1.535],[-49.504,-1.587],[-49.509,-1.582],[-49.514,-1.582],[-49.519,-1.582],[-49.524,-1.58],[-49.514,-1.592],[-49.514,-1.608],[-49.522,-1.622],[-49.534,-1.628],[-49.551,-1.633],[-49.557,-1.645],[-49.553,-1.661],[-49.545,-1.676],[-49.559,-1.676],[-49.559,-1.683],[-49.545,-1.687],[-49.544,-1.698],[-49.552,-1.721],[-49.559,-1.724],[-49.603,-1.717],[-49.624,-1.725],[-49.654,-1.76],[-49.669,-1.772],[-49.688,-1.769],[-49.706,-1.751],[-49.719,-1.723],[-49.728,-1.678],[-49.745,-1.653],[-49.751,-1.642],[-49.75,-1.625],[-49.74,-1.595],[-49.744,-1.58],[-49.748,-1.598],[-49.761,-1.63],[-49.764,-1.645],[-49.76,-1.669],[-49.73,-1.731],[-49.729,-1.742],[-49.73,-1.753],[-49.733,-1.763],[-49.737,-1.772],[-49.744,-1.78],[-49.776,-1.807],[-49.8,-1.817],[-49.809,-1.819],[-49.824,-1.817],[-49.833,-1.81],[-49.842,-1.801],[-49.853,-1.793],[-49.863,-1.789],[-49.884,-1.788],[-49.894,-1.786],[-49.906,-1.778],[-49.915,-1.769],[-49.925,-1.762],[-49.948,-1.756],[-49.968,-1.747],[-49.98,-1.745],[-50.002,-1.746],[-50.007,-1.741],[-50.028,-1.72],[-50.032,-1.716],[-50.032,-1.71],[-50.026,-1.661],[-50.028,-1.655],[-50.05,-1.657],[-50.055,-1.665],[-50.052,-1.679],[-50.052,-1.704],[-50.06,-1.718],[-50.087,-1.739],[-50.093,-1.748],[-50.155,-1.779],[-50.17,-1.77],[-50.178,-1.759],[-50.187,-1.749],[-50.225,-1.739],[-50.234,-1.724],[-50.237,-1.705],[-50.235,-1.634],[-50.238,-1.621],[-50.248,-1.615],[-50.262,-1.614],[-50.274,-1.611],[-50.279,-1.597],[-50.276,-1.588],[-50.27,-1.586],[-50.264,-1.585],[-50.258,-1.58],[-50.25,-1.563],[-50.25,-1.559],[-50.254,-1.543],[-50.262,-1.527],[-50.265,-1.518],[-50.264,-1.511],[-50.259,-1.493],[-50.258,-1.484],[-50.276,-1.497],[-50.277,-1.515],[-50.263,-1.551],[-50.26,-1.553],[-50.258,-1.555],[-50.258,-1.56],[-50.261,-1.565],[-50.265,-1.565],[-50.268,-1.564],[-50.272,-1.566],[-50.279,-1.574],[-50.285,-1.581],[-50.29,-1.587],[-50.292,-1.597],[-50.281,-1.613],[-50.259,-1.627],[-50.243,-1.642],[-50.248,-1.659],[-50.255,-1.675],[-50.26,-1.725],[-50.265,-1.745],[-50.272,-1.745],[-50.275,-1.725],[-50.299,-1.655],[-50.307,-1.655],[-50.287,-1.731],[-50.285,-1.755],[-50.294,-1.773],[-50.317,-1.778],[-50.344,-1.777],[-50.367,-1.772],[-50.343,-1.785],[-50.312,-1.794],[-50.297,-1.803],[-50.32,-1.819],[-50.349,-1.829],[-50.377,-1.832],[-50.405,-1.831],[-50.56,-1.799],[-50.573,-1.794],[-50.596,-1.776],[-50.604,-1.772],[-50.607,-1.765],[-50.6,-1.749],[-50.586,-1.735],[-50.567,-1.731],[-50.588,-1.685],[-50.742,-1.531],[-50.758,-1.508],[-50.765,-1.488],[-50.769,-1.478],[-50.796,-1.446],[-50.803,-1.435],[-50.804,-1.425],[-50.799,-1.402],[-50.797,-1.402],[-50.788,-1.395],[-50.786,-1.395],[-50.788,-1.388],[-50.792,-1.385],[-50.797,-1.383],[-50.799,-1.381],[-50.812,-1.35],[-50.813,-1.336],[-50.811,-1.315],[-50.78,-1.194],[-50.778,-1.173],[-50.786,-1.152],[-50.799,-1.127],[-50.806,-1.102],[-50.793,-1.086],[-50.78,-1.088],[-50.737,-1.114],[-50.676,-1.142],[-50.629,-1.15],[-50.614,-1.155],[-50.56,-1.183],[-50.572,-1.159],[-50.617,-1.12],[-50.59,-1.112],[-50.577,-1.103],[-50.57,-1.101],[-50.542,-1.106],[-50.539,-1.107],[-50.522,-1.096],[-50.522,-1.087],[-50.534,-1.079],[-50.552,-1.073],[-50.544,-1.052],[-50.546,-1.053],[-50.53,-1.039],[-50.515,-1.037],[-50.499,-1.039],[-50.477,-1.039],[-50.495,-1.029],[-50.512,-1.024],[-50.528,-1.025],[-50.542,-1.035],[-50.558,-1.051],[-50.577,-1.063],[-50.597,-1.071],[-50.618,-1.073],[-50.626,-1.076],[-50.646,-1.089],[-50.655,-1.094],[-50.664,-1.095],[-50.735,-1.09],[-50.756,-1.082],[-50.765,-1.07],[-50.768,-1.061],[-50.786,-1.033],[-50.793,-1.019],[-50.798,-0.984],[-50.798,-0.911],[-50.793,-0.875],[-50.786,-0.857],[-50.779,-0.843],[-50.774,-0.83],[-50.778,-0.819],[-50.769,-0.807],[-50.758,-0.807],[-50.746,-0.814],[-50.737,-0.826],[-50.741,-0.802],[-50.754,-0.792],[-50.771,-0.786],[-50.786,-0.771],[-50.787,-0.763],[-50.786,-0.734],[-50.784,-0.729],[-50.774,-0.721],[-50.772,-0.716],[-50.774,-0.711],[-50.784,-0.707],[-50.786,-0.703],[-50.78,-0.661],[-50.737,-0.552],[-50.725,-0.564],[-50.711,-0.587],[-50.701,-0.612],[-50.696,-0.631],[-50.684,-0.64],[-50.608,-0.676],[-50.588,-0.681],[-50.577,-0.682],[-50.552,-0.68],[-50.548,-0.678],[-50.55,-0.674],[-50.552,-0.665],[-50.56,-0.659],[-50.614,-0.641],[-50.673,-0.631],[-50.683,-0.624],[-50.685,-0.608],[-50.691,-0.587],[-50.716,-0.522],[-50.722,-0.503],[-50.724,-0.48],[-50.721,-0.465],[-50.703,-0.408],[-50.7,-0.372],[-50.696,-0.36],[-50.692,-0.354],[-50.679,-0.341],[-50.676,-0.336],[-50.674,-0.319],[-50.668,-0.299],[-50.655,-0.264],[-50.646,-0.256],[-50.614,-0.229],[-50.604,-0.223],[-50.599,-0.219],[-50.583,-0.192],[-50.574,-0.188],[-50.563,-0.188],[-50.55,-0.189],[-50.539,-0.189],[-50.522,-0.18],[-50.508,-0.169],[-50.491,-0.159],[-50.467,-0.155],[-50.444,-0.158],[-50.427,-0.164],[-50.411,-0.164],[-50.395,-0.155],[-50.385,-0.139],[-50.378,-0.121],[-50.368,-0.106],[-50.35,-0.099],[-50.327,-0.101],[-50.272,-0.114],[-50.096,-0.132],[-50.038,-0.155],[-50.008,-0.153],[-49.795,-0.199],[-49.653,-0.241],[-49.52,-0.236],[-49.481,-0.226],[-49.46,-0.223],[-49.449,-0.225],[-49.425,-0.23],[-49.418,-0.235],[-49.399,-0.254],[-49.387,-0.258],[-49.387,-0.252],[-49.398,-0.237],[-49.408,-0.217],[-49.405,-0.199],[-49.387,-0.185],[-49.326,-0.155],[-49.318,-0.16],[-49.313,-0.16],[-49.307,-0.157],[-49.299,-0.155],[-49.284,-0.155],[-49.275,-0.154],[-49.262,-0.149],[-49.236,-0.148],[-49.215,-0.141],[-49.206,-0.14],[-49.195,-0.142],[-49.182,-0.149],[-49.168,-0.155],[-49.158,-0.154],[-49.145,-0.151],[-49.132,-0.152],[-49.12,-0.162],[-49.091,-0.154],[-49.026,-0.16],[-49.011,-0.16],[-48.993,-0.172],[-48.98,-0.186],[-48.961,-0.183],[-48.947,-0.173],[-48.927,-0.159],[-48.894,-0.153],[-48.88,-0.164],[-48.882,-0.191],[-48.892,-0.205],[-48.892,-0.216],[-48.86,-0.209],[-48.817,-0.208],[-48.702,-0.237],[-48.684,-0.237],[-48.646,-0.226],[-48.624,-0.223],[-48.601,-0.226],[-48.544,-0.244],[-48.427,-0.26],[-48.401,-0.271],[-48.394,-0.271],[-48.384,-0.281],[-48.376,-0.289],[-48.369,-0.298],[-48.366,-0.315],[-48.37,-0.361],[-48.373,-0.374],[-48.379,-0.384],[-48.388,-0.396],[-48.4,-0.405],[-48.411,-0.408],[-48.421,-0.415],[-48.432,-0.447],[-48.455,-0.486],[-48.462,-0.516],[-48.463,-0.576]]],[[[-50.974,-0.291],[-51.013,-0.274],[-51.038,-0.236],[-51.039,-0.2],[-51.005,-0.189],[-51.005,-0.183],[-51.013,-0.18],[-51.033,-0.168],[-50.983,-0.086],[-50.972,-0.043],[-50.947,-0.012],[-50.925,-0.006],[-50.89,0.001],[-50.818,0.035],[-50.766,0.046],[-50.74,0.035],[-50.725,0.008],[-50.702,-0.002],[-50.676,-0.011],[-50.665,-0.015],[-50.655,-0.024],[-50.648,-0.034],[-50.642,-0.045],[-50.641,-0.05],[-50.642,-0.06],[-50.642,-0.065],[-50.63,-0.082],[-50.627,-0.086],[-50.629,-0.104],[-50.639,-0.121],[-50.676,-0.155],[-50.695,-0.167],[-50.758,-0.196],[-50.781,-0.21],[-50.837,-0.268],[-50.856,-0.282],[-50.895,-0.306],[-50.923,-0.33],[-50.932,-0.328],[-50.941,-0.322],[-50.965,-0.314],[-50.969,-0.305],[-50.97,-0.296],[-50.974,-0.291]]],[[[-49.832,-0.103],[-49.823,-0.07],[-49.801,-0.046],[-49.74,0],[-49.676,0.028],[-49.628,0.058],[-49.525,0.074],[-49.497,0.086],[-49.494,0.08],[-49.486,0.069],[-49.483,0.064],[-49.47,0.07],[-49.456,0.075],[-49.442,0.076],[-49.428,0.071],[-49.391,0.051],[-49.381,0.044],[-49.37,0.028],[-49.369,0.016],[-49.372,0.007],[-49.371,0],[-49.359,-0.008],[-49.352,-0.008],[-49.348,-0.01],[-49.346,-0.021],[-49.349,-0.031],[-49.354,-0.037],[-49.359,-0.045],[-49.36,-0.058],[-49.365,-0.057],[-49.376,-0.054],[-49.381,-0.052],[-49.386,-0.07],[-49.42,-0.095],[-49.428,-0.11],[-49.439,-0.121],[-49.463,-0.128],[-49.492,-0.133],[-49.687,-0.135],[-49.716,-0.148],[-49.832,-0.103]]],[[[-50.634,0.071],[-50.638,0.081],[-50.637,0.088],[-50.634,0.096],[-50.634,0.106],[-50.638,0.118],[-50.647,0.139],[-50.649,0.15],[-50.637,0.165],[-50.611,0.183],[-50.583,0.184],[-50.561,0.176],[-50.544,0.171],[-50.515,0.166],[-50.49,0.159],[-50.47,0.145],[-50.446,0.126],[-50.444,0.109],[-50.444,0.081],[-50.44,0.062],[-50.433,0.036],[-50.433,0.017],[-50.438,0],[-50.447,-0.015],[-50.487,-0.017],[-50.496,-0.017],[-50.506,-0.014],[-50.514,-0.011],[-50.518,-0.007],[-50.523,-0.004],[-50.56,-0.004],[-50.572,0.002],[-50.588,0.012],[-50.602,0.024],[-50.608,0.034],[-50.61,0.053],[-50.615,0.059],[-50.624,0.061],[-50.634,0.071]]],[[[-50.091,0.306],[-50.107,0.293],[-50.166,0.262],[-50.22,0.246],[-50.217,0.263],[-50.199,0.289],[-50.139,0.327],[-50.113,0.338],[-50.093,0.339],[-50.086,0.321],[-50.091,0.306]]],[[[-50.037,0.3],[-50.004,0.31],[-49.959,0.308],[-49.922,0.293],[-49.86,0.301],[-49.826,0.322],[-49.746,0.353],[-49.65,0.386],[-49.56,0.386],[-49.53,0.354],[-49.529,0.301],[-49.602,0.266],[-49.642,0.233],[-49.692,0.205],[-49.764,0.133],[-49.787,0.092],[-49.806,0.049],[-49.83,0.011],[-49.867,-0.011],[-49.934,-0.029],[-49.963,-0.033],[-49.975,-0.037],[-49.986,-0.043],[-49.994,-0.048],[-50.005,-0.053],[-50.013,-0.045],[-50.025,-0.024],[-50.045,-0.003],[-50.069,0.017],[-50.097,0.031],[-50.128,0.037],[-50.175,0.029],[-50.182,0.034],[-50.19,0.041],[-50.207,0.039],[-50.222,0.034],[-50.227,0.03],[-50.249,0.025],[-50.273,0.015],[-50.298,0.012],[-50.323,0.027],[-50.345,0.047],[-50.352,0.059],[-50.353,0.078],[-50.342,0.115],[-50.34,0.133],[-50.35,0.127],[-50.357,0.117],[-50.367,0.092],[-50.38,0.111],[-50.384,0.13],[-50.381,0.195],[-50.378,0.208],[-50.367,0.215],[-50.305,0.217],[-50.28,0.228],[-50.254,0.23],[-50.233,0.225],[-50.2,0.223],[-50.128,0.222],[-50.107,0.222],[-50.062,0.262],[-50.037,0.3]]],[[[-50.378,0.245],[-50.395,0.24],[-50.414,0.226],[-50.42,0.203],[-50.419,0.189],[-50.415,0.177],[-50.419,0.168],[-50.426,0.168],[-50.45,0.179],[-50.46,0.181],[-50.483,0.182],[-50.493,0.185],[-50.501,0.192],[-50.517,0.209],[-50.518,0.215],[-50.516,0.243],[-50.513,0.256],[-50.506,0.266],[-50.495,0.27],[-50.485,0.268],[-50.481,0.266],[-50.477,0.265],[-50.47,0.27],[-50.47,0.274],[-50.439,0.398],[-50.433,0.414],[-50.432,0.416],[-50.423,0.419],[-50.412,0.422],[-50.408,0.421],[-50.407,0.431],[-50.411,0.437],[-50.417,0.442],[-50.422,0.449],[-50.428,0.465],[-50.43,0.479],[-50.429,0.507],[-50.432,0.534],[-50.431,0.548],[-50.422,0.565],[-50.38,0.612],[-50.367,0.62],[-50.367,0.615],[-50.365,0.612],[-50.363,0.61],[-50.361,0.606],[-50.347,0.571],[-50.346,0.528],[-50.355,0.413],[-50.353,0.4],[-50.349,0.39],[-50.336,0.368],[-50.323,0.341],[-50.317,0.309],[-50.323,0.287],[-50.339,0.271],[-50.35,0.253],[-50.364,0.248],[-50.378,0.245]]],[[[-50.312,0.414],[-50.317,0.458],[-50.315,0.497],[-50.303,0.531],[-50.279,0.559],[-50.256,0.57],[-50.252,0.576],[-50.258,0.585],[-50.242,0.593],[-50.187,0.592],[-50.175,0.595],[-50.168,0.605],[-50.151,0.597],[-50.12,0.572],[-50.115,0.586],[-50.135,0.598],[-50.134,0.612],[-50.122,0.627],[-50.103,0.64],[-50.082,0.648],[-50.066,0.647],[-50.038,0.606],[-50.033,0.594],[-50.031,0.585],[-50.032,0.562],[-50.031,0.557],[-50.026,0.547],[-50.025,0.541],[-50.027,0.535],[-50.036,0.526],[-50.043,0.51],[-50.166,0.414],[-50.199,0.393],[-50.23,0.378],[-50.25,0.361],[-50.281,0.357],[-50.301,0.375],[-50.312,0.414]]],[[[-50.202,0.75],[-50.241,0.745],[-50.275,0.746],[-50.283,0.769],[-50.275,0.809],[-50.225,0.859],[-50.159,0.887],[-50.132,0.914],[-50.112,0.918],[-50.086,0.916],[-50.059,0.902],[-50.027,0.904],[-50.016,0.892],[-50.023,0.873],[-50.036,0.853],[-50.05,0.821],[-50.068,0.808],[-50.076,0.799],[-50.084,0.779],[-50.103,0.756],[-50.112,0.752],[-50.122,0.751],[-50.151,0.75],[-50.202,0.75]]],[[[-50.063,0.923],[-50.072,0.931],[-50.099,0.939],[-50.1,0.959],[-50.074,0.977],[-50.049,0.986],[-50.038,1.007],[-50.032,1.015],[-50.017,1.025],[-49.998,1.034],[-49.967,1.043],[-49.947,1.063],[-49.926,1.07],[-49.916,1.057],[-49.937,1.023],[-49.944,1.008],[-49.953,0.997],[-49.956,0.987],[-49.964,0.974],[-49.997,0.952],[-50.005,0.945],[-50.008,0.941],[-50.025,0.937],[-50.032,0.935],[-50.063,0.923]]],[[[-50.454,2.111],[-50.442,2.108],[-50.426,2.111],[-50.41,2.113],[-50.4,2.115],[-50.387,2.097],[-50.366,2.07],[-50.357,2.059],[-50.353,2.034],[-50.339,2.01],[-50.325,1.992],[-50.314,1.968],[-50.312,1.947],[-50.321,1.935],[-50.339,1.913],[-50.377,1.878],[-50.394,1.871],[-50.419,1.863],[-50.441,1.87],[-50.459,1.881],[-50.477,1.943],[-50.496,1.967],[-50.498,1.985],[-50.508,1.995],[-50.524,2.001],[-50.521,2.032],[-50.512,2.056],[-50.511,2.08],[-50.504,2.096],[-50.489,2.099],[-50.47,2.098],[-50.454,2.111]]],[[[-50.544,2.146],[-50.553,2.151],[-50.554,2.156],[-50.542,2.168],[-50.514,2.187],[-50.492,2.187],[-50.463,2.187],[-50.448,2.176],[-50.431,2.165],[-50.418,2.145],[-50.415,2.127],[-50.425,2.12],[-50.441,2.118],[-50.458,2.121],[-50.467,2.116],[-50.473,2.108],[-50.486,2.11],[-50.498,2.107],[-50.51,2.11],[-50.52,2.115],[-50.526,2.138],[-50.536,2.144],[-50.544,2.146]]],[[[-29.338,-20.584],[-29.348,-20.561],[-29.344,-20.551],[-29.332,-20.553],[-29.317,-20.569],[-29.324,-20.571],[-29.329,-20.575],[-29.333,-20.58],[-29.338,-20.584]]],[[[-28.883,-20.519],[-28.882,-20.515],[-28.881,-20.512],[-28.88,-20.511],[-28.877,-20.512],[-28.878,-20.514],[-28.879,-20.516],[-28.881,-20.517],[-28.883,-20.519]]],[[[-48.435,-27.405],[-48.427,-27.389],[-48.409,-27.4],[-48.39,-27.421],[-48.38,-27.436],[-48.377,-27.458],[-48.385,-27.477],[-48.396,-27.494],[-48.403,-27.512],[-48.408,-27.517],[-48.412,-27.524],[-48.414,-27.534],[-48.413,-27.546],[-48.407,-27.569],[-48.407,-27.579],[-48.415,-27.595],[-48.428,-27.613],[-48.442,-27.628],[-48.452,-27.634],[-48.497,-27.703],[-48.497,-27.724],[-48.482,-27.759],[-48.486,-27.774],[-48.494,-27.779],[-48.513,-27.784],[-48.52,-27.788],[-48.535,-27.808],[-48.543,-27.817],[-48.552,-27.819],[-48.56,-27.818],[-48.564,-27.817],[-48.565,-27.814],[-48.564,-27.74],[-48.557,-27.708],[-48.544,-27.682],[-48.559,-27.674],[-48.55,-27.658],[-48.524,-27.634],[-48.526,-27.611],[-48.54,-27.591],[-48.547,-27.577],[-48.528,-27.572],[-48.516,-27.57],[-48.508,-27.565],[-48.504,-27.556],[-48.503,-27.545],[-48.507,-27.54],[-48.514,-27.535],[-48.524,-27.531],[-48.524,-27.524],[-48.522,-27.518],[-48.519,-27.513],[-48.517,-27.507],[-48.52,-27.496],[-48.535,-27.484],[-48.538,-27.476],[-48.531,-27.463],[-48.519,-27.455],[-48.512,-27.445],[-48.517,-27.428],[-48.499,-27.426],[-48.446,-27.412],[-48.435,-27.405]]],[[[-48.544,-26.342],[-48.548,-26.352],[-48.575,-26.376],[-48.579,-26.385],[-48.58,-26.398],[-48.579,-26.421],[-48.583,-26.421],[-48.586,-26.42],[-48.592,-26.414],[-48.611,-26.413],[-48.628,-26.388],[-48.643,-26.359],[-48.657,-26.345],[-48.7,-26.317],[-48.703,-26.312],[-48.701,-26.307],[-48.684,-26.281],[-48.675,-26.274],[-48.664,-26.271],[-48.646,-26.268],[-48.64,-26.262],[-48.637,-26.252],[-48.63,-26.24],[-48.607,-26.227],[-48.578,-26.218],[-48.558,-26.205],[-48.566,-26.181],[-48.548,-26.167],[-48.531,-26.17],[-48.516,-26.184],[-48.493,-26.219],[-48.49,-26.228],[-48.489,-26.236],[-48.493,-26.244],[-48.508,-26.257],[-48.516,-26.281],[-48.539,-26.319],[-48.544,-26.342]]],[[[-47.517,-24.701],[-47.507,-24.7],[-47.483,-24.701],[-47.473,-24.698],[-47.459,-24.69],[-47.448,-24.687],[-47.448,-24.694],[-47.495,-24.724],[-47.53,-24.733],[-47.55,-24.742],[-47.785,-24.924],[-47.823,-24.942],[-47.838,-24.958],[-47.859,-24.989],[-47.877,-25.027],[-47.888,-25.041],[-47.9,-25.037],[-47.9,-25.016],[-47.884,-24.982],[-47.88,-24.965],[-47.872,-24.959],[-47.832,-24.913],[-47.717,-24.83],[-47.674,-24.811],[-47.613,-24.754],[-47.562,-24.736],[-47.535,-24.71],[-47.517,-24.701]]],[[[-46.328,-23.926],[-46.319,-23.928],[-46.319,-23.931],[-46.32,-23.935],[-46.317,-23.941],[-46.303,-23.958],[-46.292,-23.979],[-46.292,-23.991],[-46.341,-23.97],[-46.355,-23.971],[-46.366,-23.982],[-46.375,-23.978],[-46.392,-23.977],[-46.4,-23.975],[-46.405,-23.97],[-46.42,-23.947],[-46.407,-23.942],[-46.402,-23.943],[-46.394,-23.947],[-46.39,-23.941],[-46.388,-23.936],[-46.389,-23.929],[-46.394,-23.92],[-46.381,-23.92],[-46.348,-23.926],[-46.328,-23.926]]],[[[-45.214,-23.907],[-45.226,-23.909],[-45.227,-23.917],[-45.223,-23.928],[-45.221,-23.941],[-45.218,-23.945],[-45.218,-23.949],[-45.225,-23.958],[-45.229,-23.961],[-45.242,-23.968],[-45.246,-23.963],[-45.251,-23.962],[-45.256,-23.962],[-45.262,-23.961],[-45.272,-23.946],[-45.281,-23.925],[-45.29,-23.912],[-45.304,-23.92],[-45.31,-23.913],[-45.346,-23.928],[-45.386,-23.938],[-45.422,-23.935],[-45.447,-23.913],[-45.453,-23.891],[-45.447,-23.877],[-45.435,-23.867],[-45.42,-23.858],[-45.355,-23.8],[-45.345,-23.782],[-45.338,-23.752],[-45.334,-23.745],[-45.329,-23.737],[-45.327,-23.731],[-45.325,-23.725],[-45.317,-23.721],[-45.308,-23.721],[-45.297,-23.724],[-45.287,-23.728],[-45.237,-23.762],[-45.228,-23.772],[-45.235,-23.844],[-45.266,-23.839],[-45.271,-23.869],[-45.255,-23.898],[-45.221,-23.892],[-45.216,-23.899],[-45.215,-23.902],[-45.214,-23.907]]],[[[-44.101,-23.149],[-44.085,-23.162],[-44.082,-23.17],[-44.098,-23.174],[-44.104,-23.179],[-44.108,-23.18],[-44.113,-23.177],[-44.116,-23.173],[-44.118,-23.168],[-44.118,-23.165],[-44.128,-23.165],[-44.135,-23.165],[-44.141,-23.168],[-44.146,-23.173],[-44.159,-23.166],[-44.168,-23.172],[-44.177,-23.181],[-44.19,-23.187],[-44.231,-23.194],[-44.241,-23.193],[-44.256,-23.188],[-44.266,-23.181],[-44.276,-23.175],[-44.293,-23.173],[-44.302,-23.178],[-44.311,-23.191],[-44.319,-23.207],[-44.323,-23.221],[-44.328,-23.221],[-44.329,-23.22],[-44.329,-23.217],[-44.33,-23.214],[-44.338,-23.207],[-44.342,-23.199],[-44.342,-23.19],[-44.337,-23.18],[-44.354,-23.18],[-44.361,-23.178],[-44.365,-23.173],[-44.367,-23.165],[-44.365,-23.164],[-44.36,-23.164],[-44.323,-23.146],[-44.296,-23.118],[-44.284,-23.123],[-44.271,-23.115],[-44.248,-23.091],[-44.245,-23.086],[-44.241,-23.07],[-44.235,-23.069],[-44.23,-23.071],[-44.228,-23.075],[-44.228,-23.077],[-44.219,-23.078],[-44.208,-23.081],[-44.197,-23.085],[-44.187,-23.091],[-44.187,-23.097],[-44.193,-23.098],[-44.198,-23.1],[-44.202,-23.102],[-44.207,-23.105],[-44.187,-23.118],[-44.171,-23.11],[-44.163,-23.116],[-44.155,-23.126],[-44.142,-23.131],[-44.135,-23.128],[-44.13,-23.121],[-44.127,-23.114],[-44.124,-23.111],[-44.113,-23.115],[-44.113,-23.121],[-44.117,-23.127],[-44.118,-23.131],[-44.111,-23.14],[-44.101,-23.149]]],[[[-32.403,-3.838],[-32.392,-3.834],[-32.387,-3.841],[-32.389,-3.853],[-32.4,-3.862],[-32.414,-3.865],[-32.442,-3.881],[-32.454,-3.883],[-32.463,-3.878],[-32.457,-3.871],[-32.447,-3.864],[-32.441,-3.859],[-32.437,-3.85],[-32.427,-3.846],[-32.414,-3.843],[-32.403,-3.838]]],[[[-29.408,0.885],[-29.381,0.891],[-29.356,0.883],[-29.345,0.867],[-29.349,0.853],[-29.358,0.841],[-29.369,0.834],[-29.39,0.832],[-29.41,0.835],[-29.421,0.845],[-29.426,0.859],[-29.423,0.872],[-29.408,0.885]]],[[[-48.322,-25.384],[-48.298,-25.366],[-48.269,-25.348],[-48.255,-25.348],[-48.251,-25.365],[-48.257,-25.389],[-48.268,-25.427],[-48.267,-25.446],[-48.256,-25.466],[-48.27,-25.476],[-48.291,-25.489],[-48.309,-25.486],[-48.324,-25.468],[-48.319,-25.454],[-48.321,-25.442],[-48.34,-25.426],[-48.338,-25.408],[-48.322,-25.384]]],[[[-34.853,-7.697],[-34.846,-7.696],[-34.836,-7.697],[-34.83,-7.704],[-34.832,-7.712],[-34.828,-7.724],[-34.822,-7.739],[-34.822,-7.749],[-34.827,-7.765],[-34.834,-7.778],[-34.837,-7.796],[-34.838,-7.811],[-34.845,-7.814],[-34.858,-7.813],[-34.874,-7.809],[-34.884,-7.804],[-34.884,-7.788],[-34.883,-7.766],[-34.881,-7.754],[-34.871,-7.742],[-34.86,-7.728],[-34.858,-7.715],[-34.857,-7.704],[-34.853,-7.697]]],[[[-42.229,-2.693],[-42.217,-2.702],[-42.199,-2.72],[-42.166,-2.726],[-42.149,-2.735],[-42.127,-2.755],[-42.11,-2.763],[-42.106,-2.773],[-42.132,-2.774],[-42.17,-2.768],[-42.189,-2.755],[-42.215,-2.744],[-42.25,-2.736],[-42.258,-2.72],[-42.258,-2.696],[-42.251,-2.682],[-42.239,-2.681],[-42.229,-2.693]]],[[[-43.833,-2.454],[-43.834,-2.442],[-43.84,-2.432],[-43.849,-2.424],[-43.842,-2.417],[-43.84,-2.416],[-43.823,-2.408],[-43.813,-2.409],[-43.808,-2.421],[-43.812,-2.435],[-43.814,-2.454],[-43.814,-2.455],[-43.803,-2.457],[-43.801,-2.455],[-43.791,-2.442],[-43.79,-2.44],[-43.775,-2.429],[-43.764,-2.429],[-43.757,-2.448],[-43.761,-2.461],[-43.767,-2.476],[-43.771,-2.496],[-43.782,-2.505],[-43.809,-2.513],[-43.826,-2.514],[-43.838,-2.507],[-43.843,-2.494],[-43.843,-2.493],[-43.844,-2.48],[-43.838,-2.463],[-43.833,-2.454]]],[[[-43.565,-2.361],[-43.546,-2.36],[-43.542,-2.371],[-43.545,-2.39],[-43.556,-2.404],[-43.561,-2.417],[-43.561,-2.418],[-43.574,-2.423],[-43.586,-2.415],[-43.602,-2.412],[-43.607,-2.397],[-43.612,-2.385],[-43.608,-2.373],[-43.592,-2.369],[-43.58,-2.365],[-43.565,-2.361]]],[[[-49.48,-1.655],[-49.465,-1.654],[-49.436,-1.665],[-49.423,-1.674],[-49.422,-1.684],[-49.424,-1.697],[-49.432,-1.709],[-49.444,-1.713],[-49.468,-1.719],[-49.48,-1.731],[-49.496,-1.743],[-49.509,-1.745],[-49.523,-1.735],[-49.53,-1.717],[-49.528,-1.704],[-49.528,-1.684],[-49.525,-1.673],[-49.514,-1.663],[-49.502,-1.658],[-49.492,-1.662],[-49.48,-1.655]]]]}},{"type":"Feature","properties":{"iso":"URY","nombre":"URUGUAY"},"geometry":{"type":"Polygon","coordinates":[[[-57.603,-30.191],[-57.587,-30.204],[-57.567,-30.256],[-57.536,-30.274],[-57.511,-30.277],[-57.467,-30.27],[-57.443,-30.269],[-57.43,-30.275],[-57.415,-30.296],[-57.399,-30.299],[-57.389,-30.295],[-57.367,-30.277],[-57.354,-30.272],[-57.334,-30.273],[-57.322,-30.28],[-57.311,-30.288],[-57.296,-30.293],[-57.289,-30.291],[-57.276,-30.278],[-57.27,-30.275],[-57.262,-30.279],[-57.25,-30.29],[-57.245,-30.293],[-57.213,-30.287],[-57.184,-30.268],[-57.164,-30.239],[-57.158,-30.208],[-57.151,-30.182],[-57.13,-30.15],[-57.102,-30.121],[-57.077,-30.106],[-57.067,-30.107],[-57.049,-30.115],[-57.038,-30.115],[-57.018,-30.106],[-57.011,-30.103],[-56.975,-30.097],[-56.955,-30.097],[-56.906,-30.109],[-56.869,-30.103],[-56.831,-30.102],[-56.795,-30.124],[-56.777,-30.151],[-56.767,-30.161],[-56.705,-30.198],[-56.674,-30.211],[-56.657,-30.221],[-56.642,-30.234],[-56.633,-30.247],[-56.629,-30.268],[-56.632,-30.278],[-56.631,-30.285],[-56.615,-30.293],[-56.605,-30.296],[-56.596,-30.295],[-56.586,-30.297],[-56.575,-30.302],[-56.57,-30.308],[-56.561,-30.321],[-56.524,-30.357],[-56.511,-30.366],[-56.495,-30.379],[-56.441,-30.409],[-56.425,-30.424],[-56.4,-30.459],[-56.386,-30.476],[-56.373,-30.486],[-56.327,-30.508],[-56.268,-30.551],[-56.235,-30.565],[-56.215,-30.582],[-56.184,-30.615],[-56.178,-30.626],[-56.175,-30.636],[-56.171,-30.646],[-56.16,-30.654],[-56.14,-30.665],[-56.132,-30.672],[-56.125,-30.68],[-56.092,-30.736],[-56.077,-30.752],[-56.011,-30.798],[-55.995,-30.826],[-55.989,-30.856],[-55.994,-30.885],[-56.011,-30.913],[-56.016,-30.934],[-56.016,-31],[-56.022,-31.046],[-56.022,-31.067],[-56.017,-31.074],[-56.011,-31.082],[-56.01,-31.082],[-55.985,-31.079],[-55.919,-31.082],[-55.888,-31.077],[-55.864,-31.077],[-55.855,-31.075],[-55.847,-31.069],[-55.842,-31.064],[-55.838,-31.058],[-55.832,-31.052],[-55.817,-31.043],[-55.778,-31.02],[-55.764,-31.008],[-55.756,-30.993],[-55.745,-30.959],[-55.732,-30.945],[-55.713,-30.943],[-55.688,-30.948],[-55.666,-30.949],[-55.653,-30.939],[-55.651,-30.92],[-55.655,-30.879],[-55.65,-30.861],[-55.634,-30.848],[-55.613,-30.843],[-55.592,-30.848],[-55.564,-30.876],[-55.527,-30.895],[-55.511,-30.906],[-55.489,-30.93],[-55.443,-30.966],[-55.369,-31.037],[-55.354,-31.056],[-55.348,-31.073],[-55.345,-31.108],[-55.338,-31.126],[-55.327,-31.135],[-55.294,-31.154],[-55.282,-31.169],[-55.269,-31.211],[-55.26,-31.229],[-55.244,-31.245],[-55.228,-31.253],[-55.188,-31.267],[-55.17,-31.276],[-55.122,-31.314],[-55.102,-31.324],[-55.087,-31.327],[-55.074,-31.321],[-55.061,-31.305],[-55.042,-31.273],[-55.029,-31.269],[-55.011,-31.288],[-54.995,-31.312],[-54.97,-31.341],[-54.941,-31.366],[-54.9,-31.382],[-54.888,-31.393],[-54.876,-31.406],[-54.863,-31.418],[-54.85,-31.425],[-54.82,-31.435],[-54.654,-31.456],[-54.62,-31.456],[-54.605,-31.46],[-54.592,-31.471],[-54.574,-31.502],[-54.562,-31.516],[-54.51,-31.552],[-54.495,-31.566],[-54.483,-31.584],[-54.479,-31.601],[-54.477,-31.642],[-54.467,-31.664],[-54.464,-31.672],[-54.436,-31.694],[-54.404,-31.715],[-54.373,-31.739],[-54.343,-31.769],[-54.274,-31.823],[-54.219,-31.857],[-54.17,-31.896],[-54.146,-31.91],[-54.135,-31.909],[-54.126,-31.899],[-54.107,-31.884],[-54.088,-31.878],[-54.069,-31.88],[-54.05,-31.887],[-54.033,-31.898],[-54.027,-31.905],[-54.018,-31.92],[-54.009,-31.927],[-53.999,-31.93],[-53.966,-31.933],[-53.949,-31.937],[-53.934,-31.943],[-53.906,-31.959],[-53.894,-31.97],[-53.89,-31.98],[-53.887,-31.991],[-53.881,-32.001],[-53.871,-32.011],[-53.858,-32.021],[-53.83,-32.036],[-53.772,-32.047],[-53.757,-32.055],[-53.751,-32.069],[-53.75,-32.104],[-53.721,-32.162],[-53.671,-32.226],[-53.659,-32.254],[-53.652,-32.288],[-53.649,-32.339],[-53.644,-32.356],[-53.635,-32.369],[-53.609,-32.388],[-53.599,-32.4],[-53.582,-32.426],[-53.561,-32.45],[-53.538,-32.47],[-53.475,-32.508],[-53.416,-32.564],[-53.359,-32.58],[-53.316,-32.603],[-53.299,-32.607],[-53.267,-32.607],[-53.234,-32.625],[-53.201,-32.637],[-53.186,-32.647],[-53.12,-32.707],[-53.111,-32.722],[-53.114,-32.741],[-53.127,-32.755],[-53.163,-32.779],[-53.183,-32.8],[-53.204,-32.822],[-53.271,-32.864],[-53.299,-32.889],[-53.307,-32.907],[-53.31,-32.944],[-53.316,-32.963],[-53.327,-32.974],[-53.449,-33.042],[-53.483,-33.067],[-53.512,-33.099],[-53.521,-33.125],[-53.537,-33.171],[-53.536,-33.245],[-53.514,-33.395],[-53.537,-33.56],[-53.54,-33.649],[-53.512,-33.69],[-53.491,-33.69],[-53.473,-33.687],[-53.457,-33.688],[-53.44,-33.697],[-53.431,-33.713],[-53.424,-33.731],[-53.411,-33.742],[-53.379,-33.741],[-53.396,-33.751],[-53.415,-33.764],[-53.451,-33.802],[-53.473,-33.835],[-53.486,-33.869],[-53.506,-33.952],[-53.525,-34.002],[-53.53,-34.048],[-53.539,-34.062],[-53.574,-34.083],[-53.591,-34.095],[-53.64,-34.148],[-53.694,-34.182],[-53.711,-34.199],[-53.747,-34.257],[-53.756,-34.268],[-53.758,-34.278],[-53.78,-34.336],[-53.764,-34.372],[-53.765,-34.39],[-53.806,-34.401],[-53.898,-34.444],[-53.972,-34.487],[-54.125,-34.61],[-54.137,-34.624],[-54.141,-34.641],[-54.14,-34.656],[-54.146,-34.668],[-54.237,-34.685],[-54.26,-34.686],[-54.256,-34.678],[-54.25,-34.671],[-54.232,-34.658],[-54.239,-34.653],[-54.246,-34.647],[-54.25,-34.639],[-54.253,-34.631],[-54.251,-34.618],[-54.241,-34.594],[-54.239,-34.59],[-54.253,-34.578],[-54.28,-34.568],[-54.309,-34.562],[-54.329,-34.562],[-54.317,-34.569],[-54.28,-34.582],[-54.288,-34.595],[-54.304,-34.609],[-54.323,-34.619],[-54.338,-34.624],[-54.345,-34.631],[-54.345,-34.644],[-54.337,-34.655],[-54.321,-34.653],[-54.323,-34.645],[-54.308,-34.647],[-54.289,-34.66],[-54.28,-34.682],[-54.288,-34.695],[-54.306,-34.708],[-54.531,-34.807],[-54.542,-34.812],[-54.604,-34.826],[-54.636,-34.849],[-54.657,-34.857],[-54.699,-34.867],[-54.873,-34.936],[-54.894,-34.939],[-54.914,-34.945],[-54.939,-34.97],[-54.959,-34.973],[-54.954,-34.963],[-54.952,-34.957],[-54.952,-34.953],[-54.962,-34.94],[-54.976,-34.928],[-54.994,-34.921],[-55.033,-34.917],[-55.035,-34.913],[-55.035,-34.907],[-55.041,-34.898],[-55.051,-34.891],[-55.06,-34.888],[-55.082,-34.884],[-55.13,-34.886],[-55.222,-34.904],[-55.26,-34.898],[-55.286,-34.876],[-55.338,-34.819],[-55.377,-34.801],[-55.402,-34.8],[-55.468,-34.795],[-55.51,-34.799],[-55.561,-34.788],[-55.602,-34.772],[-55.647,-34.781],[-55.693,-34.765],[-55.757,-34.783],[-55.792,-34.774],[-55.859,-34.793],[-55.889,-34.803],[-55.954,-34.839],[-56.004,-34.869],[-56.07,-34.901],[-56.105,-34.898],[-56.136,-34.913],[-56.15,-34.92],[-56.156,-34.941],[-56.177,-34.916],[-56.195,-34.914],[-56.213,-34.908],[-56.205,-34.899],[-56.203,-34.888],[-56.215,-34.88],[-56.231,-34.878],[-56.237,-34.893],[-56.256,-34.906],[-56.266,-34.906],[-56.288,-34.903],[-56.311,-34.906],[-56.343,-34.884],[-56.403,-34.855],[-56.418,-34.843],[-56.421,-34.828],[-56.404,-34.816],[-56.387,-34.802],[-56.361,-34.797],[-56.376,-34.783],[-56.396,-34.776],[-56.448,-34.758],[-56.485,-34.754],[-56.52,-34.755],[-56.542,-34.767],[-56.558,-34.765],[-56.574,-34.759],[-56.611,-34.739],[-56.629,-34.733],[-56.646,-34.723],[-56.714,-34.707],[-56.795,-34.698],[-56.874,-34.67],[-56.891,-34.66],[-56.904,-34.636],[-56.92,-34.623],[-56.953,-34.603],[-56.977,-34.581],[-56.997,-34.564],[-57.016,-34.552],[-57.043,-34.538],[-57.057,-34.527],[-57.056,-34.513],[-57.062,-34.507],[-57.077,-34.498],[-57.083,-34.494],[-57.102,-34.476],[-57.12,-34.463],[-57.152,-34.451],[-57.203,-34.442],[-57.292,-34.44],[-57.347,-34.443],[-57.365,-34.43],[-57.411,-34.432],[-57.437,-34.445],[-57.449,-34.432],[-57.475,-34.43],[-57.503,-34.441],[-57.538,-34.454],[-57.569,-34.427],[-57.595,-34.425],[-57.624,-34.43],[-57.664,-34.445],[-57.72,-34.463],[-57.739,-34.461],[-57.764,-34.474],[-57.793,-34.472],[-57.823,-34.475],[-57.855,-34.471],[-57.846,-34.463],[-57.854,-34.448],[-57.882,-34.441],[-57.9,-34.417],[-57.898,-34.376],[-57.923,-34.354],[-57.943,-34.326],[-58.017,-34.253],[-58.05,-34.24],[-58.061,-34.225],[-58.077,-34.192],[-58.095,-34.178],[-58.119,-34.169],[-58.146,-34.165],[-58.169,-34.164],[-58.196,-34.159],[-58.209,-34.148],[-58.22,-34.11],[-58.232,-34.089],[-58.317,-33.987],[-58.335,-33.973],[-58.372,-33.954],[-58.389,-33.942],[-58.403,-33.923],[-58.41,-33.902],[-58.435,-33.785],[-58.439,-33.698],[-58.426,-33.613],[-58.429,-33.592],[-58.435,-33.572],[-58.438,-33.551],[-58.433,-33.528],[-58.42,-33.508],[-58.385,-33.47],[-58.379,-33.449],[-58.385,-33.429],[-58.413,-33.41],[-58.419,-33.39],[-58.413,-33.372],[-58.397,-33.356],[-58.361,-33.326],[-58.351,-33.306],[-58.349,-33.283],[-58.366,-33.196],[-58.367,-33.154],[-58.351,-33.122],[-58.31,-33.109],[-58.217,-33.114],[-58.174,-33.11],[-58.138,-33.095],[-58.1,-33.066],[-58.084,-33.048],[-58.077,-33.031],[-58.075,-33.008],[-58.071,-32.99],[-58.056,-32.952],[-58.048,-32.912],[-58.057,-32.882],[-58.077,-32.858],[-58.12,-32.819],[-58.131,-32.803],[-58.136,-32.784],[-58.138,-32.763],[-58.136,-32.718],[-58.138,-32.696],[-58.145,-32.678],[-58.138,-32.671],[-58.146,-32.645],[-58.157,-32.575],[-58.169,-32.561],[-58.177,-32.545],[-58.197,-32.47],[-58.2,-32.447],[-58.2,-32.445],[-58.19,-32.434],[-58.165,-32.389],[-58.102,-32.311],[-58.097,-32.281],[-58.107,-32.252],[-58.175,-32.174],[-58.187,-32.153],[-58.181,-32.132],[-58.159,-32.102],[-58.148,-32.063],[-58.145,-32.018],[-58.149,-31.975],[-58.159,-31.944],[-58.19,-31.913],[-58.203,-31.893],[-58.196,-31.873],[-58.169,-31.846],[-58.153,-31.836],[-58.131,-31.828],[-58.083,-31.82],[-58.059,-31.811],[-58.049,-31.797],[-57.989,-31.643],[-57.98,-31.599],[-57.987,-31.554],[-58.013,-31.526],[-58.039,-31.509],[-58.051,-31.501],[-58.075,-31.475],[-58.063,-31.444],[-58.044,-31.431],[-58.006,-31.411],[-57.99,-31.399],[-57.981,-31.381],[-57.976,-31.335],[-57.966,-31.315],[-57.959,-31.308],[-57.943,-31.297],[-57.936,-31.29],[-57.915,-31.252],[-57.905,-31.241],[-57.905,-31.215],[-57.912,-31.171],[-57.899,-31.126],[-57.874,-31.093],[-57.855,-31.059],[-57.863,-31.012],[-57.905,-30.959],[-57.912,-30.947],[-57.904,-30.93],[-57.885,-30.919],[-57.843,-30.909],[-57.82,-30.912],[-57.807,-30.908],[-57.802,-30.892],[-57.796,-30.868],[-57.795,-30.858],[-57.796,-30.816],[-57.799,-30.791],[-57.802,-30.773],[-57.809,-30.747],[-57.818,-30.712],[-57.826,-30.69],[-57.849,-30.648],[-57.863,-30.629],[-57.886,-30.59],[-57.89,-30.551],[-57.877,-30.515],[-57.85,-30.485],[-57.653,-30.329],[-57.631,-30.297],[-57.624,-30.258],[-57.638,-30.215],[-57.642,-30.193],[-57.603,-30.191]]]}},{"type":"Feature","properties":{"iso":"ECU","nombre":"ECUADOR"},"geometry":{"type":"MultiPolygon","coordinates":[[[[-78.829,1.434],[-78.77,1.394],[-78.749,1.365],[-78.719,1.341],[-78.709,1.324],[-78.699,1.302],[-78.684,1.282],[-78.665,1.267],[-78.641,1.259],[-78.626,1.262],[-78.612,1.266],[-78.602,1.264],[-78.6,1.244],[-78.597,1.234],[-78.576,1.212],[-78.57,1.196],[-78.556,1.204],[-78.541,1.205],[-78.485,1.193],[-78.478,1.187],[-78.467,1.178],[-78.373,1.074],[-78.349,1.056],[-78.33,1.047],[-78.271,1.03],[-78.25,1.02],[-78.12,0.921],[-78.078,0.901],[-78.007,0.898],[-77.939,0.873],[-77.928,0.872],[-77.923,0.875],[-77.918,0.874],[-77.909,0.864],[-77.905,0.854],[-77.905,0.843],[-77.903,0.832],[-77.893,0.823],[-77.869,0.814],[-77.848,0.809],[-77.828,0.809],[-77.808,0.813],[-77.728,0.843],[-77.703,0.843],[-77.673,0.82],[-77.667,0.748],[-77.646,0.716],[-77.58,0.671],[-77.543,0.656],[-77.514,0.661],[-77.509,0.661],[-77.468,0.651],[-77.455,0.602],[-77.448,0.497],[-77.439,0.464],[-77.435,0.434],[-77.424,0.408],[-77.397,0.388],[-77.363,0.375],[-77.256,0.353],[-77.237,0.346],[-77.223,0.339],[-77.207,0.334],[-77.185,0.335],[-77.135,0.354],[-77.117,0.358],[-77.104,0.354],[-77.083,0.349],[-77.045,0.306],[-77.015,0.296],[-76.975,0.295],[-76.962,0.293],[-76.946,0.287],[-76.936,0.28],[-76.914,0.258],[-76.897,0.245],[-76.882,0.24],[-76.867,0.24],[-76.798,0.25],[-76.785,0.249],[-76.75,0.233],[-76.734,0.233],[-76.737,0.273],[-76.725,0.278],[-76.69,0.268],[-76.641,0.263],[-76.627,0.259],[-76.611,0.247],[-76.584,0.223],[-76.565,0.216],[-76.551,0.218],[-76.525,0.231],[-76.426,0.243],[-76.408,0.255],[-76.418,0.321],[-76.416,0.395],[-76.416,0.402],[-76.407,0.4],[-76.385,0.401],[-76.375,0.404],[-76.365,0.407],[-76.341,0.437],[-76.335,0.442],[-76.33,0.445],[-76.312,0.459],[-76.3,0.462],[-76.291,0.457],[-76.263,0.428],[-76.244,0.415],[-76.224,0.407],[-76.202,0.402],[-76.178,0.4],[-76.156,0.401],[-76.145,0.4],[-76.136,0.397],[-76.13,0.386],[-76.125,0.36],[-76.12,0.352],[-76.101,0.353],[-76.076,0.361],[-76.053,0.364],[-76.044,0.349],[-76.04,0.337],[-75.972,0.252],[-75.968,0.239],[-75.963,0.22],[-75.952,0.204],[-75.927,0.181],[-75.866,0.144],[-75.858,0.13],[-75.818,0.1],[-75.79,0.084],[-75.773,0.078],[-75.754,0.073],[-75.732,0.071],[-75.709,0.073],[-75.666,0.083],[-75.647,0.085],[-75.627,0.079],[-75.611,0.065],[-75.598,0.05],[-75.588,0.044],[-75.57,0.038],[-75.523,-0.004],[-75.465,-0.04],[-75.441,-0.048],[-75.421,-0.062],[-75.365,-0.073],[-75.302,-0.096],[-75.283,-0.107],[-75.295,-0.122],[-75.318,-0.138],[-75.331,-0.145],[-75.344,-0.149],[-75.36,-0.15],[-75.394,-0.145],[-75.403,-0.146],[-75.429,-0.164],[-75.455,-0.161],[-75.526,-0.123],[-75.539,-0.12],[-75.553,-0.12],[-75.571,-0.122],[-75.587,-0.119],[-75.605,-0.111],[-75.623,-0.107],[-75.638,-0.111],[-75.643,-0.129],[-75.638,-0.151],[-75.629,-0.17],[-75.62,-0.181],[-75.61,-0.183],[-75.589,-0.181],[-75.579,-0.183],[-75.567,-0.19],[-75.546,-0.21],[-75.534,-0.216],[-75.512,-0.223],[-75.496,-0.233],[-75.485,-0.248],[-75.453,-0.361],[-75.434,-0.403],[-75.406,-0.442],[-75.387,-0.46],[-75.376,-0.467],[-75.365,-0.469],[-75.353,-0.468],[-75.347,-0.471],[-75.343,-0.477],[-75.304,-0.507],[-75.3,-0.512],[-75.295,-0.523],[-75.291,-0.528],[-75.286,-0.529],[-75.277,-0.524],[-75.272,-0.526],[-75.261,-0.543],[-75.257,-0.562],[-75.26,-0.601],[-75.259,-0.61],[-75.257,-0.617],[-75.256,-0.624],[-75.258,-0.633],[-75.267,-0.643],[-75.279,-0.649],[-75.289,-0.656],[-75.294,-0.668],[-75.293,-0.678],[-75.289,-0.696],[-75.288,-0.706],[-75.29,-0.716],[-75.297,-0.734],[-75.297,-0.747],[-75.253,-0.898],[-75.252,-0.907],[-75.254,-0.924],[-75.252,-0.933],[-75.244,-0.945],[-75.235,-0.953],[-75.227,-0.963],[-75.227,-0.97],[-75.236,-0.97],[-75.283,-0.97],[-75.326,-0.975],[-75.349,-0.975],[-75.359,-0.967],[-75.364,-0.957],[-75.378,-0.941],[-75.406,-0.915],[-75.413,-0.924],[-75.425,-0.973],[-75.455,-1.091],[-75.485,-1.209],[-75.515,-1.327],[-75.545,-1.445],[-75.56,-1.503],[-75.573,-1.537],[-75.581,-1.547],[-75.597,-1.566],[-75.651,-1.617],[-75.692,-1.664],[-75.742,-1.722],[-75.792,-1.78],[-75.842,-1.838],[-75.891,-1.896],[-75.941,-1.954],[-75.991,-2.013],[-76.041,-2.071],[-76.091,-2.129],[-76.151,-2.175],[-76.211,-2.22],[-76.27,-2.266],[-76.33,-2.312],[-76.39,-2.357],[-76.449,-2.403],[-76.509,-2.449],[-76.569,-2.494],[-76.625,-2.538],[-76.67,-2.565],[-76.685,-2.574],[-76.777,-2.606],[-76.902,-2.65],[-77.028,-2.694],[-77.154,-2.738],[-77.28,-2.782],[-77.405,-2.826],[-77.531,-2.87],[-77.657,-2.914],[-77.783,-2.957],[-77.81,-2.967],[-77.849,-2.981],[-77.868,-2.99],[-77.941,-3.055],[-78.043,-3.19],[-78.091,-3.23],[-78.105,-3.245],[-78.136,-3.305],[-78.148,-3.322],[-78.185,-3.35],[-78.196,-3.364],[-78.197,-3.386],[-78.185,-3.404],[-78.169,-3.415],[-78.157,-3.429],[-78.155,-3.457],[-78.164,-3.477],[-78.179,-3.484],[-78.197,-3.488],[-78.213,-3.501],[-78.226,-3.507],[-78.236,-3.489],[-78.25,-3.425],[-78.257,-3.41],[-78.27,-3.4],[-78.313,-3.387],[-78.334,-3.385],[-78.351,-3.39],[-78.362,-3.409],[-78.361,-3.415],[-78.355,-3.435],[-78.355,-3.446],[-78.363,-3.489],[-78.376,-3.529],[-78.377,-3.534],[-78.396,-3.574],[-78.402,-3.594],[-78.405,-3.614],[-78.404,-3.65],[-78.4,-3.67],[-78.401,-3.68],[-78.408,-3.686],[-78.421,-3.688],[-78.426,-3.689],[-78.426,-3.695],[-78.426,-3.707],[-78.414,-3.772],[-78.42,-3.791],[-78.444,-3.815],[-78.452,-3.82],[-78.464,-3.826],[-78.47,-3.83],[-78.481,-3.85],[-78.488,-3.869],[-78.498,-3.943],[-78.498,-3.95],[-78.502,-3.954],[-78.516,-3.961],[-78.529,-3.965],[-78.541,-3.966],[-78.552,-3.969],[-78.562,-3.98],[-78.567,-3.996],[-78.566,-4.056],[-78.577,-4.1],[-78.638,-4.227],[-78.647,-4.271],[-78.656,-4.291],[-78.674,-4.306],[-78.682,-4.327],[-78.681,-4.364],[-78.673,-4.402],[-78.661,-4.421],[-78.637,-4.435],[-78.64,-4.451],[-78.655,-4.47],[-78.67,-4.493],[-78.672,-4.512],[-78.671,-4.532],[-78.673,-4.551],[-78.682,-4.567],[-78.709,-4.585],[-78.72,-4.592],[-78.811,-4.629],[-78.853,-4.652],[-78.899,-4.694],[-78.917,-4.72],[-78.929,-4.747],[-78.928,-4.775],[-78.905,-4.82],[-78.9,-4.844],[-78.911,-4.864],[-78.934,-4.869],[-78.96,-4.869],[-78.98,-4.874],[-78.991,-4.89],[-79.002,-4.939],[-79.009,-4.96],[-79.035,-4.987],[-79.064,-5.011],[-79.082,-4.993],[-79.093,-4.985],[-79.104,-4.98],[-79.115,-4.979],[-79.131,-4.983],[-79.141,-4.983],[-79.158,-4.979],[-79.192,-4.968],[-79.209,-4.965],[-79.234,-4.966],[-79.28,-4.967],[-79.303,-4.961],[-79.317,-4.944],[-79.328,-4.923],[-79.341,-4.904],[-79.35,-4.898],[-79.369,-4.891],[-79.378,-4.885],[-79.383,-4.876],[-79.39,-4.856],[-79.395,-4.848],[-79.413,-4.835],[-79.433,-4.824],[-79.451,-4.81],[-79.458,-4.789],[-79.461,-4.77],[-79.461,-4.769],[-79.487,-4.72],[-79.499,-4.661],[-79.528,-4.618],[-79.527,-4.597],[-79.504,-4.556],[-79.502,-4.541],[-79.507,-4.532],[-79.528,-4.52],[-79.552,-4.52],[-79.558,-4.517],[-79.572,-4.506],[-79.58,-4.502],[-79.63,-4.452],[-79.658,-4.439],[-79.694,-4.444],[-79.729,-4.464],[-79.796,-4.485],[-79.833,-4.479],[-79.858,-4.453],[-79.879,-4.422],[-79.904,-4.399],[-79.93,-4.392],[-79.956,-4.392],[-79.982,-4.389],[-80.009,-4.374],[-80.029,-4.36],[-80.062,-4.324],[-80.08,-4.309],[-80.097,-4.303],[-80.117,-4.299],[-80.134,-4.294],[-80.14,-4.283],[-80.143,-4.284],[-80.184,-4.289],[-80.195,-4.293],[-80.205,-4.298],[-80.213,-4.305],[-80.222,-4.319],[-80.232,-4.354],[-80.24,-4.37],[-80.255,-4.387],[-80.332,-4.446],[-80.373,-4.468],[-80.383,-4.476],[-80.391,-4.477],[-80.408,-4.478],[-80.425,-4.472],[-80.47,-4.446],[-80.484,-4.434],[-80.492,-4.413],[-80.489,-4.396],[-80.356,-4.221],[-80.345,-4.198],[-80.391,-4.204],[-80.435,-4.217],[-80.47,-4.213],[-80.491,-4.169],[-80.491,-4.16],[-80.487,-4.141],[-80.487,-4.131],[-80.493,-4.118],[-80.509,-4.096],[-80.514,-4.083],[-80.512,-4.065],[-80.512,-4.064],[-80.504,-4.039],[-80.492,-4.015],[-80.481,-3.999],[-80.466,-3.988],[-80.448,-3.983],[-80.427,-3.981],[-80.407,-3.982],[-80.386,-3.989],[-80.344,-4.012],[-80.326,-4.015],[-80.305,-4.005],[-80.288,-3.984],[-80.273,-3.961],[-80.259,-3.944],[-80.181,-3.908],[-80.165,-3.89],[-80.165,-3.881],[-80.165,-3.88],[-80.171,-3.874],[-80.18,-3.868],[-80.189,-3.858],[-80.191,-3.849],[-80.191,-3.831],[-80.193,-3.822],[-80.202,-3.801],[-80.222,-3.769],[-80.226,-3.749],[-80.224,-3.742],[-80.22,-3.735],[-80.217,-3.727],[-80.218,-3.717],[-80.224,-3.698],[-80.225,-3.691],[-80.225,-3.681],[-80.223,-3.672],[-80.217,-3.652],[-80.215,-3.643],[-80.216,-3.632],[-80.222,-3.612],[-80.222,-3.601],[-80.225,-3.592],[-80.234,-3.588],[-80.244,-3.585],[-80.25,-3.578],[-80.25,-3.57],[-80.242,-3.543],[-80.24,-3.524],[-80.24,-3.514],[-80.243,-3.505],[-80.249,-3.498],[-80.266,-3.491],[-80.272,-3.486],[-80.274,-3.465],[-80.268,-3.444],[-80.266,-3.426],[-80.28,-3.416],[-80.318,-3.406],[-80.334,-3.397],[-80.341,-3.393],[-80.343,-3.386],[-80.344,-3.379],[-80.341,-3.369],[-80.328,-3.361],[-80.321,-3.349],[-80.316,-3.335],[-80.307,-3.321],[-80.317,-3.349],[-80.321,-3.356],[-80.314,-3.376],[-80.302,-3.367],[-80.297,-3.335],[-80.286,-3.321],[-80.259,-3.348],[-80.246,-3.342],[-80.173,-3.328],[-80.161,-3.329],[-80.152,-3.331],[-80.145,-3.331],[-80.136,-3.328],[-80.113,-3.301],[-80.108,-3.297],[-80.07,-3.218],[-80.06,-3.204],[-80.038,-3.208],[-80.033,-3.232],[-80.04,-3.28],[-80.029,-3.274],[-80.023,-3.264],[-80.017,-3.253],[-80.009,-3.242],[-80,-3.235],[-79.968,-3.215],[-79.953,-3.197],[-79.943,-3.177],[-79.938,-3.154],[-79.933,-3.115],[-79.917,-3.079],[-79.883,-3.025],[-79.875,-3.005],[-79.885,-2.988],[-79.881,-2.965],[-79.868,-2.926],[-79.866,-2.909],[-79.835,-2.807],[-79.813,-2.769],[-79.811,-2.762],[-79.801,-2.741],[-79.798,-2.718],[-79.776,-2.659],[-79.765,-2.642],[-79.735,-2.612],[-79.726,-2.594],[-79.725,-2.57],[-79.732,-2.525],[-79.745,-2.49],[-79.748,-2.485],[-79.77,-2.486],[-79.781,-2.485],[-79.79,-2.481],[-79.802,-2.463],[-79.821,-2.409],[-79.833,-2.389],[-79.839,-2.377],[-79.841,-2.363],[-79.84,-2.305],[-79.847,-2.258],[-79.848,-2.245],[-79.841,-2.223],[-79.84,-2.21],[-79.844,-2.204],[-79.846,-2.199],[-79.859,-2.182],[-79.862,-2.18],[-79.863,-2.173],[-79.866,-2.168],[-79.869,-2.161],[-79.868,-2.149],[-79.863,-2.138],[-79.856,-2.129],[-79.854,-2.12],[-79.862,-2.108],[-79.846,-2.092],[-79.831,-2.087],[-79.818,-2.08],[-79.813,-2.056],[-79.806,-2.045],[-79.789,-2.038],[-79.773,-2.027],[-79.766,-2.005],[-79.825,-2.039],[-79.831,-2.044],[-79.834,-2.052],[-79.835,-2.07],[-79.842,-2.073],[-79.874,-2.075],[-79.882,-2.084],[-79.883,-2.092],[-79.892,-2.116],[-79.9,-2.156],[-79.902,-2.185],[-79.896,-2.214],[-79.865,-2.267],[-79.863,-2.297],[-79.879,-2.492],[-79.889,-2.532],[-79.896,-2.543],[-79.923,-2.574],[-79.933,-2.58],[-79.949,-2.585],[-79.984,-2.605],[-79.998,-2.608],[-80.008,-2.603],[-80.014,-2.59],[-80.022,-2.587],[-80.044,-2.589],[-80.051,-2.587],[-80.064,-2.577],[-80.069,-2.561],[-80.056,-2.545],[-80.026,-2.525],[-80.017,-2.504],[-80.012,-2.489],[-80.002,-2.48],[-79.975,-2.477],[-79.968,-2.481],[-79.963,-2.49],[-79.955,-2.498],[-79.944,-2.498],[-79.934,-2.493],[-79.93,-2.484],[-79.93,-2.474],[-79.936,-2.463],[-79.941,-2.484],[-79.954,-2.48],[-79.978,-2.457],[-80,-2.459],[-80.02,-2.469],[-80.034,-2.474],[-80.04,-2.46],[-80.036,-2.438],[-80.017,-2.395],[-80.013,-2.371],[-80.009,-2.359],[-80,-2.354],[-79.989,-2.352],[-79.978,-2.347],[-79.97,-2.34],[-79.95,-2.307],[-79.959,-2.31],[-79.964,-2.313],[-79.975,-2.324],[-79.983,-2.327],[-80.003,-2.325],[-80.013,-2.326],[-80.024,-2.334],[-80.033,-2.346],[-80.076,-2.458],[-80.144,-2.553],[-80.175,-2.587],[-80.208,-2.601],[-80.215,-2.614],[-80.223,-2.623],[-80.232,-2.629],[-80.241,-2.629],[-80.247,-2.624],[-80.25,-2.618],[-80.255,-2.612],[-80.27,-2.605],[-80.28,-2.613],[-80.283,-2.629],[-80.28,-2.649],[-80.276,-2.652],[-80.249,-2.68],[-80.245,-2.688],[-80.244,-2.699],[-80.245,-2.721],[-80.255,-2.73],[-80.278,-2.727],[-80.321,-2.711],[-80.363,-2.675],[-80.378,-2.666],[-80.39,-2.654],[-80.396,-2.649],[-80.403,-2.647],[-80.42,-2.645],[-80.43,-2.642],[-80.468,-2.618],[-80.574,-2.493],[-80.657,-2.416],[-80.689,-2.405],[-80.718,-2.391],[-80.751,-2.392],[-80.803,-2.375],[-80.822,-2.366],[-80.864,-2.329],[-80.886,-2.321],[-80.902,-2.321],[-80.914,-2.319],[-80.921,-2.31],[-80.927,-2.276],[-80.935,-2.261],[-80.951,-2.238],[-80.965,-2.223],[-81.002,-2.194],[-81.006,-2.187],[-81.011,-2.177],[-81.013,-2.167],[-81.009,-2.163],[-81.001,-2.164],[-80.998,-2.169],[-80.995,-2.173],[-80.992,-2.176],[-80.967,-2.182],[-80.955,-2.183],[-80.949,-2.186],[-80.944,-2.203],[-80.931,-2.217],[-80.906,-2.216],[-80.871,-2.203],[-80.82,-2.162],[-80.781,-2.143],[-80.745,-2.103],[-80.737,-2.043],[-80.752,-2.013],[-80.76,-1.982],[-80.763,-1.974],[-80.758,-1.963],[-80.747,-1.961],[-80.733,-1.954],[-80.73,-1.929],[-80.733,-1.904],[-80.761,-1.798],[-80.776,-1.755],[-80.782,-1.737],[-80.791,-1.722],[-80.8,-1.71],[-80.812,-1.692],[-80.836,-1.634],[-80.85,-1.616],[-80.854,-1.603],[-80.856,-1.588],[-80.852,-1.577],[-80.816,-1.552],[-80.821,-1.529],[-80.821,-1.5],[-80.812,-1.492],[-80.8,-1.481],[-80.787,-1.478],[-80.771,-1.478],[-80.767,-1.465],[-80.767,-1.451],[-80.765,-1.431],[-80.76,-1.414],[-80.764,-1.391],[-80.76,-1.377],[-80.743,-1.368],[-80.744,-1.344],[-80.774,-1.303],[-80.834,-1.231],[-80.882,-1.146],[-80.903,-1.095],[-80.916,-1.066],[-80.91,-1.045],[-80.898,-1.033],[-80.884,-1.021],[-80.871,-1.007],[-80.863,-0.997],[-80.855,-0.987],[-80.842,-0.973],[-80.83,-0.959],[-80.827,-0.951],[-80.816,-0.946],[-80.802,-0.951],[-80.788,-0.951],[-80.774,-0.942],[-80.761,-0.937],[-80.746,-0.94],[-80.734,-0.935],[-80.722,-0.931],[-80.724,-0.94],[-80.706,-0.949],[-80.691,-0.95],[-80.679,-0.939],[-80.671,-0.936],[-80.664,-0.926],[-80.653,-0.923],[-80.643,-0.937],[-80.635,-0.939],[-80.616,-0.941],[-80.591,-0.932],[-80.57,-0.912],[-80.547,-0.888],[-80.533,-0.826],[-80.529,-0.807],[-80.516,-0.742],[-80.498,-0.692],[-80.475,-0.647],[-80.462,-0.618],[-80.458,-0.613],[-80.449,-0.606],[-80.435,-0.604],[-80.422,-0.6],[-80.42,-0.626],[-80.406,-0.646],[-80.379,-0.658],[-80.353,-0.661],[-80.299,-0.662],[-80.299,-0.65],[-80.327,-0.643],[-80.357,-0.636],[-80.378,-0.636],[-80.392,-0.625],[-80.403,-0.597],[-80.416,-0.574],[-80.43,-0.568],[-80.437,-0.558],[-80.438,-0.534],[-80.449,-0.506],[-80.452,-0.477],[-80.466,-0.445],[-80.485,-0.424],[-80.496,-0.381],[-80.486,-0.367],[-80.465,-0.365],[-80.433,-0.339],[-80.401,-0.292],[-80.391,-0.274],[-80.389,-0.261],[-80.38,-0.239],[-80.371,-0.223],[-80.35,-0.215],[-80.337,-0.195],[-80.324,-0.173],[-80.305,-0.189],[-80.284,-0.179],[-80.26,-0.16],[-80.232,-0.14],[-80.172,-0.075],[-80.125,-0.014],[-80.108,0.007],[-80.101,0.027],[-80.099,0.039],[-80.094,0.043],[-80.087,0.046],[-80.066,0.052],[-80.051,0.09],[-80.043,0.123],[-80.037,0.176],[-80.038,0.2],[-80.046,0.243],[-80.048,0.318],[-80.039,0.345],[-80.039,0.353],[-80.037,0.357],[-80.026,0.352],[-80.021,0.347],[-80.017,0.34],[-80.013,0.325],[-80.005,0.325],[-80.004,0.337],[-79.993,0.357],[-79.991,0.365],[-79.993,0.378],[-79.999,0.387],[-80.013,0.4],[-80.036,0.439],[-80.044,0.459],[-80.046,0.479],[-80.043,0.501],[-80.036,0.513],[-80.028,0.522],[-80.019,0.538],[-80.017,0.559],[-80.022,0.579],[-80.03,0.597],[-80.036,0.625],[-80.045,0.637],[-80.059,0.645],[-80.078,0.647],[-80.09,0.652],[-80.099,0.664],[-80.105,0.68],[-80.108,0.695],[-80.109,0.738],[-80.097,0.78],[-80.076,0.816],[-80.046,0.84],[-80.029,0.831],[-80.014,0.829],[-79.981,0.832],[-79.966,0.836],[-79.947,0.855],[-79.933,0.859],[-79.919,0.861],[-79.894,0.871],[-79.862,0.876],[-79.843,0.891],[-79.831,0.894],[-79.823,0.897],[-79.793,0.922],[-79.786,0.929],[-79.773,0.948],[-79.766,0.955],[-79.742,0.966],[-79.682,0.985],[-79.656,1.004],[-79.65,0.993],[-79.65,0.984],[-79.67,0.922],[-79.665,0.907],[-79.657,0.898],[-79.647,0.891],[-79.635,0.88],[-79.622,0.853],[-79.615,0.845],[-79.631,0.89],[-79.644,0.901],[-79.648,0.907],[-79.648,0.913],[-79.643,0.922],[-79.642,0.928],[-79.644,0.953],[-79.641,0.972],[-79.633,0.986],[-79.615,0.996],[-79.572,0.984],[-79.524,1.01],[-79.457,1.072],[-79.435,1.078],[-79.365,1.072],[-79.356,1.075],[-79.333,1.083],[-79.323,1.086],[-79.296,1.085],[-79.283,1.087],[-79.272,1.093],[-79.248,1.08],[-79.22,1.084],[-79.191,1.094],[-79.166,1.1],[-79.147,1.11],[-79.072,1.21],[-79.057,1.218],[-79.033,1.209],[-79.013,1.193],[-79,1.172],[-78.994,1.148],[-78.992,1.12],[-78.973,1.13],[-78.962,1.145],[-78.958,1.163],[-78.955,1.207],[-78.948,1.219],[-78.94,1.228],[-78.929,1.243],[-78.926,1.235],[-78.92,1.231],[-78.912,1.231],[-78.902,1.236],[-78.893,1.245],[-78.891,1.252],[-78.892,1.26],[-78.888,1.27],[-78.872,1.289],[-78.855,1.292],[-78.813,1.277],[-78.82,1.292],[-78.838,1.296],[-78.859,1.299],[-78.875,1.305],[-78.882,1.319],[-78.878,1.332],[-78.87,1.344],[-78.832,1.381],[-78.827,1.395],[-78.827,1.41],[-78.831,1.423],[-78.829,1.434]]],[[[-80.06,-2.663],[-80.015,-2.664],[-79.946,-2.707],[-79.903,-2.717],[-79.904,-2.725],[-79.907,-2.732],[-79.911,-2.739],[-79.916,-2.745],[-79.928,-2.754],[-79.978,-2.776],[-79.981,-2.785],[-79.995,-2.798],[-79.998,-2.803],[-80.004,-2.819],[-80.013,-2.834],[-80.021,-2.843],[-80.023,-2.843],[-80.034,-2.861],[-80.046,-2.885],[-80.058,-2.908],[-80.065,-2.924],[-80.081,-2.931],[-80.094,-2.946],[-80.094,-2.969],[-80.109,-2.984],[-80.115,-2.998],[-80.131,-3.021],[-80.167,-3.017],[-80.187,-3.029],[-80.204,-3.034],[-80.228,-3.032],[-80.252,-3.026],[-80.266,-3.018],[-80.272,-2.996],[-80.266,-2.961],[-80.262,-2.841],[-80.259,-2.827],[-80.225,-2.765],[-80.211,-2.725],[-80.196,-2.715],[-80.136,-2.697],[-80.081,-2.67],[-80.06,-2.663]]],[[[-89.661,-1.34],[-89.635,-1.349],[-89.615,-1.37],[-89.613,-1.392],[-89.643,-1.402],[-89.676,-1.398],[-89.757,-1.361],[-89.736,-1.34],[-89.721,-1.343],[-89.674,-1.343],[-89.661,-1.34]]],[[[-90.381,-1.254],[-90.379,-1.257],[-90.374,-1.26],[-90.369,-1.265],[-90.366,-1.272],[-90.367,-1.279],[-90.369,-1.283],[-90.372,-1.285],[-90.373,-1.289],[-90.376,-1.292],[-90.389,-1.296],[-90.394,-1.299],[-90.395,-1.303],[-90.393,-1.315],[-90.394,-1.32],[-90.399,-1.326],[-90.432,-1.346],[-90.439,-1.347],[-90.475,-1.342],[-90.489,-1.332],[-90.503,-1.318],[-90.524,-1.306],[-90.515,-1.296],[-90.506,-1.282],[-90.5,-1.268],[-90.493,-1.238],[-90.483,-1.222],[-90.472,-1.217],[-90.463,-1.231],[-90.443,-1.226],[-90.415,-1.231],[-90.391,-1.242],[-90.381,-1.254]]],[[[-89.308,-0.686],[-89.296,-0.693],[-89.283,-0.693],[-89.269,-0.688],[-89.257,-0.682],[-89.255,-0.719],[-89.273,-0.76],[-89.302,-0.796],[-89.332,-0.819],[-89.367,-0.83],[-89.373,-0.836],[-89.375,-0.845],[-89.386,-0.875],[-89.407,-0.905],[-89.42,-0.919],[-89.435,-0.929],[-89.45,-0.934],[-89.466,-0.936],[-89.5,-0.935],[-89.51,-0.939],[-89.531,-0.953],[-89.545,-0.957],[-89.554,-0.954],[-89.576,-0.94],[-89.586,-0.935],[-89.621,-0.93],[-89.63,-0.926],[-89.631,-0.917],[-89.625,-0.906],[-89.613,-0.891],[-89.605,-0.883],[-89.565,-0.864],[-89.551,-0.854],[-89.541,-0.819],[-89.531,-0.818],[-89.489,-0.808],[-89.477,-0.797],[-89.462,-0.765],[-89.453,-0.753],[-89.427,-0.728],[-89.421,-0.72],[-89.413,-0.713],[-89.377,-0.7],[-89.366,-0.69],[-89.351,-0.689],[-89.32,-0.681],[-89.308,-0.686]]],[[[-90.192,-0.538],[-90.181,-0.549],[-90.183,-0.572],[-90.196,-0.614],[-90.195,-0.626],[-90.19,-0.64],[-90.188,-0.652],[-90.191,-0.654],[-90.199,-0.676],[-90.199,-0.682],[-90.216,-0.688],[-90.228,-0.704],[-90.238,-0.722],[-90.25,-0.737],[-90.26,-0.743],[-90.265,-0.745],[-90.314,-0.744],[-90.319,-0.747],[-90.324,-0.767],[-90.337,-0.777],[-90.355,-0.78],[-90.373,-0.778],[-90.407,-0.767],[-90.429,-0.762],[-90.436,-0.758],[-90.44,-0.753],[-90.446,-0.751],[-90.453,-0.744],[-90.474,-0.713],[-90.483,-0.703],[-90.498,-0.704],[-90.516,-0.7],[-90.534,-0.692],[-90.545,-0.682],[-90.546,-0.669],[-90.545,-0.62],[-90.539,-0.594],[-90.528,-0.57],[-90.513,-0.549],[-90.497,-0.532],[-90.488,-0.525],[-90.461,-0.514],[-90.449,-0.511],[-90.438,-0.511],[-90.416,-0.517],[-90.408,-0.518],[-90.399,-0.515],[-90.387,-0.508],[-90.381,-0.505],[-90.286,-0.494],[-90.264,-0.483],[-90.258,-0.485],[-90.253,-0.489],[-90.247,-0.493],[-90.243,-0.497],[-90.241,-0.507],[-90.242,-0.518],[-90.241,-0.528],[-90.233,-0.532],[-90.223,-0.533],[-90.203,-0.537],[-90.192,-0.538]]],[[[-91.401,-0.453],[-91.411,-0.458],[-91.48,-0.486],[-91.497,-0.49],[-91.508,-0.49],[-91.517,-0.487],[-91.538,-0.473],[-91.557,-0.468],[-91.587,-0.456],[-91.591,-0.456],[-91.602,-0.457],[-91.607,-0.456],[-91.611,-0.453],[-91.612,-0.45],[-91.611,-0.446],[-91.613,-0.442],[-91.631,-0.424],[-91.644,-0.404],[-91.652,-0.381],[-91.659,-0.335],[-91.671,-0.298],[-91.669,-0.285],[-91.581,-0.287],[-91.544,-0.268],[-91.497,-0.258],[-91.474,-0.249],[-91.467,-0.25],[-91.456,-0.258],[-91.421,-0.293],[-91.412,-0.299],[-91.4,-0.308],[-91.397,-0.329],[-91.401,-0.367],[-91.401,-0.453]]],[[[-90.565,-0.285],[-90.552,-0.293],[-90.558,-0.311],[-90.579,-0.343],[-90.587,-0.364],[-90.605,-0.37],[-90.628,-0.367],[-90.67,-0.354],[-90.74,-0.354],[-90.759,-0.348],[-90.777,-0.337],[-90.796,-0.331],[-90.818,-0.34],[-90.832,-0.323],[-90.839,-0.297],[-90.849,-0.276],[-90.874,-0.271],[-90.832,-0.213],[-90.829,-0.199],[-90.835,-0.182],[-90.827,-0.164],[-90.81,-0.151],[-90.792,-0.148],[-90.784,-0.153],[-90.781,-0.153],[-90.777,-0.148],[-90.758,-0.162],[-90.689,-0.185],[-90.665,-0.189],[-90.632,-0.201],[-90.58,-0.26],[-90.552,-0.278],[-90.556,-0.279],[-90.559,-0.28],[-90.565,-0.285]]],[[[-90.811,-0.731],[-90.802,-0.736],[-90.796,-0.736],[-90.793,-0.739],[-90.792,-0.754],[-90.797,-0.76],[-90.821,-0.77],[-90.829,-0.775],[-90.86,-0.873],[-90.857,-0.897],[-90.859,-0.915],[-90.88,-0.909],[-90.892,-0.925],[-90.918,-0.954],[-90.929,-0.97],[-90.946,-0.962],[-90.962,-0.961],[-90.994,-0.963],[-91.013,-0.969],[-91.045,-0.992],[-91.16,-1.03],[-91.182,-1.025],[-91.197,-1.03],[-91.287,-1.017],[-91.4,-1.018],[-91.421,-1.012],[-91.436,-0.997],[-91.44,-0.987],[-91.442,-0.976],[-91.442,-0.953],[-91.446,-0.942],[-91.455,-0.939],[-91.467,-0.939],[-91.477,-0.935],[-91.502,-0.896],[-91.493,-0.851],[-91.466,-0.808],[-91.436,-0.778],[-91.319,-0.703],[-91.314,-0.695],[-91.314,-0.688],[-91.31,-0.683],[-91.295,-0.682],[-91.27,-0.671],[-91.235,-0.662],[-91.223,-0.662],[-91.212,-0.665],[-91.206,-0.669],[-91.201,-0.673],[-91.196,-0.676],[-91.179,-0.682],[-91.168,-0.683],[-91.158,-0.679],[-91.153,-0.673],[-91.143,-0.658],[-91.138,-0.655],[-91.137,-0.644],[-91.128,-0.623],[-91.114,-0.608],[-91.099,-0.614],[-91.088,-0.597],[-91.087,-0.582],[-91.094,-0.569],[-91.107,-0.559],[-91.12,-0.552],[-91.15,-0.544],[-91.161,-0.538],[-91.185,-0.517],[-91.209,-0.485],[-91.228,-0.449],[-91.237,-0.415],[-91.236,-0.386],[-91.239,-0.376],[-91.251,-0.367],[-91.259,-0.364],[-91.272,-0.363],[-91.278,-0.36],[-91.282,-0.356],[-91.291,-0.34],[-91.352,-0.307],[-91.375,-0.282],[-91.374,-0.25],[-91.394,-0.238],[-91.406,-0.216],[-91.405,-0.196],[-91.381,-0.189],[-91.399,-0.163],[-91.406,-0.148],[-91.409,-0.131],[-91.409,-0.096],[-91.41,-0.087],[-91.414,-0.071],[-91.415,-0.062],[-91.423,-0.029],[-91.446,-0.012],[-91.476,-0.011],[-91.511,-0.024],[-91.546,-0.048],[-91.563,-0.052],[-91.583,-0.041],[-91.603,-0.014],[-91.607,-0.007],[-91.604,0.001],[-91.599,0.006],[-91.591,0.009],[-91.524,0.046],[-91.504,0.066],[-91.497,0.106],[-91.473,0.098],[-91.453,0.104],[-91.434,0.114],[-91.401,0.123],[-91.394,0.131],[-91.388,0.14],[-91.381,0.147],[-91.369,0.151],[-91.35,0.15],[-91.34,0.154],[-91.324,0.139],[-91.316,0.116],[-91.312,0.095],[-91.309,0.086],[-91.295,0.076],[-91.284,0.033],[-91.275,0.024],[-91.269,0.019],[-91.254,0],[-91.247,-0.004],[-91.226,-0.005],[-91.216,-0.007],[-91.209,-0.011],[-91.202,-0.028],[-91.201,-0.053],[-91.203,-0.099],[-91.185,-0.211],[-91.174,-0.228],[-91.132,-0.266],[-91.128,-0.271],[-91.127,-0.277],[-91.127,-0.288],[-91.124,-0.3],[-91.117,-0.304],[-91.11,-0.306],[-91.107,-0.309],[-91.005,-0.373],[-90.998,-0.384],[-90.995,-0.393],[-90.99,-0.402],[-90.976,-0.415],[-90.972,-0.418],[-90.956,-0.422],[-90.956,-0.428],[-90.958,-0.434],[-90.961,-0.439],[-90.962,-0.442],[-90.953,-0.48],[-90.949,-0.521],[-90.955,-0.54],[-90.982,-0.563],[-90.99,-0.579],[-90.968,-0.565],[-90.961,-0.573],[-90.961,-0.592],[-90.956,-0.607],[-90.914,-0.615],[-90.893,-0.626],[-90.895,-0.648],[-90.881,-0.65],[-90.869,-0.655],[-90.86,-0.664],[-90.853,-0.676],[-90.86,-0.69],[-90.846,-0.695],[-90.811,-0.731]]],[[[-90.514,0.284],[-90.524,0.287],[-90.533,0.295],[-90.541,0.304],[-90.545,0.311],[-90.542,0.334],[-90.526,0.35],[-90.504,0.361],[-90.483,0.365],[-90.46,0.358],[-90.436,0.347],[-90.417,0.331],[-90.408,0.311],[-90.415,0.296],[-90.432,0.28],[-90.455,0.267],[-90.476,0.263],[-90.488,0.267],[-90.501,0.281],[-90.514,0.284]]],[[[-90.798,0.654],[-90.757,0.631],[-90.744,0.585],[-90.761,0.554],[-90.805,0.572],[-90.798,0.593],[-90.805,0.636],[-90.798,0.654]]],[[[-78.902,1.374],[-78.902,1.365],[-78.9,1.358],[-78.895,1.346],[-78.894,1.313],[-78.899,1.271],[-78.913,1.245],[-78.936,1.257],[-78.946,1.246],[-78.957,1.236],[-78.977,1.252],[-78.992,1.268],[-78.995,1.287],[-78.981,1.308],[-78.902,1.374]]],[[[-91.819,1.386],[-91.815,1.385],[-91.811,1.377],[-91.813,1.372],[-91.818,1.368],[-91.823,1.371],[-91.825,1.377],[-91.825,1.383],[-91.819,1.386]]],[[[-91.822,1.394],[-91.818,1.395],[-91.82,1.391],[-91.822,1.394]]],[[[-92.012,1.659],[-92.006,1.664],[-92,1.66],[-92,1.651],[-92.007,1.65],[-92.012,1.659]]],[[[-79.82,-2.486],[-79.809,-2.512],[-79.785,-2.521],[-79.773,-2.542],[-79.794,-2.574],[-79.829,-2.592],[-79.833,-2.636],[-79.858,-2.651],[-79.877,-2.65],[-79.882,-2.627],[-79.868,-2.589],[-79.847,-2.534],[-79.82,-2.486]]]]}},{"type":"Feature","properties":{"iso":"COL","nombre":"COLOMBIA"},"geometry":{"type":"MultiPolygon","coordinates":[[[[-78.829,1.434],[-78.813,1.442],[-78.82,1.46],[-78.832,1.47],[-78.845,1.479],[-78.854,1.49],[-78.856,1.505],[-78.854,1.524],[-78.853,1.543],[-78.861,1.558],[-78.867,1.56],[-78.88,1.554],[-78.9,1.545],[-78.908,1.555],[-78.918,1.564],[-78.931,1.566],[-78.941,1.575],[-78.963,1.587],[-78.972,1.591],[-78.998,1.608],[-79.013,1.624],[-79.022,1.638],[-79.017,1.655],[-79.009,1.665],[-78.993,1.671],[-78.973,1.676],[-78.956,1.692],[-78.94,1.723],[-78.926,1.741],[-78.901,1.767],[-78.88,1.79],[-78.867,1.805],[-78.846,1.822],[-78.799,1.832],[-78.777,1.828],[-78.759,1.831],[-78.738,1.826],[-78.719,1.817],[-78.697,1.812],[-78.664,1.81],[-78.642,1.805],[-78.613,1.801],[-78.608,1.799],[-78.601,1.79],[-78.591,1.783],[-78.581,1.78],[-78.571,1.782],[-78.572,1.796],[-78.571,1.804],[-78.567,1.82],[-78.553,1.834],[-78.546,1.86],[-78.554,1.876],[-78.553,1.891],[-78.551,1.894],[-78.548,1.899],[-78.545,1.906],[-78.545,1.915],[-78.548,1.921],[-78.552,1.917],[-78.558,1.904],[-78.571,1.897],[-78.591,1.897],[-78.598,1.91],[-78.598,1.929],[-78.594,1.949],[-78.593,1.964],[-78.587,1.988],[-78.586,2],[-78.59,2.009],[-78.598,2.019],[-78.608,2.028],[-78.618,2.031],[-78.629,2.025],[-78.637,2.012],[-78.647,1.981],[-78.658,1.975],[-78.666,1.983],[-78.667,2.004],[-78.671,2.031],[-78.683,2.065],[-78.692,2.112],[-78.701,2.147],[-78.703,2.19],[-78.692,2.214],[-78.679,2.242],[-78.672,2.267],[-78.645,2.278],[-78.637,2.307],[-78.607,2.36],[-78.586,2.403],[-78.574,2.433],[-78.559,2.449],[-78.565,2.433],[-78.566,2.416],[-78.564,2.398],[-78.559,2.382],[-78.545,2.427],[-78.536,2.475],[-78.525,2.496],[-78.506,2.491],[-78.481,2.522],[-78.456,2.552],[-78.432,2.587],[-78.411,2.595],[-78.393,2.612],[-78.372,2.632],[-78.346,2.648],[-78.334,2.647],[-78.325,2.624],[-78.314,2.597],[-78.298,2.571],[-78.278,2.543],[-78.255,2.542],[-78.265,2.576],[-78.271,2.604],[-78.27,2.635],[-78.262,2.65],[-78.247,2.664],[-78.236,2.646],[-78.228,2.615],[-78.235,2.593],[-78.225,2.577],[-78.216,2.555],[-78.208,2.537],[-78.193,2.521],[-78.184,2.515],[-78.149,2.498],[-78.132,2.493],[-78.123,2.494],[-78.107,2.504],[-78.087,2.511],[-78.085,2.516],[-78.085,2.524],[-78.086,2.53],[-78.087,2.532],[-78.083,2.538],[-78.082,2.541],[-78.081,2.577],[-78.085,2.592],[-78.09,2.608],[-78.1,2.625],[-78.105,2.642],[-78.096,2.651],[-78.074,2.647],[-78.064,2.654],[-78.04,2.655],[-78.021,2.654],[-78.004,2.655],[-77.992,2.663],[-77.969,2.676],[-77.95,2.675],[-77.936,2.662],[-77.925,2.643],[-77.918,2.632],[-77.907,2.629],[-77.888,2.635],[-77.897,2.619],[-77.905,2.598],[-77.904,2.58],[-77.884,2.572],[-77.873,2.571],[-77.852,2.566],[-77.84,2.566],[-77.814,2.571],[-77.802,2.572],[-77.778,2.578],[-77.76,2.592],[-77.751,2.61],[-77.752,2.627],[-77.758,2.64],[-77.769,2.657],[-77.783,2.671],[-77.799,2.676],[-77.799,2.682],[-77.778,2.682],[-77.778,2.689],[-77.791,2.692],[-77.798,2.699],[-77.798,2.708],[-77.792,2.717],[-77.803,2.719],[-77.806,2.726],[-77.804,2.734],[-77.799,2.744],[-77.808,2.746],[-77.812,2.748],[-77.813,2.754],[-77.812,2.764],[-77.795,2.757],[-77.781,2.763],[-77.768,2.773],[-77.755,2.779],[-77.748,2.78],[-77.739,2.782],[-77.734,2.786],[-77.737,2.792],[-77.746,2.793],[-77.762,2.786],[-77.771,2.786],[-77.786,2.795],[-77.782,2.802],[-77.771,2.809],[-77.765,2.816],[-77.758,2.813],[-77.742,2.81],[-77.723,2.809],[-77.709,2.812],[-77.705,2.806],[-77.698,2.798],[-77.696,2.792],[-77.689,2.792],[-77.699,2.813],[-77.735,2.822],[-77.724,2.84],[-77.708,2.848],[-77.694,2.85],[-77.68,2.854],[-77.668,2.867],[-77.659,2.863],[-77.651,2.859],[-77.645,2.854],[-77.642,2.846],[-77.636,2.87],[-77.658,2.877],[-77.688,2.873],[-77.709,2.861],[-77.715,2.876],[-77.716,2.898],[-77.71,2.918],[-77.696,2.929],[-77.683,2.927],[-77.673,2.919],[-77.665,2.909],[-77.655,2.902],[-77.643,2.898],[-77.64,2.9],[-77.639,2.906],[-77.634,2.915],[-77.625,2.924],[-77.621,2.928],[-77.62,2.932],[-77.621,2.943],[-77.624,2.948],[-77.638,2.952],[-77.642,2.956],[-77.641,2.961],[-77.636,2.965],[-77.631,2.978],[-77.626,2.98],[-77.623,2.982],[-77.627,2.991],[-77.634,2.995],[-77.642,2.994],[-77.65,2.996],[-77.655,3.005],[-77.656,2.998],[-77.658,2.996],[-77.658,2.995],[-77.655,2.991],[-77.665,2.985],[-77.677,2.982],[-77.685,2.986],[-77.689,2.997],[-77.714,2.975],[-77.724,2.97],[-77.722,2.982],[-77.685,3.026],[-77.662,3.058],[-77.648,3.074],[-77.571,3.138],[-77.551,3.175],[-77.54,3.197],[-77.525,3.201],[-77.509,3.195],[-77.506,3.205],[-77.505,3.213],[-77.502,3.223],[-77.495,3.224],[-77.486,3.221],[-77.48,3.227],[-77.485,3.238],[-77.501,3.245],[-77.516,3.24],[-77.539,3.237],[-77.542,3.246],[-77.53,3.261],[-77.505,3.282],[-77.489,3.293],[-77.465,3.302],[-77.478,3.313],[-77.477,3.334],[-77.469,3.345],[-77.457,3.356],[-77.445,3.363],[-77.436,3.361],[-77.419,3.365],[-77.405,3.367],[-77.4,3.37],[-77.381,3.388],[-77.359,3.346],[-77.344,3.329],[-77.319,3.32],[-77.323,3.331],[-77.357,3.371],[-77.366,3.386],[-77.367,3.402],[-77.362,3.418],[-77.353,3.43],[-77.349,3.421],[-77.343,3.412],[-77.336,3.407],[-77.333,3.412],[-77.335,3.419],[-77.344,3.432],[-77.346,3.436],[-77.341,3.456],[-77.332,3.473],[-77.326,3.491],[-77.333,3.512],[-77.323,3.512],[-77.313,3.512],[-77.316,3.507],[-77.318,3.502],[-77.319,3.496],[-77.319,3.488],[-77.316,3.48],[-77.31,3.48],[-77.3,3.487],[-77.283,3.485],[-77.278,3.483],[-77.269,3.474],[-77.264,3.471],[-77.265,3.48],[-77.269,3.488],[-77.276,3.493],[-77.285,3.498],[-77.281,3.5],[-77.276,3.503],[-77.272,3.505],[-77.291,3.512],[-77.299,3.512],[-77.295,3.521],[-77.291,3.524],[-77.286,3.522],[-77.278,3.518],[-77.275,3.533],[-77.289,3.538],[-77.31,3.537],[-77.326,3.532],[-77.322,3.548],[-77.311,3.55],[-77.295,3.547],[-77.278,3.546],[-77.283,3.549],[-77.294,3.556],[-77.299,3.559],[-77.293,3.561],[-77.29,3.563],[-77.286,3.565],[-77.278,3.566],[-77.281,3.57],[-77.285,3.581],[-77.265,3.585],[-77.244,3.587],[-77.244,3.581],[-77.249,3.572],[-77.239,3.572],[-77.21,3.581],[-77.224,3.584],[-77.227,3.591],[-77.223,3.6],[-77.205,3.621],[-77.199,3.634],[-77.189,3.663],[-77.178,3.654],[-77.17,3.652],[-77.162,3.656],[-77.151,3.666],[-77.14,3.67],[-77.125,3.674],[-77.118,3.678],[-77.134,3.683],[-77.147,3.681],[-77.161,3.676],[-77.171,3.677],[-77.175,3.693],[-77.168,3.695],[-77.152,3.698],[-77.136,3.704],[-77.126,3.717],[-77.144,3.715],[-77.185,3.704],[-77.199,3.71],[-77.203,3.725],[-77.201,3.743],[-77.195,3.758],[-77.167,3.738],[-77.152,3.733],[-77.13,3.732],[-77.126,3.734],[-77.128,3.738],[-77.135,3.742],[-77.144,3.745],[-77.155,3.744],[-77.163,3.745],[-77.17,3.749],[-77.175,3.758],[-77.158,3.757],[-77.144,3.76],[-77.134,3.767],[-77.126,3.779],[-77.142,3.788],[-77.151,3.8],[-77.15,3.814],[-77.134,3.827],[-77.126,3.822],[-77.121,3.816],[-77.12,3.81],[-77.12,3.799],[-77.106,3.813],[-77.112,3.834],[-77.114,3.853],[-77.069,3.868],[-77.056,3.884],[-77.046,3.903],[-77.032,3.916],[-77.032,3.922],[-77.093,3.909],[-77.093,3.916],[-77.086,3.918],[-77.079,3.922],[-77.105,3.922],[-77.116,3.924],[-77.126,3.93],[-77.123,3.886],[-77.181,3.853],[-77.253,3.841],[-77.292,3.861],[-77.29,3.87],[-77.275,3.878],[-77.272,3.885],[-77.275,3.889],[-77.293,3.898],[-77.305,3.906],[-77.309,3.906],[-77.312,3.908],[-77.313,3.919],[-77.312,3.928],[-77.309,3.935],[-77.305,3.943],[-77.3,3.969],[-77.295,3.978],[-77.285,3.984],[-77.27,3.986],[-77.261,3.983],[-77.26,3.975],[-77.272,3.964],[-77.224,3.972],[-77.21,3.977],[-77.21,3.984],[-77.244,3.977],[-77.239,3.99],[-77.232,4.001],[-77.205,4.033],[-77.189,4.067],[-77.2,4.067],[-77.205,4.068],[-77.207,4.072],[-77.21,4.08],[-77.225,4.077],[-77.237,4.085],[-77.249,4.098],[-77.264,4.108],[-77.26,4.099],[-77.259,4.088],[-77.26,4.077],[-77.264,4.067],[-77.273,4.072],[-77.282,4.074],[-77.29,4.072],[-77.299,4.067],[-77.299,4.06],[-77.294,4.055],[-77.296,4.053],[-77.299,4.046],[-77.303,4.05],[-77.307,4.051],[-77.311,4.051],[-77.319,4.053],[-77.316,4.034],[-77.319,4.007],[-77.326,3.981],[-77.337,3.97],[-77.34,3.964],[-77.343,3.937],[-77.346,3.93],[-77.362,3.928],[-77.375,3.936],[-77.38,3.95],[-77.374,3.964],[-77.425,4.005],[-77.431,4.013],[-77.435,4.029],[-77.43,4.044],[-77.408,4.046],[-77.42,4.06],[-77.424,4.067],[-77.431,4.094],[-77.435,4.125],[-77.435,4.155],[-77.433,4.169],[-77.427,4.18],[-77.415,4.19],[-77.401,4.193],[-77.388,4.192],[-77.378,4.194],[-77.374,4.207],[-77.37,4.214],[-77.36,4.221],[-77.348,4.225],[-77.337,4.221],[-77.32,4.201],[-77.313,4.199],[-77.299,4.203],[-77.281,4.214],[-77.265,4.229],[-77.236,4.265],[-77.321,4.266],[-77.337,4.269],[-77.35,4.286],[-77.387,4.347],[-77.359,4.387],[-77.353,4.402],[-77.345,4.446],[-77.335,4.461],[-77.313,4.471],[-77.313,4.478],[-77.333,4.471],[-77.33,4.5],[-77.32,4.547],[-77.319,4.684],[-77.316,4.674],[-77.312,4.667],[-77.306,4.661],[-77.299,4.656],[-77.294,4.666],[-77.292,4.682],[-77.295,4.697],[-77.319,4.71],[-77.322,4.723],[-77.323,4.739],[-77.326,4.753],[-77.303,4.749],[-77.286,4.737],[-77.273,4.721],[-77.264,4.704],[-77.258,4.704],[-77.27,4.736],[-77.312,4.787],[-77.319,4.821],[-77.324,4.819],[-77.335,4.815],[-77.34,4.813],[-77.349,4.854],[-77.361,4.982],[-77.367,4.999],[-77.373,5.149],[-77.368,5.183],[-77.359,5.216],[-77.346,5.245],[-77.361,5.253],[-77.362,5.275],[-77.359,5.297],[-77.364,5.307],[-77.373,5.316],[-77.378,5.335],[-77.381,5.375],[-77.396,5.37],[-77.405,5.375],[-77.409,5.386],[-77.408,5.403],[-77.401,5.403],[-77.397,5.398],[-77.393,5.396],[-77.389,5.397],[-77.381,5.403],[-77.391,5.41],[-77.395,5.419],[-77.403,5.45],[-77.402,5.453],[-77.402,5.457],[-77.408,5.465],[-77.413,5.466],[-77.429,5.469],[-77.436,5.471],[-77.447,5.482],[-77.454,5.493],[-77.462,5.501],[-77.477,5.505],[-77.491,5.505],[-77.501,5.502],[-77.508,5.496],[-77.511,5.485],[-77.523,5.496],[-77.535,5.495],[-77.545,5.491],[-77.552,5.492],[-77.559,5.503],[-77.557,5.512],[-77.548,5.518],[-77.535,5.52],[-77.526,5.53],[-77.503,5.579],[-77.491,5.595],[-77.482,5.598],[-77.46,5.599],[-77.45,5.602],[-77.438,5.61],[-77.429,5.619],[-77.42,5.626],[-77.405,5.628],[-77.387,5.623],[-77.372,5.613],[-77.356,5.608],[-77.333,5.615],[-77.327,5.621],[-77.324,5.627],[-77.323,5.634],[-77.319,5.643],[-77.318,5.647],[-77.32,5.659],[-77.319,5.663],[-77.314,5.664],[-77.308,5.663],[-77.302,5.663],[-77.299,5.666],[-77.294,5.677],[-77.283,5.686],[-77.271,5.694],[-77.261,5.701],[-77.255,5.711],[-77.249,5.722],[-77.246,5.734],[-77.244,5.746],[-77.246,5.787],[-77.262,5.822],[-77.302,5.888],[-77.306,5.892],[-77.313,5.896],[-77.313,5.918],[-77.353,6.026],[-77.36,6.026],[-77.36,5.999],[-77.367,5.999],[-77.383,6.043],[-77.408,6.082],[-77.47,6.156],[-77.481,6.174],[-77.484,6.189],[-77.483,6.229],[-77.477,6.264],[-77.476,6.282],[-77.483,6.294],[-77.477,6.301],[-77.439,6.269],[-77.415,6.239],[-77.405,6.246],[-77.395,6.264],[-77.381,6.301],[-77.378,6.319],[-77.377,6.337],[-77.378,6.352],[-77.381,6.363],[-77.399,6.388],[-77.396,6.396],[-77.374,6.404],[-77.371,6.398],[-77.368,6.395],[-77.364,6.393],[-77.36,6.39],[-77.356,6.405],[-77.36,6.419],[-77.369,6.43],[-77.381,6.438],[-77.381,6.445],[-77.366,6.47],[-77.361,6.486],[-77.36,6.507],[-77.348,6.522],[-77.343,6.544],[-77.345,6.566],[-77.353,6.582],[-77.387,6.609],[-77.394,6.617],[-77.399,6.624],[-77.405,6.63],[-77.415,6.636],[-77.415,6.647],[-77.41,6.668],[-77.408,6.681],[-77.411,6.694],[-77.419,6.699],[-77.429,6.702],[-77.463,6.721],[-77.486,6.715],[-77.506,6.7],[-77.517,6.685],[-77.513,6.678],[-77.511,6.671],[-77.519,6.67],[-77.524,6.667],[-77.532,6.664],[-77.538,6.664],[-77.538,6.689],[-77.536,6.701],[-77.532,6.712],[-77.573,6.801],[-77.593,6.828],[-77.622,6.856],[-77.636,6.865],[-77.663,6.872],[-77.667,6.877],[-77.671,6.88],[-77.683,6.876],[-77.686,6.87],[-77.686,6.862],[-77.687,6.854],[-77.696,6.849],[-77.701,6.918],[-77.692,6.947],[-77.665,6.959],[-77.653,6.977],[-77.665,7.016],[-77.696,7.075],[-77.703,7.075],[-77.697,7.063],[-77.694,7.059],[-77.689,7.055],[-77.689,7.047],[-77.696,7.047],[-77.713,7.071],[-77.787,7.149],[-77.798,7.155],[-77.816,7.157],[-77.826,7.163],[-77.832,7.175],[-77.84,7.187],[-77.854,7.192],[-77.847,7.198],[-77.86,7.202],[-77.871,7.211],[-77.888,7.233],[-77.896,7.235],[-77.855,7.365],[-77.82,7.477],[-77.796,7.471],[-77.774,7.475],[-77.755,7.486],[-77.74,7.505],[-77.731,7.53],[-77.734,7.552],[-77.757,7.596],[-77.766,7.626],[-77.771,7.669],[-77.764,7.706],[-77.74,7.719],[-77.73,7.713],[-77.68,7.671],[-77.67,7.66],[-77.671,7.657],[-77.675,7.648],[-77.675,7.645],[-77.672,7.642],[-77.663,7.64],[-77.661,7.638],[-77.633,7.601],[-77.625,7.587],[-77.613,7.537],[-77.603,7.526],[-77.58,7.528],[-77.555,7.548],[-77.509,7.594],[-77.369,7.681],[-77.34,7.707],[-77.346,7.726],[-77.367,7.745],[-77.38,7.774],[-77.377,7.787],[-77.347,7.824],[-77.322,7.881],[-77.3,7.902],[-77.27,7.918],[-77.236,7.929],[-77.206,7.935],[-77.169,7.935],[-77.163,7.939],[-77.171,7.955],[-77.181,7.965],[-77.192,7.973],[-77.201,7.982],[-77.208,7.997],[-77.21,8.021],[-77.231,8.099],[-77.26,8.154],[-77.269,8.168],[-77.295,8.205],[-77.317,8.251],[-77.324,8.261],[-77.337,8.267],[-77.35,8.267],[-77.363,8.272],[-77.374,8.289],[-77.383,8.325],[-77.391,8.394],[-77.406,8.428],[-77.422,8.456],[-77.433,8.465],[-77.45,8.471],[-77.48,8.468],[-77.489,8.474],[-77.489,8.497],[-77.48,8.526],[-77.469,8.538],[-77.441,8.568],[-77.429,8.593],[-77.43,8.61],[-77.435,8.621],[-77.434,8.628],[-77.418,8.638],[-77.402,8.642],[-77.385,8.644],[-77.375,8.651],[-77.374,8.665],[-77.373,8.669],[-77.371,8.672],[-77.369,8.675],[-77.367,8.678],[-77.352,8.669],[-77.341,8.632],[-77.329,8.614],[-77.317,8.601],[-77.307,8.589],[-77.299,8.574],[-77.292,8.555],[-77.283,8.517],[-77.275,8.496],[-77.21,8.452],[-77.159,8.432],[-77.144,8.421],[-77.134,8.408],[-77.053,8.276],[-77.032,8.26],[-77.018,8.258],[-76.99,8.257],[-76.985,8.256],[-76.976,8.254],[-76.97,8.267],[-76.962,8.267],[-76.956,8.257],[-76.956,8.24],[-76.963,8.24],[-76.966,8.243],[-76.97,8.246],[-76.97,8.221],[-76.963,8.204],[-76.951,8.197],[-76.935,8.205],[-76.935,8.185],[-76.922,8.199],[-76.918,8.189],[-76.927,8.173],[-76.929,8.158],[-76.933,8.16],[-76.944,8.163],[-76.949,8.164],[-76.943,8.129],[-76.918,8.114],[-76.896,8.117],[-76.894,8.137],[-76.832,8.137],[-76.838,8.128],[-76.844,8.118],[-76.847,8.107],[-76.847,8.096],[-76.839,8.096],[-76.836,8.098],[-76.825,8.103],[-76.825,8.096],[-76.86,8.083],[-76.86,8.076],[-76.851,8.074],[-76.845,8.072],[-76.837,8.062],[-76.838,8.061],[-76.838,8.058],[-76.839,8.055],[-76.843,8.059],[-76.849,8.062],[-76.857,8.063],[-76.866,8.062],[-76.858,8.053],[-76.848,8.047],[-76.839,8.04],[-76.832,8.027],[-76.857,8.039],[-76.884,8.046],[-76.908,8.044],[-76.922,8.027],[-76.922,8.023],[-76.921,8.022],[-76.918,8.022],[-76.915,8.021],[-76.934,7.965],[-76.907,7.93],[-76.854,7.913],[-76.791,7.911],[-76.78,7.913],[-76.768,7.917],[-76.757,7.924],[-76.75,7.932],[-76.747,7.94],[-76.747,7.946],[-76.749,7.953],[-76.75,7.962],[-76.748,7.97],[-76.739,7.98],[-76.737,7.99],[-76.731,8.051],[-76.732,8.079],[-76.744,8.103],[-76.747,8.095],[-76.748,8.09],[-76.747,8.085],[-76.744,8.076],[-76.75,8.076],[-76.755,8.092],[-76.759,8.115],[-76.759,8.138],[-76.748,8.172],[-76.752,8.193],[-76.765,8.226],[-76.77,8.258],[-76.77,8.398],[-76.775,8.417],[-76.788,8.425],[-76.802,8.43],[-76.808,8.444],[-76.812,8.462],[-76.819,8.479],[-76.839,8.5],[-76.87,8.522],[-76.906,8.539],[-76.935,8.542],[-76.935,8.534],[-76.947,8.545],[-76.931,8.571],[-76.906,8.599],[-76.894,8.62],[-76.795,8.651],[-76.771,8.653],[-76.673,8.68],[-76.66,8.687],[-76.655,8.696],[-76.655,8.707],[-76.653,8.718],[-76.649,8.728],[-76.64,8.734],[-76.64,8.74],[-76.647,8.74],[-76.647,8.747],[-76.628,8.75],[-76.56,8.775],[-76.547,8.785],[-76.503,8.829],[-76.451,8.864],[-76.428,8.884],[-76.428,8.891],[-76.436,8.903],[-76.427,8.911],[-76.366,8.925],[-76.343,8.939],[-76.324,8.941],[-76.316,8.948],[-76.31,8.957],[-76.301,8.97],[-76.264,8.996],[-76.256,9.007],[-76.265,9.042],[-76.255,9.071],[-76.235,9.094],[-76.202,9.123],[-76.193,9.135],[-76.187,9.15],[-76.175,9.233],[-76.168,9.247],[-76.163,9.248],[-76.134,9.259],[-76.13,9.261],[-76.117,9.266],[-76.113,9.276],[-76.113,9.295],[-76.111,9.312],[-76.107,9.322],[-76.096,9.333],[-76.087,9.34],[-76.078,9.344],[-76.038,9.357],[-76.005,9.366],[-75.977,9.383],[-75.953,9.402],[-75.951,9.427],[-75.944,9.441],[-75.921,9.438],[-75.91,9.428],[-75.877,9.43],[-75.843,9.437],[-75.819,9.446],[-75.811,9.444],[-75.803,9.439],[-75.798,9.43],[-75.798,9.418],[-75.812,9.424],[-75.827,9.426],[-75.841,9.423],[-75.853,9.412],[-75.845,9.407],[-75.839,9.405],[-75.833,9.407],[-75.825,9.412],[-75.819,9.406],[-75.815,9.403],[-75.813,9.4],[-75.812,9.392],[-75.781,9.412],[-75.762,9.422],[-75.739,9.426],[-75.717,9.422],[-75.698,9.417],[-75.697,9.417],[-75.673,9.41],[-75.659,9.42],[-75.621,9.453],[-75.597,9.499],[-75.577,9.562],[-75.576,9.621],[-75.587,9.649],[-75.6,9.663],[-75.607,9.669],[-75.618,9.689],[-75.634,9.689],[-75.647,9.699],[-75.658,9.705],[-75.678,9.704],[-75.691,9.699],[-75.703,9.691],[-75.705,9.701],[-75.649,9.756],[-75.64,9.783],[-75.623,9.838],[-75.624,9.861],[-75.617,9.883],[-75.605,9.91],[-75.594,9.944],[-75.59,9.964],[-75.59,9.985],[-75.576,10.042],[-75.574,10.074],[-75.589,10.108],[-75.589,10.128],[-75.584,10.136],[-75.58,10.139],[-75.572,10.141],[-75.565,10.144],[-75.562,10.15],[-75.551,10.172],[-75.544,10.183],[-75.541,10.189],[-75.538,10.2],[-75.536,10.211],[-75.536,10.221],[-75.536,10.231],[-75.531,10.241],[-75.563,10.223],[-75.604,10.196],[-75.644,10.154],[-75.685,10.132],[-75.704,10.134],[-75.689,10.168],[-75.66,10.184],[-75.646,10.194],[-75.638,10.204],[-75.631,10.213],[-75.625,10.226],[-75.616,10.238],[-75.614,10.249],[-75.618,10.261],[-75.615,10.27],[-75.592,10.269],[-75.598,10.277],[-75.599,10.286],[-75.598,10.294],[-75.592,10.303],[-75.584,10.282],[-75.563,10.287],[-75.527,10.31],[-75.516,10.319],[-75.516,10.341],[-75.522,10.368],[-75.524,10.392],[-75.531,10.392],[-75.539,10.386],[-75.544,10.393],[-75.551,10.419],[-75.558,10.419],[-75.561,10.41],[-75.564,10.404],[-75.569,10.4],[-75.578,10.398],[-75.575,10.407],[-75.569,10.425],[-75.565,10.433],[-75.559,10.439],[-75.547,10.444],[-75.541,10.45],[-75.512,10.482],[-75.503,10.488],[-75.508,10.471],[-75.519,10.45],[-75.522,10.433],[-75.506,10.426],[-75.493,10.435],[-75.487,10.456],[-75.486,10.481],[-75.489,10.501],[-75.493,10.506],[-75.5,10.507],[-75.51,10.508],[-75.51,10.514],[-75.504,10.527],[-75.503,10.529],[-75.504,10.541],[-75.504,10.552],[-75.508,10.56],[-75.52,10.563],[-75.525,10.567],[-75.52,10.576],[-75.51,10.586],[-75.5,10.59],[-75.488,10.592],[-75.475,10.596],[-75.464,10.603],[-75.455,10.611],[-75.455,10.616],[-75.463,10.626],[-75.462,10.631],[-75.459,10.633],[-75.451,10.636],[-75.448,10.638],[-75.44,10.642],[-75.431,10.641],[-75.424,10.643],[-75.421,10.655],[-75.418,10.656],[-75.41,10.665],[-75.404,10.675],[-75.404,10.68],[-75.398,10.682],[-75.373,10.693],[-75.307,10.71],[-75.297,10.717],[-75.287,10.733],[-75.28,10.743],[-75.274,10.744],[-75.269,10.741],[-75.263,10.74],[-75.258,10.737],[-75.256,10.731],[-75.258,10.727],[-75.262,10.724],[-75.263,10.72],[-75.256,10.714],[-75.256,10.709],[-75.256,10.707],[-75.25,10.707],[-75.244,10.715],[-75.222,10.735],[-75.226,10.743],[-75.229,10.75],[-75.23,10.758],[-75.23,10.768],[-75.245,10.755],[-75.25,10.748],[-75.27,10.759],[-75.276,10.778],[-75.267,10.795],[-75.232,10.807],[-75.216,10.827],[-75.205,10.831],[-75.193,10.832],[-75.182,10.835],[-75.171,10.839],[-75.108,10.88],[-75.07,10.89],[-75.05,10.901],[-75.036,10.917],[-75.037,10.933],[-75.033,10.943],[-75.028,10.966],[-75.024,10.974],[-75.014,10.98],[-75,10.986],[-74.982,10.987],[-74.963,10.995],[-74.95,11.009],[-74.926,11.029],[-74.924,11.046],[-74.896,11.046],[-74.862,11.049],[-74.845,11.062],[-74.847,11.08],[-74.848,11.098],[-74.85,11.103],[-74.844,11.11],[-74.819,11.098],[-74.797,11.09],[-74.743,11.073],[-74.645,11.033],[-74.572,11.009],[-74.523,10.996],[-74.471,10.99],[-74.403,10.983],[-74.337,10.987],[-74.298,10.991],[-74.312,10.981],[-74.362,10.972],[-74.458,10.974],[-74.47,10.976],[-74.481,10.979],[-74.492,10.979],[-74.503,10.974],[-74.506,10.966],[-74.505,10.954],[-74.505,10.944],[-74.513,10.94],[-74.517,10.927],[-74.506,10.898],[-74.482,10.851],[-74.497,10.859],[-74.512,10.874],[-74.525,10.883],[-74.536,10.872],[-74.543,10.881],[-74.567,10.881],[-74.581,10.888],[-74.589,10.885],[-74.597,10.868],[-74.603,10.848],[-74.605,10.834],[-74.606,10.804],[-74.605,10.789],[-74.598,10.782],[-74.585,10.787],[-74.579,10.803],[-74.574,10.82],[-74.564,10.831],[-74.564,10.821],[-74.561,10.813],[-74.554,10.81],[-74.544,10.809],[-74.546,10.799],[-74.544,10.762],[-74.529,10.755],[-74.512,10.756],[-74.5,10.765],[-74.495,10.782],[-74.507,10.776],[-74.516,10.778],[-74.521,10.788],[-74.523,10.803],[-74.519,10.816],[-74.511,10.825],[-74.506,10.833],[-74.51,10.845],[-74.49,10.841],[-74.477,10.828],[-74.471,10.808],[-74.466,10.76],[-74.457,10.748],[-74.441,10.746],[-74.402,10.748],[-74.395,10.749],[-74.386,10.755],[-74.367,10.773],[-74.362,10.776],[-74.36,10.785],[-74.331,10.837],[-74.33,10.844],[-74.331,10.872],[-74.32,10.894],[-74.318,10.902],[-74.315,10.907],[-74.301,10.923],[-74.297,10.929],[-74.29,10.967],[-74.28,10.99],[-74.218,11.079],[-74.215,11.087],[-74.218,11.099],[-74.232,11.116],[-74.236,11.125],[-74.236,11.136],[-74.23,11.153],[-74.229,11.163],[-74.23,11.173],[-74.239,11.191],[-74.242,11.2],[-74.24,11.204],[-74.231,11.213],[-74.229,11.218],[-74.23,11.224],[-74.232,11.226],[-74.235,11.228],[-74.236,11.231],[-74.234,11.241],[-74.228,11.251],[-74.215,11.269],[-74.21,11.275],[-74.205,11.278],[-74.202,11.282],[-74.201,11.293],[-74.187,11.317],[-74.172,11.318],[-74.159,11.315],[-74.152,11.32],[-74.153,11.344],[-74.146,11.344],[-74.145,11.337],[-74.144,11.333],[-74.139,11.324],[-74.128,11.338],[-74.126,11.344],[-74.123,11.342],[-74.121,11.341],[-74.119,11.337],[-74.112,11.337],[-74.112,11.358],[-74.102,11.35],[-74.095,11.334],[-74.084,11.331],[-74.074,11.335],[-74.07,11.346],[-74.065,11.352],[-74.057,11.344],[-74.05,11.344],[-74.048,11.351],[-74.044,11.355],[-74.038,11.356],[-74.03,11.358],[-74.005,11.355],[-73.985,11.348],[-73.968,11.336],[-73.951,11.32],[-73.944,11.317],[-73.898,11.308],[-73.865,11.289],[-73.826,11.277],[-73.705,11.268],[-73.592,11.277],[-73.566,11.277],[-73.402,11.277],[-73.292,11.294],[-73.283,11.3],[-73.276,11.308],[-73.246,11.331],[-73.22,11.345],[-73.215,11.349],[-73.207,11.358],[-73.196,11.382],[-73.191,11.385],[-73.179,11.389],[-73.17,11.397],[-73.156,11.416],[-73.145,11.426],[-73.112,11.44],[-73.055,11.494],[-72.934,11.557],[-72.76,11.697],[-72.741,11.708],[-72.705,11.72],[-72.644,11.733],[-72.628,11.74],[-72.598,11.762],[-72.577,11.756],[-72.556,11.767],[-72.534,11.782],[-72.512,11.789],[-72.452,11.791],[-72.433,11.796],[-72.418,11.805],[-72.392,11.826],[-72.36,11.834],[-72.316,11.865],[-72.263,11.886],[-72.251,11.902],[-72.232,11.92],[-72.228,11.93],[-72.226,11.939],[-72.214,11.975],[-72.178,12.03],[-72.168,12.063],[-72.145,12.093],[-72.139,12.105],[-72.137,12.124],[-72.141,12.18],[-72.145,12.201],[-72.151,12.208],[-72.161,12.217],[-72.169,12.222],[-72.173,12.221],[-72.171,12.234],[-72.162,12.243],[-72.139,12.256],[-72.108,12.245],[-72.005,12.263],[-71.97,12.255],[-71.974,12.237],[-72.015,12.194],[-72,12.186],[-71.985,12.161],[-71.967,12.153],[-71.938,12.166],[-71.933,12.17],[-71.93,12.183],[-71.923,12.194],[-71.914,12.203],[-71.905,12.208],[-71.892,12.208],[-71.879,12.207],[-71.868,12.208],[-71.864,12.218],[-71.868,12.228],[-71.875,12.237],[-71.878,12.246],[-71.871,12.256],[-71.881,12.264],[-71.887,12.271],[-71.893,12.278],[-71.905,12.283],[-71.918,12.284],[-71.931,12.282],[-71.941,12.277],[-71.947,12.269],[-71.953,12.269],[-71.961,12.283],[-71.915,12.314],[-71.878,12.345],[-71.875,12.35],[-71.871,12.363],[-71.867,12.365],[-71.849,12.364],[-71.844,12.365],[-71.829,12.376],[-71.821,12.378],[-71.809,12.372],[-71.827,12.363],[-71.84,12.352],[-71.843,12.338],[-71.83,12.324],[-71.823,12.32],[-71.818,12.319],[-71.803,12.324],[-71.802,12.326],[-71.803,12.331],[-71.803,12.336],[-71.799,12.338],[-71.785,12.337],[-71.782,12.338],[-71.763,12.348],[-71.751,12.356],[-71.744,12.368],[-71.741,12.386],[-71.743,12.387],[-71.749,12.388],[-71.752,12.391],[-71.748,12.399],[-71.742,12.406],[-71.733,12.41],[-71.723,12.413],[-71.713,12.414],[-71.72,12.396],[-71.714,12.387],[-71.704,12.379],[-71.7,12.365],[-71.694,12.365],[-71.691,12.369],[-71.687,12.376],[-71.685,12.383],[-71.69,12.386],[-71.697,12.388],[-71.692,12.393],[-71.683,12.398],[-71.679,12.399],[-71.668,12.406],[-71.654,12.41],[-71.641,12.416],[-71.631,12.427],[-71.643,12.426],[-71.654,12.421],[-71.662,12.416],[-71.669,12.414],[-71.679,12.417],[-71.677,12.425],[-71.669,12.434],[-71.659,12.44],[-71.67,12.44],[-71.68,12.438],[-71.688,12.434],[-71.694,12.427],[-71.692,12.443],[-71.69,12.449],[-71.686,12.455],[-71.699,12.446],[-71.726,12.423],[-71.735,12.414],[-71.741,12.42],[-71.731,12.438],[-71.716,12.454],[-71.697,12.464],[-71.676,12.468],[-71.656,12.465],[-71.626,12.451],[-71.604,12.447],[-71.532,12.447],[-71.511,12.443],[-71.491,12.434],[-71.46,12.414],[-71.446,12.401],[-71.439,12.396],[-71.426,12.393],[-71.39,12.393],[-71.381,12.389],[-71.361,12.374],[-71.341,12.367],[-71.295,12.358],[-71.262,12.342],[-71.242,12.328],[-71.232,12.311],[-71.227,12.305],[-71.223,12.297],[-71.219,12.278],[-71.158,12.177],[-71.152,12.15],[-71.114,12.094],[-71.107,12.075],[-71.114,12.052],[-71.126,12.031],[-71.138,12.016],[-71.165,11.996],[-71.234,11.959],[-71.254,11.937],[-71.269,11.929],[-71.286,11.923],[-71.299,11.92],[-71.304,11.912],[-71.323,11.858],[-71.327,11.85],[-71.328,11.85],[-71.358,11.851],[-71.375,11.841],[-71.41,11.812],[-71.449,11.795],[-71.476,11.789],[-71.535,11.774],[-71.594,11.759],[-71.652,11.744],[-71.711,11.729],[-71.769,11.714],[-71.828,11.699],[-71.887,11.684],[-71.945,11.669],[-71.971,11.662],[-71.991,11.649],[-72.008,11.625],[-72.018,11.606],[-72.048,11.551],[-72.078,11.497],[-72.107,11.442],[-72.137,11.387],[-72.167,11.332],[-72.197,11.277],[-72.227,11.223],[-72.257,11.168],[-72.267,11.155],[-72.285,11.15],[-72.322,11.16],[-72.341,11.162],[-72.361,11.158],[-72.417,11.138],[-72.46,11.136],[-72.481,11.133],[-72.499,11.121],[-72.504,11.112],[-72.505,11.093],[-72.507,11.083],[-72.515,11.072],[-72.534,11.052],[-72.542,11.041],[-72.576,10.957],[-72.595,10.933],[-72.613,10.915],[-72.657,10.885],[-72.683,10.856],[-72.706,10.811],[-72.754,10.675],[-72.781,10.631],[-72.843,10.561],[-72.861,10.508],[-72.875,10.49],[-72.892,10.473],[-72.908,10.452],[-72.915,10.433],[-72.915,10.428],[-72.916,10.414],[-72.916,10.394],[-72.936,10.175],[-72.988,9.999],[-72.988,9.96],[-72.996,9.921],[-72.997,9.901],[-72.99,9.875],[-72.982,9.857],[-72.978,9.838],[-72.986,9.812],[-73.017,9.749],[-73.072,9.664],[-73.097,9.596],[-73.108,9.578],[-73.124,9.561],[-73.164,9.536],[-73.178,9.523],[-73.197,9.479],[-73.277,9.362],[-73.312,9.276],[-73.324,9.256],[-73.342,9.239],[-73.379,9.214],[-73.391,9.195],[-73.391,9.173],[-73.378,9.165],[-73.364,9.165],[-73.254,9.168],[-73.212,9.173],[-73.176,9.191],[-73.142,9.223],[-73.124,9.234],[-73.099,9.242],[-73.076,9.254],[-73.033,9.295],[-73.01,9.295],[-73.004,9.288],[-72.991,9.252],[-72.991,9.248],[-72.995,9.239],[-72.996,9.235],[-72.992,9.23],[-72.983,9.221],[-72.98,9.217],[-72.976,9.192],[-72.979,9.15],[-72.973,9.128],[-72.955,9.104],[-72.936,9.099],[-72.916,9.107],[-72.882,9.129],[-72.874,9.133],[-72.862,9.137],[-72.85,9.137],[-72.842,9.134],[-72.834,9.134],[-72.827,9.142],[-72.808,9.124],[-72.791,9.114],[-72.786,9.102],[-72.8,9.079],[-72.783,9.06],[-72.778,9.041],[-72.767,8.997],[-72.755,8.954],[-72.744,8.91],[-72.732,8.866],[-72.72,8.823],[-72.709,8.779],[-72.697,8.735],[-72.686,8.692],[-72.675,8.652],[-72.655,8.618],[-72.637,8.598],[-72.617,8.577],[-72.598,8.556],[-72.578,8.535],[-72.559,8.514],[-72.539,8.493],[-72.519,8.472],[-72.5,8.45],[-72.48,8.429],[-72.456,8.404],[-72.445,8.394],[-72.434,8.39],[-72.425,8.388],[-72.416,8.383],[-72.415,8.382],[-72.403,8.37],[-72.394,8.355],[-72.387,8.339],[-72.384,8.322],[-72.386,8.306],[-72.395,8.273],[-72.396,8.257],[-72.391,8.234],[-72.357,8.172],[-72.336,8.104],[-72.334,8.065],[-72.35,8.043],[-72.367,8.043],[-72.388,8.046],[-72.407,8.044],[-72.417,8.026],[-72.422,8.006],[-72.43,7.991],[-72.442,7.977],[-72.457,7.965],[-72.467,7.96],[-72.479,7.956],[-72.488,7.949],[-72.491,7.938],[-72.487,7.929],[-72.466,7.905],[-72.459,7.894],[-72.454,7.876],[-72.452,7.833],[-72.454,7.815],[-72.474,7.754],[-72.483,7.649],[-72.48,7.629],[-72.467,7.59],[-72.463,7.571],[-72.467,7.549],[-72.476,7.529],[-72.482,7.508],[-72.479,7.484],[-72.451,7.44],[-72.415,7.414],[-72.396,7.407],[-72.371,7.399],[-72.322,7.39],[-72.24,7.391],[-72.206,7.382],[-72.172,7.337],[-72.166,7.334],[-72.164,7.329],[-72.173,7.288],[-72.174,7.28],[-72.171,7.25],[-72.164,7.221],[-72.153,7.193],[-72.098,7.087],[-72.081,7.067],[-72.07,7.059],[-72.042,7.047],[-72.029,7.039],[-72.005,7.019],[-71.994,7.013],[-71.964,7.006],[-71.881,6.987],[-71.848,6.984],[-71.833,6.986],[-71.822,6.993],[-71.812,7.001],[-71.8,7.009],[-71.789,7.01],[-71.778,7.008],[-71.772,7.011],[-71.774,7.029],[-71.745,7.029],[-71.722,7.033],[-71.698,7.035],[-71.67,7.028],[-71.674,7.044],[-71.667,7.052],[-71.654,7.053],[-71.62,7.052],[-71.612,7.046],[-71.607,7.038],[-71.595,7.03],[-71.588,7.029],[-71.581,7.032],[-71.567,7.039],[-71.558,7.041],[-71.554,7.037],[-71.551,7.032],[-71.549,7.029],[-71.549,7.028],[-71.529,7.027],[-71.529,7.028],[-71.528,7.03],[-71.51,7.035],[-71.488,7.029],[-71.468,7.012],[-71.456,7.016],[-71.429,7.028],[-71.414,7.031],[-71.398,7.029],[-71.366,7.021],[-71.349,7.019],[-71.308,7.027],[-71.293,7.026],[-71.284,7.019],[-71.281,7.007],[-71.281,6.995],[-71.276,6.984],[-71.262,6.979],[-71.213,6.978],[-71.202,6.972],[-71.194,6.965],[-71.184,6.963],[-71.166,6.968],[-71.154,6.977],[-71.145,6.986],[-71.136,6.992],[-71.065,6.985],[-71.011,6.991],[-70.961,7.009],[-70.919,7.039],[-70.908,7.053],[-70.903,7.063],[-70.896,7.069],[-70.875,7.069],[-70.837,7.082],[-70.793,7.085],[-70.733,7.099],[-70.703,7.1],[-70.697,7.097],[-70.683,7.085],[-70.673,7.081],[-70.639,7.073],[-70.623,7.074],[-70.595,7.083],[-70.579,7.086],[-70.571,7.079],[-70.521,7.016],[-70.511,7.01],[-70.495,7.006],[-70.484,7.005],[-70.461,7.008],[-70.452,7.008],[-70.447,7.005],[-70.441,6.996],[-70.438,6.993],[-70.423,6.988],[-70.319,6.938],[-70.288,6.937],[-70.231,6.969],[-70.195,6.978],[-70.158,6.98],[-70.129,6.973],[-70.097,6.944],[-70.079,6.923],[-70.004,6.827],[-69.928,6.732],[-69.852,6.636],[-69.776,6.541],[-69.7,6.445],[-69.624,6.35],[-69.548,6.254],[-69.473,6.159],[-69.444,6.122],[-69.432,6.122],[-69.431,6.122],[-69.406,6.129],[-69.358,6.152],[-69.331,6.156],[-69.311,6.146],[-69.269,6.097],[-69.246,6.081],[-69.189,6.113],[-69.13,6.17],[-69.108,6.183],[-69.08,6.209],[-69.061,6.218],[-69.037,6.219],[-69.016,6.214],[-68.979,6.197],[-68.961,6.202],[-68.938,6.197],[-68.914,6.189],[-68.893,6.184],[-68.829,6.188],[-68.808,6.184],[-68.744,6.165],[-68.722,6.163],[-68.701,6.158],[-68.659,6.139],[-68.635,6.136],[-68.622,6.142],[-68.596,6.165],[-68.585,6.17],[-68.523,6.173],[-68.449,6.195],[-68.427,6.197],[-68.407,6.195],[-68.341,6.177],[-68.304,6.177],[-68.19,6.218],[-68.147,6.224],[-68.019,6.212],[-67.978,6.218],[-67.943,6.23],[-67.934,6.231],[-67.924,6.235],[-67.916,6.242],[-67.911,6.252],[-67.909,6.263],[-67.904,6.275],[-67.893,6.278],[-67.879,6.278],[-67.868,6.28],[-67.858,6.288],[-67.839,6.308],[-67.827,6.313],[-67.819,6.314],[-67.801,6.309],[-67.731,6.303],[-67.574,6.266],[-67.545,6.248],[-67.518,6.223],[-67.49,6.202],[-67.451,6.198],[-67.45,6.198],[-67.456,6.193],[-67.476,6.178],[-67.487,6.167],[-67.491,6.153],[-67.491,6.114],[-67.454,6.057],[-67.429,6.038],[-67.421,6.018],[-67.419,5.995],[-67.422,5.978],[-67.435,5.968],[-67.471,5.953],[-67.485,5.944],[-67.532,5.893],[-67.542,5.877],[-67.601,5.821],[-67.625,5.785],[-67.641,5.745],[-67.649,5.702],[-67.649,5.656],[-67.638,5.597],[-67.636,5.578],[-67.633,5.573],[-67.618,5.559],[-67.614,5.554],[-67.617,5.542],[-67.623,5.533],[-67.63,5.527],[-67.636,5.52],[-67.647,5.483],[-67.652,5.478],[-67.664,5.475],[-67.675,5.467],[-67.694,5.447],[-67.702,5.441],[-67.732,5.43],[-67.737,5.426],[-67.747,5.414],[-67.752,5.41],[-67.757,5.409],[-67.768,5.41],[-67.773,5.41],[-67.81,5.379],[-67.835,5.339],[-67.844,5.297],[-67.834,5.259],[-67.825,5.243],[-67.819,5.228],[-67.815,5.21],[-67.814,5.187],[-67.816,5.178],[-67.825,5.154],[-67.827,5.142],[-67.828,5.131],[-67.827,5.12],[-67.825,5.111],[-67.821,5.101],[-67.815,5.091],[-67.797,5.07],[-67.793,5.063],[-67.795,5.053],[-67.8,5.046],[-67.805,5.041],[-67.807,5.036],[-67.805,4.991],[-67.807,4.972],[-67.82,4.933],[-67.826,4.895],[-67.827,4.872],[-67.825,4.865],[-67.816,4.847],[-67.814,4.841],[-67.814,4.828],[-67.817,4.822],[-67.819,4.816],[-67.814,4.806],[-67.821,4.788],[-67.823,4.744],[-67.831,4.728],[-67.841,4.711],[-67.846,4.69],[-67.849,4.634],[-67.855,4.608],[-67.854,4.576],[-67.855,4.566],[-67.861,4.558],[-67.868,4.553],[-67.873,4.547],[-67.875,4.533],[-67.872,4.522],[-67.865,4.512],[-67.857,4.504],[-67.848,4.498],[-67.848,4.505],[-67.829,4.491],[-67.822,4.478],[-67.814,4.443],[-67.809,4.439],[-67.797,4.435],[-67.793,4.429],[-67.793,4.421],[-67.798,4.407],[-67.8,4.399],[-67.797,4.386],[-67.783,4.364],[-67.779,4.351],[-67.782,4.339],[-67.8,4.306],[-67.805,4.268],[-67.799,4.235],[-67.791,4.204],[-67.786,4.173],[-67.778,4.154],[-67.759,4.139],[-67.74,4.119],[-67.732,4.086],[-67.721,4.075],[-67.714,4.056],[-67.717,4.04],[-67.717,4.039],[-67.71,4.036],[-67.702,4.012],[-67.699,3.95],[-67.694,3.929],[-67.654,3.859],[-67.644,3.835],[-67.639,3.785],[-67.632,3.762],[-67.614,3.741],[-67.595,3.731],[-67.577,3.731],[-67.558,3.734],[-67.537,3.736],[-67.5,3.718],[-67.471,3.68],[-67.404,3.504],[-67.39,3.485],[-67.375,3.475],[-67.338,3.46],[-67.305,3.426],[-67.309,3.384],[-67.335,3.342],[-67.396,3.267],[-67.408,3.257],[-67.418,3.254],[-67.44,3.249],[-67.452,3.244],[-67.471,3.226],[-67.514,3.187],[-67.557,3.147],[-67.6,3.107],[-67.642,3.068],[-67.685,3.028],[-67.728,2.989],[-67.771,2.949],[-67.814,2.909],[-67.839,2.886],[-67.855,2.858],[-67.856,2.79],[-67.841,2.801],[-67.833,2.815],[-67.823,2.827],[-67.803,2.833],[-67.781,2.832],[-67.77,2.832],[-67.751,2.842],[-67.743,2.839],[-67.732,2.826],[-67.69,2.806],[-67.666,2.801],[-67.646,2.809],[-67.627,2.813],[-67.608,2.799],[-67.594,2.776],[-67.587,2.758],[-67.581,2.713],[-67.576,2.691],[-67.564,2.682],[-67.519,2.681],[-67.5,2.675],[-67.485,2.662],[-67.481,2.654],[-67.475,2.635],[-67.471,2.627],[-67.462,2.62],[-67.44,2.61],[-67.436,2.604],[-67.433,2.595],[-67.417,2.576],[-67.413,2.572],[-67.4,2.568],[-67.393,2.559],[-67.388,2.548],[-67.382,2.538],[-67.372,2.53],[-67.35,2.518],[-67.341,2.51],[-67.336,2.5],[-67.331,2.487],[-67.325,2.475],[-67.317,2.469],[-67.306,2.466],[-67.295,2.458],[-67.276,2.439],[-67.267,2.434],[-67.231,2.422],[-67.198,2.402],[-67.19,2.394],[-67.186,2.384],[-67.186,2.365],[-67.18,2.356],[-67.174,2.336],[-67.187,2.316],[-67.206,2.298],[-67.218,2.285],[-67.217,2.266],[-67.201,2.228],[-67.194,2.197],[-67.178,2.154],[-67.169,2.141],[-67.154,2.133],[-67.136,2.127],[-67.121,2.119],[-67.115,2.103],[-67.111,2.049],[-67.115,2.031],[-67.119,2.024],[-67.135,2.003],[-67.133,1.991],[-67.126,1.981],[-67.118,1.972],[-67.11,1.96],[-67.092,1.947],[-67.087,1.939],[-67.085,1.928],[-67.067,1.894],[-66.981,1.666],[-66.978,1.644],[-66.978,1.6],[-66.974,1.58],[-66.964,1.558],[-66.943,1.523],[-66.934,1.502],[-66.93,1.479],[-66.937,1.439],[-66.933,1.425],[-66.923,1.414],[-66.912,1.405],[-66.902,1.394],[-66.891,1.375],[-66.884,1.35],[-66.883,1.326],[-66.901,1.289],[-66.896,1.265],[-66.875,1.223],[-66.913,1.215],[-66.978,1.197],[-67.065,1.173],[-67.086,1.176],[-67.094,1.201],[-67.098,1.253],[-67.074,1.541],[-67.083,1.605],[-67.117,1.71],[-67.156,1.788],[-67.265,1.933],[-67.289,1.975],[-67.32,2.053],[-67.341,2.09],[-67.366,2.115],[-67.382,2.123],[-67.425,2.138],[-67.44,2.14],[-67.449,2.134],[-67.466,2.116],[-67.475,2.112],[-67.51,2.107],[-67.527,2.097],[-67.554,2.073],[-67.593,2.055],[-67.67,1.973],[-67.79,1.813],[-67.821,1.784],[-67.861,1.762],[-67.893,1.75],[-67.929,1.741],[-67.965,1.74],[-67.998,1.75],[-68.032,1.778],[-68.059,1.816],[-68.079,1.86],[-68.101,1.924],[-68.111,1.942],[-68.126,1.956],[-68.149,1.966],[-68.17,1.97],[-68.177,1.973],[-68.185,1.981],[-68.187,1.988],[-68.187,2.008],[-68.192,2.015],[-68.201,2.008],[-68.261,1.858],[-68.28,1.829],[-68.274,1.825],[-68.248,1.822],[-68.239,1.81],[-68.241,1.788],[-68.239,1.77],[-68.202,1.769],[-68.194,1.764],[-68.191,1.755],[-68.192,1.742],[-68.189,1.736],[-68.18,1.73],[-68.163,1.721],[-68.239,1.721],[-68.286,1.721],[-68.413,1.721],[-68.591,1.721],[-68.795,1.721],[-69,1.72],[-69.178,1.72],[-69.305,1.72],[-69.352,1.72],[-69.393,1.725],[-69.469,1.757],[-69.542,1.773],[-69.58,1.77],[-69.649,1.739],[-69.69,1.735],[-69.711,1.739],[-69.729,1.739],[-69.746,1.735],[-69.789,1.713],[-69.808,1.707],[-69.841,1.708],[-69.856,1.708],[-69.849,1.669],[-69.849,1.6],[-69.85,1.531],[-69.85,1.463],[-69.85,1.394],[-69.851,1.325],[-69.851,1.257],[-69.852,1.188],[-69.852,1.119],[-69.852,1.059],[-69.829,1.057],[-69.788,1.084],[-69.763,1.091],[-69.75,1.091],[-69.737,1.088],[-69.728,1.083],[-69.727,1.061],[-69.716,1.059],[-69.62,1.073],[-69.597,1.072],[-69.553,1.057],[-69.543,1.056],[-69.51,1.056],[-69.478,1.061],[-69.469,1.059],[-69.46,1.055],[-69.455,1.051],[-69.452,1.046],[-69.447,1.042],[-69.428,1.03],[-69.418,1.029],[-69.371,1.063],[-69.355,1.067],[-69.339,1.064],[-69.289,1.038],[-69.274,1.028],[-69.257,1.007],[-69.24,0.996],[-69.233,0.988],[-69.23,0.979],[-69.229,0.967],[-69.226,0.957],[-69.204,0.944],[-69.21,0.908],[-69.194,0.892],[-69.171,0.883],[-69.159,0.876],[-69.152,0.868],[-69.152,0.854],[-69.16,0.85],[-69.169,0.848],[-69.175,0.844],[-69.178,0.824],[-69.168,0.779],[-69.168,0.756],[-69.175,0.745],[-69.185,0.738],[-69.192,0.729],[-69.189,0.715],[-69.181,0.708],[-69.159,0.697],[-69.152,0.691],[-69.141,0.668],[-69.137,0.65],[-69.144,0.638],[-69.162,0.631],[-69.171,0.633],[-69.19,0.64],[-69.201,0.639],[-69.208,0.635],[-69.219,0.62],[-69.226,0.615],[-69.242,0.614],[-69.279,0.619],[-69.297,0.618],[-69.293,0.646],[-69.302,0.657],[-69.32,0.656],[-69.342,0.65],[-69.363,0.641],[-69.369,0.644],[-69.44,0.716],[-69.458,0.728],[-69.478,0.733],[-69.504,0.73],[-69.523,0.721],[-69.556,0.7],[-69.574,0.698],[-69.594,0.689],[-69.605,0.667],[-69.619,0.651],[-69.651,0.657],[-69.679,0.67],[-69.695,0.669],[-69.733,0.639],[-69.768,0.621],[-69.805,0.607],[-69.846,0.599],[-69.914,0.595],[-69.934,0.589],[-69.953,0.586],[-69.976,0.59],[-69.999,0.59],[-70.021,0.58],[-70.039,0.575],[-70.054,0.588],[-70.056,0.519],[-70.057,0.493],[-70.059,0.426],[-70.061,0.331],[-70.064,0.222],[-70.067,0.113],[-70.07,0.018],[-70.072,-0.049],[-70.072,-0.075],[-70.074,-0.125],[-70.068,-0.16],[-70.056,-0.181],[-70.018,-0.226],[-69.967,-0.272],[-69.944,-0.305],[-69.934,-0.314],[-69.915,-0.322],[-69.875,-0.331],[-69.858,-0.341],[-69.852,-0.351],[-69.842,-0.373],[-69.835,-0.383],[-69.825,-0.39],[-69.802,-0.401],[-69.791,-0.408],[-69.762,-0.441],[-69.746,-0.453],[-69.666,-0.483],[-69.65,-0.492],[-69.632,-0.507],[-69.62,-0.525],[-69.612,-0.545],[-69.607,-0.567],[-69.607,-0.596],[-69.605,-0.606],[-69.599,-0.616],[-69.593,-0.624],[-69.587,-0.632],[-69.584,-0.645],[-69.591,-0.668],[-69.622,-0.715],[-69.628,-0.733],[-69.618,-0.757],[-69.581,-0.799],[-69.573,-0.814],[-69.576,-0.839],[-69.573,-0.849],[-69.564,-0.863],[-69.558,-0.869],[-69.55,-0.873],[-69.543,-0.879],[-69.537,-0.89],[-69.536,-0.901],[-69.539,-0.911],[-69.539,-0.921],[-69.533,-0.934],[-69.524,-0.941],[-69.502,-0.95],[-69.493,-0.956],[-69.471,-0.988],[-69.465,-0.993],[-69.455,-0.995],[-69.45,-0.997],[-69.447,-1.001],[-69.443,-1.008],[-69.445,-1.011],[-69.44,-1.049],[-69.442,-1.06],[-69.448,-1.08],[-69.448,-1.092],[-69.41,-1.153],[-69.399,-1.183],[-69.421,-1.239],[-69.418,-1.284],[-69.435,-1.376],[-69.434,-1.422],[-69.452,-1.491],[-69.452,-1.511],[-69.466,-1.561],[-69.478,-1.622],[-69.507,-1.784],[-69.536,-1.945],[-69.566,-2.106],[-69.595,-2.267],[-69.624,-2.428],[-69.654,-2.589],[-69.683,-2.751],[-69.712,-2.912],[-69.742,-3.073],[-69.771,-3.234],[-69.8,-3.395],[-69.83,-3.557],[-69.859,-3.718],[-69.889,-3.879],[-69.918,-4.04],[-69.947,-4.201],[-69.948,-4.203],[-69.949,-4.206],[-69.951,-4.208],[-69.952,-4.21],[-69.953,-4.212],[-69.954,-4.214],[-69.955,-4.217],[-69.956,-4.219],[-69.957,-4.221],[-69.958,-4.223],[-69.959,-4.225],[-69.961,-4.228],[-69.962,-4.23],[-69.963,-4.232],[-69.964,-4.234],[-69.965,-4.236],[-69.993,-4.181],[-70.01,-4.155],[-70.031,-4.132],[-70.06,-4.107],[-70.162,-4.056],[-70.188,-4.029],[-70.199,-3.996],[-70.205,-3.96],[-70.217,-3.925],[-70.241,-3.891],[-70.274,-3.857],[-70.311,-3.829],[-70.35,-3.816],[-70.378,-3.819],[-70.399,-3.832],[-70.439,-3.868],[-70.464,-3.879],[-70.491,-3.878],[-70.544,-3.865],[-70.555,-3.858],[-70.691,-3.787],[-70.734,-3.782],[-70.701,-3.73],[-70.622,-3.607],[-70.544,-3.485],[-70.465,-3.363],[-70.387,-3.24],[-70.308,-3.118],[-70.23,-2.995],[-70.152,-2.873],[-70.073,-2.751],[-70.051,-2.715],[-70.05,-2.714],[-70.056,-2.712],[-70.067,-2.703],[-70.076,-2.691],[-70.082,-2.677],[-70.095,-2.633],[-70.106,-2.625],[-70.126,-2.639],[-70.132,-2.648],[-70.136,-2.659],[-70.142,-2.667],[-70.15,-2.669],[-70.16,-2.664],[-70.161,-2.655],[-70.161,-2.645],[-70.164,-2.635],[-70.184,-2.62],[-70.201,-2.624],[-70.218,-2.632],[-70.236,-2.625],[-70.247,-2.607],[-70.261,-2.565],[-70.274,-2.546],[-70.296,-2.535],[-70.315,-2.542],[-70.335,-2.554],[-70.36,-2.561],[-70.365,-2.558],[-70.371,-2.55],[-70.376,-2.541],[-70.376,-2.533],[-70.372,-2.528],[-70.355,-2.522],[-70.35,-2.518],[-70.345,-2.497],[-70.358,-2.487],[-70.379,-2.485],[-70.4,-2.485],[-70.411,-2.487],[-70.435,-2.498],[-70.445,-2.499],[-70.457,-2.493],[-70.463,-2.484],[-70.466,-2.474],[-70.472,-2.463],[-70.484,-2.453],[-70.502,-2.444],[-70.521,-2.438],[-70.538,-2.436],[-70.553,-2.428],[-70.566,-2.414],[-70.579,-2.405],[-70.596,-2.417],[-70.599,-2.426],[-70.598,-2.437],[-70.599,-2.447],[-70.606,-2.451],[-70.648,-2.451],[-70.654,-2.445],[-70.656,-2.433],[-70.656,-2.419],[-70.658,-2.409],[-70.664,-2.398],[-70.695,-2.372],[-70.699,-2.37],[-70.699,-2.341],[-70.701,-2.333],[-70.707,-2.328],[-70.732,-2.325],[-70.751,-2.321],[-70.788,-2.307],[-70.822,-2.285],[-70.874,-2.23],[-70.905,-2.211],[-70.925,-2.22],[-70.95,-2.215],[-70.993,-2.197],[-71.021,-2.197],[-71.032,-2.211],[-71.03,-2.234],[-71.021,-2.259],[-71.03,-2.264],[-71.041,-2.265],[-71.054,-2.263],[-71.079,-2.248],[-71.092,-2.247],[-71.12,-2.252],[-71.143,-2.263],[-71.162,-2.31],[-71.19,-2.325],[-71.209,-2.339],[-71.22,-2.342],[-71.23,-2.338],[-71.242,-2.329],[-71.253,-2.327],[-71.268,-2.332],[-71.289,-2.343],[-71.308,-2.348],[-71.315,-2.334],[-71.387,-2.369],[-71.421,-2.376],[-71.432,-2.355],[-71.428,-2.348],[-71.414,-2.335],[-71.412,-2.327],[-71.415,-2.316],[-71.439,-2.286],[-71.456,-2.255],[-71.467,-2.251],[-71.481,-2.266],[-71.49,-2.303],[-71.498,-2.315],[-71.514,-2.307],[-71.521,-2.292],[-71.522,-2.25],[-71.527,-2.232],[-71.538,-2.223],[-71.596,-2.211],[-71.617,-2.2],[-71.635,-2.186],[-71.655,-2.174],[-71.679,-2.17],[-71.712,-2.187],[-71.731,-2.19],[-71.74,-2.173],[-71.738,-2.138],[-71.746,-2.132],[-71.768,-2.142],[-71.826,-2.179],[-71.836,-2.18],[-71.841,-2.19],[-71.877,-2.245],[-71.924,-2.282],[-71.932,-2.29],[-71.936,-2.312],[-71.949,-2.324],[-71.966,-2.328],[-72.029,-2.32],[-72.062,-2.32],[-72.089,-2.331],[-72.117,-2.355],[-72.161,-2.406],[-72.176,-2.41],[-72.241,-2.395],[-72.251,-2.396],[-72.277,-2.402],[-72.282,-2.406],[-72.281,-2.426],[-72.284,-2.433],[-72.292,-2.436],[-72.316,-2.438],[-72.356,-2.449],[-72.378,-2.451],[-72.397,-2.447],[-72.414,-2.437],[-72.428,-2.425],[-72.433,-2.413],[-72.442,-2.405],[-72.544,-2.389],[-72.563,-2.383],[-72.608,-2.346],[-72.626,-2.337],[-72.644,-2.334],[-72.657,-2.35],[-72.683,-2.405],[-72.696,-2.417],[-72.712,-2.422],[-72.718,-2.42],[-72.722,-2.394],[-72.725,-2.383],[-72.729,-2.375],[-72.734,-2.368],[-72.746,-2.373],[-72.754,-2.381],[-72.759,-2.39],[-72.762,-2.402],[-72.788,-2.384],[-72.805,-2.378],[-72.829,-2.39],[-72.858,-2.4],[-72.87,-2.412],[-72.884,-2.417],[-72.926,-2.425],[-72.935,-2.425],[-72.943,-2.419],[-72.953,-2.402],[-72.97,-2.356],[-72.984,-2.343],[-72.988,-2.338],[-73.056,-2.3],[-73.059,-2.311],[-73.071,-2.333],[-73.084,-2.345],[-73.09,-2.324],[-73.099,-2.315],[-73.142,-2.304],[-73.159,-2.293],[-73.161,-2.285],[-73.166,-2.256],[-73.169,-2.25],[-73.183,-2.24],[-73.186,-2.235],[-73.188,-2.229],[-73.198,-2.214],[-73.2,-2.204],[-73.199,-2.194],[-73.195,-2.187],[-73.186,-2.176],[-73.15,-2.144],[-73.141,-2.122],[-73.111,-2.073],[-73.125,-2.061],[-73.132,-2.04],[-73.138,-2.017],[-73.145,-1.998],[-73.162,-1.972],[-73.169,-1.959],[-73.173,-1.944],[-73.171,-1.93],[-73.161,-1.904],[-73.159,-1.895],[-73.165,-1.878],[-73.188,-1.851],[-73.194,-1.837],[-73.186,-1.8],[-73.193,-1.789],[-73.201,-1.783],[-73.211,-1.779],[-73.22,-1.772],[-73.247,-1.742],[-73.257,-1.742],[-73.261,-1.769],[-73.268,-1.772],[-73.301,-1.764],[-73.317,-1.765],[-73.333,-1.781],[-73.34,-1.792],[-73.351,-1.791],[-73.375,-1.769],[-73.387,-1.761],[-73.399,-1.759],[-73.41,-1.76],[-73.424,-1.758],[-73.435,-1.76],[-73.44,-1.759],[-73.442,-1.755],[-73.445,-1.742],[-73.446,-1.738],[-73.511,-1.699],[-73.531,-1.674],[-73.529,-1.635],[-73.517,-1.602],[-73.509,-1.587],[-73.485,-1.572],[-73.484,-1.553],[-73.494,-1.512],[-73.495,-1.498],[-73.495,-1.488],[-73.497,-1.478],[-73.505,-1.467],[-73.526,-1.452],[-73.537,-1.434],[-73.574,-1.417],[-73.583,-1.402],[-73.568,-1.383],[-73.563,-1.372],[-73.579,-1.365],[-73.584,-1.358],[-73.589,-1.35],[-73.591,-1.343],[-73.592,-1.322],[-73.594,-1.313],[-73.597,-1.306],[-73.601,-1.305],[-73.614,-1.307],[-73.618,-1.306],[-73.62,-1.302],[-73.622,-1.291],[-73.629,-1.275],[-73.631,-1.264],[-73.637,-1.255],[-73.66,-1.248],[-73.679,-1.234],[-73.69,-1.231],[-73.713,-1.227],[-73.732,-1.217],[-73.746,-1.201],[-73.755,-1.183],[-73.77,-1.189],[-73.786,-1.214],[-73.803,-1.224],[-73.814,-1.223],[-73.83,-1.22],[-73.857,-1.211],[-73.871,-1.201],[-73.881,-1.191],[-73.899,-1.163],[-73.914,-1.123],[-73.92,-1.114],[-73.936,-1.108],[-73.968,-1.115],[-73.981,-1.107],[-73.983,-1.099],[-73.973,-1.082],[-73.974,-1.073],[-73.983,-1.066],[-73.988,-1.069],[-73.991,-1.075],[-73.995,-1.08],[-74.006,-1.085],[-74.011,-1.09],[-74.017,-1.092],[-74.029,-1.086],[-74.037,-1.08],[-74.042,-1.071],[-74.065,-1.001],[-74.077,-0.991],[-74.092,-1.02],[-74.12,-1.021],[-74.181,-0.998],[-74.24,-0.987],[-74.267,-0.972],[-74.289,-0.943],[-74.303,-0.898],[-74.313,-0.884],[-74.338,-0.868],[-74.344,-0.859],[-74.338,-0.847],[-74.325,-0.845],[-74.309,-0.847],[-74.295,-0.847],[-74.289,-0.836],[-74.295,-0.824],[-74.305,-0.813],[-74.311,-0.801],[-74.303,-0.785],[-74.311,-0.782],[-74.328,-0.782],[-74.338,-0.779],[-74.344,-0.774],[-74.378,-0.737],[-74.385,-0.722],[-74.385,-0.703],[-74.38,-0.694],[-74.367,-0.683],[-74.365,-0.676],[-74.413,-0.573],[-74.415,-0.564],[-74.416,-0.553],[-74.418,-0.543],[-74.423,-0.538],[-74.437,-0.538],[-74.442,-0.536],[-74.451,-0.522],[-74.464,-0.507],[-74.476,-0.496],[-74.536,-0.46],[-74.562,-0.439],[-74.604,-0.395],[-74.633,-0.347],[-74.642,-0.34],[-74.653,-0.342],[-74.661,-0.347],[-74.668,-0.352],[-74.673,-0.354],[-74.687,-0.353],[-74.693,-0.35],[-74.696,-0.345],[-74.701,-0.34],[-74.708,-0.335],[-74.712,-0.33],[-74.718,-0.327],[-74.743,-0.325],[-74.763,-0.32],[-74.773,-0.319],[-74.791,-0.313],[-74.783,-0.299],[-74.755,-0.278],[-74.789,-0.209],[-74.804,-0.189],[-74.825,-0.17],[-74.837,-0.173],[-74.861,-0.213],[-74.873,-0.222],[-74.883,-0.223],[-74.899,-0.217],[-74.933,-0.209],[-74.955,-0.2],[-74.968,-0.19],[-75.009,-0.145],[-75.015,-0.141],[-75.025,-0.138],[-75.042,-0.137],[-75.051,-0.134],[-75.062,-0.123],[-75.102,-0.069],[-75.121,-0.054],[-75.142,-0.043],[-75.187,-0.031],[-75.207,-0.029],[-75.222,-0.032],[-75.232,-0.043],[-75.235,-0.062],[-75.24,-0.075],[-75.253,-0.09],[-75.268,-0.102],[-75.283,-0.107],[-75.302,-0.096],[-75.365,-0.073],[-75.421,-0.062],[-75.441,-0.048],[-75.465,-0.04],[-75.523,-0.004],[-75.57,0.038],[-75.588,0.044],[-75.598,0.05],[-75.611,0.065],[-75.627,0.079],[-75.647,0.085],[-75.666,0.083],[-75.709,0.073],[-75.732,0.071],[-75.754,0.073],[-75.773,0.078],[-75.79,0.084],[-75.818,0.1],[-75.858,0.13],[-75.866,0.144],[-75.927,0.181],[-75.952,0.204],[-75.963,0.22],[-75.968,0.239],[-75.972,0.252],[-76.04,0.337],[-76.044,0.349],[-76.053,0.364],[-76.076,0.361],[-76.101,0.353],[-76.12,0.352],[-76.125,0.36],[-76.13,0.386],[-76.136,0.397],[-76.145,0.4],[-76.156,0.401],[-76.178,0.4],[-76.202,0.402],[-76.224,0.407],[-76.244,0.415],[-76.263,0.428],[-76.291,0.457],[-76.3,0.462],[-76.312,0.459],[-76.33,0.445],[-76.335,0.442],[-76.341,0.437],[-76.365,0.407],[-76.375,0.404],[-76.385,0.401],[-76.407,0.4],[-76.416,0.402],[-76.416,0.395],[-76.418,0.321],[-76.408,0.255],[-76.426,0.243],[-76.525,0.231],[-76.551,0.218],[-76.565,0.216],[-76.584,0.223],[-76.611,0.247],[-76.627,0.259],[-76.641,0.263],[-76.69,0.268],[-76.725,0.278],[-76.737,0.273],[-76.734,0.233],[-76.75,0.233],[-76.785,0.249],[-76.798,0.25],[-76.867,0.24],[-76.882,0.24],[-76.897,0.245],[-76.914,0.258],[-76.936,0.28],[-76.946,0.287],[-76.962,0.293],[-76.975,0.295],[-77.015,0.296],[-77.045,0.306],[-77.083,0.349],[-77.104,0.354],[-77.117,0.358],[-77.135,0.354],[-77.185,0.335],[-77.207,0.334],[-77.223,0.339],[-77.237,0.346],[-77.256,0.353],[-77.363,0.375],[-77.397,0.388],[-77.424,0.408],[-77.435,0.434],[-77.439,0.464],[-77.448,0.497],[-77.455,0.602],[-77.468,0.651],[-77.509,0.661],[-77.514,0.661],[-77.543,0.656],[-77.58,0.671],[-77.646,0.716],[-77.667,0.748],[-77.673,0.82],[-77.703,0.843],[-77.728,0.843],[-77.808,0.813],[-77.828,0.809],[-77.848,0.809],[-77.869,0.814],[-77.893,0.823],[-77.903,0.832],[-77.905,0.843],[-77.905,0.854],[-77.909,0.864],[-77.918,0.874],[-77.923,0.875],[-77.928,0.872],[-77.939,0.873],[-78.007,0.898],[-78.078,0.901],[-78.12,0.921],[-78.25,1.02],[-78.271,1.03],[-78.33,1.047],[-78.349,1.056],[-78.373,1.074],[-78.467,1.178],[-78.478,1.187],[-78.485,1.193],[-78.541,1.205],[-78.556,1.204],[-78.57,1.196],[-78.576,1.212],[-78.597,1.234],[-78.6,1.244],[-78.602,1.264],[-78.612,1.266],[-78.626,1.262],[-78.641,1.259],[-78.665,1.267],[-78.684,1.282],[-78.699,1.302],[-78.709,1.324],[-78.719,1.341],[-78.749,1.365],[-78.77,1.394],[-78.829,1.434]]],[[[-78.131,2.627],[-78.13,2.622],[-78.107,2.594],[-78.097,2.572],[-78.096,2.54],[-78.107,2.513],[-78.134,2.504],[-78.158,2.518],[-78.185,2.545],[-78.207,2.575],[-78.216,2.597],[-78.213,2.611],[-78.206,2.617],[-78.2,2.622],[-78.195,2.632],[-78.202,2.643],[-78.217,2.67],[-78.215,2.682],[-78.205,2.687],[-78.188,2.678],[-78.166,2.686],[-78.145,2.674],[-78.14,2.655],[-78.132,2.646],[-78.129,2.634],[-78.131,2.627]]],[[[-77.902,2.696],[-77.888,2.687],[-77.85,2.638],[-77.835,2.626],[-77.802,2.607],[-77.785,2.594],[-77.808,2.579],[-77.84,2.577],[-77.87,2.584],[-77.888,2.594],[-77.881,2.6],[-77.888,2.607],[-77.867,2.627],[-77.868,2.64],[-77.881,2.646],[-77.899,2.648],[-77.914,2.659],[-77.92,2.68],[-77.916,2.697],[-77.902,2.696]]],[[[-77.806,2.662],[-77.768,2.633],[-77.754,2.618],[-77.759,2.603],[-77.776,2.601],[-77.802,2.614],[-77.847,2.648],[-77.875,2.685],[-77.881,2.696],[-77.884,2.708],[-77.885,2.72],[-77.883,2.725],[-77.874,2.717],[-77.871,2.714],[-77.86,2.71],[-77.857,2.716],[-77.855,2.719],[-77.851,2.721],[-77.847,2.724],[-77.819,2.696],[-77.815,2.688],[-77.811,2.669],[-77.806,2.662]]],[[[-77.353,4.265],[-77.332,4.255],[-77.312,4.258],[-77.291,4.262],[-77.272,4.258],[-77.29,4.229],[-77.303,4.218],[-77.316,4.223],[-77.333,4.245],[-77.358,4.236],[-77.382,4.232],[-77.434,4.232],[-77.454,4.236],[-77.466,4.237],[-77.482,4.234],[-77.491,4.227],[-77.497,4.219],[-77.505,4.211],[-77.541,4.199],[-77.545,4.196],[-77.55,4.205],[-77.549,4.219],[-77.544,4.232],[-77.535,4.237],[-77.522,4.242],[-77.5,4.261],[-77.487,4.265],[-77.474,4.264],[-77.45,4.258],[-77.436,4.258],[-77.44,4.267],[-77.455,4.277],[-77.463,4.286],[-77.428,4.286],[-77.452,4.292],[-77.449,4.301],[-77.433,4.312],[-77.415,4.321],[-77.421,4.322],[-77.424,4.324],[-77.428,4.326],[-77.436,4.327],[-77.434,4.332],[-77.433,4.334],[-77.428,4.341],[-77.401,4.327],[-77.386,4.315],[-77.375,4.3],[-77.367,4.284],[-77.353,4.265]]],[[[-81.711,12.523],[-81.72,12.543],[-81.717,12.563],[-81.706,12.58],[-81.691,12.591],[-81.686,12.58],[-81.705,12.504],[-81.717,12.502],[-81.724,12.512],[-81.711,12.523]]],[[[-81.383,13.319],[-81.386,13.341],[-81.379,13.363],[-81.365,13.374],[-81.351,13.366],[-81.346,13.349],[-81.352,13.334],[-81.365,13.324],[-81.383,13.319]]],[[[-81.612,3.959],[-81.615,3.961],[-81.616,3.964],[-81.615,3.969],[-81.61,3.975],[-81.604,3.977],[-81.602,3.98],[-81.601,3.988],[-81.596,3.991],[-81.591,3.99],[-81.585,3.992],[-81.582,3.992],[-81.579,3.978],[-81.58,3.976],[-81.585,3.975],[-81.589,3.97],[-81.594,3.971],[-81.606,3.96],[-81.612,3.959]]],[[[-78.187,2.99],[-78.173,3.002],[-78.164,3.002],[-78.166,2.988],[-78.166,2.974],[-78.167,2.96],[-78.182,2.943],[-78.193,2.934],[-78.208,2.93],[-78.22,2.934],[-78.22,2.944],[-78.204,2.946],[-78.2,2.961],[-78.195,2.98],[-78.187,2.99]]],[[[-75.587,10.368],[-75.576,10.378],[-75.568,10.373],[-75.556,10.368],[-75.538,10.363],[-75.535,10.351],[-75.546,10.339],[-75.556,10.341],[-75.567,10.344],[-75.576,10.339],[-75.578,10.326],[-75.582,10.319],[-75.591,10.319],[-75.595,10.331],[-75.596,10.348],[-75.593,10.36],[-75.587,10.368]]],[[[-80.09,13.578],[-80.089,13.578],[-80.089,13.577],[-80.09,13.577],[-80.091,13.577],[-80.091,13.578],[-80.09,13.578]]]]}},{"type":"Feature","properties":{"iso":"PRY","nombre":"PARAGUAY"},"geometry":{"type":"Polygon","coordinates":[[[-62.65,-22.234],[-62.628,-22.185],[-62.599,-22.09],[-62.573,-22.001],[-62.529,-21.865],[-62.493,-21.752],[-62.446,-21.607],[-62.412,-21.501],[-62.375,-21.384],[-62.34,-21.273],[-62.308,-21.169],[-62.276,-21.067],[-62.272,-21.001],[-62.272,-21],[-62.274,-20.855],[-62.275,-20.759],[-62.276,-20.671],[-62.277,-20.58],[-62.269,-20.553],[-62.232,-20.501],[-62.211,-20.471],[-62.19,-20.443],[-62.145,-20.382],[-62.1,-20.321],[-62.056,-20.26],[-62.011,-20.2],[-61.994,-20.176],[-61.978,-20.152],[-61.961,-20.128],[-61.944,-20.104],[-61.931,-20.078],[-61.925,-20.065],[-61.918,-20.053],[-61.906,-20.027],[-61.893,-20.001],[-61.864,-19.927],[-61.836,-19.854],[-61.808,-19.78],[-61.78,-19.707],[-61.761,-19.658],[-61.753,-19.646],[-61.737,-19.64],[-61.648,-19.627],[-61.627,-19.624],[-61.58,-19.617],[-61.532,-19.61],[-61.511,-19.607],[-61.172,-19.537],[-60.834,-19.468],[-60.495,-19.398],[-60.157,-19.329],[-60.006,-19.298],[-59.924,-19.297],[-59.736,-19.295],[-59.547,-19.292],[-59.359,-19.29],[-59.171,-19.288],[-59.09,-19.287],[-59.07,-19.291],[-59.04,-19.312],[-59.011,-19.331],[-58.961,-19.361],[-58.867,-19.415],[-58.774,-19.47],[-58.681,-19.525],[-58.588,-19.579],[-58.494,-19.634],[-58.401,-19.689],[-58.308,-19.744],[-58.214,-19.798],[-58.175,-19.821],[-58.164,-19.833],[-58.161,-19.847],[-58.164,-19.88],[-58.162,-19.912],[-58.145,-19.97],[-58.142,-20.001],[-58.144,-20.023],[-58.143,-20.065],[-58.145,-20.086],[-58.16,-20.139],[-58.159,-20.165],[-58.158,-20.181],[-58.152,-20.185],[-58.144,-20.184],[-58.137,-20.186],[-58.13,-20.193],[-58.121,-20.204],[-58.119,-20.214],[-58.155,-20.226],[-58.163,-20.243],[-58.156,-20.262],[-58.137,-20.274],[-58.131,-20.273],[-58.126,-20.267],[-58.12,-20.261],[-58.11,-20.261],[-58.103,-20.264],[-58.095,-20.272],[-58.09,-20.282],[-58.1,-20.309],[-58.098,-20.335],[-58.091,-20.359],[-58.083,-20.376],[-58.067,-20.394],[-58.046,-20.409],[-58.023,-20.421],[-58.004,-20.425],[-57.989,-20.433],[-57.992,-20.451],[-58.008,-20.48],[-58.01,-20.5],[-58.009,-20.526],[-58.005,-20.55],[-57.993,-20.574],[-57.993,-20.585],[-57.994,-20.607],[-57.991,-20.621],[-57.978,-20.64],[-57.973,-20.651],[-57.974,-20.662],[-57.981,-20.681],[-57.981,-20.693],[-57.974,-20.704],[-57.965,-20.711],[-57.956,-20.71],[-57.947,-20.675],[-57.934,-20.667],[-57.918,-20.67],[-57.904,-20.679],[-57.9,-20.685],[-57.894,-20.7],[-57.891,-20.706],[-57.884,-20.712],[-57.869,-20.722],[-57.86,-20.73],[-57.858,-20.74],[-57.865,-20.747],[-57.877,-20.752],[-57.899,-20.757],[-57.907,-20.762],[-57.918,-20.774],[-57.933,-20.785],[-57.94,-20.794],[-57.934,-20.8],[-57.908,-20.802],[-57.888,-20.806],[-57.871,-20.816],[-57.86,-20.832],[-57.857,-20.85],[-57.867,-20.86],[-57.909,-20.882],[-57.918,-20.894],[-57.915,-20.906],[-57.908,-20.911],[-57.901,-20.912],[-57.898,-20.915],[-57.893,-20.915],[-57.87,-20.933],[-57.847,-20.956],[-57.84,-20.956],[-57.836,-20.939],[-57.818,-20.954],[-57.816,-20.975],[-57.825,-20.999],[-57.852,-21.038],[-57.852,-21.052],[-57.836,-21.082],[-57.83,-21.127],[-57.834,-21.174],[-57.848,-21.216],[-57.871,-21.248],[-57.899,-21.267],[-57.904,-21.275],[-57.905,-21.287],[-57.9,-21.295],[-57.894,-21.3],[-57.891,-21.306],[-57.882,-21.316],[-57.866,-21.321],[-57.856,-21.331],[-57.863,-21.357],[-57.93,-21.453],[-57.945,-21.487],[-57.949,-21.508],[-57.948,-21.531],[-57.94,-21.548],[-57.922,-21.555],[-57.912,-21.564],[-57.919,-21.584],[-57.932,-21.607],[-57.939,-21.624],[-57.935,-21.641],[-57.924,-21.659],[-57.912,-21.673],[-57.901,-21.679],[-57.896,-21.688],[-57.939,-21.755],[-57.938,-21.775],[-57.935,-21.793],[-57.936,-21.812],[-57.949,-21.834],[-57.956,-21.851],[-57.947,-21.865],[-57.933,-21.882],[-57.925,-21.905],[-57.93,-21.917],[-57.953,-21.958],[-57.963,-21.967],[-57.965,-21.977],[-57.987,-22.035],[-57.988,-22.049],[-57.988,-22.064],[-57.986,-22.074],[-57.973,-22.081],[-57.961,-22.09],[-57.952,-22.106],[-57.94,-22.118],[-57.906,-22.129],[-57.896,-22.129],[-57.878,-22.122],[-57.871,-22.121],[-57.863,-22.126],[-57.849,-22.14],[-57.844,-22.144],[-57.832,-22.141],[-57.816,-22.128],[-57.805,-22.129],[-57.795,-22.131],[-57.788,-22.13],[-57.775,-22.124],[-57.778,-22.122],[-57.777,-22.117],[-57.776,-22.111],[-57.774,-22.108],[-57.77,-22.107],[-57.76,-22.111],[-57.756,-22.111],[-57.736,-22.104],[-57.723,-22.105],[-57.71,-22.108],[-57.69,-22.109],[-57.679,-22.106],[-57.671,-22.102],[-57.664,-22.101],[-57.654,-22.105],[-57.639,-22.145],[-57.627,-22.165],[-57.614,-22.177],[-57.597,-22.181],[-57.573,-22.178],[-57.564,-22.174],[-57.56,-22.172],[-57.555,-22.17],[-57.542,-22.172],[-57.535,-22.174],[-57.511,-22.189],[-57.472,-22.18],[-57.464,-22.18],[-57.443,-22.188],[-57.432,-22.189],[-57.418,-22.194],[-57.385,-22.213],[-57.379,-22.213],[-57.375,-22.207],[-57.367,-22.209],[-57.351,-22.217],[-57.34,-22.217],[-57.335,-22.212],[-57.333,-22.205],[-57.332,-22.202],[-57.316,-22.204],[-57.272,-22.214],[-57.252,-22.211],[-57.227,-22.191],[-57.214,-22.188],[-57.209,-22.192],[-57.206,-22.207],[-57.2,-22.213],[-57.19,-22.214],[-57.184,-22.211],[-57.178,-22.207],[-57.17,-22.206],[-57.154,-22.208],[-57.124,-22.219],[-57.115,-22.223],[-57.115,-22.225],[-57.113,-22.229],[-57.108,-22.234],[-57.091,-22.236],[-57.085,-22.238],[-57.079,-22.239],[-57.072,-22.236],[-57.059,-22.233],[-57.028,-22.235],[-57.011,-22.234],[-56.986,-22.241],[-56.976,-22.242],[-56.965,-22.235],[-56.965,-22.251],[-56.961,-22.255],[-56.952,-22.254],[-56.943,-22.254],[-56.925,-22.262],[-56.915,-22.263],[-56.904,-22.237],[-56.892,-22.252],[-56.882,-22.277],[-56.88,-22.29],[-56.856,-22.293],[-56.843,-22.289],[-56.82,-22.265],[-56.813,-22.256],[-56.812,-22.25],[-56.808,-22.248],[-56.795,-22.253],[-56.787,-22.252],[-56.754,-22.243],[-56.747,-22.244],[-56.746,-22.248],[-56.744,-22.25],[-56.733,-22.244],[-56.729,-22.237],[-56.721,-22.219],[-56.715,-22.215],[-56.699,-22.223],[-56.665,-22.26],[-56.649,-22.263],[-56.644,-22.255],[-56.655,-22.237],[-56.648,-22.231],[-56.637,-22.228],[-56.629,-22.225],[-56.596,-22.201],[-56.585,-22.191],[-56.568,-22.162],[-56.565,-22.16],[-56.558,-22.156],[-56.555,-22.152],[-56.549,-22.136],[-56.546,-22.13],[-56.531,-22.109],[-56.522,-22.1],[-56.511,-22.091],[-56.494,-22.087],[-56.422,-22.074],[-56.408,-22.076],[-56.397,-22.086],[-56.371,-22.147],[-56.347,-22.18],[-56.317,-22.208],[-56.261,-22.239],[-56.232,-22.265],[-56.214,-22.275],[-56.197,-22.279],[-56.025,-22.287],[-56.011,-22.284],[-55.999,-22.277],[-55.985,-22.283],[-55.971,-22.294],[-55.955,-22.301],[-55.893,-22.307],[-55.874,-22.317],[-55.872,-22.31],[-55.861,-22.29],[-55.811,-22.353],[-55.77,-22.381],[-55.76,-22.392],[-55.752,-22.416],[-55.748,-22.501],[-55.741,-22.537],[-55.724,-22.57],[-55.698,-22.596],[-55.665,-22.613],[-55.644,-22.62],[-55.631,-22.627],[-55.624,-22.639],[-55.62,-22.659],[-55.622,-22.667],[-55.627,-22.684],[-55.628,-22.692],[-55.626,-22.701],[-55.619,-22.717],[-55.618,-22.726],[-55.629,-22.759],[-55.646,-22.788],[-55.659,-22.818],[-55.657,-22.856],[-55.634,-22.933],[-55.634,-22.95],[-55.64,-22.984],[-55.638,-23.001],[-55.611,-23.029],[-55.601,-23.045],[-55.595,-23.064],[-55.6,-23.101],[-55.599,-23.117],[-55.589,-23.13],[-55.561,-23.146],[-55.557,-23.155],[-55.535,-23.229],[-55.536,-23.246],[-55.559,-23.291],[-55.562,-23.308],[-55.556,-23.33],[-55.525,-23.36],[-55.514,-23.379],[-55.516,-23.41],[-55.542,-23.466],[-55.54,-23.501],[-55.534,-23.53],[-55.533,-23.534],[-55.534,-23.57],[-55.531,-23.603],[-55.511,-23.629],[-55.467,-23.673],[-55.445,-23.735],[-55.43,-23.929],[-55.421,-23.955],[-55.398,-23.977],[-55.367,-23.99],[-55.304,-23.994],[-55.273,-24],[-55.272,-24.001],[-55.237,-24.013],[-55.201,-24.02],[-55.165,-24.017],[-55.131,-24.001],[-55.131,-24],[-55.106,-23.989],[-55.042,-23.989],[-55.011,-23.981],[-54.995,-23.973],[-54.961,-23.972],[-54.944,-23.969],[-54.927,-23.96],[-54.905,-23.933],[-54.892,-23.921],[-54.827,-23.887],[-54.697,-23.845],[-54.68,-23.837],[-54.655,-23.811],[-54.639,-23.804],[-54.613,-23.811],[-54.443,-23.9],[-54.423,-23.914],[-54.368,-23.985],[-54.274,-24.036],[-54.246,-24.05],[-54.245,-24.051],[-54.266,-24.066],[-54.301,-24.09],[-54.325,-24.118],[-54.335,-24.149],[-54.332,-24.165],[-54.319,-24.197],[-54.314,-24.234],[-54.306,-24.247],[-54.283,-24.275],[-54.274,-24.298],[-54.261,-24.329],[-54.262,-24.359],[-54.272,-24.389],[-54.284,-24.411],[-54.323,-24.464],[-54.335,-24.497],[-54.335,-24.527],[-54.321,-24.596],[-54.321,-24.628],[-54.358,-24.731],[-54.371,-24.767],[-54.4,-24.805],[-54.407,-24.821],[-54.453,-25.003],[-54.462,-25.037],[-54.464,-25.056],[-54.463,-25.073],[-54.455,-25.092],[-54.43,-25.131],[-54.427,-25.149],[-54.436,-25.167],[-54.469,-25.195],[-54.481,-25.213],[-54.504,-25.279],[-54.528,-25.314],[-54.547,-25.337],[-54.576,-25.36],[-54.598,-25.398],[-54.61,-25.433],[-54.612,-25.444],[-54.612,-25.466],[-54.609,-25.488],[-54.598,-25.506],[-54.591,-25.525],[-54.594,-25.549],[-54.6,-25.573],[-54.6,-25.575],[-54.602,-25.592],[-54.586,-25.625],[-54.583,-25.645],[-54.598,-25.654],[-54.634,-25.652],[-54.643,-25.662],[-54.643,-25.688],[-54.625,-25.74],[-54.622,-25.76],[-54.617,-25.774],[-54.595,-25.799],[-54.588,-25.811],[-54.59,-25.833],[-54.599,-25.851],[-54.61,-25.867],[-54.615,-25.883],[-54.607,-25.928],[-54.606,-25.947],[-54.615,-25.962],[-54.624,-25.964],[-54.648,-25.966],[-54.656,-25.969],[-54.662,-25.98],[-54.662,-25.99],[-54.658,-26],[-54.653,-26.031],[-54.643,-26.063],[-54.643,-26.085],[-54.664,-26.149],[-54.66,-26.164],[-54.642,-26.184],[-54.638,-26.197],[-54.645,-26.208],[-54.656,-26.223],[-54.664,-26.236],[-54.665,-26.239],[-54.666,-26.244],[-54.664,-26.263],[-54.664,-26.308],[-54.679,-26.34],[-54.68,-26.345],[-54.683,-26.351],[-54.693,-26.412],[-54.698,-26.428],[-54.706,-26.442],[-54.737,-26.473],[-54.765,-26.494],[-54.78,-26.51],[-54.79,-26.529],[-54.789,-26.543],[-54.783,-26.557],[-54.78,-26.575],[-54.781,-26.598],[-54.785,-26.623],[-54.793,-26.645],[-54.807,-26.661],[-54.817,-26.666],[-54.823,-26.663],[-54.827,-26.658],[-54.835,-26.654],[-54.879,-26.654],[-54.903,-26.66],[-54.92,-26.674],[-54.931,-26.694],[-54.944,-26.74],[-54.951,-26.758],[-54.961,-26.772],[-54.975,-26.788],[-54.992,-26.795],[-55.041,-26.798],[-55.061,-26.805],[-55.126,-26.864],[-55.133,-26.881],[-55.119,-26.92],[-55.122,-26.942],[-55.138,-26.954],[-55.162,-26.957],[-55.201,-26.955],[-55.217,-26.951],[-55.235,-26.942],[-55.257,-26.935],[-55.281,-26.934],[-55.329,-26.958],[-55.376,-26.964],[-55.396,-26.969],[-55.414,-26.98],[-55.431,-26.996],[-55.443,-27.016],[-55.449,-27.036],[-55.451,-27.082],[-55.462,-27.098],[-55.486,-27.1],[-55.514,-27.097],[-55.534,-27.099],[-55.545,-27.115],[-55.55,-27.136],[-55.555,-27.154],[-55.572,-27.162],[-55.598,-27.168],[-55.599,-27.183],[-55.575,-27.224],[-55.571,-27.235],[-55.569,-27.246],[-55.571,-27.256],[-55.584,-27.277],[-55.583,-27.284],[-55.581,-27.292],[-55.582,-27.306],[-55.591,-27.328],[-55.607,-27.346],[-55.629,-27.356],[-55.654,-27.36],[-55.682,-27.379],[-55.717,-27.417],[-55.755,-27.444],[-55.815,-27.414],[-55.842,-27.407],[-55.854,-27.401],[-55.863,-27.391],[-55.878,-27.354],[-55.893,-27.335],[-55.913,-27.328],[-55.936,-27.328],[-55.961,-27.332],[-55.966,-27.332],[-55.985,-27.332],[-56.007,-27.328],[-56.074,-27.305],[-56.099,-27.301],[-56.125,-27.299],[-56.15,-27.312],[-56.169,-27.325],[-56.205,-27.362],[-56.228,-27.371],[-56.257,-27.378],[-56.28,-27.39],[-56.285,-27.411],[-56.281,-27.439],[-56.285,-27.461],[-56.297,-27.481],[-56.316,-27.5],[-56.336,-27.526],[-56.35,-27.556],[-56.368,-27.581],[-56.4,-27.587],[-56.431,-27.575],[-56.461,-27.554],[-56.487,-27.527],[-56.506,-27.5],[-56.546,-27.455],[-56.547,-27.455],[-56.613,-27.446],[-56.638,-27.453],[-56.683,-27.465],[-56.734,-27.5],[-56.771,-27.507],[-56.772,-27.507],[-56.807,-27.487],[-56.869,-27.432],[-56.904,-27.419],[-56.941,-27.422],[-56.977,-27.435],[-57.076,-27.484],[-57.109,-27.491],[-57.148,-27.489],[-57.157,-27.488],[-57.18,-27.487],[-57.191,-27.484],[-57.2,-27.479],[-57.227,-27.459],[-57.237,-27.454],[-57.238,-27.454],[-57.283,-27.443],[-57.292,-27.441],[-57.303,-27.436],[-57.31,-27.429],[-57.326,-27.415],[-57.335,-27.409],[-57.356,-27.404],[-57.36,-27.403],[-57.387,-27.403],[-57.488,-27.416],[-57.513,-27.414],[-57.52,-27.412],[-57.536,-27.407],[-57.698,-27.334],[-57.698,-27.333],[-57.709,-27.33],[-57.812,-27.311],[-57.855,-27.298],[-57.855,-27.297],[-57.9,-27.289],[-57.913,-27.286],[-57.944,-27.275],[-58.004,-27.263],[-58.022,-27.26],[-58.054,-27.259],[-58.114,-27.269],[-58.129,-27.27],[-58.238,-27.257],[-58.511,-27.278],[-58.6,-27.313],[-58.604,-27.316],[-58.6,-27.266],[-58.602,-27.246],[-58.614,-27.227],[-58.639,-27.21],[-58.652,-27.198],[-58.658,-27.185],[-58.653,-27.156],[-58.639,-27.136],[-58.616,-27.124],[-58.565,-27.116],[-58.561,-27.106],[-58.562,-27.09],[-58.562,-27.072],[-58.56,-27.063],[-58.556,-27.056],[-58.552,-27.048],[-58.545,-27.041],[-58.536,-27.036],[-58.531,-27.041],[-58.528,-27.048],[-58.528,-27.052],[-58.527,-27.054],[-58.52,-27.058],[-58.52,-27.059],[-58.512,-27.06],[-58.508,-27.055],[-58.507,-27.038],[-58.505,-27.032],[-58.501,-27.024],[-58.492,-27.01],[-58.475,-26.99],[-58.467,-26.976],[-58.482,-26.964],[-58.484,-26.951],[-58.475,-26.938],[-58.46,-26.928],[-58.416,-26.918],[-58.394,-26.91],[-58.385,-26.897],[-58.375,-26.888],[-58.329,-26.884],[-58.316,-26.874],[-58.322,-26.857],[-58.34,-26.844],[-58.352,-26.831],[-58.34,-26.809],[-58.323,-26.804],[-58.306,-26.809],[-58.289,-26.811],[-58.275,-26.798],[-58.278,-26.79],[-58.287,-26.779],[-58.288,-26.769],[-58.271,-26.764],[-58.259,-26.764],[-58.252,-26.763],[-58.248,-26.758],[-58.245,-26.68],[-58.241,-26.661],[-58.236,-26.65],[-58.232,-26.649],[-58.227,-26.652],[-58.196,-26.657],[-58.184,-26.657],[-58.179,-26.651],[-58.181,-26.642],[-58.187,-26.634],[-58.192,-26.625],[-58.192,-26.613],[-58.189,-26.61],[-58.172,-26.599],[-58.165,-26.592],[-58.171,-26.587],[-58.179,-26.573],[-58.185,-26.565],[-58.208,-26.55],[-58.213,-26.545],[-58.217,-26.528],[-58.214,-26.512],[-58.209,-26.497],[-58.206,-26.479],[-58.203,-26.472],[-58.189,-26.462],[-58.185,-26.452],[-58.21,-26.431],[-58.213,-26.419],[-58.206,-26.403],[-58.173,-26.349],[-58.168,-26.335],[-58.165,-26.319],[-58.17,-26.287],[-58.17,-26.27],[-58.162,-26.263],[-58.146,-26.26],[-58.123,-26.252],[-58.106,-26.24],[-58.107,-26.226],[-58.121,-26.217],[-58.137,-26.209],[-58.149,-26.199],[-58.151,-26.181],[-58.141,-26.185],[-58.133,-26.189],[-58.128,-26.195],[-58.124,-26.202],[-58.115,-26.191],[-58.106,-26.17],[-58.097,-26.137],[-58.087,-26.127],[-58.022,-26.106],[-57.988,-26.089],[-57.873,-26.01],[-57.86,-25.994],[-57.86,-25.981],[-57.906,-25.969],[-57.898,-25.954],[-57.863,-25.928],[-57.857,-25.92],[-57.851,-25.908],[-57.852,-25.898],[-57.875,-25.89],[-57.878,-25.883],[-57.875,-25.876],[-57.854,-25.869],[-57.833,-25.859],[-57.82,-25.85],[-57.813,-25.845],[-57.802,-25.831],[-57.817,-25.797],[-57.821,-25.778],[-57.806,-25.77],[-57.787,-25.764],[-57.768,-25.751],[-57.751,-25.735],[-57.74,-25.722],[-57.751,-25.72],[-57.761,-25.716],[-57.768,-25.71],[-57.775,-25.702],[-57.754,-25.673],[-57.741,-25.662],[-57.72,-25.654],[-57.709,-25.653],[-57.698,-25.654],[-57.688,-25.653],[-57.679,-25.647],[-57.675,-25.639],[-57.67,-25.617],[-57.668,-25.612],[-57.639,-25.616],[-57.623,-25.615],[-57.616,-25.609],[-57.612,-25.586],[-57.601,-25.579],[-57.587,-25.576],[-57.575,-25.564],[-57.57,-25.547],[-57.557,-25.46],[-57.558,-25.444],[-57.565,-25.43],[-57.579,-25.417],[-57.641,-25.373],[-57.641,-25.361],[-57.671,-25.29],[-57.672,-25.29],[-57.702,-25.271],[-57.722,-25.246],[-57.754,-25.181],[-57.766,-25.168],[-57.797,-25.154],[-57.812,-25.144],[-57.856,-25.097],[-57.871,-25.085],[-57.89,-25.079],[-57.97,-25.078],[-57.984,-25.074],[-57.99,-25.064],[-57.994,-25.053],[-58,-25.044],[-58.01,-25.043],[-58.032,-25.045],[-58.042,-25.044],[-58.112,-25.012],[-58.124,-25.013],[-58.134,-24.998],[-58.224,-24.941],[-58.243,-24.942],[-58.259,-24.953],[-58.287,-24.98],[-58.299,-24.988],[-58.312,-24.994],[-58.323,-24.995],[-58.336,-24.992],[-58.341,-24.986],[-58.344,-24.978],[-58.351,-24.969],[-58.415,-24.903],[-58.439,-24.873],[-58.451,-24.862],[-58.473,-24.851],[-58.694,-24.812],[-58.699,-24.807],[-58.702,-24.799],[-58.708,-24.795],[-58.716,-24.792],[-58.723,-24.787],[-58.737,-24.783],[-58.788,-24.782],[-58.809,-24.777],[-59.001,-24.644],[-59.033,-24.637],[-59.042,-24.631],[-59.062,-24.612],[-59.072,-24.607],[-59.078,-24.606],[-59.097,-24.605],[-59.117,-24.599],[-59.154,-24.576],[-59.178,-24.569],[-59.206,-24.55],[-59.248,-24.537],[-59.258,-24.53],[-59.263,-24.523],[-59.27,-24.518],[-59.286,-24.516],[-59.295,-24.513],[-59.308,-24.499],[-59.341,-24.488],[-59.357,-24.469],[-59.378,-24.434],[-59.387,-24.424],[-59.426,-24.393],[-59.45,-24.382],[-59.454,-24.375],[-59.456,-24.365],[-59.46,-24.359],[-59.466,-24.354],[-59.488,-24.345],[-59.51,-24.333],[-59.521,-24.325],[-59.532,-24.314],[-59.54,-24.309],[-59.558,-24.305],[-59.575,-24.296],[-59.601,-24.293],[-59.611,-24.29],[-59.618,-24.283],[-59.635,-24.261],[-59.674,-24.225],[-60.034,-24.007],[-60.052,-24.003],[-60.072,-24.005],[-60.119,-24.02],[-60.143,-24.025],[-60.218,-24.027],[-60.296,-24.016],[-60.328,-24.018],[-60.337,-24.016],[-60.348,-24.011],[-60.368,-23.995],[-60.378,-23.989],[-60.387,-23.987],[-60.423,-23.989],[-60.485,-23.977],[-60.518,-23.956],[-60.536,-23.948],[-60.572,-23.946],[-60.578,-23.944],[-60.594,-23.912],[-60.595,-23.907],[-60.604,-23.905],[-60.621,-23.896],[-60.632,-23.892],[-60.644,-23.891],[-60.69,-23.894],[-60.699,-23.891],[-60.72,-23.875],[-60.729,-23.872],[-60.788,-23.873],[-60.817,-23.874],[-60.838,-23.872],[-60.866,-23.856],[-60.9,-23.83],[-60.937,-23.814],[-60.975,-23.824],[-61.006,-23.805],[-61.016,-23.797],[-61.03,-23.775],[-61.036,-23.769],[-61.038,-23.755],[-61.05,-23.735],[-61.066,-23.716],[-61.093,-23.702],[-61.11,-23.676],[-61.119,-23.666],[-61.11,-23.65],[-61.106,-23.627],[-61.11,-23.607],[-61.122,-23.598],[-61.139,-23.593],[-61.154,-23.58],[-61.168,-23.567],[-61.18,-23.557],[-61.188,-23.556],[-61.208,-23.558],[-61.214,-23.557],[-61.224,-23.551],[-61.243,-23.533],[-61.252,-23.529],[-61.273,-23.524],[-61.283,-23.51],[-61.289,-23.494],[-61.297,-23.481],[-61.362,-23.455],[-61.385,-23.454],[-61.399,-23.45],[-61.409,-23.444],[-61.421,-23.434],[-61.436,-23.424],[-61.452,-23.417],[-61.47,-23.414],[-61.492,-23.413],[-61.501,-23.408],[-61.51,-23.384],[-61.526,-23.375],[-61.525,-23.365],[-61.521,-23.353],[-61.516,-23.345],[-61.534,-23.345],[-61.546,-23.343],[-61.555,-23.338],[-61.605,-23.289],[-61.62,-23.283],[-61.667,-23.283],[-61.68,-23.279],[-61.689,-23.274],[-61.704,-23.258],[-61.719,-23.249],[-61.733,-23.243],[-61.744,-23.235],[-61.749,-23.217],[-61.749,-23.199],[-61.752,-23.187],[-61.758,-23.177],[-61.769,-23.166],[-61.78,-23.157],[-61.803,-23.145],[-61.814,-23.135],[-61.837,-23.105],[-61.845,-23.097],[-61.956,-23.034],[-61.992,-22.998],[-62.006,-22.979],[-62.006,-22.974],[-62.009,-22.97],[-62.004,-22.946],[-62.006,-22.937],[-62.017,-22.922],[-62.036,-22.885],[-62.05,-22.864],[-62.072,-22.844],[-62.081,-22.832],[-62.085,-22.82],[-62.089,-22.82],[-62.099,-22.814],[-62.108,-22.807],[-62.109,-22.803],[-62.116,-22.8],[-62.12,-22.792],[-62.123,-22.783],[-62.126,-22.776],[-62.153,-22.748],[-62.16,-22.737],[-62.164,-22.726],[-62.171,-22.717],[-62.184,-22.714],[-62.188,-22.708],[-62.176,-22.685],[-62.195,-22.674],[-62.195,-22.661],[-62.188,-22.639],[-62.193,-22.628],[-62.197,-22.626],[-62.203,-22.627],[-62.215,-22.624],[-62.24,-22.614],[-62.253,-22.604],[-62.253,-22.591],[-62.239,-22.573],[-62.233,-22.556],[-62.241,-22.538],[-62.263,-22.514],[-62.269,-22.513],[-62.276,-22.514],[-62.281,-22.512],[-62.284,-22.505],[-62.284,-22.494],[-62.285,-22.489],[-62.287,-22.484],[-62.295,-22.48],[-62.306,-22.477],[-62.341,-22.472],[-62.349,-22.471],[-62.368,-22.464],[-62.438,-22.42],[-62.455,-22.404],[-62.462,-22.389],[-62.471,-22.382],[-62.511,-22.37],[-62.523,-22.365],[-62.548,-22.335],[-62.565,-22.322],[-62.588,-22.316],[-62.6,-22.315],[-62.613,-22.311],[-62.625,-22.305],[-62.633,-22.296],[-62.631,-22.288],[-62.624,-22.279],[-62.62,-22.268],[-62.626,-22.255],[-62.62,-22.255],[-62.625,-22.247],[-62.632,-22.241],[-62.64,-22.236],[-62.65,-22.234]]]}},{"type":"Feature","properties":{"iso":"BRI","nombre":""},"geometry":{"type":"Polygon","coordinates":[[[-57.642,-30.193],[-57.634,-30.184],[-57.612,-30.183],[-57.603,-30.191],[-57.642,-30.193]]]}},{"type":"Feature","properties":{"iso":"VEN","nombre":"VENEZUELA"},"geometry":{"type":"MultiPolygon","coordinates":[[[[-60.021,8.558],[-59.96,8.468],[-59.856,8.352],[-59.816,8.288],[-59.817,8.267],[-59.829,8.245],[-59.848,8.228],[-59.869,8.221],[-59.89,8.22],[-59.94,8.208],[-59.957,8.2],[-59.968,8.188],[-59.993,8.169],[-60.001,8.153],[-60.001,8.139],[-59.998,8.127],[-59.999,8.115],[-60.011,8.1],[-60.019,8.06],[-60.03,8.043],[-60.046,8.033],[-60.068,8.032],[-60.108,8.036],[-60.129,8.029],[-60.15,8.013],[-60.166,7.997],[-60.183,7.983],[-60.231,7.964],[-60.243,7.951],[-60.253,7.935],[-60.268,7.921],[-60.272,7.918],[-60.32,7.885],[-60.342,7.865],[-60.35,7.842],[-60.375,7.824],[-60.419,7.819],[-60.503,7.821],[-60.526,7.813],[-60.54,7.8],[-60.56,7.763],[-60.582,7.736],[-60.587,7.727],[-60.588,7.718],[-60.584,7.699],[-60.585,7.689],[-60.6,7.662],[-60.597,7.647],[-60.601,7.634],[-60.611,7.627],[-60.625,7.629],[-60.632,7.625],[-60.641,7.611],[-60.656,7.585],[-60.671,7.566],[-60.716,7.552],[-60.731,7.525],[-60.73,7.51],[-60.724,7.496],[-60.701,7.454],[-60.688,7.449],[-60.674,7.445],[-60.661,7.436],[-60.656,7.429],[-60.656,7.423],[-60.657,7.417],[-60.657,7.408],[-60.653,7.398],[-60.645,7.393],[-60.636,7.39],[-60.629,7.384],[-60.622,7.372],[-60.611,7.344],[-60.602,7.33],[-60.6,7.322],[-60.6,7.314],[-60.602,7.307],[-60.607,7.299],[-60.631,7.278],[-60.644,7.251],[-60.643,7.221],[-60.628,7.191],[-60.618,7.18],[-60.548,7.126],[-60.535,7.126],[-60.513,7.165],[-60.497,7.181],[-60.475,7.189],[-60.45,7.188],[-60.437,7.184],[-60.427,7.177],[-60.416,7.171],[-60.401,7.171],[-60.385,7.173],[-60.372,7.172],[-60.36,7.166],[-60.348,7.153],[-60.348,7.152],[-60.313,7.133],[-60.3,7.121],[-60.292,7.105],[-60.292,7.088],[-60.296,7.071],[-60.304,7.054],[-60.313,7.04],[-60.328,7.029],[-60.345,7.018],[-60.36,7.005],[-60.368,6.988],[-60.377,6.939],[-60.394,6.948],[-60.421,6.942],[-60.549,6.863],[-60.621,6.846],[-60.64,6.838],[-60.656,6.825],[-60.684,6.784],[-60.7,6.767],[-60.722,6.76],[-60.736,6.765],[-60.773,6.788],[-60.794,6.794],[-60.805,6.792],[-60.828,6.787],[-60.838,6.786],[-60.85,6.79],[-60.859,6.796],[-60.866,6.803],[-60.872,6.808],[-60.895,6.814],[-60.908,6.815],[-60.913,6.811],[-60.911,6.8],[-60.901,6.786],[-60.899,6.777],[-60.899,6.769],[-60.901,6.764],[-60.928,6.736],[-60.934,6.732],[-60.955,6.729],[-61,6.734],[-61.019,6.72],[-61.04,6.727],[-61.061,6.73],[-61.07,6.712],[-61.089,6.717],[-61.111,6.72],[-61.13,6.716],[-61.139,6.704],[-61.171,6.669],[-61.19,6.633],[-61.205,6.596],[-61.212,6.561],[-61.21,6.541],[-61.2,6.531],[-61.186,6.523],[-61.171,6.509],[-61.163,6.494],[-61.153,6.464],[-61.143,6.449],[-61.14,6.441],[-61.139,6.433],[-61.139,6.425],[-61.141,6.416],[-61.15,6.404],[-61.155,6.391],[-61.161,6.342],[-61.159,6.331],[-61.152,6.303],[-61.147,6.294],[-61.129,6.283],[-61.124,6.276],[-61.121,6.269],[-61.118,6.267],[-61.115,6.264],[-61.113,6.254],[-61.118,6.216],[-61.118,6.203],[-61.122,6.187],[-61.133,6.184],[-61.147,6.185],[-61.161,6.183],[-61.174,6.172],[-61.185,6.146],[-61.194,6.133],[-61.207,6.126],[-61.223,6.121],[-61.256,6.114],[-61.269,6.107],[-61.279,6.093],[-61.291,6.061],[-61.338,5.987],[-61.353,5.975],[-61.386,5.957],[-61.397,5.946],[-61.38,5.905],[-61.347,5.87],[-61.272,5.786],[-61.196,5.703],[-61.12,5.619],[-61.044,5.536],[-60.968,5.452],[-60.893,5.369],[-60.817,5.285],[-60.74,5.202],[-60.711,5.198],[-60.685,5.188],[-60.664,5.17],[-60.599,4.997],[-60.592,4.95],[-60.613,4.901],[-60.68,4.818],[-60.718,4.784],[-60.764,4.755],[-60.86,4.712],[-60.869,4.711],[-60.888,4.711],[-60.896,4.709],[-60.903,4.7],[-60.931,4.637],[-60.94,4.594],[-60.948,4.574],[-60.977,4.535],[-61.012,4.518],[-61.095,4.508],[-61.151,4.492],[-61.169,4.49],[-61.186,4.494],[-61.22,4.511],[-61.238,4.516],[-61.297,4.524],[-61.316,4.521],[-61.323,4.509],[-61.296,4.469],[-61.293,4.448],[-61.308,4.433],[-61.333,4.424],[-61.36,4.419],[-61.381,4.418],[-61.439,4.421],[-61.458,4.419],[-61.502,4.402],[-61.516,4.375],[-61.522,4.298],[-61.527,4.286],[-61.533,4.274],[-61.542,4.263],[-61.552,4.255],[-61.567,4.249],[-61.577,4.25],[-61.585,4.253],[-61.599,4.254],[-61.61,4.252],[-61.628,4.243],[-61.641,4.242],[-61.649,4.243],[-61.681,4.252],[-61.719,4.255],[-61.738,4.252],[-61.756,4.246],[-61.779,4.233],[-61.831,4.177],[-61.847,4.166],[-61.867,4.157],[-61.888,4.15],[-61.908,4.146],[-61.931,4.146],[-61.95,4.152],[-61.969,4.16],[-61.99,4.166],[-62.035,4.16],[-62.111,4.105],[-62.154,4.09],[-62.193,4.095],[-62.384,4.173],[-62.428,4.183],[-62.463,4.175],[-62.467,4.169],[-62.47,4.152],[-62.475,4.144],[-62.484,4.139],[-62.515,4.133],[-62.537,4.125],[-62.546,4.114],[-62.549,4.098],[-62.549,4.077],[-62.561,4.038],[-62.589,4.031],[-62.671,4.044],[-62.727,4.039],[-62.744,4.034],[-62.766,4.021],[-62.771,4.005],[-62.767,3.987],[-62.766,3.965],[-62.773,3.94],[-62.783,3.92],[-62.789,3.899],[-62.785,3.872],[-62.78,3.861],[-62.774,3.855],[-62.77,3.848],[-62.767,3.822],[-62.75,3.784],[-62.74,3.742],[-62.74,3.7],[-62.75,3.66],[-62.771,3.623],[-62.786,3.604],[-62.796,3.597],[-62.808,3.597],[-62.822,3.599],[-62.832,3.595],[-62.851,3.577],[-62.872,3.565],[-62.889,3.561],[-62.908,3.561],[-62.931,3.564],[-62.951,3.57],[-62.975,3.583],[-62.997,3.599],[-63.011,3.615],[-63.025,3.638],[-63.131,3.762],[-63.193,3.807],[-63.251,3.887],[-63.286,3.921],[-63.352,3.959],[-63.391,3.972],[-63.425,3.968],[-63.448,3.939],[-63.455,3.901],[-63.469,3.867],[-63.511,3.855],[-63.554,3.875],[-63.623,3.935],[-63.672,3.946],[-63.691,3.944],[-63.746,3.93],[-63.771,3.929],[-63.791,3.933],[-63.831,3.949],[-63.875,3.95],[-63.917,3.929],[-63.957,3.902],[-63.996,3.881],[-64.038,3.883],[-64.064,3.912],[-64.079,3.953],[-64.096,4.024],[-64.108,4.058],[-64.125,4.088],[-64.147,4.111],[-64.173,4.123],[-64.241,4.142],[-64.365,4.152],[-64.59,4.119],[-64.608,4.126],[-64.621,4.147],[-64.637,4.191],[-64.648,4.208],[-64.661,4.227],[-64.7,4.264],[-64.746,4.288],[-64.792,4.284],[-64.805,4.272],[-64.813,4.253],[-64.816,4.231],[-64.813,4.211],[-64.801,4.189],[-64.784,4.177],[-64.763,4.169],[-64.742,4.157],[-64.727,4.141],[-64.72,4.123],[-64.707,4.083],[-64.663,3.997],[-64.643,3.973],[-64.596,3.936],[-64.575,3.914],[-64.531,3.854],[-64.435,3.778],[-64.394,3.756],[-64.347,3.738],[-64.324,3.724],[-64.266,3.652],[-64.222,3.616],[-64.203,3.595],[-64.196,3.57],[-64.196,3.533],[-64.198,3.515],[-64.205,3.497],[-64.232,3.461],[-64.242,3.443],[-64.246,3.419],[-64.22,3.293],[-64.216,3.251],[-64.225,3.166],[-64.223,3.124],[-64.205,3.089],[-64.173,3.052],[-64.138,2.987],[-64.106,2.947],[-64.029,2.798],[-64.012,2.744],[-64.001,2.725],[-63.998,2.715],[-63.998,2.706],[-64.004,2.68],[-64.008,2.623],[-64.012,2.604],[-64.051,2.535],[-64.058,2.51],[-64.057,2.489],[-64.048,2.471],[-64.032,2.463],[-64.011,2.468],[-63.952,2.462],[-63.831,2.429],[-63.767,2.429],[-63.704,2.438],[-63.574,2.434],[-63.511,2.425],[-63.385,2.421],[-63.365,2.413],[-63.361,2.4],[-63.371,2.365],[-63.373,2.349],[-63.371,2.281],[-63.373,2.267],[-63.387,2.236],[-63.401,2.205],[-63.404,2.188],[-63.402,2.171],[-63.412,2.149],[-63.443,2.137],[-63.511,2.125],[-63.521,2.124],[-63.549,2.128],[-63.562,2.126],[-63.618,2.101],[-63.763,1.986],[-63.783,1.975],[-63.802,1.972],[-63.921,1.974],[-63.958,1.971],[-63.995,1.958],[-64.037,1.927],[-64.054,1.894],[-64.06,1.807],[-64.076,1.745],[-64.073,1.685],[-64.075,1.665],[-64.081,1.647],[-64.093,1.623],[-64.11,1.598],[-64.13,1.578],[-64.177,1.551],[-64.232,1.497],[-64.302,1.447],[-64.322,1.424],[-64.341,1.384],[-64.353,1.366],[-64.37,1.359],[-64.39,1.369],[-64.395,1.392],[-64.391,1.418],[-64.385,1.436],[-64.364,1.477],[-64.365,1.497],[-64.386,1.51],[-64.409,1.508],[-64.433,1.494],[-64.475,1.463],[-64.528,1.436],[-64.551,1.42],[-64.57,1.395],[-64.591,1.35],[-64.604,1.331],[-64.731,1.248],[-64.751,1.243],[-64.771,1.247],[-64.821,1.271],[-64.839,1.271],[-64.855,1.259],[-64.878,1.235],[-64.897,1.22],[-64.915,1.215],[-64.933,1.213],[-64.956,1.207],[-64.966,1.201],[-64.999,1.172],[-65.003,1.169],[-65.013,1.166],[-65.017,1.163],[-65.02,1.158],[-65.021,1.144],[-65.022,1.14],[-65.06,1.132],[-65.101,1.136],[-65.137,1.127],[-65.16,1.08],[-65.168,0.996],[-65.179,0.955],[-65.203,0.924],[-65.223,0.914],[-65.243,0.913],[-65.284,0.919],[-65.31,0.919],[-65.327,0.91],[-65.389,0.836],[-65.4,0.817],[-65.41,0.792],[-65.411,0.784],[-65.409,0.755],[-65.414,0.742],[-65.433,0.721],[-65.451,0.69],[-65.473,0.673],[-65.498,0.659],[-65.52,0.651],[-65.543,0.649],[-65.56,0.656],[-65.574,0.67],[-65.585,0.691],[-65.587,0.739],[-65.563,0.778],[-65.533,0.816],[-65.517,0.863],[-65.519,0.887],[-65.525,0.908],[-65.536,0.928],[-65.56,0.958],[-65.571,0.969],[-65.583,0.978],[-65.596,0.984],[-65.608,0.985],[-65.629,0.982],[-65.701,0.984],[-65.721,0.982],[-65.745,0.974],[-65.785,0.949],[-65.872,0.909],[-65.892,0.896],[-65.914,0.875],[-65.953,0.828],[-65.974,0.807],[-65.994,0.795],[-66.014,0.79],[-66.057,0.787],[-66.079,0.778],[-66.111,0.742],[-66.134,0.731],[-66.156,0.733],[-66.173,0.743],[-66.189,0.755],[-66.209,0.763],[-66.228,0.763],[-66.285,0.746],[-66.346,0.759],[-66.407,0.802],[-66.449,0.84],[-66.468,0.857],[-66.516,0.9],[-66.584,0.961],[-66.662,1.031],[-66.74,1.102],[-66.809,1.163],[-66.857,1.206],[-66.875,1.223],[-66.896,1.265],[-66.901,1.289],[-66.883,1.326],[-66.884,1.35],[-66.891,1.375],[-66.902,1.394],[-66.912,1.405],[-66.923,1.414],[-66.933,1.425],[-66.937,1.439],[-66.93,1.479],[-66.934,1.502],[-66.943,1.523],[-66.964,1.558],[-66.974,1.58],[-66.978,1.6],[-66.978,1.644],[-66.981,1.666],[-67.067,1.894],[-67.085,1.928],[-67.087,1.939],[-67.092,1.947],[-67.11,1.96],[-67.118,1.972],[-67.126,1.981],[-67.133,1.991],[-67.135,2.003],[-67.119,2.024],[-67.115,2.031],[-67.111,2.049],[-67.115,2.103],[-67.121,2.119],[-67.136,2.127],[-67.154,2.133],[-67.169,2.141],[-67.178,2.154],[-67.194,2.197],[-67.201,2.228],[-67.217,2.266],[-67.218,2.285],[-67.206,2.298],[-67.187,2.316],[-67.174,2.336],[-67.18,2.356],[-67.186,2.365],[-67.186,2.384],[-67.19,2.394],[-67.198,2.402],[-67.231,2.422],[-67.267,2.434],[-67.276,2.439],[-67.295,2.458],[-67.306,2.466],[-67.317,2.469],[-67.325,2.475],[-67.331,2.487],[-67.336,2.5],[-67.341,2.51],[-67.35,2.518],[-67.372,2.53],[-67.382,2.538],[-67.388,2.548],[-67.393,2.559],[-67.4,2.568],[-67.413,2.572],[-67.417,2.576],[-67.433,2.595],[-67.436,2.604],[-67.44,2.61],[-67.462,2.62],[-67.471,2.627],[-67.475,2.635],[-67.481,2.654],[-67.485,2.662],[-67.5,2.675],[-67.519,2.681],[-67.564,2.682],[-67.576,2.691],[-67.581,2.713],[-67.587,2.758],[-67.594,2.776],[-67.608,2.799],[-67.627,2.813],[-67.646,2.809],[-67.666,2.801],[-67.69,2.806],[-67.732,2.826],[-67.743,2.839],[-67.751,2.842],[-67.77,2.832],[-67.781,2.832],[-67.803,2.833],[-67.823,2.827],[-67.833,2.815],[-67.841,2.801],[-67.856,2.79],[-67.855,2.858],[-67.839,2.886],[-67.814,2.909],[-67.771,2.949],[-67.728,2.989],[-67.685,3.028],[-67.642,3.068],[-67.6,3.107],[-67.557,3.147],[-67.514,3.187],[-67.471,3.226],[-67.452,3.244],[-67.44,3.249],[-67.418,3.254],[-67.408,3.257],[-67.396,3.267],[-67.335,3.342],[-67.309,3.384],[-67.305,3.426],[-67.338,3.46],[-67.375,3.475],[-67.39,3.485],[-67.404,3.504],[-67.471,3.68],[-67.5,3.718],[-67.537,3.736],[-67.558,3.734],[-67.577,3.731],[-67.595,3.731],[-67.614,3.741],[-67.632,3.762],[-67.639,3.785],[-67.644,3.835],[-67.654,3.859],[-67.694,3.929],[-67.699,3.95],[-67.702,4.012],[-67.71,4.036],[-67.717,4.039],[-67.717,4.04],[-67.714,4.056],[-67.721,4.075],[-67.732,4.086],[-67.74,4.119],[-67.759,4.139],[-67.778,4.154],[-67.786,4.173],[-67.791,4.204],[-67.799,4.235],[-67.805,4.268],[-67.8,4.306],[-67.782,4.339],[-67.779,4.351],[-67.783,4.364],[-67.797,4.386],[-67.8,4.399],[-67.798,4.407],[-67.793,4.421],[-67.793,4.429],[-67.797,4.435],[-67.809,4.439],[-67.814,4.443],[-67.822,4.478],[-67.829,4.491],[-67.848,4.505],[-67.848,4.498],[-67.857,4.504],[-67.865,4.512],[-67.872,4.522],[-67.875,4.533],[-67.873,4.547],[-67.868,4.553],[-67.861,4.558],[-67.855,4.566],[-67.854,4.576],[-67.855,4.608],[-67.849,4.634],[-67.846,4.69],[-67.841,4.711],[-67.831,4.728],[-67.823,4.744],[-67.821,4.788],[-67.814,4.806],[-67.819,4.816],[-67.817,4.822],[-67.814,4.828],[-67.814,4.841],[-67.816,4.847],[-67.825,4.865],[-67.827,4.872],[-67.826,4.895],[-67.82,4.933],[-67.807,4.972],[-67.805,4.991],[-67.807,5.036],[-67.805,5.041],[-67.8,5.046],[-67.795,5.053],[-67.793,5.063],[-67.797,5.07],[-67.815,5.091],[-67.821,5.101],[-67.825,5.111],[-67.827,5.12],[-67.828,5.131],[-67.827,5.142],[-67.825,5.154],[-67.816,5.178],[-67.814,5.187],[-67.815,5.21],[-67.819,5.228],[-67.825,5.243],[-67.834,5.259],[-67.844,5.297],[-67.835,5.339],[-67.81,5.379],[-67.773,5.41],[-67.768,5.41],[-67.757,5.409],[-67.752,5.41],[-67.747,5.414],[-67.737,5.426],[-67.732,5.43],[-67.702,5.441],[-67.694,5.447],[-67.675,5.467],[-67.664,5.475],[-67.652,5.478],[-67.647,5.483],[-67.636,5.52],[-67.63,5.527],[-67.623,5.533],[-67.617,5.542],[-67.614,5.554],[-67.618,5.559],[-67.633,5.573],[-67.636,5.578],[-67.638,5.597],[-67.649,5.656],[-67.649,5.702],[-67.641,5.745],[-67.625,5.785],[-67.601,5.821],[-67.542,5.877],[-67.532,5.893],[-67.485,5.944],[-67.471,5.953],[-67.435,5.968],[-67.422,5.978],[-67.419,5.995],[-67.421,6.018],[-67.429,6.038],[-67.454,6.057],[-67.491,6.114],[-67.491,6.153],[-67.487,6.167],[-67.476,6.178],[-67.456,6.193],[-67.45,6.198],[-67.451,6.198],[-67.49,6.202],[-67.518,6.223],[-67.545,6.248],[-67.574,6.266],[-67.731,6.303],[-67.801,6.309],[-67.819,6.314],[-67.827,6.313],[-67.839,6.308],[-67.858,6.288],[-67.868,6.28],[-67.879,6.278],[-67.893,6.278],[-67.904,6.275],[-67.909,6.263],[-67.911,6.252],[-67.916,6.242],[-67.924,6.235],[-67.934,6.231],[-67.943,6.23],[-67.978,6.218],[-68.019,6.212],[-68.147,6.224],[-68.19,6.218],[-68.304,6.177],[-68.341,6.177],[-68.407,6.195],[-68.427,6.197],[-68.449,6.195],[-68.523,6.173],[-68.585,6.17],[-68.596,6.165],[-68.622,6.142],[-68.635,6.136],[-68.659,6.139],[-68.701,6.158],[-68.722,6.163],[-68.744,6.165],[-68.808,6.184],[-68.829,6.188],[-68.893,6.184],[-68.914,6.189],[-68.938,6.197],[-68.961,6.202],[-68.979,6.197],[-69.016,6.214],[-69.037,6.219],[-69.061,6.218],[-69.08,6.209],[-69.108,6.183],[-69.13,6.17],[-69.189,6.113],[-69.246,6.081],[-69.269,6.097],[-69.311,6.146],[-69.331,6.156],[-69.358,6.152],[-69.406,6.129],[-69.431,6.122],[-69.432,6.122],[-69.444,6.122],[-69.473,6.159],[-69.548,6.254],[-69.624,6.35],[-69.7,6.445],[-69.776,6.541],[-69.852,6.636],[-69.928,6.732],[-70.004,6.827],[-70.079,6.923],[-70.097,6.944],[-70.129,6.973],[-70.158,6.98],[-70.195,6.978],[-70.231,6.969],[-70.288,6.937],[-70.319,6.938],[-70.423,6.988],[-70.438,6.993],[-70.441,6.996],[-70.447,7.005],[-70.452,7.008],[-70.461,7.008],[-70.484,7.005],[-70.495,7.006],[-70.511,7.01],[-70.521,7.016],[-70.571,7.079],[-70.579,7.086],[-70.595,7.083],[-70.623,7.074],[-70.639,7.073],[-70.673,7.081],[-70.683,7.085],[-70.697,7.097],[-70.703,7.1],[-70.733,7.099],[-70.793,7.085],[-70.837,7.082],[-70.875,7.069],[-70.896,7.069],[-70.903,7.063],[-70.908,7.053],[-70.919,7.039],[-70.961,7.009],[-71.011,6.991],[-71.065,6.985],[-71.136,6.992],[-71.145,6.986],[-71.154,6.977],[-71.166,6.968],[-71.184,6.963],[-71.194,6.965],[-71.202,6.972],[-71.213,6.978],[-71.262,6.979],[-71.276,6.984],[-71.281,6.995],[-71.281,7.007],[-71.284,7.019],[-71.293,7.026],[-71.308,7.027],[-71.349,7.019],[-71.366,7.021],[-71.398,7.029],[-71.414,7.031],[-71.429,7.028],[-71.456,7.016],[-71.468,7.012],[-71.488,7.029],[-71.51,7.035],[-71.528,7.03],[-71.529,7.028],[-71.529,7.027],[-71.549,7.028],[-71.549,7.029],[-71.551,7.032],[-71.554,7.037],[-71.558,7.041],[-71.567,7.039],[-71.581,7.032],[-71.588,7.029],[-71.595,7.03],[-71.607,7.038],[-71.612,7.046],[-71.62,7.052],[-71.654,7.053],[-71.667,7.052],[-71.674,7.044],[-71.67,7.028],[-71.698,7.035],[-71.722,7.033],[-71.745,7.029],[-71.774,7.029],[-71.772,7.011],[-71.778,7.008],[-71.789,7.01],[-71.8,7.009],[-71.812,7.001],[-71.822,6.993],[-71.833,6.986],[-71.848,6.984],[-71.881,6.987],[-71.964,7.006],[-71.994,7.013],[-72.005,7.019],[-72.029,7.039],[-72.042,7.047],[-72.07,7.059],[-72.081,7.067],[-72.098,7.087],[-72.153,7.193],[-72.164,7.221],[-72.171,7.25],[-72.174,7.28],[-72.173,7.288],[-72.164,7.329],[-72.166,7.334],[-72.172,7.337],[-72.206,7.382],[-72.24,7.391],[-72.322,7.39],[-72.371,7.399],[-72.396,7.407],[-72.415,7.414],[-72.451,7.44],[-72.479,7.484],[-72.482,7.508],[-72.476,7.529],[-72.467,7.549],[-72.463,7.571],[-72.467,7.59],[-72.48,7.629],[-72.483,7.649],[-72.474,7.754],[-72.454,7.815],[-72.452,7.833],[-72.454,7.876],[-72.459,7.894],[-72.466,7.905],[-72.487,7.929],[-72.491,7.938],[-72.488,7.949],[-72.479,7.956],[-72.467,7.96],[-72.457,7.965],[-72.442,7.977],[-72.43,7.991],[-72.422,8.006],[-72.417,8.026],[-72.407,8.044],[-72.388,8.046],[-72.367,8.043],[-72.35,8.043],[-72.334,8.065],[-72.336,8.104],[-72.357,8.172],[-72.391,8.234],[-72.396,8.257],[-72.395,8.273],[-72.386,8.306],[-72.384,8.322],[-72.387,8.339],[-72.394,8.355],[-72.403,8.37],[-72.415,8.382],[-72.416,8.383],[-72.425,8.388],[-72.434,8.39],[-72.445,8.394],[-72.456,8.404],[-72.48,8.429],[-72.5,8.45],[-72.519,8.472],[-72.539,8.493],[-72.559,8.514],[-72.578,8.535],[-72.598,8.556],[-72.617,8.577],[-72.637,8.598],[-72.655,8.618],[-72.675,8.652],[-72.686,8.692],[-72.697,8.735],[-72.709,8.779],[-72.72,8.823],[-72.732,8.866],[-72.744,8.91],[-72.755,8.954],[-72.767,8.997],[-72.778,9.041],[-72.783,9.06],[-72.8,9.079],[-72.786,9.102],[-72.791,9.114],[-72.808,9.124],[-72.827,9.142],[-72.834,9.134],[-72.842,9.134],[-72.85,9.137],[-72.862,9.137],[-72.874,9.133],[-72.882,9.129],[-72.916,9.107],[-72.936,9.099],[-72.955,9.104],[-72.973,9.128],[-72.979,9.15],[-72.976,9.192],[-72.98,9.217],[-72.983,9.221],[-72.992,9.23],[-72.996,9.235],[-72.995,9.239],[-72.991,9.248],[-72.991,9.252],[-73.004,9.288],[-73.01,9.295],[-73.033,9.295],[-73.076,9.254],[-73.099,9.242],[-73.124,9.234],[-73.142,9.223],[-73.176,9.191],[-73.212,9.173],[-73.254,9.168],[-73.364,9.165],[-73.378,9.165],[-73.391,9.173],[-73.391,9.195],[-73.379,9.214],[-73.342,9.239],[-73.324,9.256],[-73.312,9.276],[-73.277,9.362],[-73.197,9.479],[-73.178,9.523],[-73.164,9.536],[-73.124,9.561],[-73.108,9.578],[-73.097,9.596],[-73.072,9.664],[-73.017,9.749],[-72.986,9.812],[-72.978,9.838],[-72.982,9.857],[-72.99,9.875],[-72.997,9.901],[-72.996,9.921],[-72.988,9.96],[-72.988,9.999],[-72.936,10.175],[-72.916,10.394],[-72.916,10.414],[-72.915,10.428],[-72.915,10.433],[-72.908,10.452],[-72.892,10.473],[-72.875,10.49],[-72.861,10.508],[-72.843,10.561],[-72.781,10.631],[-72.754,10.675],[-72.706,10.811],[-72.683,10.856],[-72.657,10.885],[-72.613,10.915],[-72.595,10.933],[-72.576,10.957],[-72.542,11.041],[-72.534,11.052],[-72.515,11.072],[-72.507,11.083],[-72.505,11.093],[-72.504,11.112],[-72.499,11.121],[-72.481,11.133],[-72.46,11.136],[-72.417,11.138],[-72.361,11.158],[-72.341,11.162],[-72.322,11.16],[-72.285,11.15],[-72.267,11.155],[-72.257,11.168],[-72.227,11.223],[-72.197,11.277],[-72.167,11.332],[-72.137,11.387],[-72.107,11.442],[-72.078,11.497],[-72.048,11.551],[-72.018,11.606],[-72.008,11.625],[-71.991,11.649],[-71.971,11.662],[-71.945,11.669],[-71.887,11.684],[-71.828,11.699],[-71.769,11.714],[-71.711,11.729],[-71.652,11.744],[-71.594,11.759],[-71.535,11.774],[-71.476,11.789],[-71.449,11.795],[-71.41,11.812],[-71.375,11.841],[-71.358,11.851],[-71.328,11.85],[-71.341,11.826],[-71.344,11.808],[-71.336,11.789],[-71.364,11.786],[-71.371,11.783],[-71.375,11.776],[-71.376,11.766],[-71.378,11.758],[-71.388,11.755],[-71.41,11.751],[-71.467,11.722],[-71.507,11.71],[-71.674,11.685],[-71.862,11.628],[-71.901,11.621],[-71.925,11.613],[-71.948,11.602],[-71.961,11.591],[-71.971,11.555],[-71.97,11.511],[-71.939,11.381],[-71.857,11.217],[-71.796,11.132],[-71.77,11.106],[-71.653,11.041],[-71.638,11.029],[-71.626,11.015],[-71.625,11.001],[-71.632,10.998],[-71.679,10.988],[-71.675,11.004],[-71.682,11.017],[-71.697,11.026],[-71.724,11.031],[-71.735,11.034],[-71.744,11.036],[-71.748,11.032],[-71.751,11.028],[-71.757,11.023],[-71.769,11.015],[-71.76,11.004],[-71.724,10.971],[-71.716,10.958],[-71.716,10.946],[-71.719,10.933],[-71.72,10.919],[-71.71,10.879],[-71.694,10.837],[-71.674,10.802],[-71.65,10.771],[-71.618,10.743],[-71.576,10.721],[-71.586,10.699],[-71.595,10.66],[-71.61,10.638],[-71.605,10.63],[-71.604,10.62],[-71.605,10.608],[-71.61,10.598],[-71.606,10.582],[-71.613,10.561],[-71.625,10.539],[-71.631,10.518],[-71.63,10.464],[-71.628,10.458],[-71.63,10.454],[-71.638,10.446],[-71.645,10.442],[-71.672,10.433],[-71.694,10.409],[-71.697,10.405],[-71.713,10.401],[-71.73,10.392],[-71.754,10.371],[-71.779,10.342],[-71.837,10.234],[-71.892,10.162],[-71.898,10.139],[-71.913,10.129],[-71.953,10.118],[-71.969,10.106],[-71.982,10.088],[-71.992,10.067],[-72,10.025],[-72.024,9.985],[-72.044,9.93],[-72.109,9.856],[-72.124,9.826],[-72.121,9.812],[-72.102,9.773],[-72.09,9.755],[-72.022,9.686],[-71.999,9.655],[-71.947,9.541],[-71.965,9.551],[-71.973,9.57],[-71.979,9.591],[-71.988,9.61],[-71.995,9.604],[-71.992,9.6],[-71.99,9.597],[-71.988,9.59],[-71.997,9.588],[-72.001,9.585],[-72.004,9.581],[-72.008,9.576],[-71.994,9.569],[-71.978,9.556],[-71.965,9.538],[-71.961,9.518],[-71.968,9.498],[-71.984,9.497],[-72.002,9.508],[-72.015,9.521],[-72.019,9.503],[-72.011,9.483],[-71.995,9.459],[-71.98,9.47],[-71.957,9.49],[-71.936,9.5],[-71.926,9.48],[-71.919,9.48],[-71.919,9.5],[-71.909,9.493],[-71.882,9.463],[-71.871,9.456],[-71.862,9.454],[-71.853,9.45],[-71.844,9.439],[-71.875,9.445],[-71.901,9.435],[-71.914,9.413],[-71.905,9.385],[-71.895,9.419],[-71.892,9.426],[-71.834,9.426],[-71.808,9.41],[-71.785,9.382],[-71.761,9.365],[-71.735,9.385],[-71.738,9.368],[-71.741,9.364],[-71.73,9.355],[-71.728,9.348],[-71.734,9.343],[-71.748,9.343],[-71.748,9.336],[-71.736,9.325],[-71.734,9.308],[-71.74,9.289],[-71.748,9.275],[-71.758,9.283],[-71.778,9.269],[-71.817,9.233],[-71.807,9.225],[-71.796,9.234],[-71.785,9.24],[-71.776,9.226],[-71.768,9.23],[-71.762,9.234],[-71.758,9.239],[-71.754,9.247],[-71.745,9.238],[-71.748,9.227],[-71.749,9.216],[-71.735,9.206],[-71.753,9.204],[-71.752,9.191],[-71.735,9.165],[-71.758,9.139],[-71.762,9.131],[-71.759,9.12],[-71.752,9.116],[-71.744,9.113],[-71.741,9.107],[-71.735,9.106],[-71.723,9.1],[-71.713,9.093],[-71.717,9.09],[-71.718,9.086],[-71.709,9.077],[-71.686,9.062],[-71.646,9.05],[-71.602,9.042],[-71.558,9.042],[-71.515,9.049],[-71.371,9.093],[-71.274,9.135],[-71.241,9.156],[-71.221,9.179],[-71.206,9.232],[-71.187,9.246],[-71.162,9.279],[-71.152,9.289],[-71.143,9.291],[-71.117,9.295],[-71.11,9.298],[-71.103,9.303],[-71.096,9.307],[-71.087,9.308],[-71.073,9.314],[-71.062,9.327],[-71.057,9.344],[-71.056,9.364],[-71.073,9.419],[-71.079,9.503],[-71.083,9.521],[-71.088,9.534],[-71.091,9.544],[-71.09,9.555],[-71.086,9.563],[-71.066,9.59],[-71.066,9.602],[-71.049,9.673],[-71.049,9.72],[-71.042,9.727],[-71.038,9.733],[-71.035,9.74],[-71.036,9.744],[-71.042,9.761],[-71.055,9.777],[-71.072,9.793],[-71.086,9.812],[-71.09,9.837],[-71.08,9.838],[-71.073,9.842],[-71.07,9.85],[-71.072,9.858],[-71.09,9.878],[-71.108,9.905],[-71.162,9.971],[-71.184,9.985],[-71.207,9.981],[-71.229,10.07],[-71.246,10.115],[-71.268,10.152],[-71.306,10.19],[-71.328,10.207],[-71.364,10.22],[-71.373,10.236],[-71.384,10.275],[-71.393,10.289],[-71.414,10.313],[-71.423,10.343],[-71.432,10.36],[-71.453,10.385],[-71.465,10.395],[-71.469,10.402],[-71.474,10.412],[-71.475,10.422],[-71.469,10.437],[-71.463,10.489],[-71.466,10.502],[-71.481,10.515],[-71.526,10.545],[-71.542,10.565],[-71.542,10.59],[-71.537,10.598],[-71.503,10.627],[-71.5,10.628],[-71.505,10.631],[-71.533,10.677],[-71.535,10.686],[-71.534,10.7],[-71.528,10.726],[-71.528,10.741],[-71.531,10.753],[-71.538,10.76],[-71.556,10.776],[-71.566,10.792],[-71.573,10.799],[-71.583,10.803],[-71.583,10.809],[-71.51,10.813],[-71.478,10.809],[-71.446,10.796],[-71.435,10.819],[-71.44,10.839],[-71.449,10.856],[-71.453,10.872],[-71.446,10.887],[-71.422,10.903],[-71.412,10.919],[-71.438,10.919],[-71.448,10.92],[-71.46,10.926],[-71.47,10.934],[-71.489,10.954],[-71.501,10.96],[-71.458,10.975],[-71.418,10.98],[-71.336,10.981],[-71.294,10.987],[-71.282,10.991],[-71.176,11.034],[-71.131,11.06],[-71.122,11.068],[-71.062,11.09],[-70.87,11.196],[-70.713,11.237],[-70.686,11.248],[-70.664,11.239],[-70.63,11.239],[-70.514,11.253],[-70.496,11.264],[-70.48,11.289],[-70.49,11.285],[-70.498,11.279],[-70.504,11.271],[-70.507,11.262],[-70.511,11.286],[-70.486,11.295],[-70.434,11.288],[-70.401,11.297],[-70.324,11.333],[-70.288,11.357],[-70.269,11.356],[-70.231,11.352],[-70.18,11.376],[-70.159,11.401],[-70.145,11.429],[-70.144,11.447],[-70.146,11.454],[-70.153,11.461],[-70.164,11.463],[-70.154,11.47],[-70.141,11.469],[-70.127,11.462],[-70.119,11.45],[-70.109,11.439],[-70.099,11.43],[-70.088,11.434],[-70.083,11.444],[-70.079,11.457],[-70.07,11.457],[-70.058,11.451],[-70.049,11.447],[-70.041,11.441],[-70.037,11.441],[-70.034,11.45],[-70.035,11.46],[-70.036,11.467],[-70.04,11.471],[-70.049,11.474],[-70.048,11.479],[-70.046,11.482],[-70.041,11.488],[-70.056,11.493],[-70.054,11.506],[-70.097,11.521],[-70.12,11.522],[-70.123,11.525],[-70.119,11.531],[-70.111,11.531],[-70.096,11.531],[-70.105,11.539],[-70.116,11.543],[-70.13,11.547],[-70.142,11.554],[-70.162,11.569],[-70.123,11.559],[-70.095,11.544],[-70.068,11.53],[-70.051,11.521],[-70.042,11.519],[-70.024,11.514],[-70.008,11.516],[-69.99,11.511],[-69.976,11.503],[-69.957,11.511],[-69.946,11.52],[-69.926,11.513],[-69.921,11.497],[-69.913,11.493],[-69.899,11.496],[-69.893,11.479],[-69.877,11.469],[-69.857,11.459],[-69.845,11.436],[-69.814,11.426],[-69.795,11.437],[-69.789,11.451],[-69.76,11.468],[-69.747,11.481],[-69.744,11.503],[-69.765,11.538],[-69.761,11.557],[-69.769,11.569],[-69.785,11.616],[-69.791,11.645],[-69.816,11.694],[-69.822,11.694],[-69.825,11.675],[-69.833,11.677],[-69.842,11.688],[-69.85,11.694],[-69.863,11.69],[-69.871,11.683],[-69.876,11.676],[-69.88,11.673],[-69.928,11.658],[-69.95,11.657],[-69.945,11.673],[-69.986,11.655],[-69.997,11.653],[-70.027,11.652],[-70.041,11.649],[-70.052,11.642],[-70.074,11.632],[-70.138,11.626],[-70.187,11.603],[-70.212,11.609],[-70.23,11.628],[-70.233,11.653],[-70.229,11.659],[-70.217,11.673],[-70.213,11.68],[-70.212,11.687],[-70.214,11.692],[-70.217,11.696],[-70.219,11.701],[-70.219,11.728],[-70.221,11.729],[-70.231,11.742],[-70.233,11.748],[-70.227,11.745],[-70.212,11.738],[-70.206,11.735],[-70.206,11.763],[-70.208,11.774],[-70.213,11.783],[-70.224,11.788],[-70.229,11.781],[-70.233,11.77],[-70.241,11.762],[-70.245,11.779],[-70.267,11.817],[-70.272,11.823],[-70.277,11.826],[-70.28,11.83],[-70.282,11.851],[-70.285,11.857],[-70.291,11.86],[-70.302,11.858],[-70.297,11.872],[-70.289,11.909],[-70.288,11.923],[-70.284,11.94],[-70.265,11.972],[-70.261,11.992],[-70.255,12.007],[-70.224,12.042],[-70.213,12.057],[-70.21,12.074],[-70.211,12.103],[-70.206,12.112],[-70.162,12.113],[-70.144,12.118],[-70.127,12.129],[-70.065,12.181],[-70.041,12.194],[-70.018,12.199],[-70.003,12.194],[-69.99,12.185],[-69.944,12.175],[-69.925,12.16],[-69.835,12.015],[-69.822,11.975],[-69.817,11.932],[-69.816,11.846],[-69.809,11.804],[-69.747,11.632],[-69.7,11.54],[-69.666,11.498],[-69.624,11.468],[-69.589,11.463],[-69.563,11.478],[-69.537,11.499],[-69.5,11.509],[-69.416,11.496],[-69.377,11.494],[-69.336,11.509],[-69.308,11.527],[-69.291,11.533],[-69.27,11.536],[-69.26,11.533],[-69.24,11.519],[-69.229,11.516],[-69.196,11.517],[-69.185,11.516],[-69.121,11.49],[-69.109,11.491],[-69.103,11.481],[-69.09,11.469],[-69.074,11.459],[-69.062,11.454],[-69.02,11.446],[-68.863,11.453],[-68.844,11.447],[-68.829,11.436],[-68.796,11.401],[-68.776,11.386],[-68.754,11.374],[-68.72,11.362],[-68.704,11.358],[-68.69,11.357],[-68.684,11.362],[-68.679,11.358],[-68.656,11.348],[-68.65,11.341],[-68.64,11.322],[-68.615,11.303],[-68.541,11.265],[-68.518,11.249],[-68.5,11.232],[-68.493,11.218],[-68.484,11.207],[-68.418,11.179],[-68.413,11.189],[-68.411,11.193],[-68.411,11.2],[-68.403,11.2],[-68.4,11.194],[-68.39,11.179],[-68.39,11.173],[-68.398,11.154],[-68.389,11.128],[-68.35,11.072],[-68.288,10.953],[-68.278,10.925],[-68.287,10.913],[-68.295,10.917],[-68.305,10.927],[-68.318,10.936],[-68.335,10.94],[-68.348,10.937],[-68.36,10.932],[-68.37,10.925],[-68.377,10.919],[-68.343,10.91],[-68.263,10.903],[-68.239,10.885],[-68.25,10.866],[-68.266,10.858],[-68.311,10.858],[-68.327,10.849],[-68.332,10.83],[-68.331,10.807],[-68.318,10.745],[-68.287,10.658],[-68.274,10.634],[-68.252,10.595],[-68.242,10.578],[-68.21,10.537],[-68.171,10.504],[-68.13,10.488],[-68.006,10.488],[-67.989,10.485],[-67.965,10.474],[-67.941,10.466],[-67.924,10.47],[-67.91,10.477],[-67.893,10.481],[-67.881,10.48],[-67.873,10.476],[-67.87,10.469],[-67.869,10.461],[-67.869,10.457],[-67.865,10.452],[-67.858,10.459],[-67.851,10.469],[-67.848,10.474],[-67.818,10.488],[-67.778,10.496],[-67.645,10.506],[-67.56,10.528],[-67.478,10.534],[-67.392,10.543],[-67.326,10.55],[-67.243,10.547],[-67.17,10.556],[-67.113,10.586],[-67.074,10.593],[-67.035,10.608],[-67.012,10.611],[-66.886,10.61],[-66.777,10.619],[-66.542,10.633],[-66.428,10.631],[-66.416,10.628],[-66.405,10.621],[-66.35,10.611],[-66.334,10.611],[-66.322,10.62],[-66.309,10.634],[-66.295,10.647],[-66.276,10.652],[-66.252,10.649],[-66.191,10.617],[-66.125,10.602],[-66.104,10.584],[-66.058,10.579],[-66.047,10.576],[-66.054,10.562],[-66.076,10.549],[-66.102,10.541],[-66.122,10.543],[-66.121,10.531],[-66.122,10.507],[-66.118,10.498],[-66.088,10.467],[-66.012,10.409],[-66.004,10.399],[-65.971,10.379],[-65.953,10.352],[-65.882,10.31],[-65.896,10.309],[-65.91,10.312],[-65.922,10.317],[-65.93,10.323],[-65.938,10.317],[-65.944,10.31],[-65.923,10.282],[-65.897,10.288],[-65.871,10.273],[-65.828,10.234],[-65.802,10.226],[-65.775,10.222],[-65.718,10.22],[-65.747,10.239],[-65.847,10.281],[-65.868,10.31],[-65.58,10.185],[-65.459,10.149],[-65.426,10.143],[-65.31,10.123],[-65.17,10.097],[-65.129,10.076],[-65.091,10.067],[-65.08,10.063],[-65.08,10.056],[-65.156,10.08],[-65.176,10.084],[-65.167,10.069],[-65.149,10.058],[-65.128,10.051],[-65.084,10.048],[-65.073,10.049],[-65.064,10.052],[-65.047,10.061],[-65.017,10.067],[-64.981,10.089],[-64.963,10.097],[-64.944,10.1],[-64.888,10.09],[-64.814,10.085],[-64.777,10.09],[-64.748,10.107],[-64.737,10.121],[-64.729,10.136],[-64.717,10.172],[-64.717,10.188],[-64.722,10.214],[-64.717,10.228],[-64.709,10.219],[-64.699,10.214],[-64.688,10.212],[-64.676,10.213],[-64.683,10.204],[-64.688,10.201],[-64.697,10.2],[-64.685,10.186],[-64.668,10.187],[-64.658,10.197],[-64.669,10.207],[-64.657,10.215],[-64.631,10.248],[-64.617,10.25],[-64.588,10.26],[-64.572,10.262],[-64.575,10.255],[-64.577,10.252],[-64.58,10.248],[-64.574,10.25],[-64.565,10.251],[-64.559,10.254],[-64.552,10.242],[-64.546,10.244],[-64.54,10.251],[-64.536,10.252],[-64.531,10.254],[-64.521,10.252],[-64.499,10.242],[-64.491,10.241],[-64.468,10.249],[-64.44,10.276],[-64.409,10.284],[-64.39,10.294],[-64.384,10.296],[-64.377,10.301],[-64.377,10.31],[-64.382,10.317],[-64.41,10.305],[-64.433,10.306],[-64.455,10.313],[-64.47,10.323],[-64.463,10.333],[-64.453,10.331],[-64.441,10.326],[-64.429,10.323],[-64.417,10.327],[-64.395,10.34],[-64.381,10.344],[-64.384,10.357],[-64.383,10.362],[-64.381,10.371],[-64.402,10.371],[-64.402,10.378],[-64.381,10.386],[-64.371,10.382],[-64.368,10.37],[-64.368,10.354],[-64.365,10.338],[-64.357,10.339],[-64.348,10.349],[-64.34,10.364],[-64.339,10.391],[-64.299,10.406],[-64.247,10.42],[-64.211,10.439],[-64.202,10.455],[-64.198,10.469],[-64.189,10.478],[-64.166,10.481],[-64.143,10.48],[-64.128,10.478],[-64.115,10.473],[-64.07,10.453],[-64.052,10.448],[-64.028,10.446],[-64.005,10.448],[-63.943,10.46],[-63.923,10.459],[-63.884,10.449],[-63.864,10.446],[-63.82,10.448],[-63.683,10.48],[-63.655,10.495],[-63.678,10.497],[-63.704,10.495],[-63.73,10.498],[-63.754,10.512],[-63.772,10.525],[-63.823,10.549],[-63.847,10.556],[-63.9,10.557],[-63.924,10.56],[-63.946,10.573],[-63.967,10.581],[-63.993,10.581],[-64.045,10.57],[-64.041,10.575],[-64.032,10.59],[-64.046,10.59],[-64.057,10.583],[-64.065,10.576],[-64.073,10.57],[-64.086,10.567],[-64.156,10.573],[-64.169,10.57],[-64.2,10.552],[-64.207,10.549],[-64.215,10.544],[-64.224,10.52],[-64.234,10.515],[-64.249,10.52],[-64.256,10.533],[-64.258,10.548],[-64.258,10.559],[-64.267,10.579],[-64.285,10.6],[-64.298,10.62],[-64.293,10.638],[-64.282,10.644],[-64.275,10.651],[-64.271,10.66],[-64.271,10.673],[-64.265,10.673],[-64.255,10.655],[-64.241,10.646],[-64.196,10.638],[-64.184,10.633],[-64.157,10.62],[-64.145,10.617],[-64.131,10.62],[-64.072,10.648],[-64.063,10.651],[-64.049,10.652],[-64.043,10.65],[-64.039,10.646],[-64.036,10.641],[-64.032,10.638],[-63.937,10.639],[-63.915,10.631],[-63.9,10.638],[-63.862,10.646],[-63.847,10.652],[-63.837,10.662],[-63.828,10.677],[-63.822,10.694],[-63.82,10.714],[-63.812,10.714],[-63.8,10.691],[-63.781,10.676],[-63.757,10.666],[-63.653,10.641],[-63.553,10.629],[-63.532,10.631],[-63.49,10.658],[-63.466,10.668],[-63.449,10.658],[-63.442,10.658],[-63.439,10.671],[-63.43,10.673],[-63.418,10.669],[-63.405,10.666],[-63.399,10.67],[-63.393,10.691],[-63.388,10.699],[-63.381,10.692],[-63.374,10.689],[-63.367,10.689],[-63.36,10.693],[-63.354,10.686],[-63.36,10.68],[-63.34,10.673],[-63.332,10.685],[-63.318,10.684],[-63.301,10.677],[-63.285,10.673],[-63.285,10.676],[-63.28,10.684],[-63.272,10.688],[-63.261,10.683],[-63.251,10.681],[-63.241,10.685],[-63.171,10.732],[-63.162,10.735],[-63.159,10.73],[-63.156,10.72],[-63.149,10.711],[-63.137,10.707],[-63.126,10.707],[-63.116,10.708],[-63.108,10.712],[-63.1,10.721],[-63.083,10.716],[-63.014,10.721],[-62.992,10.718],[-62.952,10.703],[-62.928,10.699],[-62.904,10.702],[-62.863,10.718],[-62.828,10.723],[-62.72,10.76],[-62.706,10.762],[-62.683,10.75],[-62.672,10.748],[-62.659,10.747],[-62.638,10.743],[-62.542,10.741],[-62.397,10.715],[-62.319,10.705],[-62.274,10.699],[-62.202,10.697],[-62.171,10.687],[-62.154,10.686],[-62.142,10.692],[-62.115,10.71],[-62.102,10.714],[-62.036,10.714],[-62.007,10.72],[-61.982,10.735],[-61.971,10.723],[-61.944,10.732],[-61.935,10.721],[-61.919,10.731],[-61.892,10.74],[-61.865,10.745],[-61.846,10.741],[-61.862,10.733],[-61.877,10.723],[-61.885,10.707],[-61.88,10.686],[-61.887,10.68],[-61.898,10.69],[-61.907,10.684],[-61.919,10.672],[-61.938,10.666],[-61.942,10.664],[-61.955,10.655],[-61.962,10.652],[-61.974,10.652],[-61.984,10.654],[-61.993,10.653],[-62.004,10.645],[-62.067,10.638],[-62.089,10.631],[-62.174,10.642],[-62.24,10.638],[-62.253,10.632],[-62.265,10.619],[-62.314,10.548],[-62.335,10.53],[-62.356,10.532],[-62.379,10.545],[-62.398,10.544],[-62.418,10.538],[-62.442,10.535],[-62.453,10.538],[-62.472,10.546],[-62.483,10.549],[-62.493,10.549],[-62.509,10.544],[-62.521,10.543],[-62.542,10.545],[-62.607,10.563],[-62.662,10.567],[-62.896,10.538],[-62.923,10.531],[-62.935,10.518],[-62.945,10.502],[-62.969,10.484],[-62.994,10.468],[-63.011,10.46],[-63.011,10.454],[-62.98,10.466],[-62.925,10.512],[-62.894,10.529],[-62.857,10.532],[-62.841,10.512],[-62.838,10.483],[-62.839,10.457],[-62.833,10.426],[-62.831,10.407],[-62.836,10.398],[-62.844,10.397],[-62.859,10.392],[-62.866,10.392],[-62.875,10.395],[-62.89,10.409],[-62.898,10.412],[-62.964,10.415],[-62.995,10.408],[-63.004,10.385],[-62.997,10.39],[-62.976,10.398],[-62.971,10.374],[-62.966,10.364],[-62.956,10.357],[-62.968,10.35],[-62.984,10.331],[-62.997,10.323],[-62.979,10.311],[-62.981,10.3],[-62.993,10.289],[-63.004,10.275],[-62.946,10.278],[-62.932,10.286],[-62.927,10.303],[-62.948,10.343],[-62.942,10.364],[-62.954,10.372],[-62.957,10.384],[-62.953,10.397],[-62.942,10.405],[-62.925,10.406],[-62.908,10.397],[-62.88,10.371],[-62.87,10.378],[-62.86,10.381],[-62.85,10.382],[-62.839,10.385],[-62.808,10.402],[-62.802,10.405],[-62.784,10.402],[-62.764,10.395],[-62.747,10.387],[-62.736,10.378],[-62.733,10.371],[-62.732,10.353],[-62.729,10.344],[-62.722,10.336],[-62.699,10.32],[-62.685,10.307],[-62.675,10.293],[-62.669,10.277],[-62.668,10.254],[-62.675,10.225],[-62.675,10.213],[-62.663,10.191],[-62.661,10.182],[-62.658,10.179],[-62.651,10.176],[-62.644,10.171],[-62.638,10.154],[-62.629,10.136],[-62.627,10.131],[-62.631,10.114],[-62.642,10.097],[-62.657,10.082],[-62.672,10.076],[-62.683,10.075],[-62.702,10.07],[-62.713,10.069],[-62.725,10.071],[-62.733,10.076],[-62.738,10.08],[-62.743,10.084],[-62.76,10.087],[-62.777,10.086],[-62.792,10.08],[-62.798,10.066],[-62.8,10.057],[-62.806,10.05],[-62.814,10.044],[-62.823,10.042],[-62.828,10.046],[-62.833,10.065],[-62.836,10.073],[-62.851,10.08],[-62.879,10.066],[-62.894,10.069],[-62.896,10.077],[-62.895,10.087],[-62.894,10.097],[-62.902,10.103],[-62.911,10.104],[-62.921,10.099],[-62.929,10.091],[-62.935,10.084],[-62.938,10.094],[-62.945,10.101],[-62.953,10.107],[-62.963,10.11],[-62.979,10.098],[-62.989,10.096],[-63.018,10.103],[-63.013,10.097],[-63.01,10.093],[-62.996,10.079],[-62.982,10.069],[-62.976,10.073],[-62.972,10.082],[-62.962,10.088],[-62.953,10.088],[-62.949,10.08],[-62.944,10.03],[-62.936,10.008],[-62.921,10.008],[-62.932,10.023],[-62.93,10.035],[-62.926,10.046],[-62.932,10.059],[-62.932,10.065],[-62.928,10.075],[-62.922,10.083],[-62.915,10.084],[-62.91,10.077],[-62.915,10.061],[-62.911,10.052],[-62.896,10.044],[-62.882,10.047],[-62.868,10.054],[-62.853,10.056],[-62.84,10.049],[-62.831,10.039],[-62.819,10.031],[-62.798,10.029],[-62.81,10.004],[-62.801,9.996],[-62.786,10.002],[-62.777,10.018],[-62.787,10.051],[-62.785,10.07],[-62.764,10.076],[-62.758,10.072],[-62.74,10.054],[-62.729,10.049],[-62.717,10.048],[-62.664,10.061],[-62.639,10.074],[-62.619,10.092],[-62.607,10.11],[-62.606,10.133],[-62.622,10.176],[-62.627,10.196],[-62.62,10.224],[-62.602,10.231],[-62.58,10.224],[-62.558,10.213],[-62.518,10.184],[-62.495,10.152],[-62.47,10.069],[-62.461,10.052],[-62.45,10.037],[-62.442,10.021],[-62.442,10.001],[-62.429,9.981],[-62.426,9.968],[-62.431,9.954],[-62.442,9.933],[-62.423,9.932],[-62.409,9.924],[-62.397,9.911],[-62.378,9.885],[-62.324,9.786],[-62.319,9.768],[-62.32,9.752],[-62.325,9.737],[-62.327,9.722],[-62.325,9.719],[-62.319,9.706],[-62.291,9.733],[-62.27,9.767],[-62.243,9.843],[-62.241,9.875],[-62.258,9.938],[-62.257,9.974],[-62.239,9.961],[-62.222,9.938],[-62.185,9.868],[-62.179,9.846],[-62.176,9.705],[-62.188,9.663],[-62.216,9.638],[-62.182,9.649],[-62.162,9.682],[-62.154,9.726],[-62.16,9.85],[-62.166,9.873],[-62.188,9.912],[-62.195,9.933],[-62.137,9.926],[-62.119,9.921],[-62.112,9.91],[-62.108,9.897],[-62.099,9.884],[-62.088,9.879],[-62.057,9.872],[-62.037,9.87],[-62.029,9.871],[-62.027,9.874],[-62.038,9.884],[-62.046,9.888],[-62.076,9.896],[-62.089,9.898],[-62.09,9.903],[-62.119,9.933],[-62.136,9.941],[-62.149,9.945],[-62.208,9.946],[-62.221,9.952],[-62.237,9.967],[-62.223,9.987],[-62.217,10.004],[-62.207,10.014],[-62.196,10.02],[-62.111,9.998],[-62.061,9.978],[-62.025,9.957],[-61.925,9.88],[-61.907,9.864],[-61.877,9.824],[-61.848,9.804],[-61.831,9.792],[-61.831,9.778],[-61.828,9.771],[-61.815,9.758],[-61.81,9.748],[-61.812,9.738],[-61.822,9.708],[-61.842,9.672],[-61.846,9.651],[-61.839,9.651],[-61.812,9.706],[-61.797,9.761],[-61.78,9.759],[-61.765,9.739],[-61.753,9.714],[-61.743,9.699],[-61.749,9.68],[-61.743,9.596],[-61.734,9.617],[-61.73,9.639],[-61.73,9.682],[-61.731,9.694],[-61.735,9.703],[-61.74,9.71],[-61.746,9.717],[-61.753,9.728],[-61.758,9.75],[-61.763,9.761],[-61.77,9.765],[-61.79,9.77],[-61.797,9.775],[-61.799,9.781],[-61.815,9.803],[-61.822,9.813],[-61.824,9.821],[-61.828,9.827],[-61.819,9.83],[-61.79,9.831],[-61.752,9.823],[-61.674,9.799],[-61.663,9.797],[-61.593,9.782],[-61.574,9.795],[-61.578,9.809],[-61.591,9.822],[-61.602,9.837],[-61.609,9.84],[-61.617,9.844],[-61.633,9.855],[-61.635,9.863],[-61.637,9.87],[-61.651,9.874],[-61.665,9.885],[-61.671,9.896],[-61.665,9.9],[-61.637,9.899],[-61.627,9.895],[-61.612,9.887],[-61.583,9.872],[-61.543,9.847],[-61.51,9.826],[-61.476,9.802],[-61.461,9.784],[-61.422,9.736],[-61.427,9.764],[-61.451,9.794],[-61.458,9.812],[-61.488,9.823],[-61.503,9.84],[-61.499,9.842],[-61.485,9.83],[-61.471,9.827],[-61.452,9.825],[-61.439,9.818],[-61.429,9.807],[-61.402,9.778],[-61.386,9.761],[-61.37,9.748],[-61.355,9.731],[-61.338,9.712],[-61.325,9.702],[-61.306,9.686],[-61.258,9.649],[-61.237,9.632],[-61.226,9.601],[-61.206,9.577],[-61.192,9.583],[-61.208,9.604],[-61.184,9.604],[-61.13,9.572],[-61.112,9.583],[-61.106,9.58],[-61.068,9.583],[-61.053,9.581],[-61.016,9.563],[-60.977,9.55],[-60.961,9.539],[-60.955,9.521],[-60.962,9.522],[-60.965,9.525],[-60.969,9.535],[-60.971,9.502],[-60.969,9.494],[-60.961,9.487],[-60.954,9.488],[-60.947,9.492],[-60.938,9.494],[-60.921,9.49],[-60.9,9.481],[-60.879,9.469],[-60.862,9.456],[-60.854,9.446],[-60.838,9.425],[-60.823,9.411],[-60.82,9.406],[-60.818,9.401],[-60.818,9.395],[-60.815,9.392],[-60.802,9.389],[-60.797,9.385],[-60.789,9.364],[-60.784,9.339],[-60.785,9.314],[-60.797,9.295],[-60.799,9.303],[-60.802,9.308],[-60.81,9.316],[-60.816,9.302],[-60.817,9.286],[-60.822,9.273],[-60.835,9.267],[-60.851,9.264],[-60.874,9.25],[-60.883,9.247],[-60.895,9.246],[-60.907,9.243],[-60.918,9.238],[-60.927,9.233],[-60.933,9.222],[-60.938,9.216],[-60.944,9.213],[-60.946,9.212],[-60.969,9.206],[-61.024,9.153],[-61.047,9.145],[-61.067,9.132],[-61.085,9.102],[-61.112,9.041],[-61.098,9.047],[-61.085,9.059],[-61.075,9.074],[-61.071,9.086],[-61.066,9.095],[-60.984,9.167],[-60.959,9.183],[-60.955,9.165],[-60.96,9.155],[-60.975,9.14],[-60.982,9.131],[-60.985,9.122],[-60.989,9.1],[-60.993,9.093],[-60.999,9.085],[-61.002,9.077],[-61.002,9.059],[-61.007,9.049],[-61.017,9.043],[-61.028,9.039],[-61.037,9.035],[-61.072,8.998],[-61.079,8.997],[-61.082,8.988],[-61.1,8.96],[-61.106,8.945],[-61.118,8.904],[-61.12,8.888],[-61.113,8.867],[-61.112,8.857],[-61.127,8.815],[-61.18,8.736],[-61.194,8.693],[-61.199,8.645],[-61.209,8.609],[-61.233,8.589],[-61.277,8.589],[-61.336,8.607],[-61.349,8.61],[-61.523,8.597],[-61.567,8.607],[-61.606,8.631],[-61.625,8.63],[-61.645,8.627],[-61.659,8.617],[-61.661,8.596],[-61.652,8.586],[-61.599,8.555],[-61.561,8.548],[-61.552,8.545],[-61.546,8.538],[-61.541,8.531],[-61.537,8.528],[-61.527,8.527],[-61.509,8.533],[-61.5,8.534],[-61.498,8.531],[-61.487,8.518],[-61.471,8.504],[-61.464,8.501],[-61.452,8.5],[-61.447,8.497],[-61.438,8.483],[-61.434,8.479],[-61.415,8.477],[-61.376,8.486],[-61.359,8.487],[-61.349,8.479],[-61.343,8.466],[-61.338,8.451],[-61.332,8.438],[-61.321,8.428],[-61.295,8.412],[-61.284,8.397],[-61.253,8.419],[-61.24,8.432],[-61.235,8.449],[-61.228,8.461],[-61.213,8.474],[-61.195,8.486],[-61.181,8.493],[-61.159,8.498],[-61.095,8.493],[-61.049,8.502],[-61.027,8.501],[-61.024,8.487],[-61.04,8.473],[-61.078,8.466],[-61.085,8.449],[-61.087,8.427],[-61.086,8.416],[-61.082,8.408],[-61.072,8.403],[-61.07,8.413],[-61.071,8.438],[-61.067,8.456],[-61.062,8.46],[-61.051,8.466],[-61.041,8.468],[-61.03,8.468],[-61.02,8.469],[-61.016,8.476],[-61.014,8.485],[-61.01,8.495],[-61.004,8.504],[-60.992,8.512],[-60.99,8.524],[-60.989,8.548],[-60.987,8.558],[-60.987,8.565],[-60.985,8.571],[-60.976,8.576],[-60.957,8.569],[-60.937,8.572],[-60.917,8.579],[-60.818,8.59],[-60.692,8.605],[-60.674,8.593],[-60.668,8.583],[-60.654,8.571],[-60.638,8.561],[-60.626,8.555],[-60.606,8.551],[-60.544,8.548],[-60.479,8.532],[-60.462,8.534],[-60.458,8.539],[-60.447,8.562],[-60.427,8.583],[-60.404,8.623],[-60.372,8.635],[-60.198,8.624],[-60.157,8.613],[-60.119,8.596],[-60.084,8.574],[-60.064,8.565],[-60.021,8.558]]],[[[-61.016,8.61],[-61.011,8.608],[-61.008,8.606],[-61.004,8.604],[-60.996,8.603],[-60.993,8.577],[-61.006,8.554],[-61.028,8.543],[-61.051,8.555],[-61.052,8.542],[-61.044,8.529],[-61.042,8.519],[-61.126,8.507],[-61.233,8.516],[-61.27,8.515],[-61.259,8.537],[-61.246,8.557],[-61.228,8.572],[-61.201,8.576],[-61.18,8.57],[-61.148,8.544],[-61.126,8.534],[-61.138,8.551],[-61.14,8.552],[-61.138,8.56],[-61.133,8.565],[-61.129,8.569],[-61.126,8.573],[-61.098,8.603],[-61.087,8.607],[-61.022,8.611],[-61.016,8.61]]],[[[-60.92,9.028],[-60.898,9.033],[-60.875,9.028],[-60.855,9.016],[-60.838,9.001],[-60.859,8.995],[-60.866,8.994],[-60.851,8.971],[-60.865,8.941],[-60.892,8.914],[-60.934,8.884],[-61.068,8.828],[-61.092,8.822],[-61.035,8.863],[-61.017,8.88],[-60.983,8.93],[-60.971,8.963],[-60.961,8.973],[-60.949,8.981],[-60.938,8.991],[-60.934,9.001],[-60.935,9.01],[-60.933,9.019],[-60.92,9.028]]],[[[-61.085,8.891],[-61.097,8.901],[-61.093,8.92],[-61.084,8.943],[-61.079,8.963],[-61.069,8.979],[-61.048,8.987],[-61.022,8.993],[-61.002,9.001],[-60.984,9.019],[-60.947,9.066],[-60.931,9.076],[-60.906,9.078],[-60.852,9.096],[-60.852,9.087],[-60.853,9.078],[-60.855,9.07],[-60.859,9.062],[-60.859,9.069],[-60.867,9.052],[-60.876,9.044],[-60.889,9.041],[-60.911,9.041],[-60.927,9.037],[-60.943,9.026],[-61.027,8.949],[-61.032,8.94],[-61.038,8.92],[-61.044,8.912],[-61.077,8.893],[-61.085,8.891]]],[[[-60.873,9.117],[-60.89,9.099],[-60.94,9.082],[-60.961,9.069],[-60.944,9.104],[-60.942,9.137],[-60.937,9.165],[-60.907,9.185],[-60.872,9.195],[-60.853,9.194],[-60.845,9.182],[-60.847,9.163],[-60.854,9.144],[-60.862,9.126],[-60.873,9.11],[-60.873,9.117]]],[[[-60.818,9.206],[-60.803,9.218],[-60.781,9.229],[-60.758,9.23],[-60.742,9.213],[-60.739,9.209],[-60.734,9.199],[-60.729,9.193],[-60.739,9.188],[-60.753,9.187],[-60.77,9.189],[-60.797,9.172],[-60.805,9.157],[-60.812,9.138],[-60.824,9.122],[-60.845,9.117],[-60.837,9.142],[-60.829,9.188],[-60.818,9.206]]],[[[-63.977,10.809],[-63.957,10.8],[-63.928,10.791],[-63.904,10.777],[-63.895,10.755],[-63.909,10.736],[-63.936,10.734],[-63.957,10.744],[-63.956,10.762],[-63.983,10.764],[-63.996,10.768],[-64.005,10.776],[-64.005,10.788],[-63.999,10.799],[-63.988,10.807],[-63.977,10.809]]],[[[-65.228,10.954],[-65.22,10.954],[-65.211,10.954],[-65.208,10.95],[-65.217,10.94],[-65.202,10.918],[-65.205,10.904],[-65.221,10.895],[-65.245,10.885],[-65.241,10.895],[-65.238,10.899],[-65.259,10.891],[-65.277,10.89],[-65.317,10.891],[-65.337,10.896],[-65.355,10.905],[-65.372,10.911],[-65.388,10.905],[-65.412,10.925],[-65.402,10.948],[-65.377,10.966],[-65.354,10.967],[-65.33,10.978],[-65.306,10.976],[-65.255,10.957],[-65.245,10.955],[-65.228,10.954]]],[[[-63.847,11.135],[-63.844,11.115],[-63.829,11.078],[-63.826,11.06],[-63.793,11.001],[-63.788,10.974],[-63.82,10.981],[-63.819,10.974],[-63.82,10.96],[-63.82,10.954],[-63.834,10.964],[-63.843,10.968],[-63.847,10.964],[-63.85,10.958],[-63.872,10.937],[-63.898,10.885],[-63.956,10.894],[-63.977,10.891],[-64.043,10.868],[-64.06,10.858],[-64.057,10.887],[-64.074,10.891],[-64.096,10.891],[-64.116,10.929],[-64.138,10.944],[-64.161,10.956],[-64.176,10.967],[-64.203,10.944],[-64.224,10.939],[-64.298,10.947],[-64.303,10.95],[-64.307,10.952],[-64.312,10.954],[-64.338,10.953],[-64.347,10.954],[-64.389,10.966],[-64.409,10.967],[-64.384,11.02],[-64.381,11.032],[-64.378,11.054],[-64.371,11.062],[-64.356,11.064],[-64.333,11.064],[-64.323,11.066],[-64.315,11.07],[-64.302,11.08],[-64.292,11.084],[-64.271,11.077],[-64.244,11.088],[-64.22,11.092],[-64.198,11.088],[-64.189,11.074],[-64.189,11.061],[-64.188,11.046],[-64.182,11.034],[-64.148,11.024],[-64.111,11],[-64.09,10.995],[-64.049,10.991],[-64.032,10.996],[-64.018,11.015],[-64.016,11.026],[-64.018,11.056],[-64.011,11.065],[-63.997,11.077],[-63.991,11.084],[-63.987,11.095],[-63.987,11.102],[-63.986,11.109],[-63.977,11.118],[-63.968,11.121],[-63.945,11.122],[-63.936,11.125],[-63.921,11.138],[-63.896,11.168],[-63.881,11.179],[-63.877,11.161],[-63.865,11.152],[-63.853,11.145],[-63.847,11.135]]],[[[-66.608,11.783],[-66.593,11.783],[-66.588,11.783],[-66.607,11.767],[-66.642,11.761],[-66.679,11.767],[-66.704,11.783],[-66.674,11.776],[-66.651,11.78],[-66.632,11.796],[-66.615,11.824],[-66.606,11.817],[-66.601,11.807],[-66.602,11.795],[-66.608,11.783]]],[[[-66.132,11.824],[-66.109,11.826],[-66.103,11.819],[-66.101,11.8],[-66.114,11.78],[-66.143,11.782],[-66.175,11.797],[-66.194,11.818],[-66.18,11.823],[-66.162,11.825],[-66.132,11.824]]],[[[-64.607,11.899],[-64.595,11.892],[-64.563,11.868],[-64.557,11.857],[-64.552,11.84],[-64.553,11.824],[-64.563,11.817],[-64.606,11.818],[-64.629,11.822],[-64.649,11.83],[-64.646,11.838],[-64.644,11.841],[-64.645,11.843],[-64.649,11.851],[-64.636,11.861],[-64.619,11.889],[-64.607,11.899]]],[[[-66.75,11.778],[-66.736,11.783],[-66.729,11.784],[-66.728,11.782],[-66.775,11.763],[-66.78,11.759],[-66.808,11.751],[-66.817,11.749],[-66.828,11.746],[-66.851,11.747],[-66.855,11.751],[-66.833,11.749],[-66.818,11.751],[-66.813,11.752],[-66.81,11.753],[-66.75,11.778]]],[[[-66.733,11.87],[-66.716,11.871],[-66.712,11.868],[-66.737,11.865],[-66.741,11.866],[-66.754,11.862],[-66.771,11.866],[-66.78,11.866],[-66.787,11.868],[-66.818,11.871],[-66.815,11.873],[-66.733,11.87]]],[[[-67.658,11.985],[-67.649,11.984],[-67.638,11.98],[-67.646,11.979],[-67.666,11.982],[-67.674,11.985],[-67.675,11.99],[-67.672,11.993],[-67.667,11.992],[-67.663,11.988],[-67.658,11.985]]],[[[-67.68,12.025],[-67.682,12.026],[-67.679,12.028],[-67.68,12.025]]],[[[-67.678,12.028],[-67.677,12.03],[-67.676,12.028],[-67.677,12.027],[-67.678,12.028]]],[[[-67.677,12.05],[-67.675,12.048],[-67.676,12.044],[-67.677,12.046],[-67.677,12.05]]],[[[-67.681,12.064],[-67.681,12.062],[-67.684,12.063],[-67.681,12.064]]],[[[-67.687,12.066],[-67.689,12.069],[-67.687,12.068],[-67.687,12.066]]],[[[-63.64,15.696],[-63.644,15.701],[-63.64,15.703],[-63.635,15.701],[-63.634,15.696],[-63.635,15.694],[-63.64,15.696]]],[[[-61.39,8.581],[-61.37,8.571],[-61.344,8.573],[-61.315,8.571],[-61.305,8.553],[-61.304,8.536],[-61.303,8.515],[-61.291,8.502],[-61.276,8.496],[-61.26,8.486],[-61.259,8.472],[-61.264,8.456],[-61.276,8.45],[-61.293,8.457],[-61.317,8.475],[-61.326,8.495],[-61.338,8.51],[-61.366,8.51],[-61.401,8.508],[-61.434,8.514],[-61.454,8.531],[-61.469,8.541],[-61.49,8.551],[-61.509,8.553],[-61.54,8.565],[-61.536,8.576],[-61.515,8.573],[-61.476,8.567],[-61.439,8.569],[-61.416,8.582],[-61.39,8.581]]],[[[-60.745,8.719],[-60.727,8.722],[-60.714,8.734],[-60.697,8.744],[-60.684,8.758],[-60.676,8.763],[-60.672,8.76],[-60.677,8.749],[-60.687,8.73],[-60.687,8.71],[-60.679,8.693],[-60.666,8.686],[-60.635,8.687],[-60.612,8.684],[-60.605,8.671],[-60.608,8.654],[-60.618,8.637],[-60.632,8.633],[-60.651,8.634],[-60.674,8.642],[-60.694,8.643],[-60.714,8.638],[-60.736,8.637],[-60.757,8.638],[-60.772,8.631],[-60.79,8.631],[-60.808,8.633],[-60.81,8.642],[-60.798,8.656],[-60.787,8.675],[-60.773,8.697],[-60.76,8.718],[-60.745,8.719]]],[[[-60.951,8.828],[-60.905,8.834],[-60.883,8.84],[-60.872,8.857],[-60.862,8.87],[-60.832,8.87],[-60.778,8.87],[-60.757,8.883],[-60.732,8.892],[-60.728,8.879],[-60.738,8.867],[-60.732,8.858],[-60.718,8.853],[-60.714,8.835],[-60.711,8.824],[-60.698,8.811],[-60.686,8.789],[-60.699,8.778],[-60.724,8.763],[-60.748,8.76],[-60.77,8.742],[-60.784,8.715],[-60.799,8.694],[-60.807,8.673],[-60.828,8.651],[-60.847,8.638],[-60.884,8.635],[-60.921,8.64],[-60.947,8.634],[-60.969,8.629],[-61.003,8.64],[-61.054,8.639],[-61.094,8.634],[-61.112,8.624],[-61.13,8.61],[-61.142,8.602],[-61.153,8.596],[-61.17,8.595],[-61.177,8.604],[-61.174,8.624],[-61.172,8.638],[-61.17,8.664],[-61.167,8.699],[-61.155,8.722],[-61.126,8.756],[-61.095,8.779],[-61.06,8.798],[-61.032,8.808],[-60.997,8.821],[-60.974,8.824],[-60.951,8.828]]],[[[-62.331,9.921],[-62.323,9.91],[-62.316,9.886],[-62.32,9.862],[-62.326,9.844],[-62.339,9.846],[-62.349,9.872],[-62.351,9.897],[-62.349,9.914],[-62.343,9.924],[-62.335,9.924],[-62.331,9.921]]],[[[-62.403,10.006],[-62.398,10.004],[-62.391,9.993],[-62.396,9.978],[-62.409,9.973],[-62.421,9.983],[-62.428,10],[-62.436,10.033],[-62.436,10.047],[-62.427,10.049],[-62.416,10.035],[-62.403,10.006]]],[[[-62.241,10.052],[-62.236,10.044],[-62.231,10.028],[-62.235,10.014],[-62.245,10.004],[-62.258,9.994],[-62.274,9.99],[-62.288,9.988],[-62.298,9.984],[-62.299,9.997],[-62.286,10.024],[-62.268,10.045],[-62.249,10.052],[-62.241,10.052]]],[[[-62.665,10.366],[-62.658,10.36],[-62.649,10.345],[-62.651,10.326],[-62.66,10.31],[-62.666,10.31],[-62.666,10.322],[-62.67,10.331],[-62.686,10.346],[-62.693,10.355],[-62.71,10.372],[-62.741,10.395],[-62.77,10.412],[-62.788,10.43],[-62.793,10.448],[-62.792,10.466],[-62.79,10.473],[-62.786,10.485],[-62.781,10.493],[-62.777,10.493],[-62.747,10.46],[-62.723,10.428],[-62.665,10.366]]],[[[-64.169,10.828],[-64.16,10.825],[-64.156,10.812],[-64.175,10.799],[-64.202,10.797],[-64.221,10.806],[-64.218,10.821],[-64.203,10.827],[-64.19,10.828],[-64.172,10.827],[-64.169,10.828]]]]}},{"type":"Feature","properties":{"iso":"SPI","nombre":""},"geometry":{"type":"Polygon","coordinates":[[[-73.465,-49.76],[-73.493,-49.728],[-73.496,-49.725],[-73.525,-49.706],[-73.54,-49.693],[-73.546,-49.677],[-73.541,-49.659],[-73.528,-49.644],[-73.518,-49.628],[-73.521,-49.609],[-73.533,-49.594],[-73.562,-49.572],[-73.576,-49.559],[-73.588,-49.541],[-73.587,-49.53],[-73.556,-49.508],[-73.543,-49.491],[-73.544,-49.478],[-73.551,-49.463],[-73.551,-49.444],[-73.54,-49.428],[-73.522,-49.417],[-73.484,-49.401],[-73.467,-49.388],[-73.462,-49.375],[-73.47,-49.342],[-73.471,-49.317],[-73.458,-49.308],[-73.145,-49.304],[-73.141,-49.286],[-73.131,-49.279],[-73.098,-49.273],[-73.109,-49.311],[-73.119,-49.392],[-73.084,-49.423],[-73.057,-49.476],[-73.06,-49.555],[-73.134,-49.621],[-73.197,-49.682],[-73.465,-49.76]]]}}]}