{"type":"FeatureCollection","features":[{"type":"Feature","id":"vial_nacional.2651","geometry":{"type":"MultiLineString","coordinates":[[[-59.06282843,-34.56806048],[-59.06301856,-34.56815268]]]},"geometry_name":"geom","properties":{"gid":2651,"rtn":"5","typ":41,"rst":1,"hct":1,"fdc":"Dirección Nacional de Vialidad","sag":"IGN"},"bbox":[-59.06301856,-34.56815268,-59.06282843,-34.56806048]},{"type":"Feature","id":"vial_nacional.538","geometry":{"type":"MultiLineString","coordinates":[[[-67.2651989,-39.0754117],[-67.2636926,-39.0756026],[-67.2485777,-39.0774815],[-67.2446673,-39.077948],[-67.2441536,-39.0780083],[-67.2391565,-39.0786338],[-67.2361116,-39.0790143],[-67.2321314,-39.0794945],[-67.2218843,-39.0807896],[-67.2211706,-39.0808798],[-67.2205495,-39.0809564],[-67.2127421,-39.0819195],[-67.1993973,-39.0835335],[-67.1987214,-39.0836476],[-67.1983041,-39.0837434],[-67.1978698,-39.0838562],[-67.1974271,-39.0839781],[-67.1969473,-39.0841486],[-67.1963069,-39.0843952],[-67.1946214,-39.0850953],[-67.1944056,-39.0851851],[-67.1939873,-39.0853354],[-67.1936368,-39.0854445],[-67.1932722,-39.0855481],[-67.1927992,-39.0856561],[-67.192441,-39.0857045],[-67.192111,-39.0857309],[-67.1917952,-39.08574],[-67.1914404,-39.0857355],[-67.191113,-39.0857166],[-67.1907821,-39.0856868],[-67.1904318,-39.0856254],[-67.1899739,-39.0855258],[-67.189663,-39.0854418],[-67.1894214,-39.0853658],[-67.1889904,-39.0851932],[-67.1887251,-39.0850731],[-67.188168,-39.0847969],[-67.1877063,-39.08454],[-67.18718,-39.0842332],[-67.1868477,-39.0840215],[-67.1865804,-39.0838414],[-67.1863308,-39.0836614],[-67.1860892,-39.0834718],[-67.1858216,-39.0832449],[-67.1855934,-39.0830279],[-67.185366,-39.082803],[-67.1837356,-39.081034],[-67.1829116,-39.0801218],[-67.1825841,-39.079832],[-67.1822565,-39.0795793],[-67.1819619,-39.0793854],[-67.1816514,-39.0792162],[-67.1813323,-39.0790683],[-67.1810212,-39.0789452],[-67.1806741,-39.078837],[-67.180405,-39.0787643],[-67.180112,-39.0786978],[-67.1797884,-39.0786488],[-67.179421,-39.078609],[-67.1787665,-39.0785796],[-67.1784505,-39.078581],[-67.1780926,-39.0785907],[-67.1777433,-39.078627],[-67.1762913,-39.078865],[-67.171593,-39.0796868],[-67.1681732,-39.0803114],[-67.1672362,-39.0804607],[-67.1659155,-39.080762],[-67.165433,-39.0808668],[-67.1638718,-39.0811924],[-67.1634992,-39.081275],[-67.1628031,-39.0814403],[-67.1622049,-39.0816055],[-67.1613492,-39.0818748],[-67.1606614,-39.0820567],[-67.160403,-39.082112],[-67.1555212,-39.0829321],[-67.1516073,-39.0835985],[-67.1508239,-39.0837003],[-67.1504556,-39.0837481],[-67.149961,-39.0838003],[-67.1492981,-39.0838568],[-67.1486108,-39.0839262],[-67.147786,-39.084043],[-67.1432787,-39.0848411],[-67.1429093,-39.0849058],[-67.1380274,-39.0857917],[-67.1374088,-39.085904],[-67.1358096,-39.086235],[-67.1349879,-39.0863779],[-67.134043,-39.0865395],[-67.1337873,-39.0865867],[-67.1333226,-39.0866587],[-67.1309854,-39.0870211],[-67.1231968,-39.0884629],[-67.1207872,-39.0889089],[-67.1201846,-39.0890157],[-67.1177821,-39.0894416],[-67.1166721,-39.089557],[-67.1158866,-39.089591],[-67.1146934,-39.0895653],[-67.1137778,-39.0894711],[-67.1129803,-39.0893365],[-67.106278,-39.0880374],[-67.1020151,-39.0871812],[-67.1010161,-39.0870311],[-67.1002198,-39.0869612],[-67.0996581,-39.0869421],[-67.0991259,-39.0869516],[-67.0987082,-39.0869634],[-67.0981445,-39.0870145],[-67.0976784,-39.0871026],[-67.0971933,-39.0871974],[-67.0961487,-39.0874408],[-67.0936462,-39.0881399],[-67.0916356,-39.0886862],[-67.0909465,-39.0889028],[-67.0904961,-39.0890804],[-67.0901036,-39.089272],[-67.0896851,-39.0895314],[-67.0892876,-39.0898156],[-67.0888952,-39.0901972],[-67.0885645,-39.0906215],[-67.0883321,-39.0909636],[-67.0882504,-39.0910838],[-67.0881229,-39.0913761],[-67.0879609,-39.0919059],[-67.0879392,-39.0920195],[-67.0878437,-39.0925652],[-67.0877328,-39.0934979],[-67.0876341,-39.0939867],[-67.0872737,-39.0951343],[-67.0871655,-39.0955383],[-67.0871387,-39.0956198],[-67.0869607,-39.0959306],[-67.0865362,-39.0964607],[-67.0854814,-39.0976328],[-67.0852495,-39.0978499],[-67.0850579,-39.0979998],[-67.0850149,-39.098023],[-67.084856,-39.0980951],[-67.0847422,-39.0981423],[-67.0841704,-39.0983449],[-67.0835135,-39.0985285],[-67.0832067,-39.0985872],[-67.0828901,-39.0986307],[-67.0825345,-39.098659],[-67.0822613,-39.098673],[-67.0818804,-39.0986618],[-67.081555,-39.0986355],[-67.0811886,-39.0986052],[-67.0781513,-39.0982694],[-67.075861,-39.0980082],[-67.0755687,-39.0979749],[-67.0748715,-39.0978954],[-67.0739452,-39.0977891],[-67.0734695,-39.0977501],[-67.0729573,-39.097715],[-67.0725408,-39.0977218],[-67.0721243,-39.0977474],[-67.0716309,-39.0978328],[-67.07114,-39.0979369],[-67.0704818,-39.0981097],[-67.0677169,-39.0988272],[-67.0663791,-39.0991749],[-67.0650383,-39.099484],[-67.0635793,-39.0997529],[-67.0629202,-39.0998394],[-67.0622068,-39.0999122],[-67.0618901,-39.0999473],[-67.0588891,-39.1001408],[-67.053074,-39.1005096],[-67.0383125,-39.1014093],[-67.0362031,-39.1015543],[-67.0273776,-39.1020871],[-67.0263853,-39.1021705],[-67.0256018,-39.10226],[-67.0247637,-39.1023731],[-67.0240575,-39.1024882],[-67.0232905,-39.1026174],[-67.0221697,-39.1028766],[-67.0211035,-39.10315],[-67.0206863,-39.1032623],[-67.0202023,-39.1034169],[-67.0191979,-39.103764],[-67.0183996,-39.1040496],[-67.0180701,-39.1041856],[-67.0171427,-39.1045266],[-67.0166644,-39.1046773],[-67.0157672,-39.1049351],[-67.0145862,-39.1053009],[-67.0128866,-39.1058604],[-67.0100165,-39.1068377],[-67.0072963,-39.1076842],[-67.006395,-39.1079138],[-67.0054703,-39.1081201],[-67.0006947,-39.1088649],[-67.0002271,-39.1089366],[-66.9997838,-39.1090178],[-66.9989271,-39.1091909],[-66.998046,-39.1094158],[-66.9972336,-39.1096392],[-66.9964143,-39.109857],[-66.9957807,-39.1100211],[-66.9951465,-39.1101368],[-66.994767,-39.1101909],[-66.9943772,-39.1102486],[-66.9930532,-39.1104485],[-66.9905047,-39.110835],[-66.985872,-39.1115102],[-66.9850133,-39.1116075],[-66.9841538,-39.1116725],[-66.9833272,-39.1116981],[-66.9824916,-39.1117217],[-66.9817911,-39.1117495],[-66.9803277,-39.1118728],[-66.9769442,-39.1123712],[-66.9732085,-39.1129403],[-66.9716156,-39.1132049],[-66.9708034,-39.1133213],[-66.9687297,-39.1135927],[-66.967215,-39.1138131],[-66.9621283,-39.1145534],[-66.9554243,-39.1155422],[-66.9548515,-39.1156477],[-66.954282,-39.1157709],[-66.953488,-39.115979],[-66.9527922,-39.1161922],[-66.9514136,-39.1166944],[-66.9509764,-39.1168849],[-66.9501843,-39.1172217],[-66.9467629,-39.1184458],[-66.9458822,-39.1187531],[-66.9456106,-39.1188594],[-66.9454592,-39.1189187],[-66.944195,-39.1194056],[-66.9424379,-39.1200447],[-66.9390365,-39.1212893],[-66.9379833,-39.1216291],[-66.9374652,-39.1217308],[-66.9369144,-39.1218071],[-66.9364549,-39.1218378],[-66.9360019,-39.1218381],[-66.9356532,-39.1218189],[-66.9353241,-39.1217896],[-66.9347036,-39.1216763],[-66.9340998,-39.1215139],[-66.9338416,-39.1214444],[-66.9333798,-39.1212726],[-66.9330038,-39.1210925],[-66.9326604,-39.120898],[-66.9323277,-39.1206785],[-66.9321389,-39.1205423],[-66.9318658,-39.1203455],[-66.9317247,-39.1201942],[-66.931499,-39.119952],[-66.931361,-39.119788],[-66.931148,-39.1195347],[-66.9310123,-39.119338],[-66.9308828,-39.1191088],[-66.9306827,-39.1186901],[-66.9305702,-39.1184548],[-66.9304519,-39.1181903],[-66.930272,-39.1178147],[-66.9292011,-39.1153086],[-66.9280343,-39.1124842],[-66.9270024,-39.110123],[-66.9268112,-39.1097076],[-66.9264671,-39.1091493],[-66.9261125,-39.1086719],[-66.9258732,-39.1084038],[-66.9256244,-39.1082092],[-66.9250873,-39.1077844],[-66.9244008,-39.1073636],[-66.9237108,-39.1070278],[-66.9229791,-39.1067621],[-66.9225967,-39.1066596],[-66.9215053,-39.1064424],[-66.9197568,-39.1061444],[-66.9190307,-39.1060411],[-66.9184421,-39.1059803],[-66.9172824,-39.1059363],[-66.9164024,-39.1059461],[-66.9114541,-39.1060627],[-66.9104537,-39.1060818],[-66.9087479,-39.1061046],[-66.9075398,-39.1060465],[-66.9064214,-39.105892],[-66.9053657,-39.1056793],[-66.8986223,-39.103969],[-66.8970861,-39.1035705],[-66.8959554,-39.1032186],[-66.8944917,-39.1026884],[-66.8936271,-39.1023153],[-66.8927732,-39.1019222],[-66.8907238,-39.1008248],[-66.8879488,-39.0992676],[-66.8872106,-39.0988185],[-66.8866438,-39.0984902],[-66.8879642,-39.0991605],[-66.8885286,-39.0994749],[-66.8913242,-39.1010689],[-66.8929009,-39.1018831],[-66.8936922,-39.1022546],[-66.8945354,-39.1026041],[-66.8960041,-39.1031467],[-66.8971212,-39.1034854],[-66.8983403,-39.1038115],[-66.9006754,-39.1044066],[-66.9055318,-39.1056318],[-66.906454,-39.1058257],[-66.9075454,-39.1059707],[-66.9087104,-39.106025],[-66.9114641,-39.1059781],[-66.916078,-39.1058746],[-66.9172787,-39.1058623],[-66.9178924,-39.1058778],[-66.9184675,-39.1059083],[-66.9190472,-39.105963],[-66.9196146,-39.1060339],[-66.9207417,-39.1062227],[-66.9219188,-39.1064278],[-66.9229002,-39.1066548],[-66.9237799,-39.1069691],[-66.9244948,-39.1073125],[-66.9251676,-39.1077451],[-66.9257238,-39.1081822],[-66.9259751,-39.1083955],[-66.9262174,-39.1086877],[-66.9265191,-39.1090938],[-66.9266013,-39.1092045],[-66.9269305,-39.1097463],[-66.929505,-39.115577],[-66.9297375,-39.1161455],[-66.9301084,-39.117027],[-66.9303292,-39.1175686],[-66.9305885,-39.1181976],[-66.9306858,-39.1184392],[-66.9309345,-39.1189729],[-66.9310076,-39.1191108],[-66.9311226,-39.1192921],[-66.9312128,-39.1194306],[-66.9314391,-39.1197157],[-66.9318254,-39.12012],[-66.9319989,-39.1202923],[-66.9325879,-39.120739],[-66.9329178,-39.1209412],[-66.9333336,-39.12116],[-66.9337115,-39.1213043],[-66.9341324,-39.1214403],[-66.9345278,-39.1215345],[-66.9351503,-39.1216828],[-66.9355868,-39.1217308],[-66.9360363,-39.1217585],[-66.9364851,-39.1217527],[-66.9369405,-39.1217165],[-66.9373822,-39.1216607],[-66.9378239,-39.1215796],[-66.9382427,-39.1214682],[-66.9386745,-39.1213263],[-66.9426613,-39.1198807],[-66.9438362,-39.1194492],[-66.9450252,-39.11899],[-66.9452366,-39.1189023],[-66.9459378,-39.1186116],[-66.9469314,-39.118244],[-66.9475122,-39.1179942],[-66.9482175,-39.1177327],[-66.9489224,-39.117482],[-66.949616,-39.1172352],[-66.9500776,-39.1170706],[-66.950908,-39.1167746],[-66.951808,-39.1164432],[-66.9526804,-39.1161337],[-66.9534766,-39.1158852],[-66.9542009,-39.1156773],[-66.9547985,-39.1155491],[-66.9553798,-39.1154411],[-66.9620846,-39.1144542],[-66.9627022,-39.1143777],[-66.9694498,-39.1133953],[-66.9699543,-39.1133192],[-66.9703462,-39.1132266],[-66.9705014,-39.1131935],[-66.9715711,-39.1130423],[-66.9724295,-39.112921],[-66.9731676,-39.1128301],[-66.9750397,-39.1125731],[-66.9769285,-39.1122916],[-66.9803138,-39.1118044],[-66.9810375,-39.1117162],[-66.9819863,-39.1116472],[-66.9833999,-39.1116107],[-66.9845683,-39.1115537],[-66.9851341,-39.1115047],[-66.9862468,-39.1113584],[-66.990344,-39.1107463],[-66.9919063,-39.1105047],[-66.9926841,-39.110389],[-66.9935985,-39.1102347],[-66.9943548,-39.1101233],[-66.9947547,-39.1100733],[-66.9951813,-39.1100025],[-66.9959533,-39.1098609],[-66.9964536,-39.1097432],[-66.9971962,-39.1095675],[-66.9988412,-39.1091206],[-66.999309,-39.1090154],[-66.9998133,-39.1089103],[-67.0002202,-39.1088365],[-67.0006636,-39.1087628],[-67.0015581,-39.1086448],[-67.0054347,-39.108037],[-67.0063597,-39.1078149],[-67.0072308,-39.1075884],[-67.0080954,-39.1073382],[-67.0099759,-39.106732],[-67.012776,-39.1058073],[-67.0138168,-39.105469],[-67.0142581,-39.1053018],[-67.0151244,-39.1049254],[-67.0157012,-39.1047036],[-67.0161804,-39.1045192],[-67.0169904,-39.1042507],[-67.0173468,-39.104122],[-67.0177738,-39.1040101],[-67.0182656,-39.1039112],[-67.0186633,-39.1038312],[-67.0189367,-39.1037607],[-67.0192405,-39.1036573],[-67.0203209,-39.1032915],[-67.0210489,-39.1030719],[-67.0222265,-39.102752],[-67.0232887,-39.1025076],[-67.0240727,-39.1023603],[-67.0248203,-39.1022413],[-67.0255803,-39.1021513],[-67.0263706,-39.1020707],[-67.0364946,-39.1014524],[-67.0368196,-39.1014224],[-67.0371082,-39.1013829],[-67.0382441,-39.1011432],[-67.0385037,-39.1010917],[-67.0387998,-39.1010449],[-67.0391008,-39.1010186],[-67.0400828,-39.100953],[-67.0408949,-39.1009026],[-67.0419186,-39.1008608],[-67.0438144,-39.10077],[-67.0447303,-39.1006911],[-67.046165,-39.1005954],[-67.0481165,-39.1004946],[-67.0505342,-39.1003497],[-67.0516838,-39.1002835],[-67.0523674,-39.1002436],[-67.0530011,-39.1002067],[-67.0588329,-39.0998437],[-67.0620693,-39.0996341],[-67.0630211,-39.099587],[-67.0635308,-39.099565],[-67.0639406,-39.0995409],[-67.0647465,-39.0994423],[-67.0662345,-39.0991277],[-67.0676554,-39.0987545],[-67.0710457,-39.0978591],[-67.0717793,-39.09773],[-67.072167,-39.0976679],[-67.0725423,-39.0976418],[-67.0728994,-39.0976346],[-67.0735221,-39.0976607],[-67.073992,-39.0977029],[-67.0756197,-39.0978787],[-67.0777637,-39.0981205],[-67.0811171,-39.0984852],[-67.081879,-39.0985511],[-67.0821266,-39.0985682],[-67.082402,-39.0985688],[-67.0827534,-39.0985478],[-67.0831148,-39.0985052],[-67.0834957,-39.0984448],[-67.0840861,-39.0982827],[-67.0846749,-39.0980528],[-67.0847825,-39.0980007],[-67.0849169,-39.0979286],[-67.0851112,-39.0978069],[-67.0853335,-39.097615],[-67.0855537,-39.0974006],[-67.0859666,-39.0969908],[-67.0862475,-39.0966278],[-67.086299,-39.0965497],[-67.0863218,-39.096515],[-67.0863361,-39.0964859],[-67.0864588,-39.0962356],[-67.0864779,-39.0961571],[-67.0865283,-39.0959492],[-67.0865426,-39.0958109],[-67.0865617,-39.0957545],[-67.0866176,-39.0956299],[-67.0866771,-39.0955211],[-67.0867007,-39.095466],[-67.08692785,-39.09524755],[-67.0870989,-39.09504465],[-67.0871763,-39.0949318],[-67.0872233,-39.0948331],[-67.0873877,-39.0944195],[-67.0875277,-39.0940112],[-67.0876223,-39.0935345],[-67.0876289,-39.0934883],[-67.087747,-39.0925198],[-67.0878263,-39.0920582],[-67.087844,-39.0919547],[-67.0879492,-39.0915691],[-67.0880448,-39.0912973],[-67.0881483,-39.0910377],[-67.088434,-39.0906195],[-67.0888032,-39.0901451],[-67.0890343,-39.089904],[-67.0892449,-39.089723],[-67.0894843,-39.0895449],[-67.0897803,-39.0893601],[-67.0902243,-39.089113],[-67.0908635,-39.088851],[-67.0912845,-39.0887096],[-67.0925185,-39.0883595],[-67.09397,-39.0879601],[-67.094812,-39.0877229],[-67.0961257,-39.087373],[-67.096695,-39.0872213],[-67.0975857,-39.0870268],[-67.0981082,-39.086931],[-67.0986868,-39.0868773],[-67.0991237,-39.0868619],[-67.0996558,-39.0868496],[-67.100252,-39.0868631],[-67.1010388,-39.0869437],[-67.101521,-39.0870155],[-67.1026936,-39.0872338],[-67.1062765,-39.0879481],[-67.1086885,-39.0884431],[-67.1130743,-39.0892741],[-67.1133177,-39.0893148],[-67.1138742,-39.0893991],[-67.1146969,-39.0894714],[-67.1154379,-39.089498],[-67.1162974,-39.0894822],[-67.1166742,-39.0894577],[-67.1170107,-39.0894359],[-67.1180182,-39.0893075],[-67.1182898,-39.0892555],[-67.120147,-39.0888875],[-67.120851,-39.088762],[-67.1209242,-39.0887488],[-67.1215859,-39.0886292],[-67.1309352,-39.0869402],[-67.1326504,-39.0864935],[-67.1339544,-39.0862443],[-67.1344521,-39.0861623],[-67.1346169,-39.0861418],[-67.1349681,-39.0860945],[-67.1362031,-39.0859634],[-67.1367945,-39.0858911],[-67.137325,-39.0858053],[-67.1428733,-39.0848289],[-67.1461139,-39.084239],[-67.1474857,-39.083996],[-67.14813,-39.083897],[-67.1487568,-39.0838216],[-67.1494676,-39.0837579],[-67.1504301,-39.0836447],[-67.1506433,-39.0836157],[-67.1515625,-39.0834799],[-67.1554993,-39.0828026],[-67.156369,-39.0825554],[-67.1594675,-39.0819988],[-67.1603303,-39.0818195],[-67.1605443,-39.0817741],[-67.1612316,-39.0815842],[-67.1620643,-39.0813491],[-67.162538,-39.0812085],[-67.1628943,-39.0811118],[-67.1633417,-39.0810073],[-67.1637121,-39.080928],[-67.1642046,-39.0808549],[-67.1649086,-39.0807372],[-67.1663156,-39.0805224],[-67.1681491,-39.0802108],[-67.1715804,-39.0795927],[-67.1755698,-39.0788938],[-67.1773135,-39.0785928],[-67.1777073,-39.0785317],[-67.1781033,-39.0784928],[-67.1785035,-39.0784805],[-67.179421,-39.0785103],[-67.1798436,-39.0785546],[-67.1801628,-39.0785989],[-67.1804375,-39.0786646],[-67.1807003,-39.0787395],[-67.1810587,-39.0788523],[-67.1813701,-39.0789794],[-67.1817053,-39.0791282],[-67.1819675,-39.0792751],[-67.1822376,-39.0794437],[-67.1824339,-39.0795831],[-67.1826223,-39.0797225],[-67.1828164,-39.0798849],[-67.1830105,-39.080072],[-67.1838534,-39.0809798],[-67.1854633,-39.0827656],[-67.1857364,-39.0830287],[-67.1860015,-39.0832667],[-67.186302,-39.0835219],[-67.1866211,-39.083749],[-67.1869304,-39.0839679],[-67.18726,-39.0841836],[-67.1877729,-39.0844849],[-67.188225,-39.0847355],[-67.1887798,-39.0850037],[-67.1890194,-39.0851035],[-67.1894185,-39.0852478],[-67.189729,-39.085355],[-67.1900773,-39.0854519],[-67.1905145,-39.0855412],[-67.1909212,-39.085599],[-67.1912802,-39.0856315],[-67.1916427,-39.0856502],[-67.1920319,-39.0856425],[-67.1924287,-39.085609],[-67.1927746,-39.0855638],[-67.1931772,-39.0854802],[-67.193532,-39.0853874],[-67.1938763,-39.0852754],[-67.1945594,-39.0850133],[-67.1962668,-39.0843057],[-67.1969012,-39.0840562],[-67.1973887,-39.0838926],[-67.1978209,-39.0837786],[-67.1982786,-39.0836596],[-67.1988113,-39.0835474],[-67.1993922,-39.0834459],[-67.2127166,-39.0818121],[-67.2211692,-39.0807895],[-67.2243946,-39.0803804],[-67.2321009,-39.079406],[-67.2360377,-39.078929],[-67.2391407,-39.0785498],[-67.24414,-39.0779336],[-67.2446453,-39.0778719],[-67.2485681,-39.0773957],[-67.2651805,-39.0753214],[-67.2708664,-39.0746282],[-67.2714704,-39.0745518],[-67.2725234,-39.0744089],[-67.2767977,-39.0738754],[-67.2828716,-39.0730974],[-67.2945995,-39.0716723],[-67.2977598,-39.0712833],[-67.3008572,-39.0708859],[-67.302154,-39.0706514],[-67.3062574,-39.0701467],[-67.3103614,-39.0696249],[-67.3117767,-39.0695396],[-67.3480574,-39.0650291],[-67.3489048,-39.0648189],[-67.3529937,-39.0643114],[-67.3608623,-39.0633612],[-67.3616154,-39.0633585],[-67.3627384,-39.0632207],[-67.362018,-39.0634163],[-67.3612836,-39.0635891],[-67.3530526,-39.0646052],[-67.3489986,-39.0651103],[-67.348065,-39.0651141],[-67.3467481,-39.0652786],[-67.3173712,-39.0689474],[-67.311784,-39.0696452],[-67.3105182,-39.0698871],[-67.3063181,-39.0704171],[-67.3022295,-39.0709219],[-67.3008752,-39.0709859],[-67.2974858,-39.0714123],[-67.2946065,-39.0717623],[-67.2829389,-39.0732095],[-67.2768108,-39.0739682],[-67.2725439,-39.0744829],[-67.2714844,-39.0746248],[-67.2651989,-39.0754117]]]},"geometry_name":"geom","properties":{"gid":538,"rtn":"22","typ":47,"rst":1,"hct":1,"fdc":"Dirección Nacional de Vialidad","sag":"IGN"},"bbox":[-67.3627384,-39.1218381,-66.8866438,-39.0632207]},{"type":"Feature","id":"vial_nacional.786","geometry":{"type":"MultiLineString","coordinates":[[[-65.2622692,-43.2849664],[-65.2636655,-43.2865168],[-65.2637496,-43.286606],[-65.2640676,-43.2869537],[-65.2643643,-43.2872723],[-65.2648118,-43.2877527],[-65.2654615,-43.2884513],[-65.2661349,-43.2891741],[-65.2667548,-43.2898393],[-65.2672083,-43.290326],[-65.2673181,-43.2904439],[-65.2685086,-43.2917215],[-65.2691382,-43.2923974],[-65.272108,-43.2955855],[-65.2753595,-43.2990758],[-65.2772392,-43.3010959],[-65.280445,-43.3045411],[-65.2823939,-43.3066444],[-65.2859041,-43.3104052],[-65.298348,-43.3236709],[-65.298524,-43.3239237],[-65.2989456,-43.3245707],[-65.299237,-43.3252449],[-65.3006596,-43.3299904],[-65.3008598,-43.3304434],[-65.3011574,-43.3309906],[-65.3186765,-43.3562544],[-65.31904,-43.3567301],[-65.3194501,-43.3571394],[-65.3218116,-43.3591477],[-65.3267489,-43.3633464],[-65.3323676,-43.3681988],[-65.3330205,-43.3688637],[-65.3332651,-43.36916],[-65.3334834,-43.369483],[-65.3336554,-43.3698161],[-65.3338053,-43.3701646],[-65.3368741,-43.3823197],[-65.3429935,-43.4068079],[-65.3441105,-43.4112533],[-65.3445147,-43.4128931],[-65.3447097,-43.4136853],[-65.3448877,-43.4142986],[-65.3450224,-43.4147089],[-65.3452024,-43.4150703],[-65.3454661,-43.4155415],[-65.3458244,-43.4160558],[-65.3462308,-43.4165356],[-65.347489,-43.417813],[-65.355643,-43.4259406],[-65.3597333,-43.4299994],[-65.3638519,-43.4340417],[-65.3791988,-43.449118],[-65.3868864,-43.4566647],[-65.3946213,-43.4641466],[-65.4112832,-43.4803201],[-65.4182355,-43.4870673],[-65.4786031,-43.5448465],[-65.4828573,-43.5488968],[-65.5139269,-43.5779548],[-65.5498565,-43.6107627],[-65.5777742,-43.6358078],[-65.5939962,-43.6501323],[-65.6030989,-43.6581622],[-65.6153101,-43.6690006],[-65.6407225,-43.6915182],[-65.6417107,-43.6923993],[-65.6418837,-43.6925525],[-65.6421747,-43.6928065],[-65.6635176,-43.711457],[-65.6854865,-43.7306324],[-65.7103798,-43.7520811],[-65.7709057,-43.8044163],[-65.7796256,-43.8123574],[-65.7885006,-43.8209042],[-65.8011542,-43.8329222],[-65.8037805,-43.8356084],[-65.8063444,-43.8382855],[-65.82015,-43.8528645],[-65.8239019,-43.8570357],[-65.8296645,-43.8638676],[-65.8520762,-43.8894113],[-65.8728101,-43.9149109],[-65.8754204,-43.9182558],[-65.8831215,-43.9278227],[-65.9064774,-43.9569584],[-65.9083831,-43.9594736],[-65.9376192,-43.9976273],[-65.9512282,-44.0154953],[-65.9569901,-44.0229967],[-65.9994376,-44.0794533],[-66.0169471,-44.1030029],[-66.0413492,-44.1357747],[-66.0494308,-44.1466242],[-66.0540259,-44.1530299],[-66.0995162,-44.2137201],[-66.105547,-44.2218383],[-66.1095424,-44.2272056],[-66.1108303,-44.2289146],[-66.1114848,-44.2297218],[-66.1121339,-44.2305136],[-66.1149215,-44.2337572],[-66.115684,-44.2346562],[-66.1164232,-44.2354558],[-66.1172408,-44.2362214],[-66.1180073,-44.236881],[-66.1300081,-44.2470589],[-66.135968,-44.2521081],[-66.1389399,-44.2546363],[-66.1404634,-44.255935],[-66.1420401,-44.257266],[-66.1479521,-44.2622665],[-66.1509347,-44.2647982],[-66.1524904,-44.266112],[-66.1540645,-44.2674452],[-66.1668831,-44.2783074],[-66.173299,-44.2837264],[-66.1765015,-44.2864415],[-66.1781162,-44.2878085],[-66.1797117,-44.2891646],[-66.2000191,-44.3063493],[-66.2103617,-44.3150897],[-66.2156135,-44.3195305],[-66.220811,-44.3239494],[-66.2438732,-44.3434478],[-66.2554121,-44.3531992],[-66.261211,-44.3580897],[-66.2641239,-44.3605405],[-66.2669665,-44.3629433],[-66.28133558,-44.37505502],[-66.2850666,-44.3781995],[-66.3031253,-44.3934261],[-66.3079659,-44.3974994],[-66.3087847,-44.3981853],[-66.3102311,-44.3994368],[-66.311717,-44.4008051],[-66.3147318,-44.4035991],[-66.3207346,-44.4091598],[-66.3328153,-44.4203408],[-66.3447672,-44.4313972],[-66.3508022,-44.4369782],[-66.3538545,-44.4398088],[-66.3567759,-44.4425099],[-66.3846892,-44.4683094],[-66.3986582,-44.4812054],[-66.4056426,-44.4876542],[-66.4091939,-44.4909185],[-66.4125205,-44.4939949],[-66.4195794,-44.5004808],[-66.4231092,-44.5037406],[-66.4302565,-44.5103253],[-66.4304808,-44.5105319],[-66.432631,-44.5125128],[-66.442582,-44.5216853],[-66.4528194,-44.5310802],[-66.4530468,-44.5312889],[-66.4632366,-44.5406385],[-66.4798325,-44.5559106],[-66.4881313,-44.5635436],[-66.4922833,-44.5673655],[-66.4943755,-44.5692725],[-66.4963931,-44.5711313],[-66.4973471,-44.57195],[-66.4977443,-44.5722456],[-66.4981634,-44.5725251],[-66.5001576,-44.5736809],[-66.5007806,-44.5740684],[-66.5010381,-44.574271],[-66.5012677,-44.5744944],[-66.5015383,-44.5748248],[-66.501817,-44.5751964],[-66.5019876,-44.5755473],[-66.5020944,-44.5758848],[-66.5021727,-44.5763422],[-66.5021725,-44.5768307],[-66.5020337,-44.5776596],[-66.5012897,-44.5814698],[-66.5011722,-44.5821308],[-66.5011186,-44.5826996],[-66.5011561,-44.5830822],[-66.5012273,-44.5834296],[-66.5015193,-44.5841575],[-66.5017408,-44.5845188],[-66.5019691,-44.5848367],[-66.5088953,-44.5934735],[-66.5090905,-44.593735],[-66.5092684,-44.5939259],[-66.5093604,-44.5940217],[-66.509456,-44.5941137],[-66.5095409,-44.5941956],[-66.5096577,-44.5943052],[-66.5098453,-44.5944627],[-66.5100488,-44.5946114],[-66.5102647,-44.5947626],[-66.51044787,-44.59488804],[-66.5104938,-44.5949195],[-66.5106324,-44.5950072],[-66.5107159,-44.59506],[-66.5109513,-44.5951974],[-66.5111643,-44.5953149],[-66.5123295,-44.5959233],[-66.5138418,-44.5967237],[-66.5149474,-44.5972384],[-66.5158751,-44.5975478],[-66.517044,-44.5978645],[-66.5181899,-44.5980375],[-66.519299,-44.5981296],[-66.5236805,-44.5983153],[-66.5250662,-44.5985038],[-66.5257967,-44.5986289],[-66.5265333,-44.5988389],[-66.5271627,-44.5990457],[-66.5278651,-44.599338],[-66.5290805,-44.5999512],[-66.5299929,-44.6005915],[-66.5308435,-44.6013438],[-66.5321859,-44.6029216],[-66.5330788,-44.6039166],[-66.533769,-44.6045616],[-66.5364756,-44.6067894],[-66.5381326,-44.6081368],[-66.5387911,-44.6086941],[-66.5395408,-44.6093287],[-66.5409168,-44.6105897],[-66.5425832,-44.6120329],[-66.5486676,-44.6174429],[-66.5620333,-44.6292679],[-66.5751922,-44.6409076],[-66.5798721,-44.6451121],[-66.5817345,-44.646843],[-66.5834664,-44.6485946],[-66.6096423,-44.6751461],[-66.618183,-44.6838258],[-66.6206235,-44.6862678],[-66.6231131,-44.6887855],[-66.6232538,-44.6889279],[-66.6245335,-44.6902218],[-66.6288902,-44.6946552],[-66.6457831,-44.711806],[-66.6532003,-44.7192031],[-66.6592673,-44.7254291],[-66.6829014,-44.7494259],[-66.6841942,-44.7509639],[-66.6851759,-44.7522755],[-66.6860556,-44.7536774],[-66.6876181,-44.756508],[-66.6998972,-44.7806704],[-66.7048197,-44.7903539],[-66.7101735,-44.8008841],[-66.7112893,-44.8030308],[-66.711933,-44.8041727],[-66.7127484,-44.8053906],[-66.714508,-44.8076438],[-66.7259587,-44.8216782],[-66.7437854,-44.8444591],[-66.7451287,-44.8461019],[-66.7463365,-44.8473514],[-66.7475196,-44.8483824],[-66.7487027,-44.8492736],[-66.7504651,-44.850427],[-66.7522416,-44.8513056],[-66.7540884,-44.8521482],[-66.7560182,-44.8529435],[-66.7602628,-44.854743],[-66.7602723,-44.85474702],[-66.7981983,-44.8707885],[-66.801019,-44.871874],[-66.8038375,-44.8727834],[-66.8054462,-44.8732376],[-66.8070991,-44.8736349],[-66.8120773,-44.8744866],[-66.81299068,-44.87465963],[-66.8151971,-44.8750776],[-66.8171212,-44.875488],[-66.8191012,-44.8760042],[-66.8222053,-44.8769195],[-66.8253217,-44.8780427],[-66.8278995,-44.8790355],[-66.8303092,-44.8801209],[-66.8345649,-44.8820285],[-66.8526879,-44.8907487],[-66.8548734,-44.8917941],[-66.8569656,-44.8926676],[-66.8608697,-44.8943085],[-66.8629619,-44.8951289],[-66.8645683,-44.89587],[-66.8657265,-44.8966507],[-66.8669394,-44.8977831],[-66.8677439,-44.8986488],[-66.8684843,-44.8998503],[-66.8724139,-44.9075665],[-66.8731051,-44.9087307],[-66.8738336,-44.9098288],[-66.8751972,-44.9113899],[-66.8770808,-44.912892],[-66.8782794,-44.913652],[-66.8795123,-44.9143399],[-66.881544,-44.9152018],[-66.8885821,-44.9176331],[-66.9041139,-44.9225542],[-66.9060939,-44.9232552],[-66.9081487,-44.9241017],[-66.9153613,-44.9273571],[-66.9227378,-44.9306615],[-66.9239707,-44.9312302],[-66.925353,-44.9319708],[-66.9292062,-44.9341804],[-66.9304519,-44.9348947],[-66.9324327,-44.9360305],[-66.9397366,-44.9402486],[-66.9406519,-44.940685],[-66.941642,-44.9410552],[-66.94351,-44.941637],[-66.9470733,-44.9427909],[-66.9971341,-44.9585425],[-66.9977725,-44.9587513],[-66.9988774,-44.9591537],[-66.9996983,-44.9594801],[-67.000652,-44.9599732],[-67.0035952,-44.9615733],[-67.0110279,-44.9658075],[-67.0148838,-44.9680056],[-67.0176476,-44.9695573],[-67.0195359,-44.9706617],[-67.0214188,-44.9718648],[-67.0370912,-44.9818166],[-67.0479124,-44.9887812],[-67.0538153,-44.9927973],[-67.0613579,-44.9983819],[-67.0656667,-45.0015719],[-67.0664243,-45.0020967],[-67.0673209,-45.0025986],[-67.068778,-45.0031929],[-67.0707394,-45.0038137],[-67.0943016,-45.0096452],[-67.0951815,-45.0099018],[-67.0963393,-45.0103014],[-67.0977428,-45.0109766],[-67.0987902,-45.0116159],[-67.0997129,-45.0123008],[-67.1004655,-45.0129725],[-67.1012304,-45.0138264],[-67.1016676,-45.0144991],[-67.1020605,-45.0152031],[-67.1023554,-45.0159554],[-67.1025426,-45.0166495],[-67.1026799,-45.0175738],[-67.1026957,-45.0182366],[-67.1026428,-45.0189223],[-67.1014128,-45.025697],[-67.1008743,-45.0284185],[-67.1005713,-45.0294048],[-67.1001307,-45.0303422],[-67.0866693,-45.0535521],[-67.0860872,-45.0547872],[-67.085686,-45.0561097],[-67.0854918,-45.0574811],[-67.0854779,-45.0584682],[-67.0855152,-45.0627829],[-67.0856002,-45.0636612],[-67.0856265,-45.063933],[-67.0857394,-45.0648016],[-67.0859665,-45.0656221],[-67.0893073,-45.0749071],[-67.0898677,-45.0759888],[-67.0903347,-45.0768726],[-67.0913066,-45.0781115],[-67.0929408,-45.0797241],[-67.1147048,-45.0991551],[-67.1285037,-45.111371],[-67.1286651,-45.1115139],[-67.1384847,-45.1202054],[-67.1660297,-45.1445925],[-67.1690174,-45.147237],[-67.196363,-45.1715039],[-67.2026428,-45.1777291],[-67.2234284,-45.198905],[-67.2350916,-45.210818],[-67.2376569,-45.2135173],[-67.2390203,-45.2149917],[-67.2391815,-45.2151569],[-67.2404097,-45.2165407],[-67.2458945,-45.222233],[-67.2665725,-45.2409617],[-67.2674968,-45.2417514],[-67.268495,-45.2424976],[-67.2701342,-45.2433914],[-67.270959,-45.2437918],[-67.2725886,-45.2445828],[-67.2930293,-45.2537689],[-67.2943289,-45.2544427],[-67.2951067,-45.2549228],[-67.2958873,-45.2555066],[-67.2969039,-45.2563762],[-67.2977899,-45.2573496],[-67.2985868,-45.25846],[-67.3049452,-45.2703749],[-67.3085228,-45.2776074],[-67.3159219,-45.2940486],[-67.3165073,-45.2953756],[-67.3168488,-45.2964624],[-67.3172471,-45.2977877],[-67.3174932,-45.2986054],[-67.3177595,-45.2993564],[-67.3181173,-45.2999856],[-67.31841,-45.3005117],[-67.3188003,-45.3010379],[-67.3194522,-45.3017663],[-67.3202151,-45.3024105],[-67.3210444,-45.3030281],[-67.3221665,-45.3036686],[-67.3340417,-45.3099312],[-67.3348786,-45.3104141],[-67.3356081,-45.3108819],[-67.3366485,-45.3117374],[-67.3385478,-45.3135075],[-67.3391057,-45.3140658],[-67.3395667,-45.3146347],[-67.3399426,-45.3152126],[-67.3403074,-45.3158162],[-67.3407365,-45.3168271],[-67.3523856,-45.3471032],[-67.3529116,-45.3482384],[-67.3531286,-45.3486117],[-67.3535925,-45.349264],[-67.3542953,-45.3499836],[-67.3549233,-45.3505649],[-67.3556419,-45.3510805],[-67.3565099,-45.3516396],[-67.3777223,-45.3635161],[-67.3798651,-45.3647275],[-67.380327,-45.3649912],[-67.380707,-45.3652287],[-67.3810333,-45.3654531],[-67.3814129,-45.3657327],[-67.3816037,-45.3658837],[-67.3817829,-45.3660266],[-67.3819629,-45.3661821],[-67.3821243,-45.3663294],[-67.3823116,-45.3665059],[-67.4099205,-45.3951604],[-67.4105237,-45.39577],[-67.4107684,-45.3960209],[-67.4110294,-45.3962747],[-67.4112735,-45.3964966],[-67.4115073,-45.3967],[-67.411719,-45.3968755],[-67.4119366,-45.3970463],[-67.4121462,-45.3972014],[-67.4123822,-45.3973632],[-67.4126349,-45.3975297],[-67.4128628,-45.3976714],[-67.4130786,-45.3978018],[-67.4132882,-45.397925],[-67.4135142,-45.3980511],[-67.4146695,-45.3986381],[-67.4278193,-45.405603],[-67.4282171,-45.4057925],[-67.4286861,-45.4059948],[-67.4293353,-45.4062397],[-67.429721,-45.4063647],[-67.4300031,-45.4064472],[-67.4303038,-45.4065255],[-67.4306333,-45.4066025],[-67.4309813,-45.4066795],[-67.4315263,-45.4067761],[-67.4318901,-45.4068304],[-67.4324126,-45.4068934],[-67.433134,-45.4069414],[-67.433469,-45.4069549],[-67.433807,-45.4069551],[-67.4341832,-45.4069481],[-67.4345256,-45.4069346],[-67.4349151,-45.406905],[-67.4369103,-45.4066584],[-67.4399358,-45.4060859],[-67.4421889,-45.4057846],[-67.444399,-45.4056942],[-67.4466306,-45.4059503],[-67.4486477,-45.4063721],[-67.4607642,-45.4098319],[-67.4622233,-45.4102537],[-67.4631245,-45.4106303],[-67.4638755,-45.411037],[-67.4644334,-45.4114889],[-67.4650128,-45.4120613],[-67.4657423,-45.4130404],[-67.4728998,-45.4258383],[-67.4734852,-45.4267285],[-67.4740869,-45.4275046],[-67.4745747,-45.4280182],[-67.4753656,-45.428605],[-67.4758838,-45.4289311],[-67.5142101,-45.4559562],[-67.515187,-45.4565321],[-67.5161779,-45.456979],[-67.5172822,-45.4573961],[-67.5184572,-45.4577535],[-67.5259608,-45.4600051],[-67.5333423,-45.4622929],[-67.5348744,-45.4628158],[-67.5363379,-45.4633633],[-67.5393504,-45.4645442],[-67.5438136,-45.4663829],[-67.55171,-45.4696696],[-67.5572032,-45.4719242],[-67.5645846,-45.4749337],[-67.5691149,-45.4768714],[-67.5703131,-45.477461],[-67.5712358,-45.4780177],[-67.5725232,-45.4790408],[-67.5747428,-45.4809573],[-67.5790773,-45.4848266],[-67.5865105,-45.4914614],[-67.5926709,-45.4969882],[-67.596701,-45.500567],[-67.5978862,-45.5016346],[-67.5986587,-45.5024317],[-67.5993024,-45.5032889],[-67.5998174,-45.5043266],[-67.6001822,-45.5054996],[-67.6007242,-45.5085972],[-67.6018942,-45.5157925],[-67.6024352,-45.5186397],[-67.6025516,-45.5191655],[-67.6027088,-45.5197655],[-67.6029181,-45.5203275],[-67.6030531,-45.5206539],[-67.6031551,-45.5208719],[-67.6032463,-45.5210335],[-67.6035188,-45.5214249],[-67.6038229,-45.5218003],[-67.6041737,-45.5222011],[-67.6045766,-45.5226234],[-67.6050916,-45.5230706],[-67.6061087,-45.5239027],[-67.6094309,-45.5265763],[-67.6156849,-45.531643],[-67.6192424,-45.5344941],[-67.6206955,-45.5356563],[-67.6234619,-45.5378489],[-67.6240284,-45.5384064],[-67.6246274,-45.5390437],[-67.6250376,-45.5396301],[-67.6253955,-45.5402425],[-67.6256739,-45.5410693],[-67.6258293,-45.541868],[-67.6258839,-45.5425595],[-67.6258488,-45.5433548],[-67.6249947,-45.5504328],[-67.6244237,-45.5557191],[-67.6242147,-45.5573282],[-67.6241289,-45.5581996],[-67.6242296,-45.5591299],[-67.6244722,-45.5600776],[-67.6249105,-45.5610063],[-67.6256608,-45.562311],[-67.6274295,-45.5652528],[-67.6305214,-45.5702608],[-67.6310887,-45.5712071],[-67.631256,-45.5714818],[-67.6314024,-45.5717271],[-67.6315021,-45.571899],[-67.6316419,-45.5721544],[-67.6317724,-45.5724016],[-67.6318916,-45.5726632],[-67.6319851,-45.572897],[-67.6320658,-45.5730993],[-67.6321324,-45.5732853],[-67.6321981,-45.5734872],[-67.6322585,-45.5737302],[-67.6323077,-45.5739783],[-67.6323753,-45.5743921],[-67.6330392,-45.5783861],[-67.6331613,-45.5790748],[-67.6338768,-45.5829886],[-67.633931,-45.5832408],[-67.6339962,-45.5835061],[-67.6340688,-45.5837791],[-67.6341516,-45.5840503],[-67.6342652,-45.5843546],[-67.6343866,-45.5846768],[-67.6345371,-45.5850083],[-67.6346813,-45.5853013],[-67.6354116,-45.5867964],[-67.6355626,-45.5871349],[-67.6357404,-45.5874735],[-67.6364059,-45.5887658],[-67.6365087,-45.588965],[-67.6366237,-45.5891584],[-67.6367238,-45.5893209],[-67.6368502,-45.5895174],[-67.6369999,-45.589751],[-67.6371353,-45.5899576],[-67.6372515,-45.5901278],[-67.6373615,-45.5902768],[-67.6374951,-45.5904451],[-67.6376368,-45.5906135],[-67.6386922,-45.5918463],[-67.6408716,-45.5944108],[-67.6411093,-45.5947101],[-67.6413096,-45.5949807],[-67.6414865,-45.5952364],[-67.6416681,-45.5955002],[-67.641872,-45.5958174],[-67.6420945,-45.5961703],[-67.6422821,-45.5965176],[-67.6425078,-45.5969277],[-67.6427244,-45.5973421],[-67.6439111,-45.5997348],[-67.6470739,-45.6059401],[-67.6527469,-45.6169909],[-67.6532265,-45.6179312],[-67.6533087,-45.6180936],[-67.6548084,-45.6210571],[-67.6550292,-45.6215377],[-67.6551854,-45.6219957],[-67.6552495,-45.6223541],[-67.6552576,-45.6228145],[-67.6552085,-45.6232949],[-67.6550861,-45.6237513],[-67.65484,-45.6242318],[-67.6545938,-45.624583],[-67.6538637,-45.6253953],[-67.6534897,-45.6257985],[-67.6531481,-45.626257],[-67.6529559,-45.6266323],[-67.6527936,-45.6272276],[-67.6527939,-45.6278299],[-67.6529593,-45.628794],[-67.6533326,-45.6305665],[-67.6535138,-45.6310734],[-67.6538042,-45.6315864],[-67.6541537,-45.6320456],[-67.6549414,-45.6329381],[-67.6552635,-45.6334426],[-67.6555152,-45.6339941],[-67.6556476,-45.6344989],[-67.6556655,-45.6349524],[-67.6556288,-45.6354316],[-67.6555747,-45.6357861],[-67.6555479,-45.6359615],[-67.6549768,-45.6381016],[-67.6548608,-45.6387496],[-67.6548227,-45.6394245],[-67.6548601,-45.6399876],[-67.6549408,-45.640475],[-67.6550899,-45.6409907],[-67.6552524,-45.6414062],[-67.6554803,-45.6418802],[-67.6567776,-45.6442059],[-67.6571186,-45.6448438],[-67.6573531,-45.6453921],[-67.6574767,-45.6459016],[-67.6575383,-45.646443],[-67.6574704,-45.6470482],[-67.6572411,-45.6477133],[-67.6568886,-45.6483451],[-67.6565213,-45.6488437],[-67.6560971,-45.6492947],[-67.65556,-45.6496913],[-67.6550069,-45.6500131],[-67.6543985,-45.650307],[-67.6536789,-45.6505598],[-67.652918,-45.6507546],[-67.6472436,-45.6518272],[-67.6466579,-45.6519441],[-67.646147,-45.6520031],[-67.6455332,-45.6520511],[-67.6449242,-45.65205],[-67.6443255,-45.6519974],[-67.6435289,-45.6518245],[-67.6428956,-45.651626],[-67.6423116,-45.6513554],[-67.6417301,-45.6510273],[-67.640927,-45.650534],[-67.6401608,-45.6501067],[-67.6396355,-45.6498529],[-67.6390205,-45.6496045],[-67.6384102,-45.6494287],[-67.6376911,-45.649292],[-67.6369923,-45.6492471],[-67.6363149,-45.6492622],[-67.6356421,-45.6493167],[-67.6350241,-45.649417],[-67.6342493,-45.6496358],[-67.630653,-45.6509895],[-67.6301254,-45.6511642],[-67.6295416,-45.6513069],[-67.6288409,-45.6514426],[-67.628247,-45.651517],[-67.6276834,-45.6515698],[-67.6267608,-45.6516055],[-67.6245675,-45.6516716],[-67.6239286,-45.6517113],[-67.6234462,-45.6517765],[-67.6227664,-45.6519032],[-67.6220464,-45.6520674],[-67.6201847,-45.6526446],[-67.6196872,-45.6527506],[-67.6191695,-45.6528333],[-67.6185636,-45.6528773],[-67.6180424,-45.6528869],[-67.617478,-45.6528518],[-67.6169767,-45.6527837],[-67.6151763,-45.6523969],[-67.6145973,-45.6523237],[-67.6139959,-45.6522802],[-67.6133411,-45.6523007],[-67.6127251,-45.6523468],[-67.6119429,-45.652466],[-67.609127,-45.6530934],[-67.6086385,-45.6531826],[-67.6081821,-45.6532493],[-67.6059587,-45.6534603],[-67.6052848,-45.6535656],[-67.6046329,-45.6536913],[-67.6040124,-45.6538681],[-67.6032191,-45.6541599],[-67.602564,-45.6544717],[-67.6019993,-45.654814],[-67.6014532,-45.6551982],[-67.6009332,-45.6556116],[-67.6004706,-45.656078],[-67.6000462,-45.6566053],[-67.5996672,-45.6571527],[-67.5985823,-45.658761],[-67.5983365,-45.659172],[-67.5981164,-45.6596478],[-67.5980065,-45.6600225],[-67.597913,-45.6604371],[-67.5978816,-45.6608968],[-67.5979781,-45.6632807],[-67.5979506,-45.6637741],[-67.5978629,-45.6642546],[-67.5977252,-45.6646661],[-67.5975439,-45.6650704],[-67.5973283,-45.6654371],[-67.5970752,-45.6657896],[-67.5965076,-45.6665821],[-67.5962866,-45.6669431],[-67.596102,-45.6673402],[-67.5959275,-45.667828],[-67.5958148,-45.6682999],[-67.5957618,-45.668869],[-67.5958092,-45.6710319],[-67.5957859,-45.6713857],[-67.5957297,-45.6717849],[-67.5956338,-45.6721635],[-67.5954683,-45.6726282],[-67.595211,-45.6731066],[-67.5949121,-45.6735483],[-67.5944999,-45.6740414],[-67.5923333,-45.6764186],[-67.5920343,-45.6767738],[-67.5916727,-45.6772724],[-67.591406,-45.6777559],[-67.5911711,-45.6782404],[-67.5910026,-45.6786866],[-67.5908619,-45.6792118],[-67.5906154,-45.6803511],[-67.5904716,-45.6808018],[-67.5903331,-45.6811441],[-67.5901205,-45.6815179],[-67.5898288,-45.6819484],[-67.5894747,-45.6823422],[-67.5873391,-45.6846182],[-67.5869364,-45.685116],[-67.5866159,-45.6856151],[-67.5858535,-45.6869872],[-67.5855037,-45.6874919],[-67.5850756,-45.6879327],[-67.5845976,-45.6883217],[-67.5817748,-45.6901823],[-67.5809543,-45.6907663],[-67.5802414,-45.6914172],[-67.5752632,-45.6966931],[-67.5738873,-45.6982033],[-67.5733889,-45.6986651],[-67.5728599,-45.6990911],[-67.5504654,-45.7146345],[-67.5500201,-45.7149501],[-67.5493338,-45.7154959],[-67.5485976,-45.7160814],[-67.5452033,-45.7188389],[-67.5447071,-45.7192015],[-67.5435608,-45.7199396],[-67.542338,-45.7205461],[-67.5410119,-45.7210495],[-67.5397869,-45.7213885],[-67.5316757,-45.7233618],[-67.5294361,-45.7239027],[-67.5266822,-45.7245677],[-67.5238441,-45.7252501],[-67.5229652,-45.7254706],[-67.5224569,-45.7256088],[-67.5217861,-45.7258248],[-67.52142,-45.7259566],[-67.5204748,-45.7263309],[-67.519766,-45.7266741],[-67.5192601,-45.726956],[-67.5154219,-45.7293338],[-67.5149674,-45.7295938],[-67.5145096,-45.7298175],[-67.5139521,-45.7300123],[-67.5123377,-45.7304816],[-67.5115526,-45.7307416],[-67.5107529,-45.7310458],[-67.509691,-45.7315488],[-67.5087664,-45.7320742],[-67.5063195,-45.7337522],[-67.5030518,-45.735998],[-67.5028194,-45.7361718],[-67.5026087,-45.7363499],[-67.5023684,-45.7365958],[-67.5021552,-45.7368778],[-67.5020141,-45.737115],[-67.5018845,-45.7374099],[-67.5018143,-45.7376747],[-67.5017795,-45.7379724],[-67.5017985,-45.7382656],[-67.5018504,-45.7385266],[-67.5021316,-45.7393287],[-67.5026149,-45.7406961],[-67.5038363,-45.7438878],[-67.5042654,-45.74514],[-67.5044349,-45.7459834],[-67.5045326,-45.746787],[-67.5046353,-45.7499551],[-67.5046527,-45.7504597],[-67.5046677,-45.7511694],[-67.5046645,-45.7530028],[-67.504473,-45.7536301],[-67.5042584,-45.7542144],[-67.5037708,-45.7551887],[-67.5030444,-45.7562307],[-67.5003992,-45.7599599],[-67.4997959,-45.760825],[-67.4997023,-45.7610399],[-67.4996265,-45.7612597],[-67.499556,-45.7615031],[-67.4995104,-45.7616971],[-67.4994647,-45.7618913],[-67.4994296,-45.7621176],[-67.4993135,-45.7632383],[-67.4991314,-45.7649437],[-67.499067,-45.7655472],[-67.4989053,-45.7672695],[-67.4988524,-45.7678326],[-67.4987601,-45.7682495],[-67.4986056,-45.7686929],[-67.498518,-45.7688812],[-67.4982831,-45.7692586],[-67.4980584,-45.7695228],[-67.4977437,-45.7698199],[-67.4967626,-45.7707461],[-67.496053,-45.7714374],[-67.4957157,-45.7717459],[-67.4944658,-45.7729173],[-67.4942374,-45.7731247],[-67.4933827,-45.7739007],[-67.4930661,-45.7741981],[-67.4917509,-45.7754022],[-67.490323,-45.776811],[-67.4900414,-45.777169],[-67.489721,-45.7776694],[-67.4894536,-45.7781382],[-67.4892572,-45.7785552],[-67.4891082,-45.7790263],[-67.4890594,-45.7793579],[-67.4889666,-45.7799726],[-67.4889694,-45.7807642],[-67.4890176,-45.7812579],[-67.4890949,-45.7815929],[-67.4891609,-45.781822],[-67.4892144,-45.7819848],[-67.4892418,-45.7820681],[-67.4894563,-45.7826382],[-67.4895126,-45.7827876],[-67.4901767,-45.7844249],[-67.4902489,-45.7846087],[-67.4905994,-45.7855008],[-67.4906186,-45.7855553],[-67.490661,-45.7856581],[-67.4910741,-45.7866639],[-67.4915901,-45.7879284],[-67.4919245,-45.7887478],[-67.4921246,-45.7892399],[-67.4922462,-45.7895391],[-67.4925244,-45.7902236],[-67.493096,-45.791708],[-67.4931243,-45.7917968],[-67.4931473,-45.7918746],[-67.4931721,-45.791977],[-67.493188,-45.7920732],[-67.4931933,-45.7921621],[-67.4931951,-45.7922521],[-67.4931862,-45.7924311],[-67.4931738,-45.7925483],[-67.4931541,-45.7926659],[-67.4931233,-45.7928033],[-67.4930857,-45.7929211],[-67.4930267,-45.7930895]]]},"geometry_name":"geom","properties":{"gid":786,"rtn":"3","typ":40,"rst":1,"hct":1,"fdc":"Dirección Nacional de Vialidad","sag":"IGN"},"bbox":[-67.6575383,-45.7930895,-65.2622692,-43.2849664]},{"type":"Feature","id":"vial_nacional.50","geometry":{"type":"MultiLineString","coordinates":[[[-58.1920695,-26.142658],[-58.1923478,-26.1419934],[-58.19239812,-26.14188315],[-58.192504,-26.1417731],[-58.1933114,-26.1412121],[-58.1929587,-26.1415829],[-58.1926522,-26.1419398],[-58.1925456,-26.1420662],[-58.1924574,-26.1421689],[-58.1920695,-26.142658]]]},"geometry_name":"geom","properties":{"gid":50,"rtn":"11","typ":40,"rst":1,"hct":1,"fdc":"Dirección Nacional de Vialidad","sag":"IGN"},"bbox":[-58.1933114,-26.142658,-58.1920695,-26.1412121]},{"type":"Feature","id":"vial_nacional.33","geometry":{"type":"MultiLineString","coordinates":[[[-58.8661185,-26.9802141],[-58.8665458,-26.9807068],[-58.8696392,-26.98433],[-58.8712554,-26.9861898],[-58.8720656,-26.9871197],[-58.8728547,-26.9880164],[-58.874519,-26.9900434],[-58.8762491,-26.9920926],[-58.8763367,-26.9921965],[-58.878674,-26.9949649],[-58.8849227,-27.0023535],[-58.8850275,-27.0024775],[-58.8857806,-27.0033679],[-58.8911628,-27.0097155],[-58.8955979,-27.0149484],[-58.8958123,-27.0152014],[-58.9012443,-27.0216102],[-58.9088043,-27.0305132],[-58.9100789,-27.032027],[-58.9166895,-27.0398776],[-58.9232283,-27.0475644],[-58.9271987,-27.0522668],[-58.9308492,-27.0565902],[-58.943324,-27.0713345],[-58.9434042,-27.0714293],[-58.9451793,-27.0735272],[-58.9475685,-27.0763552],[-58.9499394,-27.0791601],[-58.950093,-27.0793496],[-58.9520998,-27.0817134],[-58.9540065,-27.0839571],[-58.954894,-27.0850506],[-58.9549764,-27.0851505]]]},"geometry_name":"geom","properties":{"gid":33,"rtn":"11","typ":40,"rst":1,"hct":1,"fdc":"Dirección Nacional de Vialidad","sag":"IGN"},"bbox":[-58.9549764,-27.0851505,-58.8661185,-26.9802141]},{"type":"Feature","id":"vial_nacional.43","geometry":{"type":"MultiLineString","coordinates":[[[-58.2133783,-26.1982786],[-58.213267,-26.1982509],[-58.2128467,-26.1981117],[-58.2126421,-26.1980439],[-58.212197,-26.1979079],[-58.2121288,-26.197867],[-58.2120753,-26.1978017],[-58.2120414,-26.1977364],[-58.212014,-26.1976483],[-58.2120269,-26.1975859],[-58.2120418,-26.1975324],[-58.2120905,-26.1974449],[-58.2121594,-26.1973703],[-58.2122533,-26.1973122],[-58.212319,-26.1972994],[-58.2124082,-26.1972972],[-58.2125992,-26.1973399],[-58.2127917,-26.197342],[-58.2129022,-26.1973231],[-58.2130256,-26.1972714],[-58.2131369,-26.1971823],[-58.2131935,-26.1971228],[-58.213252,-26.1970511],[-58.21329765,-26.1969535],[-58.2134491,-26.1965888],[-58.2135525,-26.1964024],[-58.2134979,-26.1965958],[-58.2133333,-26.1970084],[-58.2132989,-26.1970948],[-58.2132751,-26.1971919],[-58.2132751,-26.1972677],[-58.2132979,-26.1973616],[-58.21337746,-26.19746861],[-58.21344028,-26.19753714],[-58.2135583,-26.19763042],[-58.21368394,-26.19771455],[-58.21379815,-26.19780973],[-58.21391617,-26.19792014],[-58.21402658,-26.19802293],[-58.21412176,-26.19809527],[-58.21433115,-26.19820567],[-58.21421503,-26.19820339],[-58.2140745,-26.198208],[-58.2139876,-26.1982132],[-58.2139242,-26.1982184],[-58.213727,-26.1982569],[-58.2135312,-26.1982846],[-58.2133783,-26.1982786]]]},"geometry_name":"geom","properties":{"gid":43,"rtn":"11","typ":40,"rst":1,"hct":1,"fdc":"Dirección Nacional de Vialidad","sag":"IGN"},"bbox":[-58.21433115,-26.1982846,-58.212014,-26.1964024]},{"type":"Feature","id":"vial_nacional.17","geometry":{"type":"MultiLineString","coordinates":[[[-60.8870974,-32.4685971],[-60.8871605,-32.4680527],[-60.8872785,-32.4673195],[-60.8873368,-32.4669838],[-60.887359,-32.4668556],[-60.8874519,-32.4663711],[-60.8875086,-32.4661082],[-60.8875202,-32.4660543],[-60.8876012,-32.465592],[-60.887815,-32.464588],[-60.8880752,-32.4635606],[-60.8879947,-32.4641354],[-60.8878847,-32.4647057],[-60.8876621,-32.4657648],[-60.8875955,-32.466083],[-60.8875865,-32.4661413],[-60.887536,-32.4664867],[-60.8874663,-32.4668805],[-60.887359,-32.4673715],[-60.8872464,-32.4680459],[-60.8870974,-32.4685971]]]},"geometry_name":"geom","properties":{"gid":17,"rtn":"11","typ":40,"rst":1,"hct":1,"fdc":"Dirección Nacional de Vialidad","sag":"IGN"},"bbox":[-60.8880752,-32.4685971,-60.8870974,-32.4635606]},{"type":"Feature","id":"vial_nacional.13","geometry":{"type":"MultiLineString","coordinates":[[[-60.9814759,-32.2297998],[-60.9811294,-32.2292326],[-60.981069,-32.2289797],[-60.9810742,-32.2279728],[-60.9810691,-32.213013],[-60.9810763,-32.2127849],[-60.9810587,-32.2032708],[-60.9810614,-32.1984116],[-60.9810437,-32.1910322],[-60.9810697,-32.1896083],[-60.9810549,-32.1881403],[-60.9810677,-32.1776601],[-60.981066,-32.1656602],[-60.9810539,-32.1580894],[-60.9810195,-32.1540342],[-60.9810664,-32.1417496],[-60.9810888,-32.1413692],[-60.9811346,-32.1410312],[-60.9812227,-32.1404679],[-60.981242,-32.140041],[-60.9812346,-32.1396165],[-60.981229,-32.1381985],[-60.9812219,-32.1367871],[-60.9812273,-32.1353802],[-60.9812078,-32.1339677],[-60.9811836,-32.1323143],[-60.9811706,-32.132065],[-60.9810403,-32.129367],[-60.9810475,-32.1257713],[-60.9810466,-32.1134335],[-60.9810463,-32.1098007],[-60.9810427,-32.103981],[-60.9810858,-32.0938135],[-60.9810226,-32.0930269],[-60.9809495,-32.0923923],[-60.9808358,-32.0919191],[-60.9806995,-32.0915128],[-60.9805275,-32.0910487],[-60.980294,-32.0906135],[-60.9796963,-32.0895294],[-60.9785475,-32.0872425],[-60.978342,-32.0867677],[-60.9781552,-32.0862375],[-60.9779385,-32.0854016],[-60.9778283,-32.0850524],[-60.9777291,-32.0847641],[-60.9776008,-32.0844569],[-60.9774017,-32.0840553],[-60.9768623,-32.0830014],[-60.9763282,-32.0820381],[-60.9757886,-32.0810331],[-60.9752603,-32.0800247],[-60.9751493,-32.0798129],[-60.9746612,-32.0787714],[-60.9746143,-32.0786758],[-60.9740558,-32.0776625],[-60.973527,-32.0766644],[-60.9728884,-32.0755627],[-60.9728483,-32.0754872],[-60.9727395,-32.0752862],[-60.9722954,-32.0743946],[-60.9719608,-32.0737546],[-60.9716614,-32.0731756],[-60.9715796,-32.0730291],[-60.9688144,-32.0677574],[-60.9685599,-32.0672901],[-60.9682643,-32.0668252],[-60.9679919,-32.0664593],[-60.967652,-32.0660269],[-60.9673564,-32.0657064],[-60.9669756,-32.065319],[-60.9666178,-32.065004],[-60.9662447,-32.0646986],[-60.9641592,-32.0631534],[-60.9590119,-32.0593819],[-60.9490877,-32.0520293],[-60.9463823,-32.0500341],[-60.9457661,-32.0495692],[-60.9452054,-32.0490208],[-60.9447432,-32.0484254],[-60.9444721,-32.0480023],[-60.9442235,-32.0475274],[-60.9440637,-32.0472061],[-60.9438289,-32.0467339],[-60.9430943,-32.0451612],[-60.9391531,-32.0368697],[-60.9373904,-32.0332791],[-60.9372877,-32.0330546],[-60.9343652,-32.0268089],[-60.9331446,-32.0242881],[-60.932451,-32.0228469],[-60.9311759,-32.0200699],[-60.9308567,-32.0194353],[-60.9301793,-32.0179692],[-60.929931,-32.0171925],[-60.929785,-32.0164781],[-60.9297192,-32.015816],[-60.9297158,-32.0147277],[-60.9299011,-32.0080329],[-60.9300318,-32.003876],[-60.9300439,-32.003371],[-60.9300714,-32.0022216],[-60.9301744,-31.999379],[-60.9302485,-31.9962613],[-60.930326,-31.9928916],[-60.9303629,-31.9912843],[-60.9303467,-31.9907943],[-60.9302872,-31.9902957],[-60.9302061,-31.9898484],[-60.930083,-31.9892704],[-60.9299915,-31.9888467],[-60.9295192,-31.9865858],[-60.9292347,-31.9849791],[-60.9291906,-31.9847898],[-60.9287239,-31.982656],[-60.9285032,-31.9816209],[-60.928317,-31.9806355],[-60.9282835,-31.9803888],[-60.928087,-31.9793602],[-60.9280746,-31.9792952],[-60.9278986,-31.9783737],[-60.9276931,-31.9772979],[-60.9275926,-31.9767719],[-60.9275357,-31.9764933],[-60.9274061,-31.9758596],[-60.9272703,-31.9751953],[-60.9271132,-31.9744266],[-60.9270358,-31.9740478],[-60.9269715,-31.9737269]]]},"geometry_name":"geom","properties":{"gid":13,"rtn":"11","typ":40,"rst":1,"hct":1,"fdc":"Dirección Nacional de Vialidad","sag":"IGN"},"bbox":[-60.9814759,-32.2297998,-60.9269715,-31.9737269]},{"type":"Feature","id":"vial_nacional.44","geometry":{"type":"MultiLineString","coordinates":[[[-58.2109258,-26.1806596],[-58.210722,-26.1804134],[-58.2103905,-26.1800237],[-58.210241,-26.1797932],[-58.2100823,-26.1795417],[-58.2100033,-26.1794054],[-58.2099449,-26.1793046],[-58.2078639,-26.1757109],[-58.2076165,-26.1752837],[-58.2075464,-26.1751034],[-58.2073783,-26.1746466],[-58.2072495,-26.1743693],[-58.2075483,-26.1746627],[-58.2078239,-26.1749979],[-58.2079733,-26.1752452],[-58.208154,-26.1755585],[-58.2083747,-26.1759412],[-58.2101509,-26.179021],[-58.2103112,-26.1792989],[-58.2104484,-26.1795368],[-58.2105773,-26.1797764],[-58.2106427,-26.1799189],[-58.2108621,-26.1805098],[-58.2109258,-26.1806596]]]},"geometry_name":"geom","properties":{"gid":44,"rtn":"11","typ":40,"rst":1,"hct":1,"fdc":"Dirección Nacional de Vialidad","sag":"IGN"},"bbox":[-58.2109258,-26.1806596,-58.2072495,-26.1743693]},{"type":"Feature","id":"vial_nacional.45","geometry":{"type":"MultiLineString","coordinates":[[[-58.2045391,-26.1705287],[-58.2050629,-26.1711099],[-58.205572,-26.1717134],[-58.2059515,-26.1722248],[-58.2061648,-26.1725194],[-58.2063815,-26.172841],[-58.2066209,-26.1732672],[-58.2067322,-26.1734677],[-58.2069459,-26.1738525],[-58.2071524,-26.1742244],[-58.2072495,-26.1743693]]]},"geometry_name":"geom","properties":{"gid":45,"rtn":"11","typ":40,"rst":1,"hct":1,"fdc":"Dirección Nacional de Vialidad","sag":"IGN"},"bbox":[-58.2072495,-26.1743693,-58.2045391,-26.1705287]},{"type":"Feature","id":"vial_nacional.22","geometry":{"type":"MultiLineString","coordinates":[[[-60.7542946,-32.7167557],[-60.7538685,-32.7174248],[-60.7533253,-32.7182446],[-60.7527433,-32.7190466],[-60.7523932,-32.7194545],[-60.7526508,-32.7190259],[-60.7529274,-32.7186473],[-60.7532224,-32.7182524],[-60.7534872,-32.7178368],[-60.753512,-32.7177979],[-60.7536205,-32.7176275],[-60.7540786,-32.7169826],[-60.7542946,-32.7167557]]]},"geometry_name":"geom","properties":{"gid":22,"rtn":"11","typ":40,"rst":1,"hct":1,"fdc":"Dirección Nacional de Vialidad","sag":"IGN"},"bbox":[-60.7542946,-32.7194545,-60.7523932,-32.7167557]},{"type":"Feature","id":"vial_nacional.34","geometry":{"type":"MultiLineString","coordinates":[[[-58.8661185,-26.9802141],[-58.8659548,-26.980084],[-58.8654984,-26.9795533],[-58.8649221,-26.9788831],[-58.8644683,-26.9783854],[-58.8638106,-26.9776642],[-58.8637543,-26.9775631],[-58.8638816,-26.9776401],[-58.8643327,-26.9780918],[-58.8649883,-26.9788447],[-58.8656557,-26.9795645],[-58.8660461,-26.9800448],[-58.8661185,-26.9802141]]]},"geometry_name":"geom","properties":{"gid":34,"rtn":"11","typ":40,"rst":1,"hct":1,"fdc":"Dirección Nacional de Vialidad","sag":"IGN"},"bbox":[-58.8661185,-26.9802141,-58.8637543,-26.9775631]},{"type":"Feature","id":"vial_nacional.14","geometry":{"type":"MultiLineString","coordinates":[[[-60.8899632,-32.4527534],[-60.8901026,-32.4525238],[-60.890155,-32.4524346],[-60.8909161,-32.4512626],[-60.8917171,-32.4500366],[-60.8925768,-32.4487222],[-60.8941108,-32.4463756],[-60.8945143,-32.4457584],[-60.8951347,-32.4448093],[-60.8957205,-32.4438923],[-60.8963361,-32.4429077],[-60.8967509,-32.4422903],[-60.8969439,-32.4419691],[-60.897568,-32.4409958],[-60.9089835,-32.4233071],[-60.9154555,-32.4133766],[-60.9230279,-32.4016024],[-60.9241845,-32.3998138],[-60.9244227,-32.3994221],[-60.9245998,-32.3990883],[-60.924781,-32.398668],[-60.9275704,-32.3914748],[-60.9281239,-32.390073],[-60.933395,-32.3765961],[-60.9363255,-32.3690215],[-60.9371071,-32.3669218],[-60.937292,-32.3663707],[-60.9375888,-32.3654375],[-60.9378806,-32.3644536],[-60.9380159,-32.3640844],[-60.9383901,-32.3631259],[-60.9387758,-32.3620733],[-60.9391955,-32.3610577],[-60.9395896,-32.360033],[-60.9399634,-32.359089],[-60.940026,-32.3589256],[-60.9400944,-32.3587517],[-60.9405477,-32.3576212],[-60.9409231,-32.3565883],[-60.941341,-32.3555817],[-60.9417306,-32.3545437],[-60.9421385,-32.3535228],[-60.9423025,-32.3530942],[-60.9423184,-32.3530528],[-60.9424341,-32.3527505],[-60.9425595,-32.3524049],[-60.942913,-32.3516593],[-60.942992,-32.3514874],[-60.9435327,-32.3503641],[-60.9454856,-32.3453382],[-60.9498314,-32.3342656],[-60.9519014,-32.3288957],[-60.9527834,-32.3267147],[-60.9582531,-32.3125799],[-60.9607861,-32.3060098],[-60.9614139,-32.3043954],[-60.9645667,-32.2962869],[-60.9685524,-32.2860162],[-60.9686227,-32.2858335],[-60.9747642,-32.2698621],[-60.9748489,-32.2696418],[-60.97720283,-32.2635737],[-60.9772289,-32.2635065],[-60.9787921,-32.2594765],[-60.9800894,-32.2561319],[-60.9803733,-32.2552203],[-60.980545,-32.2543556],[-60.9805001,-32.2426833],[-60.980494,-32.241084],[-60.9804803,-32.2401678],[-60.9804643,-32.239949],[-60.9803559,-32.2390562],[-60.9803023,-32.2380024],[-60.9802977,-32.2369267],[-60.9802987,-32.2357601],[-60.9802842,-32.2345826],[-60.9802867,-32.2334098],[-60.9802816,-32.2322307],[-60.9802879,-32.2311396],[-60.9807964,-32.2311418],[-60.9814985,-32.2311321],[-60.9815651,-32.2311326]]]},"geometry_name":"geom","properties":{"gid":14,"rtn":"11","typ":40,"rst":1,"hct":1,"fdc":"Dirección Nacional de Vialidad","sag":"IGN"},"bbox":[-60.9815651,-32.4527534,-60.8899632,-32.2311321]},{"type":"Feature","id":"vial_nacional.15","geometry":{"type":"MultiLineString","coordinates":[[[-60.925689,-31.9673095],[-60.9255787,-31.966677],[-60.9255614,-31.9662514],[-60.9255925,-31.9658181],[-60.9256633,-31.9655055],[-60.9257715,-31.9651929],[-60.9260261,-31.9646953],[-60.9261059,-31.9645358],[-60.9264496,-31.9638388],[-60.9265414,-31.9636532],[-60.9272889,-31.9621415],[-60.9276339,-31.9612284],[-60.9278064,-31.9604651],[-60.9278616,-31.9597279],[-60.9278487,-31.9592617],[-60.9278093,-31.9586393],[-60.9276944,-31.9579214],[-60.9275276,-31.9573472],[-60.9272637,-31.9564573],[-60.9270755,-31.9558227],[-60.9263093,-31.9532394],[-60.9256376,-31.9510488],[-60.9256012,-31.95093],[-60.9250155,-31.9490202],[-60.9243374,-31.94667],[-60.9241666,-31.9462315],[-60.9238735,-31.9455856],[-60.9237457,-31.9452944],[-60.9235686,-31.9449203],[-60.923196,-31.9443006],[-60.9227012,-31.9436551],[-60.9213054,-31.9422116],[-60.9201828,-31.9410287],[-60.9190799,-31.9398365],[-60.9156377,-31.9361929],[-60.9149119,-31.9354318],[-60.913998,-31.9344497],[-60.9136035,-31.933982],[-60.9131047,-31.933216],[-60.912492,-31.9318027],[-60.9111003,-31.9284812],[-60.9092379,-31.9240468],[-60.9091369,-31.9238332],[-60.9088834,-31.9230156],[-60.908693,-31.922262],[-60.9085567,-31.921868],[-60.908373,-31.9214181],[-60.9073562,-31.9190633],[-60.9066624,-31.917919],[-60.9058004,-31.9160493],[-60.9047172,-31.9136471],[-60.9035535,-31.9111293],[-60.9033447,-31.9106784],[-60.9032151,-31.9103765],[-60.9029509,-31.9097136],[-60.9016051,-31.9068305],[-60.9009464,-31.9054254],[-60.899124,-31.9013809],[-60.8977511,-31.8983492],[-60.8974136,-31.8975842],[-60.892716,-31.8871143],[-60.8926563,-31.8869983],[-60.8919943,-31.885617],[-60.8916364,-31.8845959],[-60.8894559,-31.8773567],[-60.8882962,-31.873496],[-60.8879609,-31.8723792],[-60.8877331,-31.8715377],[-60.8876452,-31.8712191],[-60.8876321,-31.8711865],[-60.8872979,-31.8700626],[-60.8869541,-31.8689123],[-60.8867782,-31.8683024],[-60.8867091,-31.8680533],[-60.8866088,-31.8677349],[-60.8843146,-31.8600152],[-60.8817844,-31.8517622],[-60.8783741,-31.8405074],[-60.8769562,-31.8357113],[-60.8758218,-31.831969],[-60.8757658,-31.8318091],[-60.8731126,-31.8229911],[-60.8730843,-31.8228786],[-60.8719228,-31.8189581],[-60.8716414,-31.8179972],[-60.8713246,-31.8169446],[-60.8711388,-31.8163462],[-60.8700101,-31.8125394],[-60.8698666,-31.8120239],[-60.8697884,-31.8116119],[-60.8686617,-31.8041208],[-60.8684039,-31.8024712],[-60.868283,-31.8016628],[-60.8680852,-31.8008889],[-60.8678838,-31.8003291],[-60.8676263,-31.7997692],[-60.8672927,-31.7991991],[-60.8668647,-31.7986331],[-60.86624,-31.797995],[-60.8659647,-31.7977188],[-60.8609419,-31.7924316],[-60.8583661,-31.7897698],[-60.8558128,-31.7871444],[-60.8556826,-31.787067],[-60.8555499,-31.7870182],[-60.8554425,-31.7869984],[-60.8552596,-31.7869855],[-60.8550966,-31.7869778],[-60.8549525,-31.7869615],[-60.8548558,-31.7869313],[-60.8547206,-31.7868502],[-60.8538625,-31.7859651],[-60.8529707,-31.7850484],[-60.8529272,-31.7850036],[-60.8509751,-31.7829741],[-60.8495436,-31.781484],[-60.8481217,-31.7800125],[-60.8477189,-31.7795957],[-60.8467089,-31.7785621],[-60.8457929,-31.777612],[-60.8457148,-31.7775264],[-60.8448431,-31.7766287],[-60.8448002,-31.7765831],[-60.8437408,-31.7754814],[-60.8430529,-31.7747715],[-60.8423793,-31.7740553],[-60.841939,-31.7736621],[-60.8413706,-31.7732205],[-60.8409728,-31.7728692],[-60.8408754,-31.7727764],[-60.8401724,-31.7720204],[-60.8399909,-31.771831],[-60.8394249,-31.7712513],[-60.8387128,-31.7705253],[-60.8381515,-31.7699468],[-60.8379495,-31.7697407],[-60.8374281,-31.7692005],[-60.8364772,-31.7682371],[-60.8360702,-31.7678194],[-60.8357088,-31.7674008],[-60.8356643,-31.767354],[-60.8353383,-31.7669536],[-60.8349302,-31.7664907],[-60.8342145,-31.7655848],[-60.8338805,-31.7651739],[-60.8335762,-31.7647536],[-60.8333294,-31.7643586],[-60.8330809,-31.7638724],[-60.8326976,-31.7631091],[-60.8324387,-31.7626099],[-60.8320217,-31.7619516],[-60.8317872,-31.7616243],[-60.8315775,-31.7613798],[-60.8312719,-31.7610647],[-60.8308397,-31.7606636],[-60.8305124,-31.7603994],[-60.8300463,-31.7600821],[-60.829223,-31.7595996],[-60.8287382,-31.7593233],[-60.8282001,-31.7590221],[-60.8271667,-31.758433],[-60.8267978,-31.7581791],[-60.8263737,-31.7578565],[-60.8261127,-31.7576152],[-60.8259189,-31.7574027],[-60.8256746,-31.7571391],[-60.8254068,-31.7568009],[-60.825144,-31.7563903],[-60.8249582,-31.756096],[-60.8246461,-31.7555916],[-60.824431,-31.7551791],[-60.8242546,-31.7548076],[-60.8236739,-31.7533856],[-60.8229017,-31.7514828],[-60.8222746,-31.7499033],[-60.8218775,-31.7489401],[-60.8208242,-31.7462884],[-60.8204835,-31.7454185],[-60.8204354,-31.7452954],[-60.8202599,-31.7448864],[-60.8202081,-31.7447336],[-60.819984,-31.7441896],[-60.8197649,-31.7436119],[-60.8192707,-31.7423833],[-60.8189642,-31.7416079],[-60.8185142,-31.7404429],[-60.8177781,-31.7385816],[-60.8173386,-31.7374653],[-60.8169208,-31.736389],[-60.8165248,-31.7353924],[-60.8161728,-31.73449],[-60.8158958,-31.7337927],[-60.8157195,-31.733337],[-60.8154832,-31.7327641],[-60.8152897,-31.7322509],[-60.8151394,-31.7318634],[-60.8149339,-31.7313608],[-60.814894,-31.7312577],[-60.8147464,-31.7308748],[-60.8145886,-31.730476],[-60.8143852,-31.7299692],[-60.8141866,-31.7294568],[-60.8140799,-31.7291741],[-60.8138071,-31.7284652],[-60.8135541,-31.7278362],[-60.8132793,-31.727156],[-60.8129505,-31.7263068],[-60.812635,-31.7255061],[-60.8123171,-31.7247511],[-60.8120629,-31.724216],[-60.8113522,-31.7228619],[-60.8109621,-31.7221179],[-60.8104998,-31.7212497],[-60.8100363,-31.720356],[-60.8096116,-31.7195326],[-60.809564,-31.7194359],[-60.8091151,-31.7185596],[-60.8076342,-31.7157479],[-60.8073039,-31.7150711],[-60.8061116,-31.712792],[-60.8056049,-31.7118392]]]},"geometry_name":"geom","properties":{"gid":15,"rtn":"11","typ":40,"rst":1,"hct":1,"fdc":"Dirección Nacional de Vialidad","sag":"IGN"},"bbox":[-60.9278616,-31.9673095,-60.8056049,-31.7118392]},{"type":"Feature","id":"vial_nacional.16","geometry":{"type":"MultiLineString","coordinates":[[[-60.8880752,-32.4635606],[-60.8880954,-32.4634748],[-60.8881409,-32.4631631],[-60.8882754,-32.4623721],[-60.8883851,-32.4616657],[-60.8883874,-32.4615894],[-60.8883915,-32.4613744]]]},"geometry_name":"geom","properties":{"gid":16,"rtn":"11","typ":40,"rst":1,"hct":1,"fdc":"Dirección Nacional de Vialidad","sag":"IGN"},"bbox":[-60.8883915,-32.4635606,-60.8880752,-32.4613744]},{"type":"Feature","id":"vial_nacional.18","geometry":{"type":"MultiLineString","coordinates":[[[-60.8056049,-31.7118392],[-60.8051712,-31.7112653],[-60.8050036,-31.7109679],[-60.8049201,-31.7107984],[-60.8048661,-31.7106688],[-60.8047522,-31.7103974],[-60.8047099,-31.7103112],[-60.8045617,-31.7100281],[-60.8045243,-31.7099551],[-60.8041784,-31.7092714],[-60.8041634,-31.7092328],[-60.8038476,-31.7084862],[-60.8043047,-31.7092061],[-60.8047614,-31.7101268],[-60.8048431,-31.7102791],[-60.8048721,-31.7103332],[-60.8049766,-31.7105209],[-60.8056049,-31.7118392]]]},"geometry_name":"geom","properties":{"gid":18,"rtn":"11","typ":40,"rst":1,"hct":1,"fdc":"Dirección Nacional de Vialidad","sag":"IGN"},"bbox":[-60.8056049,-31.7118392,-60.8038476,-31.7084862]},{"type":"Feature","id":"vial_nacional.19","geometry":{"type":"MultiLineString","coordinates":[[[-60.8038476,-31.7084862],[-60.8034141,-31.7076531],[-60.8021857,-31.7052357],[-60.8018164,-31.7045462],[-60.8014682,-31.7038846],[-60.8011297,-31.7032143],[-60.8005381,-31.7021194],[-60.7989113,-31.698979],[-60.796933,-31.695178],[-60.7964831,-31.6943275],[-60.796142,-31.6936827],[-60.79608,-31.6935619],[-60.7952126,-31.6918814],[-60.7943809,-31.6902765],[-60.7935212,-31.6885878],[-60.7931895,-31.687971],[-60.7928815,-31.6873777],[-60.7923333,-31.6862722],[-60.7921322,-31.6859343],[-60.7919413,-31.6856786],[-60.7917682,-31.6854851],[-60.7914937,-31.6852417],[-60.7912898,-31.6850902],[-60.7911085,-31.6849708],[-60.7909144,-31.6848774],[-60.7906827,-31.684784],[-60.7902387,-31.6846479],[-60.7898552,-31.6845543],[-60.7894784,-31.6845148],[-60.7890353,-31.6845236],[-60.7883956,-31.6846297],[-60.7882454,-31.6846582],[-60.7867889,-31.6849241],[-60.7847437,-31.6852939],[-60.7832929,-31.6855389],[-60.7830532,-31.6855849],[-60.7824735,-31.6856834],[-60.7818357,-31.6858018],[-60.7807831,-31.6859883],[-60.7807093,-31.6860071]]]},"geometry_name":"geom","properties":{"gid":19,"rtn":"11","typ":40,"rst":1,"hct":1,"fdc":"Dirección Nacional de Vialidad","sag":"IGN"},"bbox":[-60.8038476,-31.7084862,-60.7807093,-31.6845148]},{"type":"Feature","id":"vial_nacional.20","geometry":{"type":"MultiLineString","coordinates":[[[-60.7559993,-32.7144093],[-60.7563408,-32.7139444],[-60.75668991,-32.71350716],[-60.7567445,-32.7134388],[-60.75715995,-32.71290793],[-60.7572866,-32.7127461],[-60.7575695,-32.7124094],[-60.7571658,-32.7130173],[-60.7568287,-32.7134321],[-60.7567618,-32.7135145],[-60.7563801,-32.7139842],[-60.7559993,-32.7144093]]]},"geometry_name":"geom","properties":{"gid":20,"rtn":"11","typ":40,"rst":1,"hct":1,"fdc":"Dirección Nacional de Vialidad","sag":"IGN"},"bbox":[-60.7575695,-32.7144093,-60.7559993,-32.7124094]},{"type":"Feature","id":"vial_nacional.21","geometry":{"type":"MultiLineString","coordinates":[[[-60.7542946,-32.7167557],[-60.7545817,-32.716336],[-60.7547968,-32.7160379],[-60.7559993,-32.7144093]]]},"geometry_name":"geom","properties":{"gid":21,"rtn":"11","typ":40,"rst":1,"hct":1,"fdc":"Dirección Nacional de Vialidad","sag":"IGN"},"bbox":[-60.7559993,-32.7167557,-60.7542946,-32.7144093]},{"type":"Feature","id":"vial_nacional.47","geometry":{"type":"MultiLineString","coordinates":[[[-58.1971537,-26.1625846],[-58.1976955,-26.1631587],[-58.1979932,-26.1634861],[-58.1981716,-26.1636884],[-58.1982462,-26.1637675],[-58.2002446,-26.1658641],[-58.2006461,-26.1662982]]]},"geometry_name":"geom","properties":{"gid":47,"rtn":"11","typ":40,"rst":1,"hct":1,"fdc":"Dirección Nacional de Vialidad","sag":"IGN"},"bbox":[-58.2006461,-26.1662982,-58.1971537,-26.1625846]},{"type":"Feature","id":"vial_nacional.23","geometry":{"type":"MultiLineString","coordinates":[[[-60.7346686,-31.6642012],[-60.7377923,-31.6651524],[-60.7382493,-31.6652474],[-60.7388786,-31.6653443],[-60.7389893,-31.6653635],[-60.7392214,-31.6654031],[-60.752892,-31.6677369],[-60.7530247,-31.6677566],[-60.7531529,-31.6677675],[-60.7532717,-31.667774],[-60.7534469,-31.6677688],[-60.7535239,-31.6677636],[-60.7535934,-31.6677571],[-60.7543743,-31.6676671],[-60.7544938,-31.6676527],[-60.7552727,-31.667569],[-60.7555041,-31.6675446],[-60.7565362,-31.6674274],[-60.7575483,-31.6673211],[-60.7585134,-31.6672074],[-60.7590982,-31.6671418],[-60.7598924,-31.6670524],[-60.7609535,-31.6669332],[-60.7620405,-31.6667985],[-60.7621099,-31.6667929],[-60.762824,-31.6667239],[-60.7636108,-31.6666248],[-60.7637621,-31.6666051],[-60.7638513,-31.6666065],[-60.763962,-31.6666179],[-60.7640183,-31.6666327],[-60.7640761,-31.6666604],[-60.7641216,-31.6666921],[-60.7641788,-31.6667456],[-60.7647735,-31.6675295],[-60.7650824,-31.6679271],[-60.7653507,-31.6682724],[-60.7661657,-31.6693214],[-60.7667341,-31.670053],[-60.7671652,-31.6706079],[-60.7674011,-31.6709115],[-60.7679382,-31.6716027],[-60.7681399,-31.6718541],[-60.7689,-31.6728034],[-60.76893612,-31.67285108],[-60.7691999,-31.6731993],[-60.769537,-31.6736443],[-60.7697455,-31.6739072],[-60.7701175,-31.6743762],[-60.7706137,-31.6750018],[-60.7710584,-31.6755623],[-60.7711612,-31.675692],[-60.7716835,-31.6763546],[-60.7718687,-31.6765896],[-60.7719332,-31.6766714],[-60.7722719,-31.677099],[-60.7725013,-31.6773922],[-60.7728082,-31.6777459],[-60.7735049,-31.6786143],[-60.7735862,-31.6787177],[-60.7741705,-31.6794541],[-60.7743938,-31.6797306],[-60.7748132,-31.6802792],[-60.7750121,-31.6805378],[-60.7755171,-31.6811944],[-60.7757865,-31.6815472],[-60.7763316,-31.6822534],[-60.776447,-31.6824034],[-60.7768526,-31.6829308],[-60.7771581,-31.683328],[-60.7772894,-31.6834936],[-60.7774415,-31.6836854],[-60.7780928,-31.6845069],[-60.7783575,-31.6848767],[-60.778643,-31.6852292],[-60.7788828,-31.6855396]]]},"geometry_name":"geom","properties":{"gid":23,"rtn":"11","typ":40,"rst":1,"hct":1,"fdc":"Dirección Nacional de Vialidad","sag":"IGN"},"bbox":[-60.7788828,-31.6855396,-60.7346686,-31.6642012]},{"type":"Feature","id":"vial_nacional.24","geometry":{"type":"MultiLineString","coordinates":[[[-60.74216279,-31.43589272],[-60.74223775,-31.43550868],[-60.7423292,-31.4347803],[-60.7437524,-31.4278017],[-60.7441082,-31.4244229],[-60.7447989,-31.4176537],[-60.7452584,-31.4132076],[-60.7457003,-31.408696],[-60.7457784,-31.4079797],[-60.7458198,-31.4077607],[-60.7459072,-31.4075224],[-60.7459836,-31.4073961],[-60.7461122,-31.407251],[-60.746416,-31.4069544],[-60.7465275,-31.4067877],[-60.7466068,-31.4065751],[-60.7467255,-31.4055186],[-60.7468501,-31.4044091],[-60.746906,-31.4039262],[-60.7470076,-31.4028039],[-60.7471035,-31.4017436],[-60.7472018,-31.400657],[-60.7473216,-31.3995801],[-60.747441,-31.3985066],[-60.7475651,-31.3973914],[-60.7476786,-31.3963711],[-60.7476788,-31.3961977],[-60.7476572,-31.3960149],[-60.7475873,-31.3957675],[-60.7473131,-31.3948266],[-60.7472681,-31.3946489],[-60.7472233,-31.3945098],[-60.7472114,-31.3942867],[-60.7472065,-31.3940971],[-60.7472199,-31.3938867],[-60.7474142,-31.3919691],[-60.7477188,-31.3893653],[-60.7479497,-31.3870353],[-60.7488004,-31.3788221],[-60.7512778,-31.3546439],[-60.7521433,-31.346626],[-60.7532601,-31.3357013],[-60.7539799,-31.3288843],[-60.7549419,-31.319238],[-60.7549962,-31.3189213],[-60.7551074,-31.318612],[-60.7555034,-31.3178403],[-60.7556322,-31.3175562],[-60.7556853,-31.3173598],[-60.7560001,-31.3147654],[-60.7560195,-31.3145981],[-60.7561471,-31.3130008],[-60.7561491,-31.3126341],[-60.7561364,-31.3125241],[-60.7560935,-31.3121025],[-60.7558789,-31.3114242],[-60.7557985,-31.3111126],[-60.7558091,-31.3106679],[-60.7576138,-31.2927748],[-60.7578609,-31.2908145],[-60.7583685,-31.2858843],[-60.7586562,-31.282872],[-60.75869,-31.2825965],[-60.7587423,-31.2821969],[-60.7587718,-31.2818428],[-60.758912,-31.2803761],[-60.7589527,-31.280021],[-60.759037,-31.2793427],[-60.7590859,-31.2791414],[-60.7591573,-31.2789594],[-60.759245,-31.2787929],[-60.7593502,-31.2786351],[-60.7594455,-31.2785303],[-60.759596,-31.2783737],[-60.7597577,-31.2782373],[-60.7601752,-31.2779323],[-60.7603356,-31.2777895],[-60.7605207,-31.2775727],[-60.7606476,-31.2773851],[-60.760739,-31.2771683],[-60.7608142,-31.2769062],[-60.7608414,-31.2766368],[-60.7608267,-31.2763985],[-60.7607361,-31.2758863],[-60.7605223,-31.2748054],[-60.7603067,-31.2737516],[-60.7600844,-31.272664],[-60.7598801,-31.271569],[-60.7596748,-31.2705455],[-60.7594525,-31.2694733],[-60.7592881,-31.2685818],[-60.7592577,-31.2684478],[-60.7590278,-31.2673423],[-60.7588292,-31.2663461],[-60.758809,-31.2662426],[-60.7586135,-31.265241],[-60.7586027,-31.2651855],[-60.7584662,-31.2646103],[-60.7583981,-31.264146],[-60.7582024,-31.2630813],[-60.757986,-31.2620263],[-60.7579331,-31.2617307],[-60.7577958,-31.2609423],[-60.757565,-31.2598633],[-60.7573569,-31.2587421],[-60.7571583,-31.2577526],[-60.7571422,-31.2576742],[-60.7566915,-31.2553105],[-60.7566299,-31.2550366],[-60.7565499,-31.2547772],[-60.7562848,-31.2542938],[-60.7559027,-31.2536617],[-60.7558541,-31.2535717],[-60.7557549,-31.2533878],[-60.7556809,-31.2532034],[-60.7556193,-31.2529979],[-60.7544801,-31.2474485],[-60.7515823,-31.232566],[-60.7479491,-31.2144105],[-60.7475826,-31.2124477],[-60.7470116,-31.2098133],[-60.7449421,-31.199665],[-60.7440395,-31.1945139],[-60.7438647,-31.193516],[-60.7438647,-31.1931902],[-60.7438915,-31.1928827],[-60.7440124,-31.192277],[-60.7440534,-31.1919958],[-60.7440665,-31.1918242],[-60.74406,-31.1916386],[-60.7440169,-31.191396],[-60.7437377,-31.1899878],[-60.7435871,-31.189223],[-60.7435555,-31.189058],[-60.7433757,-31.1881182],[-60.7431479,-31.1870136],[-60.7429402,-31.1859662],[-60.7427311,-31.1848792],[-60.7425215,-31.1838181],[-60.7423125,-31.1827456],[-60.7421069,-31.1816912],[-60.7420006,-31.1812022],[-60.7419523,-31.1809991],[-60.7419228,-31.1808992],[-60.7418919,-31.1808086],[-60.7418517,-31.1807117],[-60.741806,-31.1806147],[-60.7417335,-31.1804811],[-60.7416008,-31.1802657],[-60.7411449,-31.1795373],[-60.7410209,-31.1791715],[-60.7408403,-31.178261],[-60.7395849,-31.1719142],[-60.7382341,-31.1650514],[-60.7377908,-31.1628215],[-60.7359923,-31.1537454],[-60.7342094,-31.1446791],[-60.7333451,-31.1402771],[-60.7316145,-31.1315089],[-60.7295855,-31.1213067],[-60.7276572,-31.111404],[-60.7269723,-31.1079546],[-60.726971,-31.1075413],[-60.7270211,-31.107112],[-60.7271386,-31.1065584],[-60.72716,-31.1060991],[-60.7267198,-31.1037588],[-60.7262856,-31.1015817],[-60.7262105,-31.1012601],[-60.7261274,-31.1009822],[-60.7259396,-31.1005803],[-60.7254399,-31.0997612],[-60.7253154,-31.0994428],[-60.7252165,-31.0990415],[-60.7237271,-31.0915311],[-60.7235129,-31.0904513],[-60.7234758,-31.0902436],[-60.7234708,-31.089989],[-60.7234883,-31.0897503],[-60.7247033,-31.0835108],[-60.725393,-31.0799662],[-60.7254388,-31.0797012],[-60.7254564,-31.0794964],[-60.7254535,-31.0793019],[-60.7254239,-31.0790702],[-60.7253864,-31.0788715],[-60.7242101,-31.0739205],[-60.7236381,-31.0715075],[-60.7227275,-31.0677131],[-60.7219737,-31.0645662],[-60.7212158,-31.0617791],[-60.719783,-31.0559725],[-60.7187334,-31.0515211],[-60.7176141,-31.0466609],[-60.7149539,-31.0354392],[-60.7148378,-31.0350978],[-60.7147567,-31.0349407],[-60.7145911,-31.0346654],[-60.7144609,-31.0344931],[-60.714268,-31.0342851],[-60.7140475,-31.0340864],[-60.7138201,-31.0339231],[-60.713592,-31.0337773],[-60.7132864,-31.0336335],[-60.712903,-31.0334958],[-60.7125703,-31.0334177],[-60.7122563,-31.0333704],[-60.7120664,-31.0333531],[-60.7118059,-31.033352],[-60.7114548,-31.0333705],[-60.70862,-31.0338257],[-60.7082386,-31.0338491],[-60.7080357,-31.0338411],[-60.7077424,-31.0338162],[-60.707508,-31.033783],[-60.7070906,-31.0336782],[-60.7066783,-31.0335081],[-60.7063091,-31.0332851],[-60.7059772,-31.0330221],[-60.70568,-31.0327047],[-60.7054329,-31.0323341],[-60.6996412,-31.021557],[-60.6962304,-31.0152016],[-60.6917173,-31.0067894],[-60.6831752,-30.9908655],[-60.682627,-30.9898018],[-60.6812861,-30.9871999],[-60.6770852,-30.9794374],[-60.6716213,-30.9692392],[-60.6661542,-30.9590342],[-60.6618226,-30.951026],[-60.6609529,-30.9494177],[-60.6607874,-30.9490799],[-60.6606891,-30.9487653],[-60.6606192,-30.9484035],[-60.6605246,-30.9474903],[-60.6605117,-30.9474185],[-60.6604843,-30.9472657],[-60.660385,-30.9469615],[-60.660057,-30.94637],[-60.6595433,-30.9454439],[-60.6589742,-30.9444177],[-60.6584403,-30.9434154],[-60.6583973,-30.9433345],[-60.6583622,-30.9432686],[-60.6578456,-30.9422987],[-60.6573168,-30.9412983],[-60.6572975,-30.9412617],[-60.6568049,-30.9403446],[-60.6562869,-30.9393721],[-60.6558457,-30.9385184],[-60.6556045,-30.9380952],[-60.6552417,-30.9375811],[-60.6542184,-30.9362374],[-60.6535818,-30.9353925],[-60.653265,-30.9349059],[-60.6530381,-30.9344828],[-60.6528621,-30.9341546],[-60.6505391,-30.9298199],[-60.6458326,-30.9210073],[-60.6399886,-30.9101181],[-60.6378152,-30.9060006],[-60.6352914,-30.9013125],[-60.63062,-30.8925471],[-60.6272475,-30.886263],[-60.6258898,-30.883733],[-60.6212403,-30.8749433],[-60.6198036,-30.8723045],[-60.6196748,-30.8717888],[-60.6196303,-30.8712239],[-60.6195873,-30.8708325],[-60.6194747,-30.8704412],[-60.6171707,-30.8660292],[-60.6169051,-30.865657],[-60.6165296,-30.865284],[-60.6159626,-30.8647162],[-60.6157695,-30.8644952],[-60.6155549,-30.8642373],[-60.6118302,-30.8572946],[-60.607094,-30.8484462],[-60.6068527,-30.8479166],[-60.6067346,-30.8475758],[-60.6066542,-30.8472304],[-60.6048887,-30.8393425],[-60.6038128,-30.8346229],[-60.6019906,-30.8261321],[-60.6014488,-30.8237946],[-60.6012675,-30.8232185],[-60.6005853,-30.8217036],[-60.6003729,-30.8210714],[-60.5990833,-30.8153728],[-60.5987273,-30.8136569],[-60.5986183,-30.8131753],[-60.5983964,-30.8121953],[-60.5976453,-30.8086796],[-60.5967558,-30.8045155],[-60.5963761,-30.802738],[-60.5961807,-30.8018235],[-60.5960879,-30.8013996],[-60.5960798,-30.8011203],[-60.5960815,-30.8009095],[-60.596109,-30.8006473],[-60.5961367,-30.8003834],[-60.5961806,-30.8000738],[-60.5962033,-30.7999896],[-60.5962831,-30.7997095],[-60.5963969,-30.7994056],[-60.5965982,-30.7989827],[-60.5968782,-30.7985283],[-60.5976093,-30.7974163],[-60.5978531,-30.7970865],[-60.5988632,-30.7955386],[-60.599394,-30.7948075],[-60.5997565,-30.7942143],[-60.5999038,-30.7939626],[-60.5999458,-30.7938796],[-60.5999916,-30.7937981],[-60.6000259,-30.793732],[-60.6003323,-30.7931895],[-60.6005609,-30.7926899],[-60.6006269,-30.79252],[-60.6007348,-30.7920964],[-60.6008052,-30.7917104],[-60.6008364,-30.7914154],[-60.6008627,-30.7911474],[-60.6008423,-30.7906514],[-60.6007795,-30.7902699],[-60.6006793,-30.7898252],[-60.6003886,-30.788567],[-60.600042,-30.7872639],[-60.5997712,-30.7860543],[-60.599687,-30.785689],[-60.5995945,-30.7854012],[-60.5994659,-30.7850774],[-60.5992745,-30.7847217],[-60.599081,-30.7844297],[-60.5988582,-30.7841572],[-60.5983786,-30.7836321],[-60.5976025,-30.7828667],[-60.5973528,-30.7826057],[-60.5967843,-30.7820274],[-60.5959675,-30.7812095],[-60.5958341,-30.7810768],[-60.5955485,-30.780779],[-60.5949425,-30.7801821],[-60.5944819,-30.7797401],[-60.5941105,-30.779448],[-60.5937816,-30.7792291],[-60.5930793,-30.7788607],[-60.5929845,-30.778824],[-60.5928079,-30.778749],[-60.5912699,-30.778142],[-60.5910984,-30.7780743],[-60.5852606,-30.7755352],[-60.5851371,-30.7754823],[-60.5819556,-30.7741241],[-60.5818075,-30.7740605],[-60.5791376,-30.7729219],[-60.5755449,-30.7713688],[-60.5750798,-30.7711734],[-60.5743714,-30.7708381],[-60.573924,-30.770571],[-60.5735696,-30.7703017],[-60.5734247,-30.7701784],[-60.5729747,-30.7697596],[-60.5721922,-30.7689644],[-60.5683029,-30.7650024],[-60.5669899,-30.7636829],[-60.5656908,-30.7623533],[-60.5644363,-30.7610803],[-60.563546,-30.7601858],[-60.5429088,-30.7393001],[-60.5348491,-30.7311004],[-60.5323989,-30.7286104],[-60.5286938,-30.7248645],[-60.5247224,-30.7208307],[-60.5219466,-30.7180113],[-60.5140011,-30.7099332],[-60.5133498,-30.7092148],[-60.5127067,-30.7084177],[-60.5123895,-30.7079234],[-60.5121097,-30.7074035],[-60.5118424,-30.7068441],[-60.5116238,-30.7062833],[-60.5110231,-30.7043919],[-60.5082767,-30.6954135],[-60.5055543,-30.6865144],[-60.5046333,-30.6835364],[-60.504182,-30.6820591],[-60.5040279,-30.6815003],[-60.5039616,-30.6811932],[-60.503919,-30.6808482],[-60.5039182,-30.6804972],[-60.503948,-30.6799539],[-60.5040103,-30.6796324],[-60.5041035,-30.6792809],[-60.5043805,-30.6785298],[-60.5047292,-30.6777316],[-60.5050787,-30.6768431],[-60.5051875,-30.6761548],[-60.5052123,-30.6756096],[-60.5051705,-30.6750579],[-60.5048369,-30.6738733],[-60.5045168,-30.6727907],[-60.5041788,-30.6717431],[-60.5038849,-30.6708099],[-60.5037768,-30.6705628],[-60.5036642,-30.6703074],[-60.5034937,-30.6699939],[-60.5032222,-30.6695829],[-60.5029899,-30.6693303],[-60.5027856,-30.6691248],[-60.5024712,-30.6688438],[-60.5020405,-30.6685059],[-60.5009043,-30.6676687],[-60.5004537,-30.667318],[-60.5000578,-30.6669506],[-60.4997419,-30.6665799],[-60.4995075,-30.6662673],[-60.4992269,-30.6657664],[-60.4986976,-30.6641798],[-60.4946531,-30.651001],[-60.4945357,-30.6506116],[-60.4890677,-30.6327698],[-60.4876588,-30.6281913],[-60.4863757,-30.6239647],[-60.484472,-30.6177752],[-60.4836197,-30.614963],[-60.4808503,-30.605978],[-60.4800535,-30.6033416],[-60.4781601,-30.5971661],[-60.4776025,-30.5953227],[-60.477461,-30.5947567],[-60.4774005,-30.5943583],[-60.477376,-30.5940669],[-60.4773874,-30.593797],[-60.4774109,-30.5934804],[-60.4774665,-30.5930899],[-60.4777792,-30.5915527],[-60.4778037,-30.5911614],[-60.4777813,-30.5907848],[-60.4777064,-30.590418],[-60.4776119,-30.5901639],[-60.4774752,-30.5898654],[-60.477317,-30.5896442],[-60.4771508,-30.5894443],[-60.4769224,-30.5892174],[-60.4766903,-30.5890295],[-60.4764732,-30.5888847],[-60.4762246,-30.5887559],[-60.475973,-30.5886414],[-60.4756783,-30.5885376],[-60.4753518,-30.5884437],[-60.4751336,-30.588397],[-60.4750086,-30.5883654],[-60.4748863,-30.5883346],[-60.4738914,-30.5881004],[-60.4725689,-30.5877705],[-60.4722999,-30.5876779],[-60.4718173,-30.5874945],[-60.4713962,-30.587289],[-60.4709564,-30.5870491],[-60.4705175,-30.586751],[-60.4700162,-30.5863289],[-60.4695663,-30.5858503],[-60.46923,-30.5853848],[-60.4689452,-30.5849166],[-60.4688527,-30.5847003],[-60.4687503,-30.5844608],[-60.468565,-30.5840129],[-60.4682154,-30.5829064],[-60.467862,-30.5817317],[-60.4674789,-30.580509],[-60.467421,-30.5803239],[-60.4670418,-30.5790861],[-60.4666752,-30.5778599],[-60.4665238,-30.5773507],[-60.4663973,-30.5768295],[-60.4663526,-30.576555],[-60.466332,-30.5762758],[-60.4663768,-30.5756809],[-60.4665125,-30.575007],[-60.4672069,-30.5727468],[-60.4678696,-30.5706923],[-60.4679486,-30.5704363],[-60.4681191,-30.5696999],[-60.4681298,-30.569413],[-60.4681309,-30.5691437],[-60.4681021,-30.5687369],[-60.4680319,-30.5683235],[-60.4678157,-30.567541],[-60.4675685,-30.5667442],[-60.4667922,-30.5641521],[-60.46606,-30.5618475],[-60.4634042,-30.5531339],[-60.4606756,-30.5442027],[-60.4553218,-30.5267444],[-60.4551553,-30.5262201],[-60.4543617,-30.5235687],[-60.4520613,-30.5160536],[-60.449752,-30.5084966],[-60.4465091,-30.4979037],[-60.4432619,-30.4872833],[-60.4431887,-30.487066],[-60.4412766,-30.4807836],[-60.4397821,-30.4759086],[-60.4386491,-30.4722103],[-60.438579,-30.4719865],[-60.4345545,-30.4587825],[-60.4333058,-30.4547112],[-60.4331737,-30.4543014],[-60.4329675,-30.4537842],[-60.4328245,-30.4534877],[-60.4326243,-30.453179],[-60.4322559,-30.4526692],[-60.4314578,-30.4516912],[-60.4312259,-30.4513883],[-60.4309611,-30.4510163],[-60.4307851,-30.4507177],[-60.4305783,-30.4502265],[-60.4303909,-30.449706],[-60.4300812,-30.4486578],[-60.43,-30.4483461],[-60.4299433,-30.4480415],[-60.4299128,-30.4478171],[-60.4298986,-30.4475822],[-60.4299011,-30.4471941],[-60.4299578,-30.4464828],[-60.4299702,-30.4464065],[-60.4300728,-30.4452977],[-60.4301014,-30.445053],[-60.4301057,-30.4448224],[-60.4300909,-30.4445546],[-60.4300654,-30.4443183],[-60.4300141,-30.4440241],[-60.4299519,-30.4437503],[-60.4297898,-30.4431891],[-60.424146,-30.4247516],[-60.423566,-30.4228387],[-60.4228354,-30.4204336],[-60.4192388,-30.4086268],[-60.4159423,-30.3978563],[-60.4111915,-30.3822744],[-60.4100552,-30.3785484],[-60.4095376,-30.3768405],[-60.409323,-30.3763683],[-60.4091219,-30.3760038],[-60.408875,-30.3756625],[-60.4085751,-30.3752982],[-60.4083172,-30.3750215],[-60.4080086,-30.374756],[-60.4076101,-30.3744597],[-60.4030877,-30.3713841],[-60.4023807,-30.3709177],[-60.4023268,-30.3708809],[-60.4015066,-30.3703209],[-60.3997413,-30.3691201],[-60.3995787,-30.369014],[-60.3993308,-30.3688413],[-60.399012,-30.3686012],[-60.3987767,-30.3683925],[-60.3986001,-30.3682137],[-60.3983175,-30.367873],[-60.3980884,-30.3675405],[-60.3979193,-30.3672021],[-60.3978076,-30.3669189],[-60.3977418,-30.3667019],[-60.3976144,-30.3661419],[-60.3973985,-30.3650856],[-60.3971818,-30.3640098],[-60.3969415,-30.3627818],[-60.3967999,-30.3620753],[-60.3967684,-30.361913],[-60.3967405,-30.3617264],[-60.3967049,-30.3614169],[-60.3966995,-30.3611512],[-60.3966921,-30.360873],[-60.3967116,-30.3606039],[-60.3967464,-30.360334],[-60.3967838,-30.3600745],[-60.3969234,-30.3595629],[-60.3969712,-30.359434],[-60.3970212,-30.3593022],[-60.3971541,-30.3589783],[-60.3973418,-30.3586222],[-60.3975941,-30.3582427],[-60.3977815,-30.3579594],[-60.3979513,-30.3577242],[-60.3984102,-30.3570769],[-60.3988687,-30.3564539],[-60.3992583,-30.3559062],[-60.3997433,-30.3552363],[-60.4003647,-30.3543635],[-60.400684,-30.3539187],[-60.4009572,-30.3535212],[-60.4011903,-30.3531353],[-60.4013783,-30.3526992],[-60.4014723,-30.3524149],[-60.4015253,-30.3522109],[-60.40158,-30.3519486],[-60.4016104,-30.3516891],[-60.4016265,-30.3514183],[-60.4016242,-30.3511726],[-60.4016118,-30.3509187],[-60.4015837,-30.3506648],[-60.4014764,-30.3501869],[-60.401335,-30.3497049],[-60.3981862,-30.3393766],[-60.3975961,-30.3374362],[-60.3924751,-30.3206359],[-60.3906305,-30.3145777],[-60.3835595,-30.2913352],[-60.3791326,-30.2768145],[-60.3776744,-30.2719955],[-60.3764694,-30.268037],[-60.3735246,-30.2583608],[-60.3684311,-30.2416224],[-60.3669758,-30.2368079],[-60.3667176,-30.2360268],[-60.3664204,-30.2354585],[-60.3660955,-30.2350041],[-60.3656678,-30.2345296],[-60.3651667,-30.2341001],[-60.364529,-30.233672],[-60.3638615,-30.2332686],[-60.3634323,-30.2330003],[-60.3628921,-30.2326625],[-60.3624203,-30.23231],[-60.3620684,-30.2319961],[-60.3618164,-30.2317157],[-60.3616861,-30.2315624],[-60.3614437,-30.2312288],[-60.3612869,-30.2309471],[-60.3611569,-30.2306434],[-60.3611218,-30.2305617],[-60.3610212,-30.2303132],[-60.3608943,-30.2299705],[-60.3606982,-30.2293534],[-60.3605176,-30.2287062],[-60.36033,-30.2280953],[-60.3600051,-30.2270601],[-60.3596905,-30.2259702],[-60.3593199,-30.2248082],[-60.3591415,-30.2242447],[-60.3589949,-30.2237202],[-60.3589554,-30.2235536],[-60.3589287,-30.2234116],[-60.3589126,-30.2232684],[-60.3588842,-30.2229823],[-60.3588726,-30.2226944],[-60.3588881,-30.2224072],[-60.3589084,-30.2221853],[-60.3589289,-30.2220318],[-60.3589646,-30.2218879],[-60.3590247,-30.2216409],[-60.3590973,-30.2214109],[-60.3591833,-30.2211832],[-60.3593379,-30.2208507],[-60.3594691,-30.2205927],[-60.3600547,-30.219498],[-60.3604048,-30.2188513],[-60.360566,-30.218512],[-60.3607107,-30.2181391],[-60.3608348,-30.2176719],[-60.3608889,-30.2173747],[-60.3609241,-30.2169633],[-60.3609197,-30.2165156],[-60.3608676,-30.216102],[-60.3607627,-30.215631],[-60.3549129,-30.1963606],[-60.348241,-30.1745282],[-60.3481863,-30.1743491],[-60.3415427,-30.1524291],[-60.3410224,-30.1506363],[-60.3407998,-30.1500379],[-60.3405029,-30.1494908],[-60.3401354,-30.1490052],[-60.3397054,-30.148535],[-60.3390563,-30.1479111],[-60.3386488,-30.1475197],[-60.3381498,-30.1470158],[-60.3377152,-30.1465542],[-60.337353,-30.1460741],[-60.3371857,-30.1457735],[-60.3370232,-30.1454107],[-60.3368167,-30.1448332],[-60.3366875,-30.1444109],[-60.3365172,-30.1438793],[-60.3363479,-30.1433273],[-60.3363102,-30.1431936],[-60.3362355,-30.1429283],[-60.3361295,-30.1425204],[-60.3360896,-30.1422875],[-60.3360776,-30.1422171],[-60.3360531,-30.141924],[-60.33606,-30.1416137],[-60.3361408,-30.1411684],[-60.3362824,-30.1407263],[-60.336385,-30.1404108],[-60.3367993,-30.1393776],[-60.3369294,-30.1389206],[-60.3370071,-30.1383988],[-60.3370179,-30.1379116],[-60.3369918,-30.1375747],[-60.336936,-30.1372436],[-60.336851,-30.1368731],[-60.3367416,-30.1365036],[-60.3329751,-30.1240814],[-60.3313231,-30.1186326],[-60.3312749,-30.1184911],[-60.3310643,-30.1173746],[-60.3290734,-30.1068261],[-60.3285888,-30.1042585],[-60.3260462,-30.0907268],[-60.3253574,-30.0868538],[-60.3230124,-30.0743908],[-60.3216063,-30.0668883],[-60.3193796,-30.0550025],[-60.3181948,-30.0486308],[-60.3173726,-30.0442089],[-60.3172803,-30.0438705],[-60.3171738,-30.043581],[-60.3170286,-30.043252],[-60.3168566,-30.042914],[-60.3166511,-30.0425827],[-60.3162268,-30.0420047],[-60.3159975,-30.0416331],[-60.3155302,-30.0408754],[-60.3152923,-30.0404737],[-60.3151212,-30.0400799],[-60.315007,-30.0397586],[-60.3148289,-30.0389998],[-60.3147895,-30.0388559],[-60.3146258,-30.0379486],[-60.3144351,-30.036891],[-60.3143323,-30.0363213],[-60.3142521,-30.0358006],[-60.3141855,-30.0352337],[-60.3142244,-30.034728],[-60.3142477,-30.0344255],[-60.3144136,-30.0337676],[-60.3145008,-30.0335166],[-60.3147498,-30.0327694],[-60.3149116,-30.0320509],[-60.3149116,-30.0311528],[-60.3147747,-30.0303014],[-60.3121257,-30.0161913],[-60.3116552,-30.0137533],[-60.311607,-30.0135034],[-60.3042736,-29.9750086],[-60.3031326,-29.9690179],[-60.302203,-29.9639938],[-60.2981305,-29.942221],[-60.2963508,-29.9327047],[-60.2947451,-29.9239875],[-60.2918171,-29.9082938],[-60.2916615,-29.9076365],[-60.2914932,-29.9071733],[-60.291305,-29.9067355],[-60.2910877,-29.9063615],[-60.290831,-29.906],[-60.2904671,-29.9055775],[-60.2901366,-29.9052422],[-60.2897972,-29.904959],[-60.2891031,-29.9044408],[-60.2854266,-29.9018503],[-60.2834725,-29.9004544],[-60.2831462,-29.9001832],[-60.2828348,-29.899892],[-60.2825823,-29.8996224],[-60.2823288,-29.8993184],[-60.2820682,-29.8989258],[-60.2819214,-29.8986637],[-60.2818485,-29.8985208],[-60.2817924,-29.8984107],[-60.2816758,-29.8981375],[-60.2815697,-29.8978336],[-60.2815399,-29.8977337],[-60.2814585,-29.89746],[-60.2813938,-29.8972247],[-60.2812055,-29.8962549],[-60.2810819,-29.8956461],[-60.2806969,-29.8935272],[-60.2804563,-29.8922582],[-60.2802718,-29.8912526],[-60.2800619,-29.8901746],[-60.2798683,-29.8890097],[-60.2796444,-29.8878994],[-60.2795218,-29.8872514],[-60.2792467,-29.8857495],[-60.2790736,-29.8847297],[-60.2789797,-29.8840821],[-60.2789726,-29.8836332],[-60.2790031,-29.8832319],[-60.2790756,-29.8827806],[-60.2792058,-29.8822733],[-60.2794189,-29.8817602],[-60.279652,-29.8813114],[-60.2799679,-29.8808161],[-60.280413,-29.8801873],[-60.280695,-29.8797792],[-60.2808326,-29.8795816],[-60.2816289,-29.8784869],[-60.2836426,-29.8756616],[-60.2840219,-29.8751226],[-60.2843324,-29.87465],[-60.2845619,-29.8741868],[-60.2847223,-29.8737408],[-60.2848056,-29.8733071],[-60.2848435,-29.8729617],[-60.2848404,-29.8724837],[-60.2848116,-29.8720167],[-60.2847243,-29.8715536],[-60.2845982,-29.8709935],[-60.2838293,-29.866882],[-60.2831876,-29.8634506],[-60.2812999,-29.8531591],[-60.2811973,-29.8526231],[-60.2779904,-29.8353579],[-60.2763603,-29.8264424],[-60.2748086,-29.8176869],[-60.2731184,-29.8086231],[-60.2729633,-29.8078566],[-60.2727914,-29.8072548],[-60.2725669,-29.8066496],[-60.2714002,-29.8041946],[-60.2712014,-29.8037258],[-60.2710415,-29.8032475],[-60.2708933,-29.8027342],[-60.2702772,-29.7993947],[-60.2702333,-29.7989253],[-60.2702444,-29.7982773],[-60.2702892,-29.7978855],[-60.2706268,-29.7960456],[-60.270636,-29.7957319],[-60.2706244,-29.7954687],[-60.2705403,-29.7947254],[-60.2689699,-29.7862892],[-60.2590201,-29.7327974],[-60.258517,-29.7301597],[-60.2543199,-29.7075488],[-60.2537613,-29.7044862],[-60.2535887,-29.7035968],[-60.2534768,-29.7030703],[-60.2533262,-29.7025787],[-60.2530494,-29.7019107],[-60.2527205,-29.7013492],[-60.2493704,-29.6969718],[-60.2489896,-29.6964624],[-60.2486355,-29.6958675],[-60.2483842,-29.6952748],[-60.2482253,-29.6946973],[-60.2481647,-29.6944384],[-60.2479892,-29.6934887],[-60.2477556,-29.6922235],[-60.2476691,-29.6917557],[-60.2475743,-29.6912425],[-60.2475615,-29.6911729],[-60.2473592,-29.6900776],[-60.2471598,-29.6889981],[-60.2469557,-29.6878929],[-60.2469117,-29.6873467],[-60.2468991,-29.6868542],[-60.2469352,-29.6865163],[-60.2470183,-29.6860527],[-60.24716,-29.6855153],[-60.248593,-29.6810083],[-60.2488668,-29.6800465],[-60.248962,-29.6791468],[-60.2487745,-29.6775327],[-60.2476705,-29.6717955],[-60.2476417,-29.6716401],[-60.2463888,-29.6648813],[-60.2446329,-29.6555216],[-60.2428686,-29.6458885],[-60.2387872,-29.6240106],[-60.2361901,-29.6100154],[-60.2360692,-29.6095255],[-60.2359587,-29.6091675],[-60.2357855,-29.6087341],[-60.2355681,-29.6082847],[-60.2354214,-29.6080013],[-60.2347137,-29.6067599],[-60.2328857,-29.6035464],[-60.2327,-29.6031646],[-60.2325122,-29.6027214],[-60.2323684,-29.6022456],[-60.2322851,-29.6018583],[-60.2322177,-29.6013426],[-60.2321872,-29.6008099],[-60.232191,-29.6003841],[-60.232273,-29.5998094],[-60.2323921,-29.5993066],[-60.2327076,-29.5983891],[-60.2331029,-29.5972892],[-60.2332655,-29.5967472],[-60.2333383,-29.5964043],[-60.2333899,-29.5960368],[-60.2334083,-29.5956688],[-60.2333996,-29.5951823],[-60.233307,-29.5945159],[-60.2292807,-29.5729594],[-60.2279852,-29.5658586],[-60.225621,-29.553118],[-60.2252966,-29.5514566],[-60.2252055,-29.5510436],[-60.2250294,-29.550391],[-60.2248714,-29.5498888],[-60.2246812,-29.5493702],[-60.2244259,-29.5487227],[-60.2223177,-29.5433535],[-60.2219663,-29.5424505],[-60.2217625,-29.5418117],[-60.2215532,-29.5410201],[-60.2214365,-29.5405308],[-60.2211403,-29.5389376],[-60.2209605,-29.5379898],[-60.2207846,-29.5370478],[-60.2206638,-29.5362289],[-60.220574,-29.5354467],[-60.2205517,-29.5351406],[-60.2205259,-29.5340177],[-60.2205585,-29.5331538],[-60.2206799,-29.5306281],[-60.2207461,-29.5297728],[-60.2207671,-29.5291659],[-60.2207633,-29.5286195],[-60.2207445,-29.5279418],[-60.2207054,-29.5274283],[-60.2206474,-29.5268307],[-60.2205581,-29.5262379],[-60.2204006,-29.5251816],[-60.2174789,-29.5092798],[-60.2168707,-29.5059035],[-60.2142898,-29.4921037],[-60.2142537,-29.4919582],[-60.2140125,-29.4911919],[-60.2136243,-29.4903551],[-60.212737,-29.4887567],[-60.2124474,-29.4881023],[-60.2122317,-29.4873138],[-60.2119315,-29.4857381],[-60.2117819,-29.4850288],[-60.2117141,-29.4846265]]]},"geometry_name":"geom","properties":{"gid":24,"rtn":"11","typ":40,"rst":1,"hct":1,"fdc":"Dirección Nacional de Vialidad","sag":"IGN"},"bbox":[-60.7608414,-31.43589272,-60.2117141,-29.4846265]},{"type":"Feature","id":"vial_nacional.25","geometry":{"type":"MultiLineString","coordinates":[[[-59.6548142,-29.134786],[-59.6546849,-29.1339405],[-59.6545764,-29.1332306],[-59.6543911,-29.1320282],[-59.6541808,-29.1306391],[-59.6534643,-29.1259053],[-59.6534534,-29.1258328],[-59.6533,-29.1248098],[-59.653133,-29.1237163],[-59.6531173,-29.1236096],[-59.6529729,-29.1226282],[-59.6529616,-29.1225524],[-59.6528064,-29.1215067],[-59.6526417,-29.1204184],[-59.652487,-29.1193864],[-59.6523452,-29.1185947],[-59.6522987,-29.118258],[-59.652242,-29.1178734],[-59.6521529,-29.1171576],[-59.6519894,-29.1160601],[-59.651582,-29.1132862],[-59.6515226,-29.1129193],[-59.651021,-29.1095025],[-59.6508299,-29.108263],[-59.6507245,-29.1074943],[-59.6504773,-29.1057491],[-59.6503318,-29.1047107],[-59.6503099,-29.1046264],[-59.6501695,-29.1038409],[-59.6500842,-29.1034736],[-59.6500346,-29.1032602],[-59.6499234,-29.1028796],[-59.6498483,-29.1027202],[-59.6496927,-29.1024296],[-59.6495103,-29.1021249],[-59.6492986,-29.101839],[-59.6490258,-29.1015258],[-59.6487218,-29.1011453],[-59.6484106,-29.1008406],[-59.6480722,-29.100564],[-59.6467199,-29.0996345],[-59.642771,-29.0969201],[-59.6423066,-29.0965791],[-59.6419321,-29.0963435],[-59.6418772,-29.0963066],[-59.6414718,-29.0960344],[-59.6404006,-29.0953153],[-59.635827,-29.0922202],[-59.6348052,-29.0915586],[-59.6291106,-29.0877352],[-59.6288358,-29.0875507],[-59.628319,-29.0872037],[-59.6259797,-29.0855787],[-59.6251292,-29.084912],[-59.6242621,-29.0842089],[-59.6236002,-29.0836501],[-59.6231189,-29.0831924],[-59.622761,-29.082799],[-59.622573,-29.0825846],[-59.6223118,-29.0822142],[-59.6220505,-29.0817743],[-59.6217797,-29.0812425],[-59.6215503,-29.0806967],[-59.6214388,-29.080318],[-59.6213464,-29.0799254],[-59.621254,-29.0794465],[-59.6210437,-29.0781015],[-59.6207647,-29.0759846],[-59.6202989,-29.0729137],[-59.6201158,-29.0717755],[-59.6184845,-29.060835],[-59.6175386,-29.0544908],[-59.6173894,-29.0534898],[-59.6170626,-29.0512042],[-59.6170163,-29.0510369],[-59.6168484,-29.0504246],[-59.6166351,-29.0498573],[-59.6163963,-29.0494161],[-59.6160405,-29.0489167],[-59.6157432,-29.0485949],[-59.6153043,-29.0481742],[-59.6145824,-29.0476544],[-59.6138974,-29.0472111],[-59.6137907,-29.0471325],[-59.611881,-29.0460257],[-59.6109215,-29.0454749],[-59.6086277,-29.044158],[-59.6083629,-29.0439768],[-59.6071496,-29.0431462],[-59.6064182,-29.0425536],[-59.6058951,-29.0420637],[-59.6053663,-29.0415775],[-59.6049416,-29.0411072],[-59.604521,-29.0405574],[-59.6044679,-29.0404743],[-59.6042379,-29.0401138],[-59.6034374,-29.0388596],[-59.6031109,-29.0380932],[-59.6028236,-29.0374188],[-59.6026542,-29.037021],[-59.6024783,-29.0365029],[-59.6023092,-29.0358084],[-59.6021385,-29.0349805],[-59.6016585,-29.0321444],[-59.6012224,-29.0293342],[-59.6012056,-29.0292261],[-59.6004392,-29.0239122],[-59.6004245,-29.02381],[-59.6003053,-29.0229839],[-59.5997279,-29.0185494],[-59.5996877,-29.0183006],[-59.5996308,-29.0179726],[-59.5990994,-29.0146218],[-59.5989181,-29.0136692],[-59.598682,-29.0129692],[-59.5985558,-29.0126654],[-59.5982551,-29.0120724],[-59.5979124,-29.0115246],[-59.597077,-29.0104044],[-59.5969241,-29.0102035],[-59.5951361,-29.0078534],[-59.5950913,-29.0077945],[-59.5950295,-29.0077122],[-59.5924371,-29.0042583],[-59.591897,-29.0035387],[-59.5907202,-29.0020193],[-59.5904298,-29.0017302],[-59.5892351,-29.0005407],[-59.5865088,-28.9975911],[-59.5849373,-28.9959684],[-59.5842748,-28.9951801],[-59.5837921,-28.99442],[-59.5836598,-28.9941914],[-59.5834495,-28.9937049],[-59.5832404,-28.9931193],[-59.5830935,-28.9925631],[-59.5828848,-28.9913118],[-59.5825866,-28.9891951],[-59.5820111,-28.9852703],[-59.5806404,-28.9759559],[-59.5798445,-28.9704705],[-59.5790385,-28.9649679],[-59.5788316,-28.9636132],[-59.578661,-28.9628596],[-59.5784822,-28.962274],[-59.5782445,-28.9617183],[-59.5779707,-28.9611538],[-59.5773691,-28.9600535],[-59.574701,-28.9552632],[-59.5744491,-28.9548214],[-59.57419,-28.9543886],[-59.5740536,-28.9541816],[-59.5738723,-28.9539442],[-59.5737435,-28.9537676],[-59.5732768,-28.9532284],[-59.5726062,-28.9525524],[-59.5710035,-28.9509565],[-59.5708063,-28.9507601],[-59.569461,-28.9494205],[-59.5661397,-28.9461131],[-59.5644745,-28.9444547],[-59.5636446,-28.9436144],[-59.5630297,-28.9430159],[-59.5628108,-28.9427979],[-59.5619445,-28.941971],[-59.5616784,-28.9416483],[-59.5614317,-28.941292],[-59.5610675,-28.9407076],[-59.5607919,-28.940115],[-59.5607612,-28.940022],[-59.5607008,-28.9398387],[-59.5605899,-28.9395024],[-59.560447,-28.9389734],[-59.5603012,-28.9381973],[-59.5601688,-28.9372332],[-59.5599826,-28.9358144],[-59.5599152,-28.9354088],[-59.5594726,-28.9323143],[-59.5592955,-28.9310111],[-59.559074,-28.9295022],[-59.5586389,-28.9264614],[-59.5577734,-28.9206691],[-59.5575812,-28.919383],[-59.5561614,-28.9097004],[-59.5560011,-28.9090828],[-59.5558208,-28.9085695],[-59.5555982,-28.908111],[-59.5553558,-28.9075862],[-59.5532789,-28.9039056],[-59.5530214,-28.9033044],[-59.552839,-28.9027033],[-59.5526244,-28.9014165],[-59.5524421,-28.8999814],[-59.55195,-28.8960289],[-59.5514411,-28.8920013],[-59.5513819,-28.8914688],[-59.550822,-28.8872234],[-59.5506074,-28.8859082],[-59.5503992,-28.88528],[-59.550071,-28.88464],[-59.549709,-28.8841038],[-59.5492985,-28.8836067],[-59.5484724,-28.8827518],[-59.5477488,-28.8821396],[-59.5471226,-28.8816098],[-59.5310676,-28.8680123],[-59.5300028,-28.8671371],[-59.5289754,-28.8663846],[-59.5253795,-28.863988],[-59.5218563,-28.8616236],[-59.5179217,-28.859015],[-59.5176004,-28.8587982],[-59.5168087,-28.8582641],[-59.5078046,-28.8521899],[-59.5074374,-28.8519141],[-59.5070292,-28.8515613],[-59.5064485,-28.8510655],[-59.5061693,-28.8507475],[-59.5058579,-28.8503337],[-59.5050674,-28.8491652],[-59.5043979,-28.8482038],[-59.503748,-28.8472705],[-59.5036591,-28.8471417],[-59.5029898,-28.8461725],[-59.5023582,-28.8452578],[-59.5022539,-28.8451068],[-59.5016639,-28.8442524],[-59.5015926,-28.8441491],[-59.5009677,-28.8431827],[-59.5009116,-28.8431213],[-59.5007471,-28.8428732],[-59.500236,-28.8421022],[-59.500155,-28.8419752],[-59.4992992,-28.8407157],[-59.4950957,-28.8345294],[-59.4943785,-28.8334738],[-59.4926747,-28.8309662],[-59.490567,-28.8278641],[-59.4858221,-28.8209396],[-59.4837128,-28.8178691],[-59.4829783,-28.816689],[-59.482709,-28.8160349],[-59.4824163,-28.815237],[-59.4804252,-28.8073832],[-59.4799758,-28.8056071],[-59.4785459,-28.7998762],[-59.4783183,-28.7989214],[-59.4782044,-28.7982231],[-59.4776253,-28.7942751],[-59.4769919,-28.7899488],[-59.4768862,-28.7892272],[-59.4768228,-28.7887941],[-59.4750573,-28.776639],[-59.4749601,-28.7759486],[-59.4741805,-28.7704917],[-59.4741618,-28.7701315],[-59.4741841,-28.7697271],[-59.4742951,-28.7689061],[-59.4744953,-28.7665458],[-59.4746346,-28.7650255],[-59.4746278,-28.764412],[-59.4745818,-28.7637116],[-59.4744059,-28.762913],[-59.4741571,-28.7621348],[-59.4720029,-28.75532],[-59.4713031,-28.7532696],[-59.4691398,-28.7462687],[-59.4688796,-28.7455305],[-59.4686454,-28.7449878],[-59.4683142,-28.7444145],[-59.4678886,-28.7438],[-59.4674756,-28.7432986],[-59.4669232,-28.7427382],[-59.4659666,-28.7418969],[-59.4658532,-28.7417993],[-59.4632382,-28.739485],[-59.4614077,-28.7378365],[-59.4611555,-28.7376171],[-59.4584594,-28.7352388],[-59.4464399,-28.7246628],[-59.4360395,-28.7156538],[-59.4356614,-28.7152652],[-59.4352383,-28.714753],[-59.4348672,-28.7142376],[-59.4345708,-28.7137174],[-59.4344047,-28.7133595],[-59.4342641,-28.713014],[-59.4341283,-28.7126322],[-59.434002,-28.7121619],[-59.4338877,-28.7115598],[-59.4337392,-28.7105734],[-59.4336946,-28.710254],[-59.432777,-28.7040669],[-59.4301206,-28.6860915],[-59.4287015,-28.6762222],[-59.428025,-28.671885],[-59.4275085,-28.6683336],[-59.4273843,-28.6674755],[-59.4261144,-28.6588954],[-59.4257066,-28.6559303],[-59.4255421,-28.6548156],[-59.4248895,-28.6503932],[-59.4241547,-28.6454141],[-59.4239549,-28.6438668],[-59.4238554,-28.6430927],[-59.423776,-28.641544],[-59.423704,-28.6393016],[-59.4236316,-28.6385404],[-59.4235813,-28.637932],[-59.4223233,-28.6295441],[-59.4221257,-28.6282157],[-59.4214387,-28.6235978],[-59.4207033,-28.6186539],[-59.4201088,-28.6146572],[-59.419994,-28.6138851],[-59.418807,-28.60573],[-59.4180536,-28.6005538],[-59.4176326,-28.5979948],[-59.4174729,-28.5972323],[-59.4172458,-28.5964581],[-59.417062,-28.5960022],[-59.4167831,-28.5954952],[-59.4163174,-28.5948109],[-59.4156502,-28.5940892],[-59.4149885,-28.5934927],[-59.4138141,-28.5926547],[-59.4019756,-28.5860779],[-59.3914291,-28.5802173],[-59.3911366,-28.5800556],[-59.3875622,-28.5780789],[-59.3873062,-28.5779373],[-59.386916,-28.5777215],[-59.3854053,-28.5769466],[-59.3839959,-28.5762938],[-59.3833033,-28.5760655],[-59.3825575,-28.5759378],[-59.3810753,-28.5756726],[-59.3809937,-28.575658],[-59.3777591,-28.5752084],[-59.3756263,-28.574912],[-59.3740624,-28.5745898],[-59.3730503,-28.5743018],[-59.3721868,-28.5739164],[-59.3716913,-28.5736429],[-59.3712339,-28.5733521],[-59.37058,-28.5728416],[-59.3700986,-28.572359],[-59.369742,-28.5719575],[-59.3669099,-28.5687197],[-59.3659631,-28.5675616],[-59.3601539,-28.5608823],[-59.3600278,-28.5607373],[-59.3580989,-28.5585195],[-59.3557515,-28.5558356],[-59.355415,-28.5554337],[-59.3551131,-28.5550762],[-59.3549475,-28.5548987],[-59.3542952,-28.5541419],[-59.3541375,-28.5539589],[-59.3506949,-28.5499645],[-59.3504457,-28.5496754],[-59.3491629,-28.5482075],[-59.3489133,-28.5479255],[-59.3483138,-28.5472111],[-59.3479748,-28.5467355],[-59.3476783,-28.5462559],[-59.3474307,-28.5458108],[-59.3472649,-28.5454843],[-59.3470552,-28.5449818],[-59.3468827,-28.5444945],[-59.3467708,-28.5440885],[-59.3466494,-28.5435579],[-59.3465561,-28.5429443],[-59.3465096,-28.5424967],[-59.3465038,-28.5421928],[-59.3464903,-28.5398914],[-59.3465024,-28.5382291],[-59.3465011,-28.5377771],[-59.3464899,-28.5319256],[-59.3464889,-28.5318183],[-59.346493,-28.5305497],[-59.3464792,-28.5209237],[-59.3464902,-28.5116555],[-59.3464643,-28.504093],[-59.3464594,-28.503065],[-59.3464564,-28.5024368],[-59.3464705,-28.498553],[-59.3464689,-28.4968626],[-59.3464671,-28.4950044],[-59.34646,-28.4945484],[-59.3463935,-28.4940775],[-59.3461651,-28.4930554],[-59.3457954,-28.4919018],[-59.3456305,-28.4913],[-59.3455604,-28.4910086],[-59.3455175,-28.4906856],[-59.3455102,-28.4905789],[-59.3455079,-28.4904527],[-59.3455179,-28.4896371],[-59.3455161,-28.4893845],[-59.3455156,-28.4889855],[-59.3455191,-28.4885412],[-59.3455208,-28.4884575],[-59.3455072,-28.4880193],[-59.3455135,-28.4870668],[-59.3455119,-28.4856901],[-59.3454983,-28.485101],[-59.3455057,-28.4846604],[-59.3455101,-28.4840141],[-59.3455062,-28.480495],[-59.3454988,-28.4795811],[-59.345489,-28.4748523],[-59.3454738,-28.4745831],[-59.3454552,-28.47426],[-59.3454138,-28.473951],[-59.3453471,-28.473655],[-59.3452825,-28.4733999],[-59.3451944,-28.4731386],[-59.3450741,-28.4728297],[-59.3449113,-28.4724722],[-59.3447665,-28.4722188],[-59.3444926,-28.4718004],[-59.3433575,-28.4702743],[-59.3407323,-28.4668298],[-59.3393952,-28.4650813],[-59.3378297,-28.4629908],[-59.3336669,-28.4574897],[-59.3273865,-28.4492266],[-59.3270853,-28.4487915],[-59.3266377,-28.4482],[-59.3255339,-28.4467911],[-59.3251459,-28.4463455],[-59.3247156,-28.4458516],[-59.3243065,-28.4454398],[-59.323783,-28.4449255],[-59.3227969,-28.4440501],[-59.3221707,-28.4435855],[-59.3218315,-28.4433339],[-59.321379,-28.4430028],[-59.3204223,-28.4424006],[-59.3193259,-28.4417836],[-59.3168895,-28.4404252],[-59.3107321,-28.4370476],[-59.3064432,-28.4346739],[-59.2958498,-28.4288507],[-59.2957545,-28.4287979],[-59.2934827,-28.4275514],[-59.28789,-28.4244689],[-59.2855218,-28.4231569],[-59.2770483,-28.418475],[-59.2761418,-28.4179764],[-59.2759209,-28.4178611],[-59.2724298,-28.4159349],[-59.2712581,-28.4151531],[-59.2707223,-28.4147445],[-59.2702079,-28.4142654],[-59.2695487,-28.4134495],[-59.2692466,-28.4129372],[-59.2690178,-28.4125053],[-59.2687235,-28.4117543],[-59.2684927,-28.4109608],[-59.268406,-28.410292],[-59.268376,-28.4096779],[-59.2683406,-28.4091296],[-59.2683475,-28.408767],[-59.2683488,-28.4087013],[-59.2683686,-28.4073181],[-59.2683786,-28.4065895],[-59.2684482,-28.401544],[-59.2684664,-28.3995795],[-59.2684828,-28.397811],[-59.2685431,-28.3913164],[-59.2685935,-28.3858823],[-59.2686031,-28.3848488],[-59.2686134,-28.3837402],[-59.2686241,-28.382588],[-59.2686319,-28.3824494],[-59.2686227,-28.3815461],[-59.268617,-28.3804614],[-59.2686323,-28.3792783],[-59.2686217,-28.3789444],[-59.2685974,-28.3786699],[-59.2685543,-28.3783256],[-59.2685398,-28.3782325],[-59.2685247,-28.378136],[-59.2684706,-28.3778265],[-59.2683711,-28.3774437],[-59.2682661,-28.3771043],[-59.2681474,-28.3767918],[-59.2679158,-28.3762991],[-59.2676312,-28.3757983],[-59.2672053,-28.375151],[-59.2660487,-28.373466],[-59.2659379,-28.3733059],[-59.2647437,-28.3715809],[-59.2645404,-28.3712089],[-59.2643575,-28.3708655],[-59.2642687,-28.370634],[-59.2640588,-28.3700864],[-59.2639265,-28.3695813],[-59.2638488,-28.3691213],[-59.2638077,-28.3687131],[-59.2637961,-28.3685984],[-59.2637388,-28.3681297],[-59.2637716,-28.3663464],[-59.2637842,-28.364097],[-59.2637922,-28.3630921],[-59.2637989,-28.3620403],[-59.263828,-28.3609039],[-59.2638348,-28.3597771],[-59.2638427,-28.3589562],[-59.2638534,-28.3584005],[-59.263856,-28.3581523],[-59.2638431,-28.3576394],[-59.2638525,-28.3565556],[-59.2638581,-28.3560913],[-59.2638671,-28.3546074],[-59.2638674,-28.3545417],[-59.2638708,-28.3543624],[-59.263881,-28.3536982],[-59.2638868,-28.3533172],[-59.2639031,-28.3522153],[-59.2639027,-28.3511608],[-59.2639111,-28.3507418],[-59.263924,-28.3500945],[-59.2639292,-28.3499312],[-59.263941,-28.3490104],[-59.2639555,-28.3478874],[-59.2639559,-28.3478229],[-59.2639672,-28.3464778],[-59.263977,-28.3461432],[-59.2639899,-28.3453357],[-59.2640211,-28.3406436],[-59.2640576,-28.336103],[-59.2640798,-28.3292201],[-59.2640956,-28.3268651],[-59.2640961,-28.3267935],[-59.2641108,-28.3245924],[-59.2641403,-28.3201864],[-59.2641994,-28.3176246],[-59.2642622,-28.3107943],[-59.2642686,-28.3083311],[-59.2642555,-28.3075574],[-59.2642639,-28.3060356],[-59.2643003,-28.3036628],[-59.2643233,-28.3014282],[-59.2643512,-28.2991875],[-59.2643731,-28.2968622],[-59.2643998,-28.2931761],[-59.2644413,-28.2879029],[-59.2644603,-28.2855515],[-59.2644769,-28.2831065],[-59.2645036,-28.2766287],[-59.2645006,-28.2762301],[-59.2644855,-28.2745424],[-59.2644198,-28.2722144],[-59.2643744,-28.2710169],[-59.2643806,-28.2671685],[-59.2643781,-28.2662711],[-59.2643898,-28.2582243],[-59.2643907,-28.2581315],[-59.2644336,-28.2526558],[-59.264436,-28.2519504],[-59.264456,-28.2491403],[-59.2645006,-28.2428514],[-59.2645217,-28.2398353],[-59.2645242,-28.2395528],[-59.264621,-28.2310677],[-59.2646405,-28.2296655],[-59.2646602,-28.2282841],[-59.2646798,-28.2269128],[-59.2647236,-28.225584],[-59.2647445,-28.2243543],[-59.2647591,-28.2235837],[-59.2647627,-28.2228399],[-59.2647702,-28.2225571],[-59.2647782,-28.2219907],[-59.2647804,-28.2215919],[-59.2648105,-28.2209739],[-59.2648117,-28.2208941],[-59.2648169,-28.2204131],[-59.264837,-28.2190656],[-59.2648558,-28.2118429],[-59.2648661,-28.2048489],[-59.2648423,-28.2024044],[-59.2648368,-28.1999475],[-59.264834,-28.1994559],[-59.264867,-28.1989728],[-59.2649302,-28.1984823],[-59.2650116,-28.1980577],[-59.2668141,-28.1902566],[-59.2673939,-28.1876684],[-59.2674984,-28.1869339],[-59.2675515,-28.1861702],[-59.2675244,-28.1853307],[-59.2672484,-28.1835864],[-59.2660798,-28.1773162],[-59.2646372,-28.1691912],[-59.2644784,-28.168376],[-59.2643491,-28.1672202],[-59.2642848,-28.166568],[-59.2642636,-28.1657329],[-59.2642823,-28.163905],[-59.2642845,-28.1612809],[-59.2642876,-28.1576156],[-59.2642922,-28.1571497],[-59.2642922,-28.1566096],[-59.2642906,-28.1540258],[-59.2642959,-28.1537042],[-59.2642884,-28.1493092],[-59.26429,-28.148196],[-59.2642728,-28.1477083],[-59.2642506,-28.1473707],[-59.264215,-28.1470777],[-59.2641461,-28.1467034],[-59.2640735,-28.1463831],[-59.2639818,-28.1460728],[-59.2637345,-28.1454038],[-59.2634846,-28.1449155],[-59.263306,-28.1445876],[-59.263072,-28.1442201],[-59.2628527,-28.1439229],[-59.2626225,-28.1436321],[-59.261931,-28.1428149],[-59.2614585,-28.1422483],[-59.2599779,-28.1404956],[-59.2584905,-28.1387604],[-59.2570464,-28.1370357],[-59.2560313,-28.1358199],[-59.2547897,-28.1343696],[-59.2486438,-28.1270962],[-59.2484509,-28.1268522],[-59.2449048,-28.1226715],[-59.2367315,-28.1129783],[-59.2359496,-28.1119625],[-59.235595,-28.1114027],[-59.2353279,-28.1108438],[-59.2351991,-28.1105642],[-59.2349347,-28.1099294],[-59.2347975,-28.1093949],[-59.2346569,-28.1087701],[-59.2342669,-28.1064775],[-59.233782,-28.1035657],[-59.2333138,-28.100831],[-59.2325552,-28.0962491],[-59.2320213,-28.0930683],[-59.2309412,-28.0865804],[-59.2308792,-28.0861853],[-59.2308217,-28.0857968],[-59.2308025,-28.0854666],[-59.2307922,-28.08513],[-59.230801,-28.0843698],[-59.2308012,-28.0839143],[-59.2307613,-28.0834564],[-59.2306437,-28.0826505],[-59.2292394,-28.0742355],[-59.2289119,-28.0723039],[-59.2288747,-28.0720876],[-59.2282714,-28.068406],[-59.2278386,-28.0658618],[-59.2275512,-28.0641317],[-59.226634,-28.0586754],[-59.224996,-28.048863],[-59.2248367,-28.0477854],[-59.2247482,-28.0464575],[-59.2246211,-28.0446847],[-59.2245515,-28.0435774],[-59.2244808,-28.0424899],[-59.2244103,-28.04139],[-59.2243465,-28.0403167],[-59.2242813,-28.0392251],[-59.2242149,-28.0381516],[-59.2241398,-28.0370384],[-59.2240756,-28.0359638],[-59.2240055,-28.0348659],[-59.2239247,-28.0337305],[-59.2239245,-28.0334351],[-59.223918,-28.0329871],[-59.2239509,-28.0325081],[-59.2239628,-28.032415],[-59.2240007,-28.0321113],[-59.2241031,-28.0315621],[-59.2241769,-28.0312458],[-59.2242694,-28.0309162],[-59.2244008,-28.0304988],[-59.2246899,-28.0296941],[-59.2251181,-28.0284926],[-59.2254858,-28.0274695],[-59.2256032,-28.0272001],[-59.2256266,-28.0271356],[-59.2257686,-28.0268346],[-59.2264304,-28.0254062],[-59.2268349,-28.0245418],[-59.2271753,-28.023789],[-59.2300742,-28.017521],[-59.2303177,-28.0170296],[-59.2316259,-28.0142372],[-59.2317505,-28.0139411],[-59.2318548,-28.0136557],[-59.2319453,-28.0133619],[-59.2321153,-28.0126547],[-59.2322241,-28.0119677],[-59.2322407,-28.0118628],[-59.2322781,-28.0109887],[-59.2322548,-28.0105526],[-59.2322298,-28.0100854],[-59.2314752,-28.0056891],[-59.2307895,-28.0015375],[-59.2307249,-28.0011779],[-59.2306865,-28.0009587],[-59.2305378,-28.0000064],[-59.2302434,-27.9983416],[-59.2298949,-27.996208],[-59.2287316,-27.9895892],[-59.2284419,-27.9874156],[-59.2276463,-27.9832896],[-59.2273278,-27.9809625],[-59.2271202,-27.9797358],[-59.2257598,-27.9716969],[-59.2252869,-27.9689022],[-59.2249333,-27.9669393],[-59.2248554,-27.9663329],[-59.2248554,-27.9659015],[-59.2248524,-27.9654901],[-59.224975,-27.9647468],[-59.2250669,-27.9644498],[-59.2251994,-27.9640216],[-59.2253509,-27.9636696],[-59.2255633,-27.9632882],[-59.2259513,-27.962778],[-59.2310558,-27.9574912],[-59.2354109,-27.9529804],[-59.2373339,-27.9509886],[-59.2374924,-27.9508282],[-59.2394996,-27.9487592],[-59.2478504,-27.9403872],[-59.2487139,-27.9395209],[-59.2494882,-27.9385838],[-59.2502184,-27.9376229],[-59.2551472,-27.9309079],[-59.2601837,-27.9239123],[-59.2619745,-27.921298],[-59.2622318,-27.9209484],[-59.2624164,-27.920758],[-59.2632336,-27.9199147],[-59.270067,-27.9137989],[-59.2701742,-27.9136711],[-59.2704746,-27.9133131],[-59.2707163,-27.9129606],[-59.270895,-27.912582],[-59.2743404,-27.9036279],[-59.2744962,-27.9030774],[-59.2746024,-27.9025144],[-59.2746873,-27.9018701],[-59.2750766,-27.8966591],[-59.2751191,-27.8958271],[-59.2751979,-27.8950278],[-59.2752819,-27.8944633],[-59.2754164,-27.8938502],[-59.2756537,-27.8930306],[-59.2765464,-27.8901655],[-59.2772709,-27.8879256],[-59.2776815,-27.8865867],[-59.2777501,-27.8863891],[-59.2780639,-27.8853889],[-59.2784983,-27.8839655],[-59.2787654,-27.8830711],[-59.2795622,-27.8804679],[-59.2796224,-27.8802712],[-59.2797323,-27.8799236],[-59.2817657,-27.8730345],[-59.2832734,-27.8680411],[-59.2847669,-27.8630225],[-59.2858782,-27.8593179],[-59.2878313,-27.8525734],[-59.289198,-27.8432086],[-59.28929,-27.8426766],[-59.2894174,-27.8421508],[-59.2897289,-27.8412558],[-59.2900686,-27.8404233],[-59.2928363,-27.8337822],[-59.2929779,-27.8333879],[-59.2931123,-27.8329184],[-59.2931973,-27.8324427],[-59.2932256,-27.8319482],[-59.2932185,-27.8315288],[-59.293169,-27.8309404],[-59.2930345,-27.8304083],[-59.2928009,-27.8297949],[-59.2925815,-27.8292941],[-59.2911587,-27.8265774],[-59.2907482,-27.8258137],[-59.2903518,-27.8250812],[-59.2902385,-27.8248496],[-59.290104,-27.8245429],[-59.2897289,-27.8236164],[-59.2894953,-27.8230593],[-59.2890989,-27.8222705],[-59.2841141,-27.8124393],[-59.2808359,-27.8062414],[-59.2754167,-27.7959473],[-59.2556284,-27.7584551],[-59.2449318,-27.738116],[-59.240879,-27.7304039],[-59.2387962,-27.7264508],[-59.2372674,-27.7235222],[-59.2363299,-27.7217533],[-59.2358686,-27.7209674],[-59.235363,-27.7202871],[-59.2345865,-27.7193979],[-59.232442,-27.7169715],[-59.2321348,-27.7166291],[-59.2307107,-27.7150207],[-59.2290826,-27.7131994],[-59.2272875,-27.711181],[-59.2258734,-27.7095758],[-59.2244625,-27.7079836],[-59.2240843,-27.707542],[-59.2238255,-27.707219],[-59.2235304,-27.7067999],[-59.223336,-27.7065114],[-59.2231201,-27.7061718],[-59.222589,-27.7051958],[-59.2209488,-27.7022357],[-59.2185737,-27.6979254],[-59.2163448,-27.6938916],[-59.2143217,-27.6902407],[-59.2134527,-27.6886482],[-59.2119446,-27.6859282],[-59.211553,-27.6852073],[-59.2103058,-27.682958],[-59.2091122,-27.6807633],[-59.2080849,-27.6789225],[-59.2070898,-27.6770936],[-59.2052445,-27.6737847],[-59.2040563,-27.6716445],[-59.2027125,-27.6692049],[-59.2012051,-27.6664778],[-59.1997594,-27.6638409],[-59.1971254,-27.6590825],[-59.1938303,-27.6531157],[-59.190841,-27.6476952],[-59.1867963,-27.6403675],[-59.1861391,-27.6391272],[-59.1858655,-27.6384666],[-59.1856214,-27.6377811],[-59.1846304,-27.634989],[-59.1839933,-27.6331914],[-59.1817336,-27.6268074],[-59.1811321,-27.6251059],[-59.1809962,-27.6247466],[-59.1801605,-27.6223753],[-59.1793196,-27.6200416],[-59.1790795,-27.6195057],[-59.1788328,-27.6190113],[-59.1782239,-27.6178207],[-59.1577866,-27.5769608],[-59.1560367,-27.573462],[-59.1519819,-27.5653588],[-59.1490334,-27.5594787],[-59.1484273,-27.5582921],[-59.1480947,-27.5577357],[-59.1477433,-27.5572506],[-59.1473597,-27.556806],[-59.1469735,-27.5564088],[-59.1415541,-27.5516041],[-59.1355674,-27.5462225],[-59.1309312,-27.5420642],[-59.1304605,-27.5416492],[-59.1172493,-27.5299095],[-59.1170683,-27.5297486],[-59.0956722,-27.5106075],[-59.0822669,-27.4986026],[-59.0758225,-27.4928427],[-59.0651661,-27.4833037],[-59.0643722,-27.482601],[-59.0627508,-27.4811657],[-59.0579577,-27.4768645],[-59.0549992,-27.4742136],[-59.0539438,-27.4732772],[-59.0505829,-27.4702715],[-59.0461459,-27.4662942],[-59.0457121,-27.4659081],[-59.0449168,-27.4652024],[-59.0448417,-27.4651334],[-59.0447424,-27.4650406],[-59.0437772,-27.4641512],[-59.0427773,-27.4632514],[-59.0419811,-27.4625647],[-59.041902,-27.4624965],[-59.041336,-27.4619812],[-59.0412368,-27.4619027],[-59.0410759,-27.4617539],[-59.0405515,-27.4612827],[-59.0404221,-27.4611696],[-59.0383279,-27.4593144],[-59.0371142,-27.4582101],[-59.0365295,-27.4576948],[-59.0364075,-27.4575746],[-59.0362787,-27.4574532],[-59.0354003,-27.456663],[-59.0352474,-27.4565238],[-59.0349282,-27.4562406],[-59.0347385,-27.4560811],[-59.0341437,-27.4555373],[-59.0337494,-27.4551921],[-59.033679,-27.4551297],[-59.0333028,-27.4547958],[-59.0326584,-27.4542063],[-59.0297018,-27.4515015],[-59.0272075,-27.4493131],[-59.0266965,-27.4488442],[-59.0265906,-27.448774],[-59.02581,-27.4480965],[-59.0256995,-27.4480012],[-59.0255097,-27.4478333],[-59.0249257,-27.4473188],[-59.0245695,-27.4470233]]]},"geometry_name":"geom","properties":{"gid":25,"rtn":"11","typ":40,"rst":1,"hct":1,"fdc":"Dirección Nacional de Vialidad","sag":"IGN"},"bbox":[-59.6548142,-29.134786,-59.0245695,-27.4470233]},{"type":"Feature","id":"vial_nacional.26","geometry":{"type":"MultiLineString","coordinates":[[[-59.0245695,-27.4470233],[-59.024481,-27.447003],[-59.024072,-27.4466805],[-59.0234593,-27.4461464],[-59.0226156,-27.4454999],[-59.0225319,-27.4454373],[-59.022055,-27.4450012],[-59.0217037,-27.4446335],[-59.0212946,-27.4442359],[-59.0211373,-27.4440532],[-59.0208104,-27.4437479],[-59.020319,-27.4432752],[-59.01897472,-27.44211711],[-59.01701024,-27.44034298],[-59.0163478,-27.43968816],[-59.0151662,-27.43862304],[-59.0150638,-27.4385283],[-59.0146113,-27.4381404],[-59.0132793,-27.4369165],[-59.0130497,-27.4366713],[-59.0133112,-27.4368505],[-59.0148036,-27.4381873],[-59.0151349,-27.4384795],[-59.0153619,-27.4386838],[-59.0155035,-27.4388103],[-59.0164957,-27.4396662],[-59.0170129,-27.4401376],[-59.0174032,-27.4405075],[-59.0176636,-27.4407634],[-59.01927216,-27.44222466],[-59.02017445,-27.44299561],[-59.02067378,-27.44346636],[-59.0209995,-27.443786],[-59.0214005,-27.4441776],[-59.0217734,-27.4445715],[-59.0226384,-27.4453607],[-59.0232781,-27.4458629],[-59.0241364,-27.4466127],[-59.0245226,-27.4469435],[-59.0245695,-27.4470233]]]},"geometry_name":"geom","properties":{"gid":26,"rtn":"11","typ":40,"rst":1,"hct":1,"fdc":"Dirección Nacional de Vialidad","sag":"IGN"},"bbox":[-59.0245695,-27.4470233,-59.0130497,-27.4366713]},{"type":"Feature","id":"vial_nacional.27","geometry":{"type":"MultiLineString","coordinates":[[[-59.0117915,-27.4355169],[-59.0122995,-27.4359893],[-59.0124816,-27.436163],[-59.0130497,-27.4366713]]]},"geometry_name":"geom","properties":{"gid":27,"rtn":"11","typ":40,"rst":1,"hct":1,"fdc":"Dirección Nacional de Vialidad","sag":"IGN"},"bbox":[-59.0130497,-27.4366713,-59.0117915,-27.4355169]},{"type":"Feature","id":"vial_nacional.28","geometry":{"type":"MultiLineString","coordinates":[[[-59.0106167,-27.4324133],[-59.0107957,-27.433375],[-59.0108574,-27.4337333],[-59.0109332,-27.4339969],[-59.011019,-27.4342231],[-59.0110961,-27.4344201],[-59.0112805,-27.4347647],[-59.0114086,-27.4349569],[-59.0115622,-27.4351902],[-59.0116339,-27.4352854],[-59.0117915,-27.4355169],[-59.0116565,-27.4354116],[-59.0115969,-27.4353554],[-59.0115468,-27.4353017],[-59.0113878,-27.4350682],[-59.011245,-27.4348706],[-59.0111377,-27.4346939],[-59.0110438,-27.4345106],[-59.0109982,-27.4344058],[-59.0108494,-27.4340213],[-59.0108185,-27.4339118],[-59.0107267,-27.4334786],[-59.0103558,-27.4313265],[-59.0101808,-27.4302945],[-59.0101596,-27.4301867],[-59.0101336,-27.4300624],[-59.0100873,-27.4298246],[-59.0098502,-27.4284852],[-59.0098254,-27.4283423],[-59.009769,-27.428076],[-59.0097741,-27.4278911],[-59.0098496,-27.4280602],[-59.0100159,-27.428834],[-59.0100977,-27.4292922],[-59.0102392,-27.4301335],[-59.0102469,-27.4301862],[-59.0102734,-27.4303481],[-59.0103807,-27.430898],[-59.010435,-27.4312158],[-59.0104618,-27.4313759],[-59.0106167,-27.4324133]]]},"geometry_name":"geom","properties":{"gid":28,"rtn":"11","typ":40,"rst":1,"hct":1,"fdc":"Dirección Nacional de Vialidad","sag":"IGN"},"bbox":[-59.0117915,-27.4355169,-59.009769,-27.4278911]},{"type":"Feature","id":"vial_nacional.29","geometry":{"type":"MultiLineString","coordinates":[[[-59.0028795,-27.4137974],[-59.0029067,-27.413862],[-59.0029456,-27.4139715],[-59.0032178,-27.4146644],[-59.0033922,-27.4151144],[-59.0040118,-27.4166716],[-59.0041257,-27.4169335],[-59.0042451,-27.4172049],[-59.0043631,-27.4174287],[-59.0044825,-27.417662],[-59.0045245,-27.4177341],[-59.0046474,-27.4179454],[-59.0047789,-27.4181596],[-59.0049358,-27.4183846],[-59.0050578,-27.4185561],[-59.005377,-27.4189668],[-59.0058093,-27.4194643],[-59.0058954,-27.4195609],[-59.0061339,-27.4198258],[-59.006292,-27.4199858],[-59.0067157,-27.4203971],[-59.0071764,-27.4208298],[-59.0073015,-27.4209546],[-59.0075327,-27.4211723],[-59.0076972,-27.421332],[-59.0078443,-27.421481],[-59.0080267,-27.4216866],[-59.0081134,-27.4217881],[-59.0081867,-27.4218884],[-59.0083019,-27.422019],[-59.0083918,-27.4221464],[-59.0084843,-27.4222845],[-59.0085635,-27.4224238],[-59.0086493,-27.4225904],[-59.0087365,-27.4227666],[-59.0087928,-27.4228773],[-59.0088344,-27.4230035],[-59.0088826,-27.4231273],[-59.0089349,-27.4232749],[-59.009006,-27.4235356],[-59.0090597,-27.4237939],[-59.0091455,-27.4242963],[-59.00923,-27.4247748],[-59.0093198,-27.425276],[-59.0093842,-27.4256474],[-59.009399,-27.4257545],[-59.0094486,-27.4260461],[-59.0094996,-27.4263247],[-59.0095304,-27.4265282],[-59.0095679,-27.4267306],[-59.0095921,-27.4268782],[-59.0097383,-27.4277249],[-59.00975,-27.4277829],[-59.0097741,-27.4278911]]]},"geometry_name":"geom","properties":{"gid":29,"rtn":"11","typ":40,"rst":1,"hct":1,"fdc":"Dirección Nacional de Vialidad","sag":"IGN"},"bbox":[-59.0097741,-27.4278911,-59.0028795,-27.4137974]},{"type":"Feature","id":"vial_nacional.30","geometry":{"type":"MultiLineString","coordinates":[[[-59.00227211,-27.41130901],[-59.00213561,-27.41114927],[-59.00189956,-27.41092846],[-59.00174728,-27.41069242],[-59.001359,-27.409938],[-59.00159499,-27.41071526],[-59.00165591,-27.41110359],[-59.00165591,-27.4115983]]]},"geometry_name":"geom","properties":{"gid":30,"rtn":"11","typ":40,"rst":1,"hct":1,"fdc":"Dirección Nacional de Vialidad","sag":"IGN"},"bbox":[-59.00227211,-27.4115983,-59.001359,-27.409938]},{"type":"Feature","id":"vial_nacional.48","geometry":{"type":"MultiLineString","coordinates":[[[-58.1971537,-26.1625846],[-58.1969123,-26.1624088],[-58.19664,-26.1622439],[-58.196408,-26.1621175],[-58.1962067,-26.1619783],[-58.1957498,-26.1616837],[-58.1956542,-26.161622],[-58.1954918,-26.1615257],[-58.1952572,-26.1613957],[-58.1946725,-26.1610828],[-58.1940609,-26.1608035],[-58.1938325,-26.1607169],[-58.193671,-26.1606556],[-58.1931597,-26.1604616],[-58.1927681,-26.1602305],[-58.1924999,-26.1600476],[-58.1921084,-26.1598281],[-58.1926716,-26.1599753],[-58.1930256,-26.1600379],[-58.1933368,-26.160139],[-58.193708,-26.1602789],[-58.1938721,-26.1603407],[-58.1939376,-26.1603653],[-58.1945759,-26.1606542],[-58.1954557,-26.1610442],[-58.195717,-26.1612194],[-58.1958795,-26.1613283],[-58.1960122,-26.1614193],[-58.1962872,-26.1616076],[-58.1964684,-26.1617721],[-58.1967701,-26.1621272],[-58.1971537,-26.1625846]]]},"geometry_name":"geom","properties":{"gid":48,"rtn":"11","typ":40,"rst":1,"hct":1,"fdc":"Dirección Nacional de Vialidad","sag":"IGN"},"bbox":[-58.1971537,-26.1625846,-58.1921084,-26.1598281]},{"type":"Feature","id":"vial_nacional.40","geometry":{"type":"MultiLineString","coordinates":[[[-58.21545997,-26.19077414],[-58.2153817,-26.1902041],[-58.21536574,-26.18961296],[-58.21535432,-26.18953492],[-58.21533528,-26.1894702],[-58.21531339,-26.18942546],[-58.21528103,-26.18937597],[-58.2152363,-26.18933124],[-58.21517919,-26.18929316],[-58.215103,-26.1892562],[-58.21498189,-26.189176],[-58.21492002,-26.189107],[-58.21489147,-26.18902371],[-58.21487957,-26.18894757],[-58.21489147,-26.18884763],[-58.21491953,-26.18879996],[-58.21495777,-26.18874945],[-58.2150105,-26.1887012],[-58.21510086,-26.18860017],[-58.21512227,-26.18850975],[-58.21511514,-26.18842171],[-58.21505803,-26.18823611],[-58.21498427,-26.18798865],[-58.2148534,-26.18760794],[-58.21500806,-26.18788633],[-58.21510562,-26.1880981],[-58.21516273,-26.18822897],[-58.21521631,-26.18836755],[-58.21526152,-26.18846035],[-58.21531149,-26.18853888],[-58.21537336,-26.18860074],[-58.21547091,-26.18864833],[-58.21558037,-26.18869592],[-58.21568982,-26.18874827],[-58.215785,-26.18880062],[-58.21584211,-26.18886248],[-58.2158897,-26.188941],[-58.21590873,-26.18901715],[-58.21589684,-26.18909329],[-58.21585877,-26.18915991],[-58.215716,-26.18926937],[-58.2156163,-26.1893197],[-58.21557989,-26.1893398],[-58.21554944,-26.1893655],[-58.21551707,-26.18940262],[-58.21550185,-26.18943117],[-58.21549313,-26.18945975],[-58.21549199,-26.18950252],[-58.21548852,-26.189632],[-58.21549804,-26.18975573],[-58.21550518,-26.19014596],[-58.21549804,-26.19050764],[-58.21545997,-26.19077414]]]},"geometry_name":"geom","properties":{"gid":40,"rtn":"11","typ":40,"rst":1,"hct":1,"fdc":"Dirección Nacional de Vialidad","sag":"IGN"},"bbox":[-58.21590873,-26.19077414,-58.2148534,-26.18760794]},{"type":"Feature","id":"vial_nacional.41","geometry":{"type":"MultiLineString","coordinates":[[[-58.21545997,-26.19077414],[-58.21540572,-26.19120815],[-58.21535242,-26.19153557],[-58.21523059,-26.19199623],[-58.21510114,-26.19247212],[-58.2149421,-26.1928598],[-58.2142559,-26.1946062],[-58.2140807,-26.1950532],[-58.2135525,-26.1964024]]]},"geometry_name":"geom","properties":{"gid":41,"rtn":"11","typ":40,"rst":1,"hct":1,"fdc":"Dirección Nacional de Vialidad","sag":"IGN"},"bbox":[-58.21545997,-26.1964024,-58.2135525,-26.19077414]},{"type":"Feature","id":"vial_nacional.42","geometry":{"type":"MultiLineString","coordinates":[[[-58.2109258,-26.1806596],[-58.2123216,-26.1830915],[-58.2143554,-26.1866534],[-58.2145725,-26.1870561],[-58.2148534,-26.18760794]]]},"geometry_name":"geom","properties":{"gid":42,"rtn":"11","typ":40,"rst":1,"hct":1,"fdc":"Dirección Nacional de Vialidad","sag":"IGN"},"bbox":[-58.2148534,-26.18760794,-58.2109258,-26.1806596]},{"type":"Feature","id":"vial_nacional.46","geometry":{"type":"MultiLineString","coordinates":[[[-58.2045391,-26.1705287],[-58.2042898,-26.1703284],[-58.2041998,-26.170253],[-58.2039182,-26.1700866],[-58.2038071,-26.1700064],[-58.203721,-26.1699262],[-58.2033595,-26.1695385],[-58.2032703,-26.1694429],[-58.2017133,-26.1677731],[-58.2015396,-26.1675868],[-58.2012315,-26.1672273],[-58.2010651,-26.1669895],[-58.2008987,-26.1666577],[-58.2008125,-26.1665084],[-58.2006461,-26.1662982],[-58.2011144,-26.1667185],[-58.2014225,-26.1669453],[-58.2016484,-26.1671564],[-58.201824,-26.1673476],[-58.2019442,-26.1674784],[-58.2034907,-26.1691621],[-58.2036436,-26.1693286],[-58.2038174,-26.1695179],[-58.2040334,-26.1697626],[-58.2042223,-26.1700029],[-58.2043289,-26.170176],[-58.2045391,-26.1705287]]]},"geometry_name":"geom","properties":{"gid":46,"rtn":"11","typ":40,"rst":1,"hct":1,"fdc":"Dirección Nacional de Vialidad","sag":"IGN"},"bbox":[-58.2045391,-26.1705287,-58.2006461,-26.1662982]},{"type":"Feature","id":"vial_nacional.31","geometry":{"type":"MultiLineString","coordinates":[[[-58.95853,-27.0899128],[-58.9585634,-27.0900146],[-58.95898,-27.0909488],[-58.9593911,-27.0918708],[-58.9598501,-27.0929188],[-58.9599237,-27.0930932],[-58.9620736,-27.0979709],[-58.9631586,-27.1004042],[-58.9636844,-27.1016115],[-58.9642064,-27.1028363],[-58.9653369,-27.1053524],[-58.9664222,-27.1079018],[-58.9671048,-27.1095562],[-58.9672187,-27.1098189],[-58.9700913,-27.116752],[-58.9702214,-27.117075],[-58.9704859,-27.1176754],[-58.9705329,-27.1178143],[-58.9709171,-27.1187328],[-58.9710842,-27.1191369],[-58.9713174,-27.1196935],[-58.9715867,-27.1203288],[-58.9718755,-27.1210102],[-58.9725797,-27.1227215],[-58.9734091,-27.1246847],[-58.9742002,-27.1266316],[-58.9742806,-27.1267945],[-58.9747247,-27.1278501],[-58.9751953,-27.1291477],[-58.9754247,-27.1302891],[-58.9754801,-27.1307239],[-58.9756759,-27.1321217],[-58.975989,-27.1340813],[-58.9766066,-27.1382696],[-58.9769526,-27.1404815],[-58.9771474,-27.1419202],[-58.9774587,-27.1439005],[-58.9774837,-27.1440622],[-58.9782826,-27.1492423],[-58.9786695,-27.1519122],[-58.9788766,-27.1532411],[-58.9790861,-27.1545946],[-58.9827074,-27.1782294],[-58.9829863,-27.1802271],[-58.9833942,-27.1828896],[-58.9836943,-27.1848798],[-58.9840641,-27.1873245],[-58.984518,-27.1903849],[-58.98517,-27.1946486],[-58.9859714,-27.200033],[-58.986629,-27.2043919],[-58.9869597,-27.2065035],[-58.9872115,-27.2087136],[-58.9872217,-27.2096022],[-58.9871884,-27.2105559],[-58.9871721,-27.2115542],[-58.9871322,-27.2146956],[-58.9870636,-27.2171402],[-58.9869912,-27.2197867],[-58.9869383,-27.2216691],[-58.9865639,-27.2341147],[-58.98643,-27.2387785],[-58.9864319,-27.2393826],[-58.9863901,-27.2421951],[-58.9860981,-27.252178],[-58.9859594,-27.2565181],[-58.9859386,-27.2581641],[-58.985922,-27.2591032],[-58.9859595,-27.2598293],[-58.9860674,-27.2611806],[-58.9862652,-27.2633587],[-58.9866481,-27.267611],[-58.9867807,-27.269197],[-58.9871217,-27.2729274],[-58.987426,-27.2760322],[-58.9874832,-27.2767256],[-58.9877433,-27.2797607],[-58.9879862,-27.2809674],[-58.9882685,-27.282449],[-58.9885886,-27.2839656],[-58.9891545,-27.2868981],[-58.9897937,-27.2899268],[-58.9899635,-27.2907175],[-58.9901259,-27.2915414],[-58.9913607,-27.2976271],[-58.9914544,-27.2980596],[-58.9917806,-27.299202],[-58.9931545,-27.3034166],[-58.9932118,-27.3035931],[-58.9932936,-27.303811],[-58.9936877,-27.3050905],[-58.9937454,-27.3052793],[-58.9948687,-27.3088033],[-58.9955452,-27.3110042],[-58.9958539,-27.3120298],[-58.9960904,-27.3127792],[-58.9965378,-27.3141766],[-58.9979019,-27.318333],[-58.9980181,-27.318703],[-58.9987027,-27.3208823],[-58.9994315,-27.3231672],[-58.9997221,-27.324127],[-59.0007193,-27.3273069],[-59.0021997,-27.3320886],[-59.0022463,-27.3322985],[-59.0023828,-27.3332398],[-59.0024135,-27.334194],[-59.0021726,-27.3359057],[-59.001943,-27.3369652],[-59.0018635,-27.33732],[-59.0006026,-27.3433855],[-59.0000489,-27.3460488],[-58.9998773,-27.3467985],[-58.9996658,-27.3478107],[-58.9996308,-27.3480271],[-58.9995627,-27.3483634],[-58.9987335,-27.3522087],[-58.9986776,-27.3524547],[-58.9972876,-27.3589816],[-58.9951023,-27.3695265],[-58.9923546,-27.3825077],[-58.9921886,-27.3832918],[-58.9921183,-27.3839748],[-58.9920922,-27.3846623],[-58.9920922,-27.3852415],[-58.9921417,-27.3857034],[-58.9921965,-27.3861755],[-58.9923317,-27.3867225],[-58.9926041,-27.3875803],[-58.9934908,-27.389902],[-58.9936693,-27.3903549],[-58.9945579,-27.3926085],[-58.9945677,-27.3926428],[-58.9947927,-27.3931952],[-58.9948201,-27.3932598],[-58.9948784,-27.3933931],[-58.9956003,-27.395291],[-58.9962333,-27.3968936],[-58.996283,-27.3970413],[-58.9974082,-27.3998798],[-58.9976952,-27.4006204],[-58.997848,-27.4010276],[-58.9983818,-27.4023778],[-58.9988662,-27.4035906],[-58.9989316,-27.4037542],[-58.9991435,-27.4042971],[-58.9992978,-27.4047114],[-58.9993367,-27.4047971],[-58.999739,-27.4058163],[-59.0004766,-27.4076736],[-59.00094,-27.4088679],[-59.0012263,-27.4095856],[-59.001359,-27.409938]]]},"geometry_name":"geom","properties":{"gid":31,"rtn":"11","typ":40,"rst":1,"hct":1,"fdc":"Dirección Nacional de Vialidad","sag":"IGN"},"bbox":[-59.0024135,-27.409938,-58.95853,-27.0899128]},{"type":"Feature","id":"vial_nacional.32","geometry":{"type":"MultiLineString","coordinates":[[[-58.95853,-27.0899128],[-58.9582623,-27.0893582],[-58.9579947,-27.0889121],[-58.9578277,-27.0886589],[-58.9574344,-27.0880006],[-58.9561666,-27.0865458],[-58.9549764,-27.0851505],[-58.9551316,-27.0852598],[-58.9554226,-27.0854844],[-58.9556603,-27.0855885],[-58.9560096,-27.0856702],[-58.9564601,-27.0857142],[-58.95688166,-27.08563242],[-58.9572218,-27.0856254],[-58.9574375,-27.08566288],[-58.95769258,-27.08574283],[-58.95785629,-27.08581517],[-58.95794766,-27.08587608],[-58.9580799,-27.0860294],[-58.9582612,-27.0862491],[-58.9584164,-27.0865432],[-58.9584926,-27.0868183],[-58.95848827,-27.08710579],[-58.95843117,-27.08741797],[-58.9583674,-27.0878146],[-58.9583567,-27.0885161],[-58.9583958,-27.0892208],[-58.95853,-27.0899128]]]},"geometry_name":"geom","properties":{"gid":32,"rtn":"11","typ":40,"rst":1,"hct":1,"fdc":"Dirección Nacional de Vialidad","sag":"IGN"},"bbox":[-58.95853,-27.0899128,-58.9549764,-27.0851505]},{"type":"Feature","id":"vial_nacional.35","geometry":{"type":"MultiLineString","coordinates":[[[-58.6277314,-26.6506691],[-58.6278068,-26.6507178],[-58.6281823,-26.6510102],[-58.6285632,-26.6513123],[-58.6286392,-26.6513763],[-58.6295878,-26.6521753],[-58.6299119,-26.6525072],[-58.6301403,-26.652741],[-58.6306339,-26.6533451],[-58.6308202,-26.6535967],[-58.6311251,-26.654044],[-58.6312798,-26.6543311],[-58.6313308,-26.6544286],[-58.6313662,-26.6544949],[-58.631498,-26.654766],[-58.6315995,-26.6549991],[-58.6336338,-26.6597817],[-58.6339147,-26.6604693],[-58.6343177,-26.6614908],[-58.6348434,-26.6628618],[-58.635691,-26.6650095],[-58.6357857,-26.6652379],[-58.6358796,-26.66542995],[-58.636265,-26.6660881],[-58.6364796,-26.6664381],[-58.6367049,-26.6667353],[-58.6449587,-26.6753686],[-58.6450547,-26.6754673],[-58.6558712,-26.6868697],[-58.6583432,-26.6894663],[-58.6603499,-26.6914114],[-58.672487,-26.7040383],[-58.6731291,-26.7047236],[-58.6738195,-26.7055337],[-58.6745324,-26.7066138],[-58.6766745,-26.710498],[-58.6810066,-26.7185268],[-58.6834961,-26.7230071],[-58.6853641,-26.726415],[-58.6861581,-26.7278395],[-58.6867497,-26.7288962],[-58.6876863,-26.7302611],[-58.6911001,-26.7350381],[-58.6973115,-26.7437991],[-58.6977798,-26.7444264],[-58.707023,-26.7572034],[-58.7098329,-26.761143],[-58.7104783,-26.7620571],[-58.7151077,-26.7686145],[-58.7161059,-26.770012],[-58.716488,-26.7706171],[-58.7168414,-26.7712442],[-58.7170426,-26.7718495],[-58.7172028,-26.7724437],[-58.7172767,-26.7732359],[-58.717289,-26.7743472],[-58.7170672,-26.7852175],[-58.7170179,-26.7875059],[-58.7166605,-26.8066691],[-58.7165373,-26.8175583],[-58.7165866,-26.8187352],[-58.7166975,-26.8194061],[-58.7168577,-26.820132],[-58.7171658,-26.8208689],[-58.7177204,-26.8217927],[-58.7184106,-26.8226946],[-58.7192424,-26.8234975],[-58.7245418,-26.828254],[-58.7400125,-26.8423285],[-58.744772,-26.8465362],[-58.7497756,-26.8510334],[-58.7534975,-26.8544145],[-58.7540583,-26.8549312],[-58.7545266,-26.855404],[-58.7564792,-26.8576492],[-58.7622231,-26.8639468],[-58.7634336,-26.8653168],[-58.7637175,-26.8656288],[-58.7643344,-26.8663316],[-58.766051,-26.8682034],[-58.7725076,-26.8753307],[-58.779418,-26.8830561],[-58.7797596,-26.8834293],[-58.7811345,-26.8848943],[-58.7835008,-26.8875874],[-58.7840122,-26.8882414],[-58.7844806,-26.8890108],[-58.7849735,-26.8900166],[-58.7859512,-26.8922036],[-58.7880872,-26.8968833],[-58.7894236,-26.8999252],[-58.7945135,-26.9113051],[-58.7953014,-26.9130831],[-58.7955636,-26.9135121],[-58.7958422,-26.9138428],[-58.79623,-26.9142168],[-58.7971002,-26.9150253],[-58.7987967,-26.9167132],[-58.7990209,-26.9169224],[-58.8164952,-26.9336865],[-58.819281,-26.9363479],[-58.8217858,-26.9387639],[-58.8239179,-26.9407493],[-58.8245945,-26.9412561],[-58.8300805,-26.9455404],[-58.8303112,-26.9456997],[-58.8399897,-26.9532437],[-58.8452448,-26.9573488],[-58.846352,-26.9581903],[-58.8471572,-26.9588568],[-58.8476669,-26.9593536],[-58.8489554,-26.9607956],[-58.8498646,-26.9618437],[-58.8500925,-26.9621091],[-58.8553323,-26.9680743],[-58.8577833,-26.9708443],[-58.8578846,-26.9709588],[-58.8632944,-26.9770456],[-58.8637543,-26.9775631]]]},"geometry_name":"geom","properties":{"gid":35,"rtn":"11","typ":40,"rst":1,"hct":1,"fdc":"Dirección Nacional de Vialidad","sag":"IGN"},"bbox":[-58.8637543,-26.9775631,-58.6277314,-26.6506691]},{"type":"Feature","id":"vial_nacional.36","geometry":{"type":"MultiLineString","coordinates":[[[-58.6277314,-26.6506691],[-58.6274774,-26.6505153],[-58.6270022,-26.6502275],[-58.6263517,-26.6499009],[-58.6260165,-26.6498146],[-58.6257794,-26.6497957],[-58.62556524,-26.64979815],[-58.62537353,-26.64974334],[-58.62517114,-26.64961483],[-58.62502664,-26.64945359],[-58.6249534,-26.64928355],[-58.62491212,-26.64908714],[-58.6248551,-26.6488964],[-58.6247318,-26.6487191],[-58.6239029,-26.6478656],[-58.6231836,-26.6472456],[-58.6236652,-26.6475713],[-58.6240951,-26.6478621],[-58.624539,-26.6480674],[-58.6248535,-26.6482668],[-58.6252172,-26.6483966],[-58.62564033,-26.64844018],[-58.62570204,-26.64844378],[-58.62591519,-26.64846879],[-58.62604735,-26.64851917],[-58.62615419,-26.64859143],[-58.62622824,-26.64866406],[-58.62629706,-26.64875071],[-58.62638256,-26.64888164],[-58.62643395,-26.64902936],[-58.62646473,-26.64919468],[-58.6265145,-26.64934104],[-58.62668337,-26.64960908],[-58.62694706,-26.64987279],[-58.6277314,-26.6506691]]]},"geometry_name":"geom","properties":{"gid":36,"rtn":"11","typ":40,"rst":1,"hct":1,"fdc":"Dirección Nacional de Vialidad","sag":"IGN"},"bbox":[-58.6277314,-26.6506691,-58.6231836,-26.6472456]},{"type":"Feature","id":"vial_nacional.37","geometry":{"type":"MultiLineString","coordinates":[[[-58.376893,-26.4233709],[-58.3840635,-26.4286731],[-58.4009277,-26.4407659],[-58.4011062,-26.4408983],[-58.4020564,-26.4415752],[-58.4068311,-26.4450148],[-58.4175918,-26.4527662],[-58.4182703,-26.4533109],[-58.4189758,-26.4539477],[-58.4212181,-26.4562145],[-58.4305945,-26.465438],[-58.4370056,-26.4717442],[-58.4491662,-26.4836712],[-58.4786256,-26.5125709],[-58.4799593,-26.5138791],[-58.480135,-26.5140514],[-58.4824851,-26.5163565],[-58.4892819,-26.5229613],[-58.5047742,-26.5380584],[-58.5073371,-26.5405622],[-58.5094178,-26.5425497],[-58.5125575,-26.5456084],[-58.5127091,-26.5457487],[-58.5169016,-26.5497739],[-58.5303154,-26.5627428],[-58.5317836,-26.5641505],[-58.5425695,-26.5745466],[-58.558818,-26.5902502],[-58.5618269,-26.5931029],[-58.5821898,-26.6128649],[-58.5945203,-26.6248073],[-58.5998418,-26.6295644],[-58.602663,-26.6318189],[-58.6158698,-26.641854],[-58.6203811,-26.645123],[-58.6216793,-26.6460964],[-58.6231836,-26.6472456]]]},"geometry_name":"geom","properties":{"gid":37,"rtn":"11","typ":40,"rst":1,"hct":1,"fdc":"Dirección Nacional de Vialidad","sag":"IGN"},"bbox":[-58.6231836,-26.6472456,-58.376893,-26.4233709]},{"type":"Feature","id":"vial_nacional.38","geometry":{"type":"MultiLineString","coordinates":[[[-58.34787698,-26.39943865],[-58.34839599,-26.39939157],[-58.34875386,-26.39936873],[-58.34905843,-26.39936873],[-58.34926402,-26.39942203],[-58.34956097,-26.39952101],[-58.34985793,-26.39965807],[-58.35220313,-26.40124945],[-58.35557625,-26.40400582],[-58.35871333,-26.40706676],[-58.3595949,-26.407875],[-58.3614541,-26.4095619],[-58.3658235,-26.413653],[-58.3693952,-26.4170674],[-58.3726133,-26.4201122],[-58.3730263,-26.4205029],[-58.373474,-26.4209058],[-58.376893,-26.4233709],[-58.3764051,-26.42275788],[-58.37612718,-26.42249899],[-58.3736647,-26.420629],[-58.3732152,-26.4202463],[-58.3635056,-26.4109067],[-58.3628685,-26.4103657],[-58.3615721,-26.4094273],[-58.3612691,-26.4091737],[-58.3608843,-26.4088224],[-58.3602121,-26.4081901],[-58.3596298,-26.4076387],[-58.3593153,-26.4073315],[-58.3553624,-26.4036133],[-58.3522766,-26.4010752],[-58.350382,-26.399729],[-58.3499875,-26.3994796],[-58.34939346,-26.39926974],[-58.34870056,-26.39923928],[-58.34798976,-26.39923501]]]},"geometry_name":"geom","properties":{"gid":38,"rtn":"11","typ":47,"rst":1,"hct":1,"fdc":"Dirección Nacional de Vialidad","sag":"IGN"},"bbox":[-58.376893,-26.4233709,-58.34787698,-26.39923501]},{"type":"Feature","id":"vial_nacional.49","geometry":{"type":"MultiLineString","coordinates":[[[-58.2295281,-26.1138798],[-58.2295537,-26.1138197],[-58.2296241,-26.1137376],[-58.2298136,-26.1134944],[-58.2300294,-26.1132406],[-58.2304566,-26.112592],[-58.2305583,-26.1123903],[-58.2307146,-26.1120456],[-58.2308383,-26.1116862],[-58.231017,-26.1109985],[-58.2310715,-26.1105405],[-58.2310903,-26.110302],[-58.2310984,-26.1100491],[-58.2310568,-26.1095434],[-58.2310139,-26.1092688],[-58.2309522,-26.1089224],[-58.2308368,-26.1085643],[-58.2306477,-26.1081091],[-58.2304908,-26.1077912],[-58.2303058,-26.1074588],[-58.2295591,-26.1064991],[-58.2277365,-26.1040309],[-58.226728,-26.1025279],[-58.2258482,-26.1009863],[-58.22087,-26.0919486],[-58.2100548,-26.0718351],[-58.2027168,-26.058451],[-58.1893498,-26.033798],[-58.1837332,-26.0233812],[-58.1811529,-26.0186136],[-58.1772315,-26.011363],[-58.1731814,-26.0039335],[-58.1699735,-25.9979646],[-58.1663498,-25.9909056],[-58.1632816,-25.9848319],[-58.1630775,-25.9844368],[-58.1626725,-25.9836195],[-58.1622809,-25.9829636],[-58.1619805,-25.9825441],[-58.1617069,-25.9822258],[-58.1616585,-25.9821759],[-58.161487,-25.9819992],[-58.1608593,-25.9815073],[-58.150604,-25.9732278],[-58.1490297,-25.9718679],[-58.1478066,-25.9707491],[-58.1468196,-25.9697073],[-58.1457467,-25.9682991],[-58.1397045,-25.9595738],[-58.1304018,-25.9464785],[-58.1302076,-25.9462024],[-58.1233125,-25.9363962],[-58.1080027,-25.9157381],[-58.1057711,-25.9127272],[-58.1049342,-25.9115885],[-58.1040333,-25.910304],[-58.1023593,-25.9075932],[-58.0858991,-25.8821876],[-58.0495734,-25.8254382],[-58.0417843,-25.8120138],[-58.0309052,-25.7929659],[-58.0298109,-25.7915942],[-58.0286093,-25.7903384],[-58.0271287,-25.789411],[-58.025691,-25.788812],[-58.02391,-25.7883677],[-58.0218072,-25.7880199],[-58.0207343,-25.7878267],[-58.0174513,-25.7870732],[-58.0163784,-25.7866288],[-58.0153484,-25.7859912],[-58.0140824,-25.7849092],[-58.0127735,-25.7832862],[-58.0117865,-25.781528],[-58.0069585,-25.7710551],[-57.9963198,-25.7484546],[-57.9922024,-25.7397288],[-57.9879167,-25.7305513],[-57.9859664,-25.7263965],[-57.984574,-25.7233533],[-57.9840202,-25.7221954],[-57.9834127,-25.7211864],[-57.9809887,-25.7178151],[-57.9745266,-25.7088788],[-57.9683171,-25.700326],[-57.9633753,-25.6934662],[-57.9629912,-25.6929446],[-57.9611764,-25.6903866],[-57.9522777,-25.678083],[-57.9466345,-25.6703064],[-57.9419584,-25.6638532],[-57.9337047,-25.6524281],[-57.9270362,-25.6431707],[-57.9199563,-25.6333974],[-57.917636,-25.6300789],[-57.9170508,-25.6289081],[-57.9162125,-25.6269918],[-57.9124921,-25.6184851],[-57.9122125,-25.6178457],[-57.9092395,-25.6110557],[-57.9074738,-25.6070461],[-57.9073039,-25.6066603],[-57.9044091,-25.6000864],[-57.9023638,-25.595358],[-57.9007339,-25.5917359],[-57.9000542,-25.5905908],[-57.8994236,-25.5895987],[-57.8950848,-25.5828569],[-57.8915859,-25.5774989],[-57.8872283,-25.5707318],[-57.8828735,-25.5639579],[-57.8720456,-25.547217],[-57.8701867,-25.5443298],[-57.8568809,-25.523661],[-57.8537831,-25.5191794],[-57.8506464,-25.5146902],[-57.8451932,-25.5069558],[-57.8392872,-25.4986296],[-57.8362877,-25.4944035],[-57.8361754,-25.4942415],[-57.8351086,-25.4927422],[-57.8333072,-25.490204],[-57.833004,-25.4897757],[-57.8281943,-25.4829818],[-57.8210513,-25.4728241],[-57.8138044,-25.4625533],[-57.7894211,-25.4280449],[-57.7883947,-25.4265921],[-57.786864,-25.4244255],[-57.7855956,-25.4226301],[-57.7833553,-25.4199415],[-57.7832359,-25.4197982],[-57.7826867,-25.4191391],[-57.7811409,-25.417284],[-57.7799053,-25.415801],[-57.776851,-25.4121674],[-57.7753211,-25.4103235],[-57.7743756,-25.409082],[-57.7735978,-25.4078858],[-57.7729711,-25.4068777],[-57.772369,-25.405517],[-57.7719161,-25.4043994],[-57.7715424,-25.4030494],[-57.7701561,-25.3983638],[-57.7674574,-25.3891785],[-57.7656002,-25.3828866],[-57.7652473,-25.3816909],[-57.7636075,-25.3762492],[-57.7628625,-25.3743583],[-57.7620673,-25.3729354],[-57.7613785,-25.3719224],[-57.7577208,-25.36686],[-57.747872,-25.3532026],[-57.7419488,-25.3449007],[-57.7396254,-25.3416801],[-57.7391861,-25.3409567],[-57.7387672,-25.3401965],[-57.7384114,-25.3394358],[-57.7380556,-25.3385279],[-57.7375092,-25.3367921],[-57.7356316,-25.3300157],[-57.7335549,-25.3225201],[-57.7331999,-25.3212284],[-57.7330521,-25.3207307],[-57.7328407,-25.3199971],[-57.7327505,-25.3196716],[-57.7311931,-25.3139996],[-57.7309929,-25.3132799],[-57.7309044,-25.3129619],[-57.7303018,-25.3107961],[-57.7300085,-25.3096938],[-57.7297369,-25.3086752],[-57.7294659,-25.3075753],[-57.728745,-25.3044959],[-57.7286056,-25.3039239],[-57.727468,-25.2992546],[-57.7271061,-25.2979197],[-57.7263381,-25.2950189]]]},"geometry_name":"geom","properties":{"gid":49,"rtn":"11","typ":40,"rst":1,"hct":1,"fdc":"Dirección Nacional de Vialidad","sag":"IGN"},"bbox":[-58.2310984,-26.1138798,-57.7263381,-25.2950189]},{"type":"Feature","id":"vial_nacional.39","geometry":{"type":"MultiLineString","coordinates":[[[-58.34748228,-26.39855837],[-58.3469309,-26.3978032],[-58.346819,-26.39768935],[-58.3466589,-26.3975188],[-58.3461589,-26.3972036],[-58.3457808,-26.3969652],[-58.3452879,-26.3965351],[-58.3448937,-26.3961154],[-58.3443083,-26.3953725],[-58.3441068,-26.3950115],[-58.3440325,-26.3948784],[-58.3439668,-26.3947607],[-58.3437514,-26.3942528],[-58.3435754,-26.3937796],[-58.3434139,-26.3932895],[-58.3431145,-26.3918149],[-58.3430127,-26.3912683],[-58.3428122,-26.3900265],[-58.3427309,-26.3894584],[-58.3424935,-26.3883528],[-58.3421617,-26.3868071],[-58.341869,-26.3857436],[-58.3416657,-26.3851172],[-58.3413974,-26.3844325],[-58.3409258,-26.3834856],[-58.3401778,-26.3820434],[-58.3394623,-26.3808196],[-58.3296772,-26.3640294],[-58.3241779,-26.3545921],[-58.3206747,-26.3485799],[-58.3205975,-26.3484244],[-58.3080576,-26.3269473],[-58.3051381,-26.3219373],[-58.3021731,-26.3168219],[-58.3020776,-26.3166564],[-58.3003329,-26.31368],[-58.2969399,-26.3078411],[-58.2933591,-26.3017169],[-58.2915151,-26.2985513],[-58.2903819,-26.2966048],[-58.2893845,-26.29489],[-58.2886532,-26.2936326],[-58.2868615,-26.2905654],[-58.2857376,-26.2886199],[-58.2841417,-26.2858796],[-58.2830742,-26.2840399],[-58.282519,-26.2831489],[-58.2820483,-26.2824575],[-58.2813898,-26.2816121],[-58.2802351,-26.280293],[-58.2773986,-26.2771028],[-58.2772394,-26.2769363],[-58.2754703,-26.2749162],[-58.2753509,-26.2747667],[-58.2752725,-26.2746149],[-58.27522882,-26.27450231],[-58.27523453,-26.27446029],[-58.27523396,-26.27441788],[-58.27522714,-26.27437603],[-58.2752142,-26.27433564],[-58.27519544,-26.2742976],[-58.27517126,-26.27426276],[-58.2751422,-26.27423188],[-58.27510889,-26.27420562],[-58.27507207,-26.27418458],[-58.27503254,-26.27416921],[-58.27499118,-26.27415985],[-58.27494889,-26.27415671],[-58.27490965,-26.27415941],[-58.27487115,-26.27416747],[-58.27483411,-26.27418074],[-58.27474641,-26.27411718],[-58.27467979,-26.27404865],[-58.2745808,-26.27392492],[-58.2744228,-26.27372314],[-58.2727745,-26.2719523],[-58.270614,-26.2695255],[-58.2703316,-26.2691721],[-58.2688384,-26.267546],[-58.2679519,-26.2665514],[-58.26698776,-26.26548068],[-58.266765,-26.2652333],[-58.2658792,-26.2642219],[-58.265499,-26.263813],[-58.2649774,-26.263232],[-58.2638915,-26.2620224],[-58.263832,-26.2619561],[-58.2633017,-26.2613606],[-58.2615907,-26.2594059],[-58.2608722,-26.2585969],[-58.2603781,-26.2579701],[-58.2603244,-26.2579054],[-58.2597443,-26.2570935],[-58.2596668,-26.2569753],[-58.2590525,-26.2560387],[-58.2584727,-26.2551478],[-58.2579111,-26.254285],[-58.2573076,-26.253353],[-58.2567334,-26.2524742],[-58.2562064,-26.251648],[-58.256077,-26.2514501],[-58.2559007,-26.2511784],[-58.2558004,-26.2510239],[-58.255721,-26.2509017],[-58.2547116,-26.2493369],[-58.2541392,-26.2484574],[-58.2535766,-26.2475784],[-58.2529838,-26.2466762],[-58.2524009,-26.2457542],[-58.2517299,-26.24473],[-58.2511546,-26.2438423],[-58.2505645,-26.2429426],[-58.2497022,-26.2416074],[-58.2495351,-26.2413458],[-58.2494369,-26.2411886],[-58.2487041,-26.2400765],[-58.2486379,-26.2399707],[-58.2481518,-26.2392293],[-58.2467638,-26.2370881],[-58.2463253,-26.2364156],[-58.2441103,-26.2329356],[-58.2431361,-26.2315063],[-58.2425413,-26.2305723],[-58.2403949,-26.2272741],[-58.2363009,-26.2209467],[-58.235789,-26.2201555],[-58.2350192,-26.2189868],[-58.2343937,-26.2180371],[-58.2343733,-26.2180056],[-58.2336813,-26.2169407],[-58.2323558,-26.2149006],[-58.231781,-26.2140159],[-58.23140497,-26.21342286],[-58.23141634,-26.21384817],[-58.23152294,-26.21411467],[-58.23186939,-26.21462609],[-58.24773088,-26.23903936],[-58.25193301,-26.24550198],[-58.25409356,-26.24886654],[-58.25476933,-26.24987067],[-58.25536895,-26.25080342],[-58.2554213,-26.25098426],[-58.25544985,-26.25104613],[-58.25547841,-26.25117937],[-58.2555022,-26.25130311],[-58.25551648,-26.25139829],[-58.25554503,-26.25150774],[-58.2555831,-26.25157912],[-58.25577822,-26.25168382],[-58.25591623,-26.25170286],[-58.25601141,-26.25174569],[-58.25606375,-26.25181231],[-58.25609707,-26.25190749],[-58.25614941,-26.25205502],[-58.25653965,-26.25264512],[-58.25836231,-26.25545289],[-58.25913326,-26.25659027],[-58.26005459,-26.25781997],[-58.26105967,-26.25897354],[-58.26251019,-26.2606068],[-58.2650229,-26.26345073],[-58.26601656,-26.2645529],[-58.26671327,-26.26542664],[-58.26735428,-26.2661062],[-58.26803386,-26.26699707],[-58.27444755,-26.27413146],[-58.27455891,-26.2742628],[-58.27466313,-26.27442743],[-58.27466411,-26.2744711],[-58.27467173,-26.27451411],[-58.2746858,-26.27455547],[-58.27470599,-26.27459419],[-58.27473185,-26.2746294],[-58.27476277,-26.27466026],[-58.27479802,-26.27468605],[-58.27483678,-26.27470618],[-58.27487816,-26.27472017],[-58.27492119,-26.27472771],[-58.27496486,-26.2747286],[-58.27529805,-26.27513697],[-58.27578155,-26.27566236],[-58.2807118,-26.28114844],[-58.28113058,-26.28164337],[-58.2815113,-26.2821383],[-58.28202145,-26.28286165],[-58.28255445,-26.28368399],[-58.28332349,-26.28503934],[-58.28481589,-26.28757489],[-58.28745043,-26.29215107],[-58.29151645,-26.29913336],[-58.29367061,-26.30293203],[-58.29580641,-26.30660972],[-58.29665921,-26.30807928],[-58.29846379,-26.31095747],[-58.29963639,-26.31301333],[-58.30113641,-26.31564787],[-58.3030019,-26.31880018],[-58.30434202,-26.32109969],[-58.30560598,-26.32314793],[-58.30727351,-26.32597282],[-58.30888774,-26.32882818],[-58.30994612,-26.33057946],[-58.31159081,-26.33344243],[-58.31375326,-26.33718865],[-58.31567967,-26.34048563],[-58.31727105,-26.34318109],[-58.31891574,-26.34604405],[-58.32079646,-26.34928012],[-58.3225249,-26.35223446],[-58.32413152,-26.35496798],[-58.32606554,-26.35834111],[-58.32808333,-26.36176753],[-58.32997167,-26.36504167],[-58.33143361,-26.36755438],[-58.33342093,-26.37096558],[-58.33511892,-26.37379047],[-58.33693111,-26.37685903],[-58.33881184,-26.38010271],[-58.34009104,-26.38243267],[-58.34070018,-26.3834073],[-58.34100475,-26.38408497],[-58.34136262,-26.38481594],[-58.34156821,-26.38536417],[-58.34198699,-26.38679565],[-58.34245908,-26.38905709],[-58.34296923,-26.39195052],[-58.34347178,-26.39425003],[-58.34349906,-26.39436805],[-58.34348383,-26.39442801],[-58.34344386,-26.3944737],[-58.34342672,-26.39453652],[-58.34343529,-26.39460505],[-58.34347527,-26.39465359],[-58.34356378,-26.39468785],[-58.34365515,-26.39473639],[-58.34372368,-26.3948192],[-58.34381886,-26.39494674],[-58.34399399,-26.39525131],[-58.34419957,-26.39556349],[-58.34454983,-26.39600512],[-58.34479349,-26.39630208],[-58.3452275,-26.39672086],[-58.34555491,-26.39698736],[-58.34606507,-26.39736046],[-58.34659902,-26.39783064],[-58.34685791,-26.39816567],[-58.34696451,-26.39840933],[-58.34708895,-26.39873381]]]},"geometry_name":"geom","properties":{"gid":39,"rtn":"11","typ":47,"rst":1,"hct":1,"fdc":"Dirección Nacional de Vialidad","sag":"IGN"},"bbox":[-58.34748228,-26.39873381,-58.23140497,-26.21342286]},{"type":"Feature","id":"vial_nacional.69","geometry":{"type":"MultiLineString","coordinates":[[[-60.7108346,-32.8342157],[-60.710793,-32.8343521],[-60.7106903,-32.8346888],[-60.7105139,-32.835267],[-60.7104133,-32.8355969],[-60.7103143,-32.8359215],[-60.7102707,-32.8360646],[-60.7102257,-32.8362121],[-60.7099001,-32.8372797],[-60.7095799,-32.8383298],[-60.7095368,-32.838471],[-60.7092239,-32.8394967],[-60.7090663,-32.8400135],[-60.7089199,-32.8405254],[-60.7087629,-32.8410084],[-60.7087443,-32.8410694],[-60.7086874,-32.8412559],[-60.7081571,-32.8429934],[-60.7081429,-32.8430413],[-60.7079238,-32.8437596],[-60.7078776,-32.843911],[-60.7075858,-32.8449052],[-60.7070085,-32.8467604],[-60.7067594,-32.8475776],[-60.7066275,-32.8480095],[-60.7064596,-32.8485727],[-60.7059422,-32.8502561],[-60.7059288,-32.8503],[-60.7056998,-32.85115457],[-60.70539302,-32.85213113],[-60.70530034,-32.85242616],[-60.70500501,-32.85336626],[-60.70498296,-32.85343964],[-60.70418732,-32.85608771],[-60.70377045,-32.85747516],[-60.70325598,-32.85911136],[-60.70227853,-32.86234834],[-60.70212536,-32.8628556],[-60.70064953,-32.86779436],[-60.70013283,-32.86946336],[-60.69961817,-32.87122452]]]},"geometry_name":"geom","properties":{"gid":69,"rtn":"11","typ":40,"rst":1,"hct":1,"fdc":"Dirección Nacional de Vialidad","sag":"IGN"},"bbox":[-60.7108346,-32.87122452,-60.69961817,-32.8342157]},{"type":"Feature","id":"vial_nacional.51","geometry":{"type":"MultiLineString","coordinates":[[[-58.1875148,-26.1579712],[-58.1881056,-26.1582209],[-58.1891406,-26.158634],[-58.1894126,-26.1587429],[-58.1902711,-26.1590866],[-58.1921084,-26.1598281]]]},"geometry_name":"geom","properties":{"gid":51,"rtn":"11","typ":40,"rst":1,"hct":1,"fdc":"Dirección Nacional de Vialidad","sag":"IGN"},"bbox":[-58.1921084,-26.1598281,-58.1875148,-26.1579712]},{"type":"Feature","id":"vial_nacional.52","geometry":{"type":"MultiLineString","coordinates":[[[-58.1920695,-26.142658],[-58.191745,-26.1430751],[-58.1912032,-26.1438546],[-58.190888,-26.1443507],[-58.190361,-26.1452957],[-58.1901692,-26.1456834],[-58.1892478,-26.1476998],[-58.1885196,-26.1493912],[-58.1883088,-26.149873],[-58.1876546,-26.1513511],[-58.1865321,-26.15392],[-58.186166,-26.1548084],[-58.1860313,-26.1551841],[-58.1859024,-26.1555254]]]},"geometry_name":"geom","properties":{"gid":52,"rtn":"11","typ":40,"rst":1,"hct":1,"fdc":"Dirección Nacional de Vialidad","sag":"IGN"},"bbox":[-58.1920695,-26.1555254,-58.1859024,-26.142658]},{"type":"Feature","id":"vial_nacional.53","geometry":{"type":"MultiLineString","coordinates":[[[-58.18575835,-26.1567842],[-58.1858214,-26.1569422],[-58.1858775,-26.1570508],[-58.1859407,-26.1571437],[-58.1860053,-26.157221],[-58.1860898,-26.1573041],[-58.1861956,-26.1573897],[-58.1863412,-26.1574637],[-58.1864576,-26.157509],[-58.1875148,-26.1579712],[-58.1863965,-26.1575498],[-58.1862791,-26.1575056],[-58.1861307,-26.1574615],[-58.1859883,-26.1574399],[-58.185841,-26.1574352],[-58.18573015,-26.157445],[-58.1856663,-26.1574606],[-58.1855371,-26.1575227],[-58.18545293,-26.15759852],[-58.1853783,-26.1576588],[-58.1853141,-26.1576768],[-58.1852633,-26.1576804],[-58.1851964,-26.1576804],[-58.1851215,-26.1576588],[-58.1850681,-26.1576276],[-58.1850266,-26.1575868],[-58.1849999,-26.1575436],[-58.1849818,-26.1574822],[-58.1849925,-26.1573604],[-58.1850068,-26.1572973],[-58.1850505,-26.1571566],[-58.1850676,-26.1571015],[-58.1851786,-26.1568216],[-58.18530446,-26.15659439],[-58.18543771,-26.15636501],[-58.1855933,-26.1560844],[-58.1856657,-26.1559797],[-58.1857354,-26.1558725],[-58.1857907,-26.1557694],[-58.1858576,-26.1556357],[-58.1859024,-26.1555254],[-58.1858268,-26.1558187],[-58.1857905,-26.1559724],[-58.1857665,-26.1560845],[-58.1857114,-26.1563865],[-58.1857033,-26.1565178],[-58.1857117,-26.1565966],[-58.1857397,-26.15669455],[-58.18575835,-26.1567842]]]},"geometry_name":"geom","properties":{"gid":53,"rtn":"11","typ":40,"rst":1,"hct":1,"fdc":"Dirección Nacional de Vialidad","sag":"IGN"},"bbox":[-58.1875148,-26.1579712,-58.1849818,-26.1555254]},{"type":"Feature","id":"vial_nacional.54","geometry":{"type":"MultiLineString","coordinates":[[[-57.7328601,-25.2903581],[-57.7330176,-25.2899256],[-57.7333422,-25.2890276],[-57.7336637,-25.288138],[-57.733766,-25.2878292],[-57.7338218,-25.28764],[-57.7339034,-25.2872339],[-57.7339548,-25.2868119],[-57.7339726,-25.2864519],[-57.7339781,-25.2860009],[-57.7339563,-25.2855336],[-57.733919,-25.2852587],[-57.7337553,-25.2838197],[-57.7336375,-25.2826546],[-57.7336325,-25.2826053],[-57.73355,-25.2817901],[-57.7334393,-25.2806946],[-57.7333765,-25.2800736],[-57.7333426,-25.2797388],[-57.7333343,-25.2796564],[-57.7331618,-25.2779368],[-57.7331136,-25.2774568],[-57.7330819,-25.2771408],[-57.7330127,-25.2764962],[-57.7330039,-25.2764141],[-57.7327791,-25.2742663],[-57.7327662,-25.2741458],[-57.7322261,-25.269017],[-57.7321743,-25.2683353],[-57.7321374,-25.2680032],[-57.732083,-25.2677306],[-57.7320175,-25.2674953],[-57.7319215,-25.2672814],[-57.7318083,-25.2670691],[-57.7316684,-25.2668644],[-57.7315138,-25.2666861],[-57.7313601,-25.266511],[-57.7311708,-25.2663419],[-57.7309529,-25.2661733],[-57.7307215,-25.2660327],[-57.7304573,-25.2659043],[-57.7301609,-25.2658128],[-57.7296229,-25.2656694],[-57.728924,-25.2654915],[-57.7284467,-25.2653661],[-57.7283586,-25.2653419],[-57.727551,-25.265143],[-57.7274679,-25.2651213],[-57.7269939,-25.2650403]]]},"geometry_name":"geom","properties":{"gid":54,"rtn":"11","typ":40,"rst":1,"hct":1,"fdc":"Dirección Nacional de Vialidad","sag":"IGN"},"bbox":[-57.7339781,-25.2903581,-57.7269939,-25.2650403]},{"type":"Feature","id":"vial_nacional.55","geometry":{"type":"MultiLineString","coordinates":[[[-57.7269939,-25.2650403],[-57.7265168,-25.2649285],[-57.7263306,-25.2648594],[-57.7261672,-25.2647533],[-57.7259352,-25.2646103],[-57.7257674,-25.2645343],[-57.7256493,-25.2645052],[-57.7251535,-25.2644651],[-57.7249895,-25.2644519],[-57.7251488,-25.2645064],[-57.7257875,-25.2647977],[-57.7259156,-25.2648614],[-57.7260351,-25.2649209],[-57.7262555,-25.2650195],[-57.726454,-25.265068],[-57.7266238,-25.2650719],[-57.7267574,-25.265067],[-57.7269939,-25.2650403]]]},"geometry_name":"geom","properties":{"gid":55,"rtn":"11","typ":40,"rst":1,"hct":1,"fdc":"Dirección Nacional de Vialidad","sag":"IGN"},"bbox":[-57.7269939,-25.2650719,-57.7249895,-25.2644519]},{"type":"Feature","id":"vial_nacional.56","geometry":{"type":"MultiLineString","coordinates":[[[-57.7263381,-25.2950189],[-57.7262436,-25.2947989],[-57.7261054,-25.2943957],[-57.7260474,-25.2941821],[-57.7259738,-25.2938636],[-57.7259374,-25.2937291],[-57.7255324,-25.2922349],[-57.7254945,-25.2921321],[-57.7254592,-25.2920564],[-57.7252877,-25.2917682],[-57.7251705,-25.2915493],[-57.7250857,-25.2913381],[-57.7250165,-25.2911303],[-57.7249686,-25.2910105],[-57.7249576,-25.2908673],[-57.7249907,-25.2907342],[-57.7250717,-25.2906443],[-57.7251685,-25.2905818],[-57.7252809,-25.2905427],[-57.7260763,-25.2903189],[-57.7264735,-25.2902082],[-57.7266648,-25.2901625],[-57.726903,-25.2901283],[-57.7275124,-25.2900861],[-57.7280192,-25.290079],[-57.7284517,-25.290087],[-57.7287908,-25.2901247],[-57.7293142,-25.2902412],[-57.7295355,-25.2903088],[-57.7310081,-25.2907652],[-57.7312225,-25.2908242],[-57.7314457,-25.2908646],[-57.7316872,-25.2908626],[-57.7319597,-25.2908229],[-57.7322076,-25.2907648],[-57.7323084,-25.2907377],[-57.7324948,-25.2906631],[-57.732648,-25.2905978],[-57.7327716,-25.2904923],[-57.7328601,-25.2903581],[-57.7328631,-25.2905901],[-57.7328831,-25.2906811],[-57.7329344,-25.2907761],[-57.7330787,-25.2909769],[-57.733172,-25.2911039],[-57.73318265,-25.29115347],[-57.733186,-25.2911997],[-57.73318493,-25.29124179],[-57.73316171,-25.2913069],[-57.7331056,-25.2913863],[-57.73305701,-25.29142834],[-57.7330101,-25.2914532],[-57.73292528,-25.29148317],[-57.7328148,-25.2914993],[-57.7325017,-25.2914064],[-57.7321456,-25.2912844],[-57.7319021,-25.2911906],[-57.7317076,-25.2911033],[-57.73155,-25.2910354],[-57.7313919,-25.2909692],[-57.7295074,-25.2903888],[-57.7289857,-25.2902432],[-57.7286544,-25.2901816],[-57.728382,-25.29016],[-57.7277046,-25.29015],[-57.7274378,-25.2901849],[-57.7272924,-25.2902565],[-57.7266546,-25.2906577],[-57.7263114,-25.2908604],[-57.725646,-25.2912534],[-57.7254959,-25.2914434],[-57.7254653,-25.2915155],[-57.7254525,-25.2915875],[-57.7254591,-25.2917215],[-57.7255015,-25.2918939],[-57.7256037,-25.292248],[-57.7257097,-25.2926391],[-57.7260133,-25.293723],[-57.7260997,-25.294039],[-57.7261427,-25.2942466],[-57.7262259,-25.2945501],[-57.7263381,-25.2950189]]]},"geometry_name":"geom","properties":{"gid":56,"rtn":"11","typ":40,"rst":1,"hct":1,"fdc":"Dirección Nacional de Vialidad","sag":"IGN"},"bbox":[-57.733186,-25.2950189,-57.7249576,-25.290079]},{"type":"Feature","id":"vial_nacional.57","geometry":{"type":"MultiLineString","coordinates":[[[-57.7249895,-25.2644519],[-57.7247821,-25.2644011],[-57.72440758,-25.26430697]]]},"geometry_name":"geom","properties":{"gid":57,"rtn":"11","typ":40,"rst":1,"hct":1,"fdc":"Dirección Nacional de Vialidad","sag":"IGN"},"bbox":[-57.7249895,-25.2644519,-57.72440758,-25.26430697]},{"type":"Feature","id":"vial_nacional.58","geometry":{"type":"MultiLineString","coordinates":[[[-60.9815651,-32.2311326],[-60.981695,-32.2311336],[-60.981688,-32.2301759],[-60.9816452,-32.2300366],[-60.9815817,-32.2299285],[-60.9814759,-32.2297998],[-60.9815531,-32.2300361],[-60.9815639,-32.2301607],[-60.9815651,-32.2311326]]]},"geometry_name":"geom","properties":{"gid":58,"rtn":"11","typ":40,"rst":1,"hct":1,"fdc":"Dirección Nacional de Vialidad","sag":"IGN"},"bbox":[-60.981695,-32.2311336,-60.9814759,-32.2297998]},{"type":"Feature","id":"vial_nacional.59","geometry":{"type":"MultiLineString","coordinates":[[[-60.9269715,-31.9737269],[-60.9269369,-31.9736687],[-60.9268527,-31.9732659],[-60.926748,-31.9727676],[-60.9267442,-31.9727333],[-60.9266732,-31.9723812],[-60.9266663,-31.9723492],[-60.9265558,-31.9718681],[-60.9265713,-31.9717719],[-60.9266182,-31.9718584],[-60.9267264,-31.9723408],[-60.9268105,-31.9727249],[-60.9268182,-31.9727585],[-60.9269058,-31.9732593],[-60.9269794,-31.973663],[-60.9269715,-31.9737269]]]},"geometry_name":"geom","properties":{"gid":59,"rtn":"11","typ":40,"rst":1,"hct":1,"fdc":"Dirección Nacional de Vialidad","sag":"IGN"},"bbox":[-60.9269794,-31.9737269,-60.9265558,-31.9717719]},{"type":"Feature","id":"vial_nacional.60","geometry":{"type":"MultiLineString","coordinates":[[[-60.9265713,-31.9717719],[-60.9264451,-31.9712456],[-60.9263404,-31.970749],[-60.9262998,-31.9705322],[-60.9261971,-31.9699846],[-60.9261694,-31.969837],[-60.926141,-31.9696854],[-60.926114,-31.9694617]]]},"geometry_name":"geom","properties":{"gid":60,"rtn":"11","typ":40,"rst":1,"hct":1,"fdc":"Dirección Nacional de Vialidad","sag":"IGN"},"bbox":[-60.9265713,-31.9717719,-60.926114,-31.9694617]},{"type":"Feature","id":"vial_nacional.61","geometry":{"type":"MultiLineString","coordinates":[[[-60.926114,-31.9694617],[-60.9260549,-31.9693366],[-60.9259815,-31.9691178],[-60.9259138,-31.968796],[-60.9258752,-31.9685902],[-60.9258332,-31.9683163],[-60.925823,-31.9682663],[-60.92574,-31.9678508],[-60.9257136,-31.9676891],[-60.9256824,-31.967462],[-60.925689,-31.9673095],[-60.9257441,-31.9674548],[-60.9257847,-31.967675],[-60.9258197,-31.9678434],[-60.9259051,-31.9682551],[-60.9259136,-31.9683049],[-60.9259682,-31.9685694],[-60.9260127,-31.9687791],[-60.926081,-31.9690949],[-60.9261167,-31.9693122],[-60.926114,-31.9694617]]]},"geometry_name":"geom","properties":{"gid":61,"rtn":"11","typ":40,"rst":1,"hct":1,"fdc":"Dirección Nacional de Vialidad","sag":"IGN"},"bbox":[-60.9261167,-31.9694617,-60.9256824,-31.9673095]},{"type":"Feature","id":"vial_nacional.62","geometry":{"type":"MultiLineString","coordinates":[[[-60.8899632,-32.4527534],[-60.8898972,-32.4529215],[-60.8898556,-32.4530683],[-60.8898109,-32.4533271],[-60.8897868,-32.4535644],[-60.889589,-32.4547004],[-60.8893655,-32.4558138],[-60.8891327,-32.4569489],[-60.888927,-32.458079],[-60.8887702,-32.4588328],[-60.8886969,-32.459172],[-60.8884949,-32.4602709],[-60.8884488,-32.4605476],[-60.8884354,-32.4608101],[-60.8884122,-32.4611564],[-60.8883915,-32.4613744],[-60.8883628,-32.461149],[-60.8883348,-32.4608101],[-60.8883313,-32.4605936],[-60.8882991,-32.4604039],[-60.8882923,-32.4602468],[-60.8884949,-32.4591438],[-60.8885582,-32.4587966],[-60.8887203,-32.4580497],[-60.8889354,-32.456921],[-60.8891512,-32.4557837],[-60.8893748,-32.4546707],[-60.8896119,-32.4535403],[-60.889682,-32.4533236],[-60.889809,-32.4530494],[-60.8899632,-32.4527534]]]},"geometry_name":"geom","properties":{"gid":62,"rtn":"11","typ":40,"rst":1,"hct":1,"fdc":"Dirección Nacional de Vialidad","sag":"IGN"},"bbox":[-60.8899632,-32.4613744,-60.8882923,-32.4527534]},{"type":"Feature","id":"vial_nacional.63","geometry":{"type":"MultiLineString","coordinates":[[[-60.7797321,-31.6862023],[-60.779537,-31.6861693],[-60.7793553,-31.6861063],[-60.7793152,-31.6860788],[-60.7792684,-31.6860467],[-60.7790368,-31.6858322],[-60.7789598,-31.6857279],[-60.7788828,-31.6855396],[-60.7790935,-31.6857043],[-60.7793811,-31.6858975],[-60.7796198,-31.6859789],[-60.7798793,-31.6860399],[-60.7801129,-31.6860548],[-60.7804371,-31.6860335],[-60.7807093,-31.6860071],[-60.7805254,-31.6860837],[-60.7803791,-31.6861336],[-60.780246,-31.6861668],[-60.7800726,-31.6861904],[-60.7798795,-31.6862029],[-60.7797321,-31.6862023]]]},"geometry_name":"geom","properties":{"gid":63,"rtn":"11","typ":40,"rst":1,"hct":1,"fdc":"Dirección Nacional de Vialidad","sag":"IGN"},"bbox":[-60.7807093,-31.6862029,-60.7788828,-31.6855396]},{"type":"Feature","id":"vial_nacional.64","geometry":{"type":"MultiLineString","coordinates":[[[-60.7523932,-32.7194545],[-60.7520524,-32.7198727],[-60.7496296,-32.7231593],[-60.7492171,-32.7236978],[-60.7469028,-32.7266915],[-60.746607,-32.7270121],[-60.7460927,-32.7275695],[-60.746042,-32.7276244],[-60.7454597,-32.7282555],[-60.7448833,-32.7288801],[-60.7442985,-32.7295138],[-60.7439915,-32.7298466],[-60.7438148,-32.730038],[-60.7432446,-32.730656],[-60.7424898,-32.731474],[-60.7424801,-32.7319908],[-60.7424628,-32.7329248],[-60.7424443,-32.7339162],[-60.7410597,-32.734165],[-60.7404467,-32.7342495],[-60.7397553,-32.7343553],[-60.7396262,-32.7343784],[-60.7395342,-32.7343987],[-60.7394782,-32.7344096],[-60.7394072,-32.7344235],[-60.7389586,-32.7345397]]]},"geometry_name":"geom","properties":{"gid":64,"rtn":"11","typ":40,"rst":1,"hct":1,"fdc":"Dirección Nacional de Vialidad","sag":"IGN"},"bbox":[-60.7523932,-32.7345397,-60.7389586,-32.7194545]},{"type":"Feature","id":"vial_nacional.70","geometry":{"type":"MultiLineString","coordinates":[[[-60.7108346,-32.8342157],[-60.7107281,-32.8343847],[-60.7106519,-32.8345476],[-60.7105696,-32.8347285],[-60.7103933,-32.8351301],[-60.7102533,-32.8354638],[-60.7100953,-32.8359017],[-60.7100439,-32.8360636],[-60.7099316,-32.8364425],[-60.7098068,-32.8368268],[-60.7096726,-32.8372647],[-60.7093127,-32.8384625],[-60.7092817,-32.8385677],[-60.709108,-32.8391575],[-60.7089477,-32.8396825],[-60.7087317,-32.8403437],[-60.7085672,-32.8408828],[-60.7085176,-32.8410428],[-60.708314,-32.8416963],[-60.7081065,-32.8424143],[-60.7078782,-32.8431605],[-60.7076662,-32.8438703],[-60.7076206,-32.8440242],[-60.7074505,-32.8445981],[-60.7070995,-32.8458218],[-60.7067853,-32.8467817],[-60.7065974,-32.8473957],[-60.7065528,-32.8475412],[-60.7063143,-32.8482847],[-60.7061082,-32.8489435],[-60.7060113,-32.8493007],[-60.7059507,-32.8495239],[-60.7056655,-32.8503975],[-60.7056279,-32.850522],[-60.7055936,-32.8506425],[-60.7055336,-32.8508537],[-60.7054513,-32.8511783],[-60.7054408,-32.8512198],[-60.7053877,-32.8513785],[-60.7052,-32.8519685],[-60.7051481,-32.8521806],[-60.7050808,-32.8524224],[-60.7049359,-32.8529467],[-60.7047623,-32.8534916],[-60.7046007,-32.8539708],[-60.7044773,-32.8543845],[-60.7043538,-32.854797],[-60.7043123,-32.8549358],[-60.704273,-32.8550671],[-60.7041625,-32.8554365],[-60.7041054,-32.8556273],[-60.7039348,-32.8561617],[-60.703891,-32.8562991],[-60.7036307,-32.8571564],[-60.70342,-32.8578458],[-60.703366,-32.8580328],[-60.7033302,-32.8581565],[-60.7031248,-32.85883],[-60.7029427,-32.8594268],[-60.7029124,-32.8595545],[-60.702665,-32.8603373],[-60.7024421,-32.8610656],[-60.7023247,-32.8614528],[-60.702296,-32.8615521],[-60.7022044,-32.8618691],[-60.7019767,-32.8625574],[-60.7019562,-32.8626192],[-60.7017193,-32.86336],[-60.7014963,-32.8641355],[-60.7012943,-32.8648834],[-60.7012536,-32.8650173],[-60.7010266,-32.8657644],[-60.7008825,-32.8661709],[-60.700555,-32.8672598],[-60.7003977,-32.8677828],[-60.7002662,-32.8682198],[-60.7000748,-32.8688561],[-60.6999137,-32.8693938],[-60.6996884,-32.8701457],[-60.699385,-32.8710677],[-60.69935748,-32.87116296]]]},"geometry_name":"geom","properties":{"gid":70,"rtn":"11","typ":40,"rst":1,"hct":1,"fdc":"Dirección Nacional de Vialidad","sag":"IGN"},"bbox":[-60.7108346,-32.87116296,-60.69935748,-32.8342157]},{"type":"Feature","id":"vial_nacional.65","geometry":{"type":"MultiLineString","coordinates":[[[-60.7329103,-32.7611012],[-60.73288771,-32.76119153],[-60.73289582,-32.76129706],[-60.73291721,-32.76140377],[-60.73293529,-32.76146754],[-60.7329391,-32.7615494],[-60.73292768,-32.76161983],[-60.7328858,-32.76172453],[-60.73281727,-32.76189965],[-60.73264405,-32.76248215],[-60.7324449,-32.7631629],[-60.7324063,-32.7632668],[-60.7322221,-32.7638443],[-60.7321503,-32.7640695],[-60.7320128,-32.7645307],[-60.7315936,-32.7659368],[-60.7315207,-32.766209],[-60.7314724,-32.7663917],[-60.7314321,-32.766562],[-60.731408,-32.7667131],[-60.7313914,-32.7668073],[-60.7313598,-32.7669819],[-60.7313486,-32.7671649],[-60.7313453,-32.7675165],[-60.7313598,-32.7678135],[-60.7313697,-32.7680185],[-60.7313288,-32.768245],[-60.7313028,-32.768355],[-60.73126955,-32.76846344],[-60.7312565,-32.768506],[-60.73123462,-32.76856087],[-60.7312,-32.7686477],[-60.7311548,-32.7687619],[-60.7310622,-32.7689507],[-60.7309423,-32.7691394],[-60.730821,-32.7693466],[-60.7306618,-32.769596],[-60.7305397,-32.7697829],[-60.7304338,-32.7699968],[-60.7303168,-32.7702672],[-60.7302025,-32.7705947],[-60.7300119,-32.7711878],[-60.7298282,-32.7718035],[-60.7295755,-32.7726299],[-60.7295002,-32.7728762],[-60.7293132,-32.7734701],[-60.7291428,-32.7740614],[-60.7289168,-32.7747394],[-60.7287256,-32.7752905],[-60.7284978,-32.7761076],[-60.7283852,-32.7763511],[-60.7284334,-32.7760828],[-60.7284644,-32.7759596],[-60.728638,-32.7752769],[-60.7288371,-32.7747172],[-60.7290419,-32.774076],[-60.7292207,-32.773469],[-60.7293958,-32.7728618],[-60.7295671,-32.7723312],[-60.7297517,-32.7717595],[-60.7299234,-32.7711675],[-60.7300039,-32.7709239],[-60.7301139,-32.7705033],[-60.7301726,-32.7702774],[-60.7302862,-32.7700324],[-60.7303734,-32.7698616],[-60.7304543,-32.76973],[-60.730565,-32.7695582],[-60.7307098,-32.7693631],[-60.7308119,-32.7691912],[-60.7309333,-32.7689854],[-60.7310201,-32.7688392],[-60.7311047,-32.7686642],[-60.7311646,-32.7684984],[-60.731204,-32.7683775],[-60.7312299,-32.7682528],[-60.7312459,-32.7681055],[-60.7312757,-32.7679192],[-60.7312709,-32.7675864],[-60.7312597,-32.7671379],[-60.7312559,-32.766867],[-60.7312746,-32.7666721],[-60.7313404,-32.7663782],[-60.7314201,-32.7661391],[-60.7314953,-32.7659266],[-60.7316192,-32.7655407],[-60.7319223,-32.7645078],[-60.7321132,-32.7638728],[-60.7322763,-32.7633306],[-60.732299,-32.763255],[-60.73255458,-32.76243646],[-60.73273542,-32.76185778],[-60.73284012,-32.76158937],[-60.73285154,-32.76150371],[-60.73281442,-32.76135047],[-60.73279062,-32.76131145],[-60.73275826,-32.76127338],[-60.73271448,-32.76125244],[-60.73266023,-32.76123816],[-60.73263453,-32.76121342],[-60.73260788,-32.76117725],[-60.73259265,-32.76113632],[-60.73259551,-32.76108207],[-60.73260217,-32.76105447],[-60.73263643,-32.7610164],[-60.73268212,-32.7609926],[-60.73274494,-32.76097357],[-60.73278777,-32.76096595],[-60.73282489,-32.76094692],[-60.73285725,-32.76091361],[-60.73289532,-32.76086792],[-60.73295814,-32.76076322],[-60.73299431,-32.76066995],[-60.73307997,-32.76048721],[-60.7331523,-32.76027781],[-60.7333343,-32.759803],[-60.7335996,-32.758921],[-60.7336712,-32.7586831],[-60.733771,-32.7583395],[-60.73402,-32.7575621],[-60.7342331,-32.7567956],[-60.7343255,-32.7564237],[-60.7343157,-32.7560344],[-60.7343124,-32.7559056],[-60.734289,-32.7549736],[-60.7342566,-32.7536865],[-60.7342544,-32.7535716],[-60.7342245,-32.7524106],[-60.7341992,-32.7515017],[-60.7341765,-32.750689],[-60.7341736,-32.7505872],[-60.7341481,-32.749674],[-60.7341256,-32.7488672],[-60.7341226,-32.7487574],[-60.7340983,-32.7478879],[-60.7340964,-32.7478185],[-60.7340951,-32.7477717],[-60.7340937,-32.7477242],[-60.7340684,-32.7468147],[-60.7340194,-32.7450586],[-60.7340157,-32.7449267],[-60.734014,-32.7448648],[-60.7339919,-32.7440659],[-60.7339679,-32.7431953],[-60.7339662,-32.7431338],[-60.7339462,-32.7422211],[-60.7339272,-32.7413554],[-60.733906,-32.7403892],[-60.7338961,-32.7399396],[-60.7338827,-32.739328],[-60.7338671,-32.7386182],[-60.7338498,-32.73783],[-60.7338469,-32.7376989],[-60.7338464,-32.7376349],[-60.7337973,-32.7355472],[-60.7337959,-32.7354911],[-60.73379675,-32.7354223],[-60.73381113,-32.73538972],[-60.73383421,-32.7353664],[-60.7338716,-32.7353531],[-60.7349275,-32.7352107],[-60.735977,-32.735029],[-60.736741,-32.7349021],[-60.7388368,-32.7345285],[-60.7389586,-32.7345397],[-60.7388437,-32.7345945],[-60.7377853,-32.7347974],[-60.7367427,-32.7349718],[-60.7359788,-32.735101],[-60.7349295,-32.7352841],[-60.733988,-32.7354117],[-60.73391882,-32.73542369],[-60.73388442,-32.73545659],[-60.73387368,-32.73548539],[-60.7339043,-32.7366641],[-60.7339302,-32.7376612],[-60.7339425,-32.73816],[-60.7339534,-32.7386043],[-60.7339729,-32.739395],[-60.7339861,-32.7399306],[-60.734003,-32.7406164],[-60.7340211,-32.7413533],[-60.7340424,-32.742217],[-60.7340626,-32.7430373],[-60.7340649,-32.7431327],[-60.7340879,-32.7440659],[-60.7341074,-32.7448289],[-60.7341087,-32.7448809],[-60.7341098,-32.7449251],[-60.734134,-32.7458693],[-60.7341581,-32.7468139],[-60.7341798,-32.7476393],[-60.734182,-32.7477228],[-60.7341832,-32.7477703],[-60.7341844,-32.7478168],[-60.7342046,-32.7485849],[-60.734209,-32.7487556],[-60.7342331,-32.7496747],[-60.7342524,-32.7504114],[-60.734257,-32.750586],[-60.734281,-32.7515002],[-60.7343049,-32.7524112],[-60.7343312,-32.753571],[-60.7343617,-32.7549631],[-60.7343789,-32.7557396],[-60.7343824,-32.7558934],[-60.7343944,-32.7564331],[-60.7343016,-32.756785],[-60.7342517,-32.7569544],[-60.7341083,-32.7574409],[-60.7340728,-32.7575612],[-60.7338286,-32.758348],[-60.7337238,-32.7586969],[-60.7336684,-32.7588905],[-60.7334074,-32.7598019],[-60.7332533,-32.7603225],[-60.7331723,-32.760535],[-60.7330189,-32.7608565],[-60.7329103,-32.7611012]]]},"geometry_name":"geom","properties":{"gid":65,"rtn":"11","typ":40,"rst":1,"hct":1,"fdc":"Dirección Nacional de Vialidad","sag":"IGN"},"bbox":[-60.7389586,-32.7763511,-60.7283852,-32.7345285]},{"type":"Feature","id":"vial_nacional.66","geometry":{"type":"MultiLineString","coordinates":[[[-60.7108346,-32.8342157],[-60.7109132,-32.8339534],[-60.7110313,-32.8335596],[-60.7112205,-32.8329288],[-60.7114005,-32.8323333],[-60.711557,-32.8318153],[-60.7116743,-32.8314274],[-60.7117102,-32.8313086],[-60.7119273,-32.8305902],[-60.7121473,-32.8298622],[-60.7121689,-32.8297907],[-60.7122502,-32.8295218],[-60.7125342,-32.8285819],[-60.7127485,-32.8278726],[-60.7128193,-32.8276501],[-60.7128869,-32.8274147],[-60.7131028,-32.8267005],[-60.7132886,-32.8260855],[-60.7133784,-32.8257885],[-60.713443,-32.8255746],[-60.7135995,-32.8250566],[-60.713654,-32.8248763],[-60.7138902,-32.8240948],[-60.7141915,-32.8230979],[-60.7144022,-32.8224004],[-60.714495,-32.8221427],[-60.7145671,-32.8218756],[-60.7147999,-32.8211674],[-60.7148621,-32.820958],[-60.7150712,-32.8203076],[-60.7151823,-32.8199492],[-60.715309,-32.8195403],[-60.7153348,-32.8194474],[-60.7153976,-32.8192389],[-60.7155478,-32.81874],[-60.715709,-32.8181938],[-60.7157698,-32.817988],[-60.7159562,-32.8173947],[-60.7160136,-32.8172121],[-60.7161886,-32.8166475],[-60.716257,-32.8164266],[-60.7164014,-32.8159456],[-60.7164454,-32.8157989],[-60.7164718,-32.8157109],[-60.7166365,-32.815156],[-60.7166491,-32.8151136],[-60.7167058,-32.814956],[-60.7169144,-32.8142254],[-60.7170359,-32.8138275],[-60.7171119,-32.8135789],[-60.7171369,-32.8134979],[-60.7172729,-32.813062],[-60.7173563,-32.8127947],[-60.7175827,-32.8120687],[-60.7178092,-32.8113424],[-60.7178181,-32.8113139],[-60.7178597,-32.8111641],[-60.7178965,-32.8110314],[-60.7181071,-32.8103028],[-60.7181995,-32.8100029],[-60.7182761,-32.8097543],[-60.7183091,-32.8096597],[-60.718359,-32.8094716],[-60.7185332,-32.808814],[-60.718667,-32.8083017],[-60.7186763,-32.8082663],[-60.7187376,-32.8080638],[-60.7192758,-32.806286],[-60.719314,-32.8061596],[-60.7193246,-32.8061247],[-60.719484,-32.8055981],[-60.7196829,-32.8049411],[-60.7199345,-32.8041102],[-60.7201519,-32.8033921],[-60.7201978,-32.8032404],[-60.7202711,-32.8029982],[-60.7203799,-32.8026388],[-60.7204677,-32.8023489],[-60.7207132,-32.8015378],[-60.7207766,-32.8013275],[-60.7208005,-32.8012482],[-60.7208893,-32.8009541],[-60.7209363,-32.8007982],[-60.721187,-32.7999726],[-60.7214414,-32.7991351],[-60.7214598,-32.7990765],[-60.7215469,-32.7987991],[-60.72171,-32.7982796],[-60.721943,-32.7974836],[-60.7219641,-32.7974142],[-60.722013,-32.7972532],[-60.7221294,-32.7968699],[-60.722467,-32.7957582],[-60.7227787,-32.7947318],[-60.7230701,-32.7937724],[-60.7230904,-32.7936964],[-60.7234125,-32.7926447],[-60.7236779,-32.7917708],[-60.7237575,-32.7915252],[-60.7237912,-32.7914214],[-60.7239815,-32.7907712],[-60.7241607,-32.7901809],[-60.7243661,-32.7895046],[-60.7244677,-32.7891701],[-60.7245362,-32.7889609],[-60.7248463,-32.7879245],[-60.724899,-32.7877511],[-60.7249764,-32.7874966],[-60.7251295,-32.7869929],[-60.7252829,-32.7864881],[-60.7253047,-32.7864231],[-60.7253982,-32.786114],[-60.7254376,-32.7859791],[-60.7256486,-32.785292],[-60.7257057,-32.7850969],[-60.7258437,-32.7846428],[-60.7259071,-32.7844344],[-60.7259458,-32.784307],[-60.7261762,-32.7835492],[-60.7264401,-32.782712],[-60.7265181,-32.7824344],[-60.726556,-32.7822995],[-60.7266373,-32.7820519],[-60.7266944,-32.781878],[-60.7268059,-32.7814771],[-60.7268927,-32.7811915],[-60.7270375,-32.7807232],[-60.7270692,-32.7806206],[-60.7271076,-32.7804925],[-60.7272841,-32.7799039],[-60.727452,-32.7793514],[-60.7274984,-32.7791987],[-60.7275264,-32.7791065],[-60.7276669,-32.7786443],[-60.7277213,-32.778522],[-60.7278674,-32.7780186],[-60.7281201,-32.7771483],[-60.7283852,-32.7763511]]]},"geometry_name":"geom","properties":{"gid":66,"rtn":"11","typ":40,"rst":1,"hct":1,"fdc":"Dirección Nacional de Vialidad","sag":"IGN"},"bbox":[-60.7283852,-32.8342157,-60.7108346,-32.7763511]},{"type":"Feature","id":"vial_nacional.67","geometry":{"type":"MultiLineString","coordinates":[[[-59.6585236,-29.1608834],[-59.6584157,-29.1603095],[-59.6583323,-29.1597108],[-59.6582861,-29.1593191],[-59.6582264,-29.1588944],[-59.6581627,-29.1584249],[-59.6580402,-29.1574614],[-59.6576387,-29.1546824],[-59.6576182,-29.1545694],[-59.6575603,-29.1541582],[-59.6575282,-29.1539409],[-59.6575069,-29.1538234]]]},"geometry_name":"geom","properties":{"gid":67,"rtn":"11","typ":40,"rst":1,"hct":1,"fdc":"Dirección Nacional de Vialidad","sag":"IGN"},"bbox":[-59.6585236,-29.1608834,-59.6575069,-29.1538234]},{"type":"Feature","id":"vial_nacional.68","geometry":{"type":"MultiLineString","coordinates":[[[-59.6575069,-29.1538234],[-59.6575195,-29.1535467],[-59.6574904,-29.1532294],[-59.6574549,-29.1528457],[-59.6568636,-29.1488597],[-59.656822,-29.1485708],[-59.6566638,-29.1474569],[-59.6565928,-29.1469319],[-59.656522,-29.1464511],[-59.6564789,-29.1461405],[-59.6563879,-29.145439],[-59.6563661,-29.1452882],[-59.656285,-29.1447019],[-59.6562249,-29.144276],[-59.6560886,-29.1433016],[-59.6560673,-29.1431496],[-59.655965,-29.1424271],[-59.6559151,-29.1420934],[-59.655768,-29.1410232],[-59.6556242,-29.1399494],[-59.6554762,-29.1388972],[-59.6553259,-29.1378096],[-59.6551648,-29.1367038],[-59.6550142,-29.1356235],[-59.6548142,-29.134786],[-59.6548983,-29.1355221],[-59.6549106,-29.1356346],[-59.6550657,-29.1367143],[-59.6552273,-29.1378182],[-59.6552501,-29.13798],[-59.6553814,-29.1389122],[-59.6554286,-29.1392406],[-59.6555306,-29.139958],[-59.6556065,-29.1405165],[-59.6556791,-29.1410355],[-59.6558235,-29.1421033],[-59.6559757,-29.1431563],[-59.6561337,-29.1442836],[-59.6561937,-29.1447135],[-59.6562759,-29.1453011],[-59.6562967,-29.1454497],[-59.6564381,-29.14646],[-59.6565792,-29.1474692],[-59.6567337,-29.1485819],[-59.6567755,-29.1488714],[-59.6568793,-29.1496318],[-59.6570269,-29.1507128],[-59.6571693,-29.1517684],[-59.6573212,-29.1528614],[-59.6573719,-29.1532457],[-59.6574128,-29.1535508],[-59.6575069,-29.1538234]]]},"geometry_name":"geom","properties":{"gid":68,"rtn":"11","typ":40,"rst":1,"hct":1,"fdc":"Dirección Nacional de Vialidad","sag":"IGN"},"bbox":[-59.6575195,-29.1538234,-59.6548142,-29.134786]},{"type":"Feature","id":"vial_nacional.880","geometry":{"type":"MultiLineString","coordinates":[[[-65.2674727,-43.1339327],[-65.2675478,-43.1340541],[-65.2678509,-43.1344005],[-65.2684215,-43.1351349],[-65.2684973,-43.1352324],[-65.269074,-43.1359272],[-65.2693664,-43.1362972]]]},"geometry_name":"geom","properties":{"gid":880,"rtn":"3","typ":40,"rst":1,"hct":1,"fdc":"Dirección Nacional de Vialidad","sag":"IGN"},"bbox":[-65.2693664,-43.1362972,-65.2674727,-43.1339327]},{"type":"Feature","id":"vial_nacional.527","geometry":{"type":"MultiLineString","coordinates":[[[-67.9111226,-38.9912862],[-67.9116442,-38.9908673],[-67.9169043,-38.9884547],[-67.9208408,-38.9866304],[-67.9215362,-38.9865131],[-67.9210897,-38.9868312],[-67.9169702,-38.9887382],[-67.9118013,-38.9910897],[-67.9111226,-38.9912862]]]},"geometry_name":"geom","properties":{"gid":527,"rtn":"22","typ":40,"rst":1,"hct":1,"fdc":"Dirección Nacional de Vialidad","sag":"IGN"},"bbox":[-67.9215362,-38.9912862,-67.9111226,-38.9865131]},{"type":"Feature","id":"vial_nacional.2341","geometry":{"type":"MultiLineString","coordinates":[[[-60.69932698,-32.87244855],[-60.69928535,-32.8726181],[-60.6989798,-32.87346904]]]},"geometry_name":"geom","properties":{"gid":2341,"rtn":"11","typ":40,"rst":1,"hct":1,"fdc":"Dirección Nacional de Vialidad","sag":"IGN"},"bbox":[-60.69932698,-32.87346904,-60.6989798,-32.87244855]},{"type":"Feature","id":"vial_nacional.410","geometry":{"type":"MultiLineString","coordinates":[[[-60.40425812,-31.77057251],[-60.4028034,-31.7707954],[-60.4006578,-31.7711177],[-60.4009529,-31.7710255],[-60.402384,-31.7708086],[-60.4029098,-31.7707179],[-60.4030627,-31.7706837],[-60.40314339,-31.77065421],[-60.40319764,-31.77061804],[-60.40325951,-31.77056664],[-60.40328711,-31.77053809],[-60.40332518,-31.77048669],[-60.40335849,-31.77043054],[-60.40343463,-31.77023257],[-60.40357142,-31.76989278]]]},"geometry_name":"geom","properties":{"gid":410,"rtn":"18","typ":40,"rst":1,"hct":1,"fdc":"Dirección Nacional de Vialidad","sag":"IGN"},"bbox":[-60.40425812,-31.7711177,-60.4006578,-31.76989278]},{"type":"Feature","id":"vial_nacional.411","geometry":{"type":"MultiLineString","coordinates":[[[-60.4006578,-31.7711177],[-60.3994755,-31.7713086],[-60.3976385,-31.7715497],[-60.3975083,-31.7715723],[-60.3941431,-31.7720994],[-60.3932251,-31.7722432],[-60.3915755,-31.7725016],[-60.389222,-31.7728703],[-60.3876693,-31.7731116],[-60.3856629,-31.7734311],[-60.3824917,-31.7739232],[-60.3813371,-31.7741059],[-60.3793258,-31.7744266],[-60.3786188,-31.7745393],[-60.3771365,-31.7747566],[-60.3757551,-31.7749881],[-60.3746756,-31.7751538],[-60.3733699,-31.7753648],[-60.3708076,-31.7758022],[-60.3702493,-31.7758912],[-60.368206,-31.7763605],[-60.3664847,-31.7767258],[-60.3605775,-31.7779713],[-60.3599309,-31.7781124],[-60.357233,-31.7785085],[-60.3499569,-31.7794872],[-60.3479711,-31.7797492],[-60.3471266,-31.7798608],[-60.3369389,-31.7812233],[-60.3319957,-31.7818567],[-60.3233397,-31.7828954],[-60.3206967,-31.7831955],[-60.3197962,-31.7833368],[-60.3187555,-31.783583],[-60.3178006,-31.7838794],[-60.3157863,-31.7844403],[-60.3144285,-31.784831],[-60.3133871,-31.7851337],[-60.3127297,-31.7854121],[-60.3122667,-31.7856505],[-60.3117801,-31.7859119],[-60.3107043,-31.7865654],[-60.3036121,-31.7909703],[-60.2978368,-31.7945234],[-60.2884841,-31.8003395],[-60.2839378,-31.8031638],[-60.2771008,-31.8074014],[-60.2713931,-31.8109526],[-60.2689201,-31.8124478],[-60.2640975,-31.8152832],[-60.2619946,-31.8166781],[-60.2614689,-31.8170291],[-60.2602994,-31.8177994],[-60.2595484,-31.8182917],[-60.2579284,-31.8193811],[-60.2569842,-31.8200102],[-60.2555358,-31.8209765],[-60.2544147,-31.8217423],[-60.2537066,-31.8223348],[-60.252908,-31.8230756],[-60.2516095,-31.8244953],[-60.2511135,-31.8250415],[-60.2506437,-31.8255203],[-60.2501146,-31.82596],[-60.2498,-31.8262118],[-60.2493955,-31.8264614],[-60.248859,-31.8267508],[-60.24837,-31.8269992],[-60.2479384,-31.8271723],[-60.2472967,-31.8273757],[-60.2464851,-31.8275732],[-60.2329604,-31.8299936],[-60.2325947,-31.830057],[-60.2311425,-31.8303125],[-60.2304372,-31.830439],[-60.2294821,-31.8305999],[-60.2284772,-31.8307952],[-60.2215252,-31.8320105],[-60.2165967,-31.8328689],[-60.2147725,-31.8331904],[-60.205275,-31.8348037],[-60.2043353,-31.8349439],[-60.2038937,-31.8349877],[-60.2033325,-31.8350171],[-60.2023376,-31.8350021],[-60.1997454,-31.8348549],[-60.1967049,-31.8346957],[-60.1810187,-31.8339628],[-60.180016,-31.8339371],[-60.1792554,-31.8339739],[-60.1784949,-31.8340552],[-60.176421,-31.8343481],[-60.173543,-31.83479],[-60.1711978,-31.8351288],[-60.1646373,-31.8361393],[-60.1635984,-31.8363253],[-60.1630267,-31.8364131],[-60.1600015,-31.8369064],[-60.1565013,-31.8374798],[-60.1552848,-31.8376692],[-60.1507333,-31.8383979],[-60.1411185,-31.8399375],[-60.1407997,-31.8399902],[-60.1404696,-31.8400492],[-60.1398904,-31.8401596],[-60.1387976,-31.8404076],[-60.1378916,-31.8406555],[-60.1340061,-31.8417108],[-60.1329321,-31.8419872],[-60.1323557,-31.8421219],[-60.1316894,-31.8422661],[-60.1251036,-31.8434934],[-60.1244014,-31.8436287],[-60.1180791,-31.8448344],[-60.1163443,-31.8451707],[-60.1155197,-31.8452884],[-60.114979,-31.8453199],[-60.1143504,-31.8453257],[-60.1133197,-31.8453199],[-60.1123769,-31.8453027],[-60.107808,-31.8452999],[-60.1041752,-31.8452711],[-60.1030059,-31.845274],[-60.1019988,-31.8452798],[-60.1014679,-31.8452505],[-60.1009939,-31.8451981],[-60.1004767,-31.8451118],[-60.0999205,-31.8449697],[-60.0955341,-31.8436836],[-60.0946646,-31.8434209],[-60.0933519,-31.8430225],[-60.0924827,-31.8427658],[-60.0915847,-31.8425943],[-60.0907081,-31.842492],[-60.0898687,-31.8424665],[-60.0862445,-31.8426036],[-60.0854403,-31.8426706],[-60.0847143,-31.8427749],[-60.0839646,-31.8429403],[-60.0830418,-31.8431925],[-60.0817031,-31.8437353],[-60.0733884,-31.8475514],[-60.0717842,-31.848213],[-60.0701613,-31.8488586],[-60.068924,-31.8493112],[-60.0675687,-31.8497491],[-60.0662573,-31.85015],[-60.0649392,-31.8505066],[-60.0640464,-31.8507382],[-60.0620965,-31.8512013],[-60.0312033,-31.8572055],[-60.0291762,-31.8575959],[-60.0284305,-31.8576952],[-60.0276503,-31.8576981],[-60.0272033,-31.8576855],[-60.0267109,-31.8576601],[-60.0263955,-31.8576129],[-60.0260476,-31.857559],[-60.0256017,-31.8574707],[-60.024422,-31.8571665],[-60.019351,-31.8556459],[-60.0163723,-31.8547526],[-60.015122,-31.8543651],[-60.014223,-31.854101],[-60.012501,-31.8536528],[-60.0119926,-31.8535516],[-60.0104194,-31.8533211],[-60.0050573,-31.8526654],[-60.004296,-31.852575],[-60.0039715,-31.8525363],[-60.00333,-31.8524578],[-60.002618,-31.8523621],[-60.0014829,-31.8522141],[-60.000104,-31.8520391],[-59.9844813,-31.8500874],[-59.9828702,-31.8498692],[-59.9817727,-31.8497723],[-59.9812316,-31.8497245],[-59.9798706,-31.8497034],[-59.9792188,-31.8497018],[-59.9790793,-31.8496998],[-59.9786536,-31.8497015],[-59.966688,-31.849553],[-59.9605843,-31.8494815],[-59.9566347,-31.849447],[-59.9547563,-31.8494184]]]},"geometry_name":"geom","properties":{"gid":411,"rtn":"18","typ":40,"rst":1,"hct":1,"fdc":"Dirección Nacional de Vialidad","sag":"IGN"},"bbox":[-60.4006578,-31.8576981,-59.9547563,-31.7711177]},{"type":"Feature","id":"vial_nacional.412","geometry":{"type":"MultiLineString","coordinates":[[[-59.9547563,-31.8494184],[-59.9543435,-31.8494271],[-59.9531487,-31.8494434],[-59.9521686,-31.8494277],[-59.9520595,-31.849426],[-59.950895,-31.8494176],[-59.9506841,-31.8494075],[-59.950161,-31.8493853],[-59.9494396,-31.849356],[-59.9508909,-31.8493372],[-59.9520605,-31.8493557],[-59.952166,-31.8493583],[-59.953144,-31.8493804],[-59.9547563,-31.8494184]]]},"geometry_name":"geom","properties":{"gid":412,"rtn":"18","typ":40,"rst":1,"hct":1,"fdc":"Dirección Nacional de Vialidad","sag":"IGN"},"bbox":[-59.9547563,-31.8494434,-59.9494396,-31.8493372]},{"type":"Feature","id":"vial_nacional.413","geometry":{"type":"MultiLineString","coordinates":[[[-59.1752569,-31.8077476],[-59.1806612,-31.8092439],[-59.1819968,-31.8096092],[-59.1831915,-31.8099862],[-59.1839553,-31.8102713],[-59.1846304,-31.8106004],[-59.2129648,-31.825608],[-59.2189853,-31.8287757],[-59.2195407,-31.8290281],[-59.220046,-31.8292279],[-59.2217047,-31.8297416],[-59.2270625,-31.8313041],[-59.2628825,-31.8417903],[-59.2681661,-31.8433427],[-59.2689684,-31.8435512],[-59.2696132,-31.8436832],[-59.2704387,-31.843803],[-59.2713439,-31.8438423],[-59.2721485,-31.8438331],[-59.2743577,-31.8436888],[-59.3158498,-31.8406679],[-59.3246282,-31.8400338],[-59.3336907,-31.839372],[-59.343804,-31.8386601],[-59.3513467,-31.8380571],[-59.3526817,-31.8379684],[-59.3535761,-31.8379432],[-59.3546117,-31.8379789],[-59.3667467,-31.8385539],[-59.3678304,-31.8385535],[-59.3689088,-31.8385041],[-59.3706823,-31.8383575],[-59.3720172,-31.8382384],[-59.3732302,-31.8380835],[-59.38562,-31.8356683],[-59.3862885,-31.8355591],[-59.3868992,-31.8354875],[-59.3896425,-31.8352852],[-59.3986746,-31.8346291],[-59.4155569,-31.8333801],[-59.4210791,-31.8329723],[-59.4219747,-31.8329378],[-59.4228769,-31.8329608],[-59.4238063,-31.8330613],[-59.4247559,-31.8332364],[-59.4490916,-31.838103],[-59.4689771,-31.8420989],[-59.4697392,-31.8422436],[-59.4705141,-31.8423485],[-59.47114,-31.8423811],[-59.4720213,-31.8423774],[-59.4734136,-31.8422834],[-59.4873339,-31.8411823],[-59.4878145,-31.8411399],[-59.4894523,-31.8410153],[-59.4903271,-31.841012],[-59.491207,-31.8410706],[-59.492015,-31.8411857],[-59.5058394,-31.8439428],[-59.5180643,-31.8463903],[-59.5265597,-31.8480889],[-59.5272353,-31.8482032],[-59.5280058,-31.8482911],[-59.5287368,-31.8483323],[-59.5294655,-31.8483304],[-59.5388147,-31.8480701],[-59.5392545,-31.8480579],[-59.5563108,-31.8475831],[-59.58022,-31.8469497],[-59.5923808,-31.8466152],[-59.6065593,-31.8462252],[-59.6131001,-31.8460362],[-59.6135968,-31.846019],[-59.6172506,-31.845929],[-59.6389765,-31.8452978],[-59.640111,-31.8452728],[-59.6409881,-31.8452819],[-59.6414655,-31.8453115],[-59.641892,-31.8453571],[-59.6425974,-31.8454642],[-59.6431634,-31.8455804],[-59.6436703,-31.8457057],[-59.6441424,-31.8458492],[-59.6448425,-31.846109],[-59.6454299,-31.8463642],[-59.6460494,-31.8466809],[-59.6465778,-31.8469862],[-59.6477634,-31.8477608],[-59.6543263,-31.8520391],[-59.6550375,-31.8525018],[-59.6559113,-31.8530735],[-59.6614302,-31.8566728],[-59.6709691,-31.8629251],[-59.6733762,-31.8644798],[-59.6757328,-31.8660518],[-59.6763814,-31.8664312],[-59.6770801,-31.8667707],[-59.6776511,-31.867017],[-59.6783437,-31.8672671],[-59.6791159,-31.867486],[-59.6800606,-31.8676771],[-59.680912,-31.8677979],[-59.6816452,-31.8678374],[-59.7036633,-31.8681863],[-59.7288574,-31.8685679],[-59.7290102,-31.8685707],[-59.7304254,-31.8685806],[-59.7314826,-31.8686007],[-59.7333104,-31.8685949],[-59.7335558,-31.868579],[-59.7400295,-31.8676473],[-59.7514477,-31.8659796],[-59.7654312,-31.8639229],[-59.769988,-31.8632518],[-59.7773777,-31.8621688],[-59.7916927,-31.8600541],[-59.7974663,-31.859215],[-59.8036961,-31.8582883],[-59.8275259,-31.8547918],[-59.8359901,-31.8535296],[-59.8404317,-31.8528664],[-59.8509504,-31.8513091],[-59.8639756,-31.8493698],[-59.8679566,-31.8486995],[-59.8690216,-31.8485466],[-59.8695082,-31.8484891],[-59.8700213,-31.8484568],[-59.8706234,-31.848449],[-59.8713669,-31.8484606],[-59.8883869,-31.848668],[-59.919807,-31.8490181],[-59.930881,-31.8491641],[-59.942119,-31.8493106],[-59.9456344,-31.8493128],[-59.9494396,-31.849356]]]},"geometry_name":"geom","properties":{"gid":413,"rtn":"18","typ":40,"rst":1,"hct":1,"fdc":"Dirección Nacional de Vialidad","sag":"IGN"},"bbox":[-59.9494396,-31.8686007,-59.1752569,-31.8077476]},{"type":"Feature","id":"vial_nacional.414","geometry":{"type":"MultiLineString","coordinates":[[[-59.1752569,-31.8077476],[-59.1744304,-31.8075862],[-59.1736225,-31.8073713],[-59.1728462,-31.8071649],[-59.1727092,-31.8071285],[-59.1719174,-31.8069067],[-59.1699637,-31.8063108],[-59.1719524,-31.8068125],[-59.1727449,-31.8070289],[-59.1728819,-31.8070663],[-59.1736502,-31.8072761],[-59.1744605,-31.8074974],[-59.1752569,-31.8077476]]]},"geometry_name":"geom","properties":{"gid":414,"rtn":"18","typ":40,"rst":1,"hct":1,"fdc":"Dirección Nacional de Vialidad","sag":"IGN"},"bbox":[-59.1752569,-31.8077476,-59.1699637,-31.8063108]},{"type":"Feature","id":"vial_nacional.415","geometry":{"type":"MultiLineString","coordinates":[[[-59.0281696,-31.8078434],[-59.0290989,-31.8078374],[-59.0305455,-31.8078279],[-59.0317051,-31.8078484],[-59.03199,-31.8078534],[-59.0334225,-31.8079247],[-59.0356701,-31.807996],[-59.0400514,-31.8080011],[-59.0444328,-31.8079885],[-59.0501604,-31.807876],[-59.0502358,-31.8078758],[-59.0503983,-31.8078753],[-59.0557778,-31.8078593],[-59.0565328,-31.8078418],[-59.0578825,-31.8078104],[-59.0586111,-31.8077935],[-59.0592689,-31.8077782],[-59.0593912,-31.8077754],[-59.062665,-31.8077282],[-59.0628841,-31.807725],[-59.071258,-31.8075992],[-59.0813748,-31.8074559],[-59.0940973,-31.8073082],[-59.1006741,-31.8072261],[-59.1043863,-31.8071806],[-59.1066416,-31.807115],[-59.1073166,-31.8070715],[-59.1079571,-31.8069368],[-59.1084669,-31.8067925],[-59.1090598,-31.8065715],[-59.1154412,-31.8032504],[-59.116274,-31.8029348],[-59.1173363,-31.8026404],[-59.1182769,-31.8024687],[-59.1194895,-31.8023036],[-59.1226027,-31.8019425],[-59.1259687,-31.8015435],[-59.130653,-31.8009909],[-59.1334481,-31.8006996],[-59.1377168,-31.8003063],[-59.1392859,-31.8001655],[-59.1396324,-31.8001328],[-59.1466725,-31.7994602],[-59.1475329,-31.799401],[-59.1484313,-31.799409],[-59.1491973,-31.7994532],[-59.1498255,-31.7995495],[-59.1505366,-31.7997454],[-59.1512973,-31.8000525],[-59.1525402,-31.8005958],[-59.1576471,-31.8027867],[-59.1586743,-31.8032002],[-59.1598116,-31.8035596],[-59.1615348,-31.8040195],[-59.1620501,-31.8041618],[-59.1629433,-31.8044146],[-59.1642087,-31.8047567],[-59.1654815,-31.8050963],[-59.1656072,-31.8051359],[-59.165865,-31.8052249],[-59.1663088,-31.8053545],[-59.1668965,-31.8055042],[-59.1674166,-31.8056366],[-59.1699637,-31.8063108]]]},"geometry_name":"geom","properties":{"gid":415,"rtn":"18","typ":40,"rst":1,"hct":1,"fdc":"Dirección Nacional de Vialidad","sag":"IGN"},"bbox":[-59.1699637,-31.8080011,-59.0281696,-31.799401]},{"type":"Feature","id":"vial_nacional.416","geometry":{"type":"MultiLineString","coordinates":[[[-59.0253119,-31.8078615],[-59.0254393,-31.8078706],[-59.0256378,-31.8078877],[-59.0258604,-31.8079378],[-59.0259777,-31.8079749],[-59.0261138,-31.8080301],[-59.02634681,-31.80809168],[-59.0265245,-31.80813611],[-59.0266839,-31.80815178],[-59.02687466,-31.80814656],[-59.02700793,-31.80810736],[-59.02713858,-31.80806817],[-59.02722743,-31.80802636],[-59.02751902,-31.80792236],[-59.02768211,-31.80788525],[-59.02785718,-31.80786434],[-59.0281696,-31.8078434],[-59.02785196,-31.80781208],[-59.02767688,-31.80780163],[-59.0275018,-31.80777811],[-59.02705235,-31.80766052],[-59.02694521,-31.80763178],[-59.02685114,-31.80760826],[-59.02671265,-31.80759258],[-59.02659767,-31.80759258],[-59.02647224,-31.80760042],[-59.02633636,-31.80762133],[-59.0262278,-31.8076449],[-59.0260897,-31.8076848],[-59.0259516,-31.8077361],[-59.0257732,-31.8077794],[-59.0255989,-31.8078159],[-59.0254487,-31.8078341],[-59.0253119,-31.8078615]]]},"geometry_name":"geom","properties":{"gid":416,"rtn":"18","typ":40,"rst":1,"hct":1,"fdc":"Dirección Nacional de Vialidad","sag":"IGN"},"bbox":[-59.0281696,-31.80815178,-59.0253119,-31.80759258]},{"type":"Feature","id":"vial_nacional.417","geometry":{"type":"MultiLineString","coordinates":[[[-58.42170889,-31.55221442],[-58.42177519,-31.55223203],[-58.4218681,-31.552252],[-58.4231982,-31.5525304],[-58.4233112,-31.5525263],[-58.4234154,-31.5524961],[-58.4235898,-31.5524138],[-58.4237212,-31.5523612],[-58.4237963,-31.5523361],[-58.4239143,-31.5523269],[-58.4240457,-31.5523338],[-58.4264383,-31.5527452],[-58.4268513,-31.5528595],[-58.4271035,-31.5529447],[-58.427244,-31.5530173],[-58.4273483,-31.553108],[-58.4274211,-31.5532315],[-58.427574,-31.5535742],[-58.427723,-31.5538972],[-58.4278188,-31.5540495],[-58.4279698,-31.5541966],[-58.4281338,-31.5543108],[-58.4284106,-31.5544559],[-58.4288619,-31.5546282],[-58.4292898,-31.554757],[-58.4295952,-31.5548229],[-58.4299136,-31.5548514],[-58.4302648,-31.5548514],[-58.4305437,-31.5548223],[-58.4307332,-31.554806],[-58.4308503,-31.5548006],[-58.4309674,-31.5548314],[-58.4310589,-31.5548913],[-58.4312475,-31.5550743],[-58.4316337,-31.5555879],[-58.4319609,-31.5561897],[-58.4321594,-31.5568342],[-58.4323401,-31.5578355],[-58.4325354,-31.5589174],[-58.4332969,-31.5634753],[-58.4336893,-31.5657028],[-58.4339254,-31.5665256],[-58.4342687,-31.5672752],[-58.4347622,-31.5681527],[-58.4353838,-31.5690313],[-58.4380075,-31.5714568],[-58.4385077,-31.5719331],[-58.4409374,-31.574166],[-58.4452613,-31.5779337],[-58.4456359,-31.5782394],[-58.4460393,-31.5785368],[-58.4466927,-31.5789021],[-58.4476946,-31.5793816],[-58.4571269,-31.5830611],[-58.4582624,-31.5835678],[-58.4591004,-31.5840514],[-58.4600061,-31.5847654],[-58.4613038,-31.5858996],[-58.4792145,-31.6014607],[-58.4865444,-31.6078432],[-58.4940464,-31.6143091],[-58.4948626,-31.6150163],[-58.4962877,-31.616251],[-58.4969044,-31.6167854],[-58.497585,-31.617375],[-58.4978726,-31.6176283],[-58.4983084,-31.6180018],[-58.4987414,-31.6183686],[-58.4996055,-31.6191256],[-58.5005306,-31.6199412],[-58.5014069,-31.6206862],[-58.501496,-31.6207634],[-58.5023435,-31.6214977],[-58.5032412,-31.6222754],[-58.5041209,-31.6230376],[-58.5050275,-31.6238229],[-58.5052645,-31.6240283],[-58.5061389,-31.6247858],[-58.5070249,-31.6255534],[-58.5079271,-31.6263349],[-58.5088053,-31.6270957],[-58.5089154,-31.6271912],[-58.5097957,-31.6279538],[-58.5106625,-31.6287046],[-58.5115898,-31.629508],[-58.5116868,-31.629592],[-58.5119946,-31.6298587],[-58.5124634,-31.6302648],[-58.5163154,-31.6336016],[-58.5236862,-31.6400114],[-58.5310564,-31.6464202],[-58.5385041,-31.652896],[-58.5389173,-31.6532553],[-58.5427681,-31.6565934],[-58.5429681,-31.6567668],[-58.5774863,-31.6867166],[-58.5793396,-31.6883244],[-58.5849343,-31.6931776],[-58.5948757,-31.7017534],[-58.5964612,-31.7030903],[-58.5971691,-31.7036564],[-58.5979618,-31.7041864],[-58.628661,-31.723171],[-58.6343577,-31.7266934],[-58.6378766,-31.7288695],[-58.6387822,-31.7294405],[-58.6409674,-31.7307914],[-58.6477105,-31.7349673],[-58.6543151,-31.7390557],[-58.6623137,-31.7439956],[-58.6628892,-31.7443524],[-58.6636245,-31.7448002],[-58.6646828,-31.7453602],[-58.7112183,-31.7693398],[-58.7134961,-31.7705139],[-58.7138926,-31.7707212],[-58.7272311,-31.7775875],[-58.7406191,-31.7843915],[-58.7410729,-31.7846157],[-58.7414414,-31.7848044],[-58.742283,-31.7851363],[-58.7425807,-31.7852398],[-58.7430383,-31.7853556],[-58.7456005,-31.7859046],[-58.7556184,-31.7879079],[-58.7571238,-31.7882089],[-58.7698213,-31.7907362],[-58.7756561,-31.7918992],[-58.7936768,-31.7954923],[-58.8020959,-31.7971536],[-58.8040015,-31.7975127],[-58.8075949,-31.7981638],[-58.8131527,-31.7991867],[-58.8202156,-31.800482],[-58.8272688,-31.8017812],[-58.8600594,-31.8077207],[-58.8648352,-31.8085821],[-58.8714679,-31.8098212],[-58.8726224,-31.8100367],[-58.8727199,-31.8100549],[-58.8742185,-31.8103729],[-58.8751339,-31.8105316],[-58.8760212,-31.8106268],[-58.8775156,-31.8106983],[-58.8831021,-31.8107323],[-58.8941631,-31.8107055],[-58.9212489,-31.8105958],[-58.9624908,-31.8104288],[-58.9628623,-31.8104404],[-58.9650959,-31.8103829],[-58.9661688,-31.8102917],[-58.9672631,-31.8101276],[-58.9713157,-31.8094745],[-58.9730045,-31.8091784],[-58.9771765,-31.808523],[-58.9787644,-31.8083589],[-58.9803377,-31.8083176],[-58.9907409,-31.8081936],[-58.9966294,-31.8081235],[-58.9997485,-31.8080863],[-59.00876,-31.8080119],[-59.0097722,-31.8080035],[-59.0238894,-31.8078745],[-59.0253119,-31.8078615]]]},"geometry_name":"geom","properties":{"gid":417,"rtn":"18","typ":40,"rst":1,"hct":1,"fdc":"Dirección Nacional de Vialidad","sag":"IGN"},"bbox":[-59.0253119,-31.8107323,-58.42170889,-31.55221442]},{"type":"Feature","id":"vial_nacional.515","geometry":{"type":"MultiLineString","coordinates":[[[-70.0557655,-38.8954251],[-70.0556557,-38.8953728],[-70.0536537,-38.8944183],[-70.0513264,-38.8933338],[-70.0505976,-38.8929942],[-70.050017,-38.8927362],[-70.0496889,-38.8925983],[-70.0493346,-38.8924652],[-70.0489974,-38.892346],[-70.0488801,-38.8923045],[-70.048381,-38.8921343],[-70.0478541,-38.8919688],[-70.047563,-38.8918837],[-70.0472565,-38.8918061],[-70.0470115,-38.8917434],[-70.0466957,-38.8916654],[-70.0463352,-38.8915827],[-70.0460224,-38.891524],[-70.0455849,-38.891446],[-70.0452568,-38.8913873],[-70.044847,-38.8913165],[-70.0443965,-38.8912452],[-70.0427243,-38.8909823],[-70.0400433,-38.8905498],[-70.0360723,-38.8899507],[-70.0355482,-38.8898771]]]},"geometry_name":"geom","properties":{"gid":515,"rtn":"22","typ":40,"rst":1,"hct":1,"fdc":"Dirección Nacional de Vialidad","sag":"IGN"},"bbox":[-70.0557655,-38.8954251,-70.0355482,-38.8898771]},{"type":"Feature","id":"vial_nacional.516","geometry":{"type":"MultiLineString","coordinates":[[[-70.0355482,-38.8898771],[-70.0353577,-38.8898581],[-70.0352814,-38.8898533],[-70.0351788,-38.8898481],[-70.0350616,-38.889844],[-70.0348671,-38.8898449],[-70.0344426,-38.8898533],[-70.034388,-38.8898577],[-70.0343334,-38.8898576],[-70.034292,-38.8898575],[-70.0341836,-38.8898481],[-70.0340596,-38.8898267],[-70.0339202,-38.8897961],[-70.0338309,-38.8897679],[-70.0337862,-38.8897487],[-70.0337444,-38.8897284],[-70.0334908,-38.8896326],[-70.0333152,-38.8895731],[-70.0331824,-38.8895301],[-70.032995,-38.8894819],[-70.032804,-38.8894353],[-70.0330634,-38.8894614],[-70.0331675,-38.8894656],[-70.0332915,-38.8894628],[-70.0334094,-38.8894514],[-70.0335249,-38.8894352],[-70.0336455,-38.8894139],[-70.0337501,-38.8893825],[-70.0338207,-38.8893597],[-70.03387605,-38.8893499],[-70.0339829,-38.8893464],[-70.0340868,-38.8893504],[-70.034196,-38.889364],[-70.034317,-38.8893882],[-70.0344237,-38.8894151],[-70.0344914,-38.8894385],[-70.0345234,-38.8894496],[-70.0345945,-38.889483],[-70.034644,-38.8895224],[-70.0347438,-38.8896134],[-70.0348127,-38.8896606],[-70.03487785,-38.88970415],[-70.0349511,-38.8897391],[-70.0350185,-38.8897655],[-70.035113,-38.8897907],[-70.0355482,-38.8898771]]]},"geometry_name":"geom","properties":{"gid":516,"rtn":"22","typ":40,"rst":1,"hct":1,"fdc":"Dirección Nacional de Vialidad","sag":"IGN"},"bbox":[-70.0355482,-38.8898771,-70.032804,-38.8893464]},{"type":"Feature","id":"vial_nacional.2343","geometry":{"type":"MultiLineString","coordinates":[[[-60.69934715,-32.87236639],[-60.69932698,-32.87244855]]]},"geometry_name":"geom","properties":{"gid":2343,"rtn":"11","typ":40,"rst":1,"hct":1,"fdc":"Dirección Nacional de Vialidad","sag":"IGN"},"bbox":[-60.69934715,-32.87244855,-60.69932698,-32.87236639]},{"type":"Feature","id":"vial_nacional.529","geometry":{"type":"MultiLineString","coordinates":[[[-67.5926834,-39.0418443],[-67.5935708,-39.0417463],[-67.5963644,-39.0413952],[-67.5964589,-39.0413822],[-67.6007954,-39.0408348],[-67.602032,-39.0406787],[-67.6023574,-39.040639],[-67.6024288,-39.0406307],[-67.6042306,-39.0404008],[-67.605161,-39.040282],[-67.6081734,-39.0398976],[-67.6121746,-39.039387],[-67.6122752,-39.039376]]]},"geometry_name":"geom","properties":{"gid":529,"rtn":"22","typ":40,"rst":1,"hct":1,"fdc":"Dirección Nacional de Vialidad","sag":"IGN"},"bbox":[-67.6122752,-39.0418443,-67.5926834,-39.039376]},{"type":"Feature","id":"vial_nacional.528","geometry":{"type":"MultiLineString","coordinates":[[[-67.9111226,-38.9912862],[-67.9105368,-38.9915427],[-67.9101368,-38.9916997],[-67.9095465,-38.9918934],[-67.9087973,-38.9920785],[-67.9078706,-38.9922818],[-67.9072494,-38.9923814],[-67.9056639,-38.9926032],[-67.8939402,-38.9940845],[-67.8876469,-38.994916],[-67.8873203,-38.9948653],[-67.8825289,-38.9954705],[-67.8819834,-38.9955368],[-67.8769457,-38.996196],[-67.8724968,-38.996755],[-67.872348,-38.9967793],[-67.8721243,-38.9968351],[-67.8719712,-38.9968614],[-67.8702055,-38.997088],[-67.8627495,-38.9980227],[-67.8585964,-38.9985873],[-67.8544181,-38.9991146],[-67.8534219,-38.9992761],[-67.8531137,-38.9993595],[-67.8529829,-38.9993949],[-67.8524381,-38.9995609],[-67.8520302,-38.9997579],[-67.8514577,-39.0000694],[-67.8510527,-39.0003403],[-67.8507971,-39.0005316],[-67.850763,-39.0005571],[-67.8505243,-39.0007635],[-67.8489149,-39.002274],[-67.8475861,-39.0035211],[-67.8466645,-39.0043885],[-67.8458725,-39.0051339],[-67.8418125,-39.0089549],[-67.8413458,-39.009353],[-67.8410025,-39.0095864],[-67.8405465,-39.0098573],[-67.8402595,-39.0099907],[-67.839766,-39.010195],[-67.8393019,-39.0103429],[-67.8389318,-39.0104388],[-67.8385429,-39.0105138],[-67.8379193,-39.0106139],[-67.8368705,-39.0107431],[-67.8251747,-39.0122593],[-67.8135179,-39.0137494],[-67.8018342,-39.0152333],[-67.7902055,-39.016734],[-67.7900861,-39.0167494],[-67.7784507,-39.0182311],[-67.7733129,-39.0188958],[-67.7667125,-39.0197867],[-67.7606844,-39.0205334],[-67.7550215,-39.0212348],[-67.7546917,-39.0212756],[-67.7430567,-39.0227782],[-67.7312304,-39.0242825],[-67.719488,-39.02578],[-67.7076667,-39.02729],[-67.696021,-39.0287666],[-67.6843775,-39.0302522],[-67.6727207,-39.0317566],[-67.6609753,-39.0332171],[-67.6508197,-39.0344735],[-67.649305,-39.0346609],[-67.6449687,-39.0352107],[-67.6375891,-39.0361464],[-67.6317122,-39.0368956],[-67.6257772,-39.0376239],[-67.6168641,-39.0387732]]]},"geometry_name":"geom","properties":{"gid":528,"rtn":"22","typ":40,"rst":1,"hct":1,"fdc":"Dirección Nacional de Vialidad","sag":"IGN"},"bbox":[-67.9111226,-39.0387732,-67.6168641,-38.9912862]},{"type":"Feature","id":"vial_nacional.517","geometry":{"type":"MultiLineString","coordinates":[[[-70.032804,-38.8894353],[-70.0314173,-38.8891947],[-70.0304105,-38.889025],[-70.0296317,-38.8888988],[-70.0294071,-38.8888625],[-70.0271772,-38.8885058],[-70.0174047,-38.8869391],[-70.0140942,-38.8864084],[-70.0028912,-38.8847184],[-70.0000855,-38.884247],[-69.9913771,-38.8829042],[-69.9895995,-38.8825546],[-69.9876936,-38.8821798],[-69.9862788,-38.8819013],[-69.9849183,-38.8815345],[-69.9834655,-38.8810785],[-69.9820215,-38.8804488],[-69.9771721,-38.8780267],[-69.9762452,-38.877749],[-69.9751336,-38.8776258],[-69.9618949,-38.8777424],[-69.9371965,-38.8779599],[-69.9352207,-38.8779967],[-69.933826,-38.8780635],[-69.9327745,-38.8781805],[-69.9317891,-38.8783274],[-69.9301798,-38.8787283],[-69.9164898,-38.8829042],[-69.9149861,-38.8833753],[-69.913763,-38.883676],[-69.912497,-38.8839265],[-69.9088723,-38.8845745],[-69.8716862,-38.8905372],[-69.8538116,-38.8933226],[-69.8343713,-38.896466],[-69.8208942,-38.8985736],[-69.8193064,-38.8988074],[-69.8174181,-38.8989243],[-69.80096,-38.8994253],[-69.7999515,-38.8994754],[-69.799222,-38.8995589],[-69.7984924,-38.8997092],[-69.7974839,-38.8999931],[-69.79728893,-38.90008728],[-69.7968616,-38.9002937],[-69.7963252,-38.9005775],[-69.7953989,-38.9012337],[-69.7942438,-38.9020304],[-69.7930422,-38.9027317],[-69.7917118,-38.9033496],[-69.7867996,-38.9056672],[-69.7823257,-38.9076876],[-69.7781629,-38.9094742],[-69.7773352,-38.9097281],[-69.7764768,-38.9098951],[-69.7754254,-38.9099952],[-69.7739143,-38.910092],[-69.7707691,-38.9100286],[-69.7695246,-38.9100453],[-69.7684101,-38.9101551],[-69.7658352,-38.9105558],[-69.7068246,-38.9199963],[-69.7053017,-38.9202464],[-69.7042503,-38.9204801],[-69.7027054,-38.9209916],[-69.7014823,-38.9214985],[-69.6998203,-38.9222197],[-69.69432539,-38.92480279],[-69.6943209,-38.9248049],[-69.6608431,-38.9405406],[-69.6429259,-38.9489851],[-69.6417227,-38.9495059],[-69.6405425,-38.9499064],[-69.6392138,-38.9502701],[-69.6375599,-38.9506907],[-69.635523,-38.9510711],[-69.6187479,-38.9540343],[-69.6122844,-38.955176],[-69.6103945,-38.9553463],[-69.607907,-38.9554764],[-69.585634,-38.9562272],[-69.5704205,-38.9561939],[-69.5638957,-38.9561473],[-69.5606341,-38.9561473],[-69.5574798,-38.9562307],[-69.5528779,-38.9563664],[-69.5520938,-38.9563895],[-69.5479757,-38.9565109],[-69.5152028,-38.9574885],[-69.5139628,-38.9575255],[-69.4863262,-38.9583498],[-69.4816913,-38.9583164],[-69.4489057,-38.9575621],[-69.4463935,-38.9574654],[-69.4440133,-38.9573118],[-69.4405369,-38.956891],[-69.3960523,-38.9513302],[-69.3953067,-38.951237],[-69.3935127,-38.9510127],[-69.3582014,-38.9465012],[-69.3537014,-38.9459262],[-69.3031543,-38.9394676],[-69.2812589,-38.9366697],[-69.2724838,-38.935589],[-69.2719734,-38.9355251],[-69.2709644,-38.9353988],[-69.269942,-38.9352651],[-69.2673544,-38.9349073],[-69.2665637,-38.9347917],[-69.2658799,-38.9346935],[-69.2649909,-38.9345659],[-69.264184,-38.9344475],[-69.2519528,-38.9326939],[-69.2477641,-38.9320925],[-69.2462216,-38.931871],[-69.2435455,-38.9315077],[-69.2427939,-38.9314057],[-69.2404853,-38.9310923],[-69.2381861,-38.9308283],[-69.2381367,-38.9308228],[-69.2380877,-38.9308174],[-69.2377031,-38.9307745],[-69.233704,-38.9303286],[-69.2328769,-38.9302364],[-69.2322643,-38.930168],[-69.2313774,-38.9300692],[-69.2304296,-38.9299635],[-69.2303679,-38.9299563],[-69.2302954,-38.9299486],[-69.2298419,-38.9299008],[-69.229151,-38.9298279],[-69.2284749,-38.9297602],[-69.2272357,-38.9296261],[-69.2269806,-38.929594],[-69.2267853,-38.9295694],[-69.226334,-38.9295267],[-69.2261907,-38.9295137],[-69.2258441,-38.9294824],[-69.2256002,-38.929465],[-69.2253502,-38.9294492],[-69.2251245,-38.9294365],[-69.2248928,-38.929427],[-69.2246692,-38.9294207],[-69.2244314,-38.9294191],[-69.2241874,-38.9294223],[-69.2239293,-38.9294255],[-69.2236671,-38.929435],[-69.2233926,-38.929446],[-69.2220425,-38.9294898],[-69.2192078,-38.929629],[-69.2190653,-38.929636],[-69.2188889,-38.9296446],[-69.2172614,-38.9297245],[-69.2149895,-38.9298326],[-69.2148814,-38.929839],[-69.2147364,-38.9298474],[-69.2145783,-38.9298558],[-69.2142461,-38.9298691],[-69.2131511,-38.9299286],[-69.211733,-38.9300023],[-69.2103465,-38.9300662],[-69.2095119,-38.9301088]]]},"geometry_name":"geom","properties":{"gid":517,"rtn":"22","typ":40,"rst":1,"hct":1,"fdc":"Dirección Nacional de Vialidad","sag":"IGN"},"bbox":[-70.032804,-38.9583498,-69.2095119,-38.8776258]},{"type":"Feature","id":"vial_nacional.518","geometry":{"type":"MultiLineString","coordinates":[[[-68.5888107,-39.0781443],[-68.5850827,-39.0764699],[-68.5830725,-39.075567],[-68.5841293,-39.07597],[-68.5843187,-39.0760334],[-68.5845159,-39.076092],[-68.5847655,-39.0761662],[-68.5850151,-39.0762367],[-68.5853463,-39.0763169],[-68.5855974,-39.0763755],[-68.5858577,-39.0764305],[-68.5861966,-39.0764939],[-68.5866064,-39.076556],[-68.5870147,-39.0766111],[-68.5873659,-39.0766505],[-68.5876401,-39.0766744],[-68.5879112,-39.0766924],[-68.5882671,-39.0767067],[-68.5888468,-39.0767151],[-68.5890746,-39.0767179],[-68.5892559,-39.0767201],[-68.5897333,-39.0766931],[-68.5901361,-39.076657],[-68.5905321,-39.0766151],[-68.5907277,-39.0765888],[-68.5909079,-39.0765601],[-68.5910928,-39.076529],[-68.5912772,-39.0764952],[-68.5916489,-39.076419],[-68.5920094,-39.0763401],[-68.5927388,-39.0761568],[-68.5920865,-39.0763688],[-68.5918816,-39.0764477],[-68.5917275,-39.0765171],[-68.5915627,-39.0766104],[-68.5914348,-39.0766965],[-68.5913116,-39.0768005],[-68.5912037,-39.0769034],[-68.5910759,-39.0770409],[-68.5909665,-39.0771808],[-68.5905912,-39.0776555],[-68.5903744,-39.0779653],[-68.5902939,-39.0780673],[-68.5902134,-39.078152],[-68.5901088,-39.0782193],[-68.5899935,-39.0782797],[-68.5898433,-39.0783359],[-68.5897092,-39.0783588],[-68.5895536,-39.078365],[-68.58939,-39.0783505],[-68.5892049,-39.0783213],[-68.5888107,-39.0781443]]]},"geometry_name":"geom","properties":{"gid":518,"rtn":"22","typ":40,"rst":1,"hct":1,"fdc":"Dirección Nacional de Vialidad","sag":"IGN"},"bbox":[-68.5927388,-39.078365,-68.5830725,-39.075567]},{"type":"Feature","id":"vial_nacional.519","geometry":{"type":"MultiLineString","coordinates":[[[-68.4202377,-39.0068425],[-68.4203828,-39.0069168],[-68.4205456,-39.0069965],[-68.4207137,-39.0070777],[-68.4208836,-39.0071588],[-68.4219813,-39.0076292],[-68.422931,-39.0080361],[-68.4251572,-39.0089808],[-68.4262561,-39.0094442],[-68.4265817,-39.0095858],[-68.4266878,-39.0096314],[-68.4276753,-39.0100561],[-68.4287795,-39.010525],[-68.4298737,-39.0109942],[-68.4299292,-39.011018],[-68.4304114,-39.0112035],[-68.4306594,-39.0112885],[-68.4309583,-39.0113891],[-68.4312417,-39.0114755],[-68.4315313,-39.0115638],[-68.4321821,-39.0117461],[-68.4324372,-39.0118176],[-68.433456,-39.012111],[-68.4345594,-39.0124289],[-68.4366544,-39.0130323],[-68.4378829,-39.0133821],[-68.4392997,-39.0137859],[-68.4408567,-39.014233],[-68.4435689,-39.0150049],[-68.4438555,-39.0150839],[-68.4468256,-39.0159265],[-68.4517807,-39.0173391],[-68.4518724,-39.0173652],[-68.4536409,-39.0178705],[-68.4541854,-39.0180185],[-68.4547245,-39.0181748],[-68.4552368,-39.018329],[-68.4557384,-39.0184936],[-68.4562185,-39.0186603],[-68.4566235,-39.0188124],[-68.4570285,-39.0189729],[-68.4574282,-39.0191375],[-68.4578922,-39.0193459],[-68.4635812,-39.0219028],[-68.463844,-39.0220258],[-68.4640152,-39.0221029],[-68.4758444,-39.0274313],[-68.4849225,-39.0315203],[-68.4899229,-39.0337724],[-68.4942486,-39.035716],[-68.4987392,-39.0377355],[-68.5010308,-39.0387756],[-68.5181285,-39.0464401],[-68.519409,-39.047014],[-68.5436133,-39.0578627],[-68.5436893,-39.0578967],[-68.5446231,-39.0583255],[-68.547155,-39.0594499],[-68.548613,-39.0601035],[-68.5489365,-39.0602515],[-68.5522445,-39.0617544],[-68.5561181,-39.0635023],[-68.5583922,-39.0645103],[-68.5595189,-39.0650024],[-68.5601479,-39.0652848],[-68.5603043,-39.065355],[-68.5616695,-39.065968],[-68.5617805,-39.0660178],[-68.5619644,-39.0661003],[-68.5642921,-39.0671453],[-68.5651938,-39.0675501],[-68.570199,-39.0698026],[-68.5716906,-39.0704772],[-68.5722169,-39.0707004],[-68.5724163,-39.0707873],[-68.580841,-39.074574],[-68.5830725,-39.075567]]]},"geometry_name":"geom","properties":{"gid":519,"rtn":"22","typ":40,"rst":1,"hct":1,"fdc":"Dirección Nacional de Vialidad","sag":"IGN"},"bbox":[-68.5830725,-39.075567,-68.4202377,-39.0068425]},{"type":"Feature","id":"vial_nacional.520","geometry":{"type":"MultiLineString","coordinates":[[[-68.0091701,-38.9435989],[-68.0085628,-38.9438748],[-68.0082489,-38.9440443],[-68.007276,-38.9445419],[-68.0060936,-38.945195]]]},"geometry_name":"geom","properties":{"gid":520,"rtn":"22","typ":40,"rst":1,"hct":1,"fdc":"Dirección Nacional de Vialidad","sag":"IGN"},"bbox":[-68.0091701,-38.945195,-68.0060936,-38.9435989]},{"type":"Feature","id":"vial_nacional.521","geometry":{"type":"MultiLineString","coordinates":[[[-68.0026164,-38.9469577],[-68.0029262,-38.946784],[-68.0032223,-38.9466179],[-68.0038374,-38.946292],[-68.0042689,-38.9460629],[-68.0043334,-38.9460286],[-68.0048357,-38.9457619],[-68.0052662,-38.9455474],[-68.0060936,-38.945195],[-68.0054254,-38.9455932],[-68.0051119,-38.9457605],[-68.0048267,-38.945894],[-68.0043661,-38.9461354],[-68.0043055,-38.9461671],[-68.0038616,-38.9463998],[-68.0033373,-38.9466536],[-68.0029508,-38.9468166],[-68.0026164,-38.9469577]]]},"geometry_name":"geom","properties":{"gid":521,"rtn":"22","typ":40,"rst":1,"hct":1,"fdc":"Dirección Nacional de Vialidad","sag":"IGN"},"bbox":[-68.0060936,-38.9469577,-68.0026164,-38.945195]},{"type":"Feature","id":"vial_nacional.522","geometry":{"type":"MultiLineString","coordinates":[[[-67.9946797,-38.9510015],[-67.9979275,-38.9493467],[-67.9989177,-38.9488422],[-67.9997263,-38.9484302],[-68.0026164,-38.9469577]]]},"geometry_name":"geom","properties":{"gid":522,"rtn":"22","typ":40,"rst":1,"hct":1,"fdc":"Dirección Nacional de Vialidad","sag":"IGN"},"bbox":[-68.0026164,-38.9510015,-67.9946797,-38.9469577]},{"type":"Feature","id":"vial_nacional.523","geometry":{"type":"MultiLineString","coordinates":[[[-67.9912893,-38.9527258],[-67.9918126,-38.9524182],[-67.9919166,-38.9523571],[-67.9927665,-38.9519245],[-67.9930666,-38.9517749],[-67.9933884,-38.9516082],[-67.9941895,-38.9512158],[-67.9944295,-38.9511109],[-67.9946797,-38.9510015],[-67.9942676,-38.9513003],[-67.9933416,-38.9517583],[-67.9931005,-38.9518812],[-67.9927153,-38.9520787],[-67.9919812,-38.9524655],[-67.9912893,-38.9527258]]]},"geometry_name":"geom","properties":{"gid":523,"rtn":"22","typ":40,"rst":1,"hct":1,"fdc":"Dirección Nacional de Vialidad","sag":"IGN"},"bbox":[-67.9946797,-38.9527258,-67.9912893,-38.9510015]},{"type":"Feature","id":"vial_nacional.524","geometry":{"type":"MultiLineString","coordinates":[[[-67.9912893,-38.9527258],[-67.9896711,-38.9535527],[-67.9866679,-38.9550884],[-67.9864405,-38.9552166],[-67.9847196,-38.9560684],[-67.9837458,-38.9565582],[-67.983252,-38.9568066],[-67.982705,-38.9570818],[-67.9816889,-38.9576015],[-67.9805178,-38.9582004],[-67.9798968,-38.9585157],[-67.9773075,-38.959826],[-67.9745352,-38.9612007],[-67.9680873,-38.9643335],[-67.9628143,-38.9669188],[-67.9573903,-38.9695915],[-67.9571966,-38.9696865],[-67.9570422,-38.9697622],[-67.9565723,-38.9699929],[-67.9555697,-38.9704954],[-67.9490508,-38.9736549],[-67.948865,-38.9737417],[-67.9433958,-38.9763481]]]},"geometry_name":"geom","properties":{"gid":524,"rtn":"22","typ":40,"rst":1,"hct":1,"fdc":"Dirección Nacional de Vialidad","sag":"IGN"},"bbox":[-67.9912893,-38.9763481,-67.9433958,-38.9527258]},{"type":"Feature","id":"vial_nacional.525","geometry":{"type":"MultiLineString","coordinates":[[[-67.9331022,-38.981211],[-67.9336245,-38.9807871],[-67.9383421,-38.9785561],[-67.939282,-38.978111],[-67.9426751,-38.9764979],[-67.9433958,-38.9763481],[-67.9428217,-38.9767198],[-67.9404786,-38.9778544],[-67.9384081,-38.9788568],[-67.9337978,-38.9810209],[-67.9331022,-38.981211]]]},"geometry_name":"geom","properties":{"gid":525,"rtn":"22","typ":40,"rst":1,"hct":1,"fdc":"Dirección Nacional de Vialidad","sag":"IGN"},"bbox":[-67.9433958,-38.981211,-67.9331022,-38.9763481]},{"type":"Feature","id":"vial_nacional.526","geometry":{"type":"MultiLineString","coordinates":[[[-67.9331022,-38.981211],[-67.9277752,-38.9836273],[-67.9215362,-38.9865131]]]},"geometry_name":"geom","properties":{"gid":526,"rtn":"22","typ":40,"rst":1,"hct":1,"fdc":"Dirección Nacional de Vialidad","sag":"IGN"},"bbox":[-67.9331022,-38.9865131,-67.9215362,-38.981211]},{"type":"Feature","id":"vial_nacional.530","geometry":{"type":"MultiLineString","coordinates":[[[-67.5888578,-39.0423471],[-67.5892254,-39.0422318],[-67.5903855,-39.0420886],[-67.5907566,-39.0420423],[-67.5922856,-39.0418433],[-67.5926834,-39.0418443],[-67.5923276,-39.0419566],[-67.5907781,-39.0421497],[-67.5892463,-39.0423509],[-67.5888578,-39.0423471]]]},"geometry_name":"geom","properties":{"gid":530,"rtn":"22","typ":40,"rst":1,"hct":1,"fdc":"Dirección Nacional de Vialidad","sag":"IGN"},"bbox":[-67.5926834,-39.0423509,-67.5888578,-39.0418433]},{"type":"Feature","id":"vial_nacional.531","geometry":{"type":"MultiLineString","coordinates":[[[-67.581383,-39.0433056],[-67.5815465,-39.0432649],[-67.5817195,-39.0432347],[-67.5822439,-39.0431514],[-67.5847973,-39.0428492],[-67.5849422,-39.0428321],[-67.5855286,-39.0427626],[-67.5859877,-39.0427083],[-67.5862919,-39.0426723],[-67.5888578,-39.0423471]]]},"geometry_name":"geom","properties":{"gid":531,"rtn":"22","typ":40,"rst":1,"hct":1,"fdc":"Dirección Nacional de Vialidad","sag":"IGN"},"bbox":[-67.5888578,-39.0433056,-67.581383,-39.0423471]},{"type":"Feature","id":"vial_nacional.532","geometry":{"type":"MultiLineString","coordinates":[[[-67.5780839,-39.0440628],[-67.5778352,-39.0440424],[-67.5773041,-39.0439986],[-67.5769273,-39.0439694],[-67.5767248,-39.043959],[-67.5764935,-39.0439538],[-67.5763842,-39.0439387],[-67.5764828,-39.0439087],[-67.5766295,-39.0439007],[-67.5770104,-39.0438986],[-67.5772317,-39.0438882],[-67.5775241,-39.0438559],[-67.5778191,-39.0438163],[-67.5781094,-39.0437628],[-67.5784409,-39.0436857],[-67.5786351,-39.0436535],[-67.5788161,-39.0436264],[-67.5790441,-39.0436014],[-67.5791849,-39.043592],[-67.5794119,-39.0435824],[-67.5796148,-39.04358],[-67.5799877,-39.0435414],[-67.5803069,-39.0434945],[-67.581383,-39.0433056],[-67.5810485,-39.0434174],[-67.5807434,-39.0435132],[-67.5805187,-39.043595],[-67.5802405,-39.0436997],[-67.5798642,-39.0438383],[-67.57949273,-39.04397122],[-67.57916151,-39.0440683],[-67.57888168,-39.04410257],[-67.57853904,-39.04409115],[-67.5780839,-39.0440628]]]},"geometry_name":"geom","properties":{"gid":532,"rtn":"22","typ":40,"rst":1,"hct":1,"fdc":"Dirección Nacional de Vialidad","sag":"IGN"},"bbox":[-67.581383,-39.04410257,-67.5763842,-39.0433056]},{"type":"Feature","id":"vial_nacional.533","geometry":{"type":"MultiLineString","coordinates":[[[-67.5692355,-39.044801],[-67.5751155,-39.0440607],[-67.5758393,-39.0439802],[-67.5761338,-39.0439509],[-67.5763842,-39.0439387]]]},"geometry_name":"geom","properties":{"gid":533,"rtn":"22","typ":40,"rst":1,"hct":1,"fdc":"Dirección Nacional de Vialidad","sag":"IGN"},"bbox":[-67.5763842,-39.044801,-67.5692355,-39.0439387]},{"type":"Feature","id":"vial_nacional.534","geometry":{"type":"MultiLineString","coordinates":[[[-67.5655138,-39.0452747],[-67.5657189,-39.0452066],[-67.5672307,-39.0450086],[-67.5689964,-39.0447949],[-67.5692355,-39.044801],[-67.569021,-39.0448669],[-67.5672445,-39.0450851],[-67.5657353,-39.0452858],[-67.5655138,-39.0452747]]]},"geometry_name":"geom","properties":{"gid":534,"rtn":"22","typ":40,"rst":1,"hct":1,"fdc":"Dirección Nacional de Vialidad","sag":"IGN"},"bbox":[-67.5692355,-39.0452858,-67.5655138,-39.0447949]},{"type":"Feature","id":"vial_nacional.535","geometry":{"type":"MultiLineString","coordinates":[[[-67.3842499,-39.0605162],[-67.3849164,-39.0604306],[-67.388109,-39.0600208],[-67.398604,-39.0587652],[-67.3995274,-39.0586301],[-67.3997763,-39.0585968],[-67.4006014,-39.058485],[-67.4114188,-39.0571455],[-67.412062,-39.0570679],[-67.4226493,-39.0557106],[-67.4231537,-39.0556899],[-67.4232868,-39.055692],[-67.423565,-39.0556963],[-67.4239137,-39.0557203],[-67.4241918,-39.0557465],[-67.4247339,-39.0558393],[-67.4252716,-39.0559801],[-67.4257671,-39.0561535],[-67.4263822,-39.0564143],[-67.426944,-39.0567308],[-67.4350811,-39.0620341],[-67.4353251,-39.0621768],[-67.435533,-39.0622809],[-67.4357369,-39.0623788],[-67.435997,-39.0624927],[-67.4362827,-39.0625985],[-67.436512,-39.0626735],[-67.4366408,-39.0627141],[-67.437133,-39.0628338],[-67.4374977,-39.062913],[-67.4380154,-39.0629796],[-67.4386055,-39.0630088],[-67.4389864,-39.0630004],[-67.4393592,-39.0629775],[-67.4400485,-39.0629046],[-67.4484036,-39.0618467],[-67.4535468,-39.0612146],[-67.4601605,-39.0603566],[-67.4717979,-39.0589041],[-67.4720322,-39.058869],[-67.4834795,-39.0574347],[-67.4951945,-39.0559958],[-67.5069497,-39.054494],[-67.5185533,-39.0530505],[-67.51888,-39.0530092],[-67.5263158,-39.0520695],[-67.5279653,-39.051861],[-67.529167,-39.0517067],[-67.5298021,-39.0516248],[-67.5303023,-39.05158],[-67.5317534,-39.05158],[-67.5322402,-39.0515602],[-67.5326694,-39.0515092],[-67.5339086,-39.0512499],[-67.5340052,-39.05123],[-67.5358363,-39.0508524],[-67.5366243,-39.0506771],[-67.5382489,-39.0503225],[-67.5419405,-39.0495168],[-67.5433231,-39.0492346],[-67.5447232,-39.0489097],[-67.5486446,-39.0480598],[-67.5499536,-39.0477827],[-67.5539742,-39.0469057],[-67.5555268,-39.0465537],[-67.5561213,-39.0464485],[-67.556478,-39.0463891],[-67.5575174,-39.0462433],[-67.5586152,-39.0461107],[-67.5586889,-39.0461018],[-67.559257,-39.0460332],[-67.5614146,-39.0457725],[-67.5632784,-39.0455457],[-67.5647988,-39.0453606],[-67.5655138,-39.0452747]]]},"geometry_name":"geom","properties":{"gid":535,"rtn":"22","typ":40,"rst":1,"hct":1,"fdc":"Dirección Nacional de Vialidad","sag":"IGN"},"bbox":[-67.5655138,-39.0630088,-67.3842499,-39.0452747]},{"type":"Feature","id":"vial_nacional.536","geometry":{"type":"MultiLineString","coordinates":[[[-67.366449,-39.0627623],[-67.3726424,-39.0619921],[-67.3842499,-39.0605162],[-67.3833531,-39.0607258],[-67.3831288,-39.0607614],[-67.3764928,-39.0616032],[-67.3685092,-39.0625909],[-67.366449,-39.0627623]]]},"geometry_name":"geom","properties":{"gid":536,"rtn":"22","typ":40,"rst":1,"hct":1,"fdc":"Dirección Nacional de Vialidad","sag":"IGN"},"bbox":[-67.3842499,-39.0627623,-67.366449,-39.0605162]},{"type":"Feature","id":"vial_nacional.537","geometry":{"type":"MultiLineString","coordinates":[[[-67.3627384,-39.0632207],[-67.3646055,-39.0629916],[-67.366449,-39.0627623]]]},"geometry_name":"geom","properties":{"gid":537,"rtn":"22","typ":40,"rst":1,"hct":1,"fdc":"Dirección Nacional de Vialidad","sag":"IGN"},"bbox":[-67.366449,-39.0632207,-67.3627384,-39.0627623]},{"type":"Feature","id":"vial_nacional.539","geometry":{"type":"MultiLineString","coordinates":[[[-66.5176884,-39.0868785],[-66.5179718,-39.0868577],[-66.5188149,-39.0867957],[-66.5194182,-39.0867514],[-66.5206482,-39.086659],[-66.5212243,-39.0866227],[-66.5216314,-39.0866124],[-66.5220163,-39.0866127],[-66.5223209,-39.0866124],[-66.5226524,-39.0866245],[-66.5227781,-39.0866345],[-66.5234554,-39.086678],[-66.5241249,-39.0867315],[-66.5259176,-39.086887],[-66.5290885,-39.0871357],[-66.5325192,-39.0874124],[-66.5331445,-39.0874539],[-66.5335829,-39.087455],[-66.5346327,-39.0873984],[-66.5371437,-39.0871865],[-66.5399543,-39.0869044],[-66.5409225,-39.0868427],[-66.5447274,-39.0867053],[-66.5524889,-39.0865105],[-66.5527588,-39.0864835],[-66.5534714,-39.0864121],[-66.5541735,-39.0862907],[-66.5547949,-39.0861249],[-66.5557134,-39.0857781],[-66.5566594,-39.0853172],[-66.5581531,-39.0845801],[-66.5592007,-39.0840975],[-66.5599982,-39.083767],[-66.5620157,-39.0830325],[-66.5669631,-39.0812539],[-66.5681662,-39.0808027],[-66.5706061,-39.0798059],[-66.5765605,-39.0773347],[-66.5777839,-39.0768835],[-66.5794871,-39.0762643],[-66.5933582,-39.0716451],[-66.5974997,-39.0702433],[-66.6105292,-39.064714],[-66.6139603,-39.0632803],[-66.6145357,-39.0630985],[-66.6151452,-39.0629323],[-66.6163196,-39.0626915],[-66.6218005,-39.0618859],[-66.6318973,-39.0603767],[-66.634037,-39.0600524],[-66.6351215,-39.0599201],[-66.6361337,-39.0598736],[-66.6376938,-39.0599223],[-66.6459475,-39.060536],[-66.6639266,-39.0618482],[-66.6715092,-39.0623922],[-66.6726521,-39.0624609],[-66.6738348,-39.0624682],[-66.6967048,-39.0624823],[-66.7007419,-39.0624902],[-66.7020079,-39.0625364],[-66.7031656,-39.0627101],[-66.7056815,-39.0633122],[-66.7081847,-39.0638934],[-66.7089197,-39.0640098],[-66.7096698,-39.0640817],[-66.7197229,-39.0647173],[-66.7231477,-39.0649289],[-66.7264857,-39.0650297],[-66.7360734,-39.0650602],[-66.7409335,-39.0651211],[-66.7425191,-39.0651651],[-66.7441755,-39.06522],[-66.7499559,-39.0655615],[-66.7555363,-39.0658796],[-66.7582049,-39.0660596],[-66.7595222,-39.0661873],[-66.760855,-39.0663502],[-66.7621838,-39.0665391],[-66.7634343,-39.0667599],[-66.7659463,-39.067279],[-66.7712309,-39.0685995],[-66.7822708,-39.0713682],[-66.8420335,-39.0863677],[-66.8788653,-39.0956104],[-66.8807726,-39.0960975],[-66.8826799,-39.0965846],[-66.8833827,-39.0968071],[-66.8839682,-39.0970268],[-66.8844774,-39.0972822],[-66.8866438,-39.0984902]]]},"geometry_name":"geom","properties":{"gid":539,"rtn":"22","typ":40,"rst":1,"hct":1,"fdc":"Dirección Nacional de Vialidad","sag":"IGN"},"bbox":[-66.8866438,-39.0984902,-66.5176884,-39.0598736]},{"type":"Feature","id":"vial_nacional.540","geometry":{"type":"MultiLineString","coordinates":[[[-66.511415,-39.0873391],[-66.5118076,-39.087294],[-66.5134568,-39.0871528],[-66.5141766,-39.0871009],[-66.514264,-39.0870933],[-66.5149852,-39.0870378],[-66.5161152,-39.0869609],[-66.5176884,-39.0868785],[-66.5164408,-39.0870131],[-66.5158747,-39.087076],[-66.5152375,-39.0871223],[-66.5142358,-39.0871976],[-66.5136719,-39.0872397],[-66.5125371,-39.0873208],[-66.5118076,-39.087341],[-66.511415,-39.0873391]]]},"geometry_name":"geom","properties":{"gid":540,"rtn":"22","typ":40,"rst":1,"hct":1,"fdc":"Dirección Nacional de Vialidad","sag":"IGN"},"bbox":[-66.5176884,-39.087341,-66.511415,-39.0868785]},{"type":"Feature","id":"vial_nacional.549","geometry":{"type":"MultiLineString","coordinates":[[[-62.6932695,-38.8165379],[-62.6919753,-38.8156696],[-62.6910557,-38.8150598],[-62.6907963,-38.8148897],[-62.6906462,-38.8147926],[-62.6891534,-38.8138085],[-62.6870205,-38.8123295],[-62.6852198,-38.8110112],[-62.6845216,-38.8105],[-62.6833175,-38.8096184],[-62.6827633,-38.8092127],[-62.6824765,-38.8089958],[-62.6821929,-38.8087658],[-62.6819325,-38.8085463],[-62.6816756,-38.8083152],[-62.6813837,-38.808035],[-62.6811001,-38.8077354],[-62.6808724,-38.8074528],[-62.6806508,-38.8071594],[-62.6804894,-38.806916],[-62.6803353,-38.8066685],[-62.6801765,-38.8064047],[-62.6800271,-38.8061245],[-62.6796091,-38.8052856],[-62.6794434,-38.80498],[-62.6792729,-38.804687],[-62.6791351,-38.8044595],[-62.6790702,-38.8043584],[-62.6789904,-38.8042339],[-62.6788363,-38.8040192],[-62.6786728,-38.8038063],[-62.6785023,-38.8036061],[-62.6783342,-38.8034132],[-62.6781428,-38.8032094],[-62.6779349,-38.8030056],[-62.6776991,-38.8027927],[-62.6774539,-38.8025816],[-62.6771737,-38.802356],[-62.6768865,-38.8021285],[-62.6758144,-38.8013691],[-62.6757587,-38.8013297],[-62.6671029,-38.7951497],[-62.6632011,-38.7923433],[-62.6626459,-38.791925],[-62.6618625,-38.7913681],[-62.6614122,-38.791041],[-62.6606544,-38.7904558],[-62.6597342,-38.7897354],[-62.6591714,-38.7892954],[-62.658754,-38.7890133],[-62.658377,-38.7887703],[-62.6580005,-38.7885293],[-62.6574054,-38.7882102],[-62.6567581,-38.7879035],[-62.6563193,-38.7877088],[-62.6558762,-38.7875177],[-62.6553778,-38.7873439],[-62.6548571,-38.7871751],[-62.6521656,-38.7863657],[-62.6383614,-38.7815666],[-62.6380251,-38.7814519],[-62.6376796,-38.7813427],[-62.6305461,-38.7792877],[-62.6302963,-38.7792094],[-62.6300675,-38.7791238],[-62.629827,-38.7790328],[-62.6295911,-38.7789272],[-62.6292292,-38.7787507],[-62.6288696,-38.7785541],[-62.6282508,-38.7781973],[-62.6225119,-38.7748498],[-62.6217764,-38.7744429],[-62.621053,-38.7741362],[-62.6202945,-38.7738706],[-62.6102182,-38.7708975],[-62.6091766,-38.7705897],[-62.6091065,-38.7705684],[-62.6090337,-38.7705463],[-62.607955,-38.7702105],[-62.6063754,-38.769731],[-62.605014,-38.7693206],[-62.604755,-38.7692422],[-62.6036906,-38.7689203],[-62.6035519,-38.768885],[-62.6033982,-38.768832],[-62.6023493,-38.7685153],[-62.5866915,-38.7637873],[-62.5849441,-38.7632596],[-62.5842169,-38.7630218],[-62.5837301,-38.7628296],[-62.5832649,-38.7626109],[-62.5829506,-38.7624572],[-62.5826438,-38.7622925],[-62.5820461,-38.7619247],[-62.5764623,-38.7584796],[-62.572851,-38.7562262],[-62.5716293,-38.7554638]]]},"geometry_name":"geom","properties":{"gid":549,"rtn":"22","typ":40,"rst":1,"hct":1,"fdc":"Dirección Nacional de Vialidad","sag":"IGN"},"bbox":[-62.6932695,-38.8165379,-62.5716293,-38.7554638]},{"type":"Feature","id":"vial_nacional.541","geometry":{"type":"MultiLineString","coordinates":[[[-65.6701568,-39.2788799],[-65.6702995,-39.2787605],[-65.6705996,-39.2785094],[-65.6711618,-39.2780635],[-65.6713522,-39.2778932],[-65.6715013,-39.2777384],[-65.6717239,-39.2774777],[-65.6718833,-39.2772392],[-65.6720147,-39.2769714],[-65.6721542,-39.2766122],[-65.67224,-39.2763319],[-65.6722722,-39.2760806],[-65.6723017,-39.2756799],[-65.672299,-39.2753228],[-65.6722374,-39.2748267],[-65.6721457,-39.2740873],[-65.6720518,-39.2733755],[-65.6718107,-39.2715479],[-65.6717564,-39.2711362],[-65.6716505,-39.2703336],[-65.6713021,-39.2676921],[-65.6709308,-39.2650742],[-65.6709208,-39.2647744],[-65.6709701,-39.264407],[-65.6710502,-39.2640683],[-65.6711796,-39.2636914],[-65.676635,-39.2498553],[-65.6770004,-39.2492044],[-65.677326,-39.2488097],[-65.6776862,-39.2484839],[-65.6847169,-39.2439537],[-65.7084391,-39.2286662],[-65.7173396,-39.2229296],[-65.7181574,-39.2222285],[-65.7184884,-39.2218684],[-65.7187661,-39.2214808],[-65.7190413,-39.2210117],[-65.7192853,-39.2205077],[-65.7194316,-39.2199786],[-65.7195617,-39.21921],[-65.7196224,-39.218318],[-65.7196425,-39.2176926],[-65.7196576,-39.2172248],[-65.719731,-39.2149038],[-65.7198532,-39.2141781],[-65.7201681,-39.2135379],[-65.7204887,-39.2130865],[-65.7209888,-39.212606],[-65.721497,-39.2122675],[-65.7222588,-39.2118965],[-65.7313847,-39.2088023],[-65.7325556,-39.2083739],[-65.7333199,-39.2080084],[-65.7341493,-39.2075926],[-65.7350722,-39.2070416],[-65.7380788,-39.2052058],[-65.7400377,-39.2040342],[-65.7409872,-39.2034249],[-65.7439817,-39.2015937],[-65.7555906,-39.1944653],[-65.7565467,-39.1940051],[-65.7570359,-39.1938114],[-65.7574845,-39.1936566],[-65.7579787,-39.1934945],[-65.7584699,-39.1933727],[-65.7590019,-39.1932684],[-65.7602484,-39.1930609],[-65.7790322,-39.190734],[-65.7876006,-39.1896265],[-65.8022914,-39.187442],[-65.8147926,-39.1855831],[-65.8191514,-39.1849288],[-65.8198412,-39.1848529],[-65.8204756,-39.1848001],[-65.8212335,-39.1847737],[-65.8243501,-39.1846647],[-65.8318778,-39.1843941],[-65.8733416,-39.1827881],[-65.8832815,-39.1824635],[-65.8867942,-39.1823314],[-65.8878543,-39.1822621],[-65.8885696,-39.1821928],[-65.889979,-39.1820146],[-65.9155304,-39.178921],[-65.9167166,-39.1788064],[-65.9176891,-39.1787822],[-65.9188119,-39.1787954],[-65.9198306,-39.1788653],[-65.9225772,-39.1792215],[-65.9328564,-39.1805544],[-65.9337056,-39.1806587],[-65.9468816,-39.1822772],[-65.950241,-39.1826899],[-65.9544555,-39.1832076],[-65.9556408,-39.1833532],[-65.9557637,-39.1833683],[-65.9611489,-39.1840298],[-65.9650464,-39.1845311],[-65.9666422,-39.1847283],[-65.9671911,-39.1847961],[-65.9706477,-39.1852232],[-65.9728071,-39.1855087],[-65.9744178,-39.185797],[-65.9887719,-39.1890277],[-65.9890777,-39.189049],[-65.9897132,-39.1891285],[-65.9899591,-39.1891357],[-65.9905872,-39.1891541],[-66.0012732,-39.1892696],[-66.0053726,-39.1893719],[-66.0068135,-39.1892963],[-66.0070575,-39.1892679],[-66.0076658,-39.189197],[-66.0086782,-39.1889245],[-66.0103303,-39.1883887],[-66.0249892,-39.1833072],[-66.0490733,-39.1750487],[-66.0872681,-39.1636215],[-66.0909219,-39.1625388],[-66.0918483,-39.1623552],[-66.0927695,-39.162219],[-66.0937078,-39.1621327],[-66.0947983,-39.1620971],[-66.1253606,-39.1618496],[-66.1380782,-39.1617466],[-66.1393804,-39.161722],[-66.1417365,-39.1617083],[-66.1425009,-39.1616923],[-66.1446016,-39.1616292],[-66.1458066,-39.1615772],[-66.1490425,-39.1615181],[-66.1498834,-39.1615494],[-66.1509147,-39.1615878],[-66.1530567,-39.1617624],[-66.1531607,-39.1617709],[-66.1552135,-39.1620059],[-66.1578322,-39.1622292],[-66.1605449,-39.162482],[-66.1607501,-39.1625011],[-66.1611003,-39.1625326],[-66.163715,-39.1627692],[-66.1647992,-39.1628483],[-66.1655921,-39.1628188],[-66.1662293,-39.1627389],[-66.1671513,-39.1625186],[-66.1680717,-39.1622532],[-66.1710066,-39.1612826],[-66.1720718,-39.1608661],[-66.1731275,-39.1603936],[-66.1768187,-39.1587279],[-66.178801,-39.1578522],[-66.1813698,-39.1566075],[-66.1820321,-39.1562464],[-66.1825619,-39.1558905],[-66.1916726,-39.1484956],[-66.2009253,-39.1412799],[-66.2083061,-39.1357537],[-66.2195323,-39.1272397],[-66.2248456,-39.1231854],[-66.2250633,-39.1230193],[-66.2261319,-39.1222854],[-66.2272101,-39.1216452],[-66.2299072,-39.120264],[-66.2444572,-39.1129779],[-66.2460049,-39.1121619],[-66.2467475,-39.1118037],[-66.2475051,-39.1114748],[-66.2484063,-39.1111097],[-66.2493838,-39.1108264],[-66.2514037,-39.1102916],[-66.2553286,-39.1092761],[-66.2978193,-39.0982386],[-66.3026466,-39.0969796],[-66.3046092,-39.0964494],[-66.3054324,-39.0962436],[-66.3065098,-39.0960236],[-66.3072728,-39.095892],[-66.3081886,-39.0957637],[-66.3100462,-39.0956055],[-66.3155251,-39.0951439],[-66.3337963,-39.0935778],[-66.386752,-39.0890385],[-66.4060188,-39.0873869],[-66.4166113,-39.0864702],[-66.4183787,-39.0863195],[-66.4192611,-39.0862434],[-66.4196924,-39.0862112],[-66.4201423,-39.0861853],[-66.4204746,-39.0861706],[-66.4208123,-39.0861673],[-66.421468,-39.0861673],[-66.4227841,-39.0861853],[-66.5079008,-39.087462],[-66.5087284,-39.0874656],[-66.509142,-39.087467],[-66.509551,-39.0874594],[-66.5099583,-39.0874399],[-66.5103664,-39.087417],[-66.511415,-39.0873391]]]},"geometry_name":"geom","properties":{"gid":541,"rtn":"22","typ":40,"rst":1,"hct":1,"fdc":"Dirección Nacional de Vialidad","sag":"IGN"},"bbox":[-66.511415,-39.2788799,-65.6701568,-39.0861673]},{"type":"Feature","id":"vial_nacional.542","geometry":{"type":"MultiLineString","coordinates":[[[-65.6626336,-39.2850791],[-65.6640252,-39.2839125],[-65.6654135,-39.2827545],[-65.6656423,-39.2825681],[-65.6662497,-39.2820734],[-65.6668688,-39.2815691],[-65.6673725,-39.2811588],[-65.6677665,-39.2808348],[-65.6695533,-39.2793533],[-65.6701568,-39.2788799],[-65.6697885,-39.2793487],[-65.66819254,-39.28171362],[-65.66791628,-39.28207827],[-65.66757364,-39.28239236],[-65.66727668,-39.28262079],[-65.66694546,-39.2828378],[-65.66645782,-39.28311217],[-65.66515687,-39.28374999],[-65.6637599,-39.2843337],[-65.6633914,-39.2845556],[-65.6626336,-39.2850791]]]},"geometry_name":"geom","properties":{"gid":542,"rtn":"22","typ":40,"rst":1,"hct":1,"fdc":"Dirección Nacional de Vialidad","sag":"IGN"},"bbox":[-65.6701568,-39.2850791,-65.6626336,-39.2788799]},{"type":"Feature","id":"vial_nacional.543","geometry":{"type":"MultiLineString","coordinates":[[[-64.4242032,-39.0524176],[-64.4247219,-39.0525184],[-64.4269723,-39.0529556],[-64.579174,-39.0825229],[-64.7439283,-39.114074],[-64.9076933,-39.145267],[-64.9450681,-39.1523047],[-65.0550194,-39.1730748],[-65.1221666,-39.185659],[-65.1771127,-39.1959548],[-65.2231547,-39.204581],[-65.2362496,-39.2070343],[-65.2403242,-39.207742],[-65.29947618,-39.21876936],[-65.347595,-39.2277386],[-65.4027702,-39.2379386],[-65.463775,-39.2491822],[-65.5146862,-39.2585442],[-65.5629108,-39.2673705],[-65.5862898,-39.2716735],[-65.6104172,-39.2760614],[-65.6113202,-39.2762244],[-65.6122924,-39.2764544],[-65.6144577,-39.2770757],[-65.6207607,-39.2790578],[-65.6331869,-39.2829408],[-65.6351636,-39.2835585],[-65.63519864,-39.28357006],[-65.6376457,-39.2843771],[-65.6410484,-39.2854889],[-65.6419263,-39.2857491],[-65.6427856,-39.2859226],[-65.6436636,-39.2859949],[-65.6445509,-39.2860383],[-65.6466711,-39.2860816],[-65.6474836,-39.2861684],[-65.6481935,-39.2862913],[-65.648894,-39.2864431],[-65.6495571,-39.2866311],[-65.6496938,-39.2866749],[-65.6506779,-39.2869899],[-65.6513898,-39.2872217],[-65.6523448,-39.2875327],[-65.6533789,-39.2878573],[-65.6534365,-39.2878754],[-65.6536537,-39.2879355],[-65.6539276,-39.2879955],[-65.6542346,-39.2880554],[-65.6544806,-39.2881],[-65.6549444,-39.2881498],[-65.655295,-39.2881777],[-65.6556138,-39.2881896],[-65.6559755,-39.2881916],[-65.6562924,-39.2881838],[-65.6565908,-39.2881591],[-65.6569346,-39.2881224],[-65.6572187,-39.288086],[-65.6574853,-39.2880414],[-65.6577484,-39.2879913],[-65.6580835,-39.2879075],[-65.6583405,-39.2878316],[-65.6586114,-39.2877412],[-65.6589554,-39.2876178],[-65.6592933,-39.2874773],[-65.6596099,-39.287327],[-65.6598794,-39.2871881],[-65.660107,-39.2870564],[-65.660337,-39.2869153],[-65.6607326,-39.2866302],[-65.661638,-39.285913],[-65.6626336,-39.2850791]]]},"geometry_name":"geom","properties":{"gid":543,"rtn":"22","typ":40,"rst":1,"hct":1,"fdc":"Dirección Nacional de Vialidad","sag":"IGN"},"bbox":[-65.6626336,-39.2881916,-64.4242032,-39.0524176]},{"type":"Feature","id":"vial_nacional.544","geometry":{"type":"MultiLineString","coordinates":[[[-64.4224629,-39.05210395],[-64.4224109,-39.0520937],[-64.4217881,-39.0519716],[-64.42122411,-39.05185982],[-64.42087546,-39.05179072],[-64.42028155,-39.0516628]]]},"geometry_name":"geom","properties":{"gid":544,"rtn":"22","typ":40,"rst":1,"hct":1,"fdc":"Dirección Nacional de Vialidad","sag":"IGN"},"bbox":[-64.4224629,-39.05210395,-64.42028155,-39.0516628]},{"type":"Feature","id":"vial_nacional.545","geometry":{"type":"MultiLineString","coordinates":[[[-64.42245896,-39.05203587],[-64.4217988,-39.0519154],[-64.4211846,-39.05180747],[-64.42097673,-39.05177397],[-64.42076886,-39.05174047],[-64.42028155,-39.0516628]]]},"geometry_name":"geom","properties":{"gid":545,"rtn":"22","typ":40,"rst":1,"hct":1,"fdc":"Dirección Nacional de Vialidad","sag":"IGN"},"bbox":[-64.42245896,-39.05203587,-64.42028155,-39.0516628]},{"type":"Feature","id":"vial_nacional.546","geometry":{"type":"MultiLineString","coordinates":[[[-64.0754272,-38.9700052],[-64.0744589,-38.9699962],[-64.0666644,-38.9700237],[-64.0644873,-38.9700313],[-64.0600211,-38.9700468],[-63.9711622,-38.9703562],[-63.9244977,-38.9705081],[-63.9227365,-38.9705149],[-63.92241859,-38.97051611],[-63.9217125,-38.9705188],[-63.9189452,-38.9704272],[-63.9172152,-38.9701987],[-63.9150939,-38.9697373],[-63.8706648,-38.9604845],[-63.8534721,-38.9568882],[-63.7961449,-38.9449588],[-63.7934267,-38.9445369],[-63.7905891,-38.9442912],[-63.72916779,-38.94096762],[-63.7291324,-38.9409657],[-63.7232591,-38.9406101],[-63.6367256,-38.9358032],[-63.5267181,-38.9296529],[-63.4845282,-38.9271763],[-63.4831083,-38.9270653],[-63.4816826,-38.9268747],[-63.4804919,-38.9267051],[-63.3839703,-38.9122926],[-63.351701,-38.9074496],[-63.3176506,-38.9023389],[-63.2937107,-38.8987361],[-63.2661277,-38.8945968],[-63.2486756,-38.8919808],[-63.2433476,-38.8911674],[-63.2277556,-38.8887869],[-63.2162574,-38.8870314],[-63.18678519,-38.88256241],[-63.1755474,-38.8808583],[-63.1465561,-38.8764674],[-63.1103618,-38.8709476],[-63.1099979,-38.8708925],[-63.1096242,-38.8708417],[-63.1086855,-38.8707171],[-63.0399454,-38.8601699],[-63.0186004,-38.8568371],[-62.9720865,-38.84978],[-62.90424015,-38.839255],[-62.877672,-38.835159],[-62.869671,-38.8339341],[-62.8681966,-38.833722],[-62.8671942,-38.833677],[-62.8659986,-38.8337039],[-62.8646313,-38.8338311],[-62.8537657,-38.83518],[-62.8226548,-38.8389116],[-62.8149645,-38.8398303],[-62.8141056,-38.8399026],[-62.813364,-38.8399079],[-62.8125444,-38.8398801],[-62.8115148,-38.8397689],[-62.7932488,-38.8369119],[-62.7525233,-38.8305417],[-62.7255164,-38.8262946],[-62.7201075,-38.825444],[-62.719644,-38.8253711],[-62.7177502,-38.8250733],[-62.7165281,-38.8248811],[-62.7138763,-38.8244658],[-62.7110259,-38.8240193],[-62.708683,-38.8236524],[-62.705229,-38.8231114],[-62.704621,-38.823005],[-62.7040144,-38.8228767],[-62.7036763,-38.8228268],[-62.7033064,-38.8228024],[-62.7030318,-38.8227829],[-62.7028362,-38.8227404],[-62.70243105,-38.8226181]]]},"geometry_name":"geom","properties":{"gid":546,"rtn":"22","typ":40,"rst":1,"hct":1,"fdc":"Dirección Nacional de Vialidad","sag":"IGN"},"bbox":[-64.0754272,-38.9705188,-62.70243105,-38.8226181]},{"type":"Feature","id":"vial_nacional.547","geometry":{"type":"MultiLineString","coordinates":[[[-62.7011738,-38.8218496],[-62.7010329,-38.8217023],[-62.7008779,-38.821553],[-62.7007664,-38.8214593],[-62.7006709,-38.8213931],[-62.7005771,-38.8213297],[-62.6991231,-38.820376],[-62.6976914,-38.8194425]]]},"geometry_name":"geom","properties":{"gid":547,"rtn":"22","typ":40,"rst":1,"hct":1,"fdc":"Dirección Nacional de Vialidad","sag":"IGN"},"bbox":[-62.7011738,-38.8218496,-62.6976914,-38.8194425]},{"type":"Feature","id":"vial_nacional.548","geometry":{"type":"MultiLineString","coordinates":[[[-62.6976914,-38.8194425],[-62.697472,-38.819322],[-62.6961813,-38.8185272],[-62.6954184,-38.818038],[-62.6953402,-38.8179851],[-62.6945671,-38.8174708],[-62.6936907,-38.8168817],[-62.6932695,-38.8165379],[-62.6939591,-38.8169651],[-62.6948954,-38.8175821],[-62.6954506,-38.8179491],[-62.6957279,-38.8181324],[-62.696352,-38.8185535],[-62.6975021,-38.8192892],[-62.6976914,-38.8194425]]]},"geometry_name":"geom","properties":{"gid":548,"rtn":"22","typ":40,"rst":1,"hct":1,"fdc":"Dirección Nacional de Vialidad","sag":"IGN"},"bbox":[-62.6976914,-38.8194425,-62.6932695,-38.8165379]},{"type":"Feature","id":"vial_nacional.550","geometry":{"type":"MultiLineString","coordinates":[[[-62.56991639,-38.7542883],[-62.5716293,-38.7554638],[-62.5712891,-38.7553011],[-62.5711079,-38.7552265],[-62.5709217,-38.7551676],[-62.5707455,-38.7551245],[-62.5705493,-38.7550891],[-62.5703479,-38.7550617],[-62.5701315,-38.755046],[-62.5699302,-38.7550381],[-62.56973887,-38.75505694],[-62.5694046,-38.75509863]]]},"geometry_name":"geom","properties":{"gid":550,"rtn":"22","typ":40,"rst":1,"hct":1,"fdc":"Dirección Nacional de Vialidad","sag":"IGN"},"bbox":[-62.5716293,-38.7554638,-62.5694046,-38.7542883]},{"type":"Feature","id":"vial_nacional.551","geometry":{"type":"MultiLineString","coordinates":[[[-69.1940663,-38.9308314],[-69.1947367,-38.930775],[-69.1959025,-38.9307142],[-69.1970974,-38.9306606],[-69.1980597,-38.9306181],[-69.1983303,-38.9306061],[-69.1987413,-38.9305861],[-69.1995873,-38.9305449],[-69.2000566,-38.9305247],[-69.2005294,-38.9305029],[-69.200878,-38.9304853],[-69.2022314,-38.9304234],[-69.2038029,-38.9303455],[-69.2048877,-38.9303011],[-69.2063979,-38.9302542],[-69.2064964,-38.9302463],[-69.2065874,-38.9302336],[-69.2067018,-38.9302046],[-69.2068196,-38.9301608],[-69.2070234,-38.9300826],[-69.2071726,-38.9300257],[-69.2072295,-38.9299964],[-69.2073068,-38.9299624],[-69.20736423,-38.92993982],[-69.207377,-38.9299348],[-69.2074775,-38.9299055],[-69.2075832,-38.9298873],[-69.2076737,-38.9298786],[-69.2077499,-38.9298739],[-69.2078261,-38.9298715],[-69.2078922,-38.9298739],[-69.2079491,-38.9298786],[-69.2080081,-38.9298842],[-69.2080837,-38.9298971],[-69.20809901,-38.92990011],[-69.2081544,-38.929911],[-69.2082134,-38.9299253],[-69.2082693,-38.9299432],[-69.2083248,-38.9299558],[-69.2083764,-38.9299684],[-69.2084272,-38.9299822],[-69.208502,-38.9300013],[-69.2085975,-38.9300265],[-69.2086822,-38.9300463],[-69.2087708,-38.9300661],[-69.2088463,-38.9300798],[-69.2089421,-38.9300929],[-69.2090244,-38.9301],[-69.2091139,-38.9301071],[-69.2095119,-38.9301088],[-69.2093831,-38.9301255],[-69.209249,-38.9301422],[-69.2091766,-38.9301505],[-69.2091009,-38.9301599],[-69.2090378,-38.9301689],[-69.2089723,-38.9301832],[-69.2088999,-38.930203],[-69.2088182,-38.9302288],[-69.2087166,-38.9302653],[-69.2086264,-38.9302989],[-69.2084755,-38.930354],[-69.2083607,-38.9303978],[-69.208267,-38.9304352],[-69.2081798,-38.9304661],[-69.2081184,-38.9304809],[-69.2080711,-38.9304922],[-69.2079705,-38.9305135],[-69.2078739,-38.9305309],[-69.2077438,-38.9305404],[-69.207634,-38.9305388],[-69.2075314,-38.9305285],[-69.2074216,-38.930508],[-69.2073403,-38.9304898],[-69.2072682,-38.9304684],[-69.2070489,-38.9304268],[-69.206884,-38.9303945],[-69.2067512,-38.9303674],[-69.2066157,-38.9303465],[-69.2065111,-38.9303361],[-69.2063663,-38.9303329],[-69.2062635,-38.9303378],[-69.2056737,-38.930361],[-69.2048917,-38.9303873],[-69.2038078,-38.9304331],[-69.2022391,-38.9305007],[-69.200885,-38.9305639],[-69.1995935,-38.9306188],[-69.198335,-38.9306733],[-69.1971044,-38.9307278],[-69.1959112,-38.9307841],[-69.1947427,-38.9308497],[-69.19473114,-38.93084939],[-69.1940663,-38.9308314]]]},"geometry_name":"geom","properties":{"gid":551,"rtn":"22","typ":40,"rst":1,"hct":1,"fdc":"Dirección Nacional de Vialidad","sag":"IGN"},"bbox":[-69.2095119,-38.9308497,-69.1940663,-38.9298715]},{"type":"Feature","id":"vial_nacional.552","geometry":{"type":"MultiLineString","coordinates":[[[-69.1940663,-38.9308314],[-69.1920296,-38.9309295],[-69.1888461,-38.9310829],[-69.1813848,-38.9314425],[-69.1749384,-38.9317531],[-69.1742803,-38.9317818],[-69.1737834,-38.9318082],[-69.1730304,-38.9318455],[-69.170488,-38.9319583],[-69.1696161,-38.9320271],[-69.1690984,-38.9320834],[-69.1687766,-38.932121],[-69.1684869,-38.9321606],[-69.1681597,-38.932217],[-69.1678083,-38.9322837],[-69.1673496,-38.9323755],[-69.1669339,-38.9324673],[-69.1660488,-38.9327052],[-69.1640666,-38.9332936],[-69.159252,-38.9347592],[-69.1566879,-38.9355302],[-69.1561809,-38.9356992],[-69.1556042,-38.9358974],[-69.1550946,-38.9360872],[-69.1545475,-38.9363084],[-69.1536533,-38.9366811],[-69.15243686,-38.93725328],[-69.15054852,-38.93830405],[-69.1463565,-38.9406288],[-69.1370174,-38.945776],[-69.1362901,-38.9461058],[-69.1357447,-38.9463034],[-69.1349359,-38.9465252],[-69.1340616,-38.9466684],[-69.1331805,-38.9467407],[-69.1232354,-38.9470903],[-69.1218649,-38.9472012],[-69.1207227,-38.9473565],[-69.1177601,-38.9479171],[-69.0598349,-38.9605021],[-69.0439136,-38.9639608],[-69.0406928,-38.9647005],[-69.0386467,-38.9652772],[-69.0371927,-38.9657899],[-69.0144475,-38.9736813],[-69.0035086,-38.9774703],[-69.002069,-38.977976],[-69.0010484,-38.9783084],[-68.9984936,-38.9790833],[-68.9961805,-38.9797913],[-68.9951633,-38.9801158],[-68.9940008,-38.9805019],[-68.9926152,-38.98098],[-68.9922629,-38.9811014],[-68.9911633,-38.9814917],[-68.9874042,-38.9827795],[-68.9835822,-38.9841126],[-68.9773293,-38.9862832],[-68.9757782,-38.9868237],[-68.9742923,-38.9873491],[-68.9728519,-38.9879016],[-68.9700047,-38.9890397],[-68.9689708,-38.9894089],[-68.9559204,-38.9939762],[-68.954469,-38.9942876],[-68.9531755,-38.9944532],[-68.9518249,-38.9944992],[-68.9501705,-38.9943971],[-68.9481604,-38.9941164],[-68.940344,-38.9930251],[-68.9283502,-38.9913504],[-68.9123826,-38.989106],[-68.9079873,-38.9884882],[-68.9054274,-38.9881283],[-68.9024173,-38.9877052],[-68.9013467,-38.9875873],[-68.9004647,-38.9875384],[-68.8997647,-38.9875648],[-68.8996086,-38.9875707],[-68.8985979,-38.9877052],[-68.897117,-38.9880017],[-68.8954004,-38.9884687],[-68.8943702,-38.9887682],[-68.8877337,-38.9906979],[-68.8660776,-38.9969944],[-68.8379603,-39.0051687],[-68.8196015,-39.0105054],[-68.8083239,-39.0137792],[-68.7947293,-39.0177253],[-68.7834156,-39.0210093],[-68.7763354,-39.0230643],[-68.748716,-39.0310564],[-68.6664243,-39.054883],[-68.6593556,-39.0569293],[-68.6520026,-39.0590525],[-68.5951184,-39.0754759],[-68.5941061,-39.0757681],[-68.5927388,-39.0761568]]]},"geometry_name":"geom","properties":{"gid":552,"rtn":"22","typ":40,"rst":1,"hct":1,"fdc":"Dirección Nacional de Vialidad","sag":"IGN"},"bbox":[-69.1940663,-39.0761568,-68.5927388,-38.9308314]},{"type":"Feature","id":"vial_nacional.553","geometry":{"type":"MultiLineString","coordinates":[[[-64.42028155,-39.0516628],[-64.4180066,-39.0512032],[-64.2528457,-39.0190156],[-64.155291,-38.9998074],[-64.1548942,-38.9997301],[-64.134897,-38.995832],[-64.1338763,-38.995633],[-64.132988,-38.9954209],[-64.1321208,-38.9951364],[-64.1310407,-38.9947217],[-64.1304643,-38.9944941],[-64.1298319,-38.9942444],[-64.1275999,-38.9931987],[-64.1271933,-38.9930051],[-64.1267878,-38.992817],[-64.1187771,-38.9891136],[-64.118572,-38.9890234],[-64.1158741,-38.9877787],[-64.1145694,-38.9871654],[-64.1140731,-38.9869137],[-64.1137214,-38.9866924],[-64.113206,-38.9863454],[-64.1127216,-38.9859742],[-64.1123271,-38.9855631],[-64.1121912,-38.9854164],[-64.1120653,-38.9852806],[-64.1116486,-38.9848309],[-64.1116266,-38.984797],[-64.1108915,-38.9836646],[-64.1101835,-38.9826122],[-64.1099177,-38.9822097],[-64.1093962,-38.9814199],[-64.1092723,-38.9812361],[-64.1090273,-38.9808724],[-64.1088247,-38.9805716],[-64.1086948,-38.9803817],[-64.1086215,-38.9802701],[-64.1082255,-38.9796823],[-64.1067995,-38.9775657],[-64.1059825,-38.9763609],[-64.1046807,-38.9744352],[-64.1045376,-38.9742423],[-64.1042727,-38.973873],[-64.104125,-38.9736859],[-64.1037067,-38.973191],[-64.1033971,-38.9728247],[-64.1026432,-38.9720782],[-64.1024717,-38.9719083],[-64.1019463,-38.9714546],[-64.1014076,-38.9710755],[-64.1008114,-38.9707132],[-64.1001535,-38.9704104],[-64.0995892,-38.9702163],[-64.099008,-38.9700543],[-64.0984284,-38.9699632],[-64.0978703,-38.9699139],[-64.0968205,-38.9699179],[-64.0965589,-38.9699189],[-64.0955715,-38.9699226],[-64.0950887,-38.9699244],[-64.0943366,-38.9699272],[-64.0929071,-38.9699326],[-64.0925873,-38.9699338],[-64.091059,-38.9699396],[-64.0892544,-38.9699464],[-64.0863002,-38.9699575],[-64.0855447,-38.9699594],[-64.0851933,-38.9699602],[-64.0834954,-38.9699639],[-64.0831896,-38.9699692],[-64.0826247,-38.9699713],[-64.0823199,-38.9699725],[-64.0820533,-38.9699735],[-64.0808721,-38.9699779],[-64.0763955,-38.9699948],[-64.0754272,-38.9700052]]]},"geometry_name":"geom","properties":{"gid":553,"rtn":"22","typ":40,"rst":1,"hct":1,"fdc":"Dirección Nacional de Vialidad","sag":"IGN"},"bbox":[-64.42028155,-39.0516628,-64.0754272,-38.9699139]},{"type":"Feature","id":"vial_nacional.554","geometry":{"type":"MultiLineString","coordinates":[[[-70.07307514,-38.90364419],[-70.0728392,-38.9034973],[-70.0727769,-38.90346],[-70.0726851,-38.9034146],[-70.0725753,-38.9033574],[-70.0724201,-38.9032856],[-70.0720873,-38.9031239],[-70.0716897,-38.9029415],[-70.0716004,-38.9028964],[-70.0705729,-38.9024277],[-70.0682787,-38.9013757],[-70.06792917,-38.90122402],[-70.06771787,-38.90114978],[-70.06754655,-38.90112123],[-70.06734096,-38.90113836],[-70.0671964,-38.9011372],[-70.0671308,-38.901158],[-70.0669933,-38.9011842],[-70.0668519,-38.901189],[-70.0667119,-38.9011724],[-70.0665788,-38.9011348],[-70.0664577,-38.9010779],[-70.066353,-38.9010036],[-70.066269,-38.900915],[-70.0662307,-38.9008578],[-70.0661807,-38.9007366],[-70.066167,-38.9006096],[-70.0661462,-38.9005222],[-70.0661288,-38.9004773],[-70.0660966,-38.9004272],[-70.066055,-38.9003781],[-70.0660175,-38.9003374],[-70.0659732,-38.900302],[-70.0659128,-38.9002623],[-70.0658471,-38.9002216],[-70.0657573,-38.9001704],[-70.0656322,-38.9001073],[-70.0654904,-38.9000379],[-70.0652889,-38.8999489],[-70.0632502,-38.8989907],[-70.0621531,-38.898475],[-70.0620874,-38.8984441],[-70.0608389,-38.897861],[-70.0583464,-38.8966968],[-70.057171,-38.8961472],[-70.0570787,-38.896104],[-70.0562026,-38.895673],[-70.0557655,-38.8954251],[-70.0562309,-38.8956152],[-70.0571215,-38.8960453],[-70.0572154,-38.8960888],[-70.05845,-38.8966605],[-70.0612525,-38.8979845],[-70.0621325,-38.8983848],[-70.0621981,-38.8984156],[-70.0633854,-38.8989729],[-70.0651314,-38.8997799],[-70.0653705,-38.8998838],[-70.0655287,-38.8999433],[-70.0656856,-38.9000039],[-70.0658546,-38.9000592],[-70.0660424,-38.9001176],[-70.0661523,-38.9001489],[-70.0662636,-38.9001688],[-70.0663481,-38.9001709],[-70.0664125,-38.9001625],[-70.0666141,-38.9001055],[-70.0666665,-38.90009129],[-70.0666934,-38.900084],[-70.0668194,-38.9000654],[-70.0669477,-38.9000644],[-70.0670741,-38.900081],[-70.0671949,-38.9001147],[-70.067306,-38.9001645],[-70.0674042,-38.9002287],[-70.0674863,-38.9003054],[-70.0675496,-38.9003922],[-70.06757162,-38.90043839],[-70.0675864,-38.9004694],[-70.0676084,-38.9005499],[-70.0677286,-38.900754],[-70.0677876,-38.9008284],[-70.0678557,-38.900902],[-70.0679228,-38.900966],[-70.0679969,-38.9010317],[-70.0680823,-38.9011021],[-70.0681829,-38.9011709],[-70.068311,-38.9012547],[-70.0684208,-38.9013204],[-70.0684929,-38.9013576],[-70.0685692,-38.9013939],[-70.0707592,-38.9024072],[-70.0716562,-38.9028199],[-70.0717476,-38.9028651],[-70.0722742,-38.9031258],[-70.072388,-38.9031811],[-70.0724765,-38.9032207],[-70.0725577,-38.9032542],[-70.0726085,-38.9032721],[-70.0726825,-38.9032925],[-70.0727703,-38.9033129],[-70.0728504,-38.9033237],[-70.0728901,-38.9033253],[-70.0729397,-38.9033273],[-70.0730368,-38.9033249],[-70.073123,-38.9033165],[-70.07323796,-38.90330785]]]},"geometry_name":"geom","properties":{"gid":554,"rtn":"22","typ":47,"rst":1,"hct":1,"fdc":"Dirección Nacional de Vialidad","sag":"IGN"},"bbox":[-70.07323796,-38.90364419,-70.0557655,-38.8954251]},{"type":"Feature","id":"vial_nacional.828","geometry":{"type":"MultiLineString","coordinates":[[[-61.89717759,-38.78184224],[-61.89704196,-38.78168995],[-61.89695868,-38.78160667],[-61.89687064,-38.78153291],[-61.89677349,-38.78146082],[-61.89667029,-38.78140332],[-61.89655893,-38.78135683],[-61.89646103,-38.78131813],[-61.8955113,-38.7809502],[-61.8950178,-38.7807703],[-61.8947187,-38.7806668],[-61.8943786,-38.7805556],[-61.895054,-38.7807296],[-61.8954121,-38.7808257],[-61.8962154,-38.7810118],[-61.8969154,-38.7811582],[-61.8969932,-38.7811697],[-61.8970804,-38.7811728],[-61.8971448,-38.7811718],[-61.8972105,-38.7811634],[-61.8972963,-38.7811488],[-61.8975007,-38.7811178],[-61.89768799,-38.78110318],[-61.89787073,-38.78110318],[-61.8980902,-38.7811261],[-61.8983035,-38.7811937],[-61.8984564,-38.7812356],[-61.8985784,-38.7812596],[-61.8987367,-38.7812795],[-61.8989754,-38.7813004],[-61.8992715,-38.7813174],[-61.8988855,-38.7813286],[-61.8987876,-38.7813412],[-61.8987072,-38.7813631],[-61.8986267,-38.7814039],[-61.8985637,-38.781453],[-61.8985073,-38.7815084],[-61.8984249,-38.7816398],[-61.89832662,-38.78175439],[-61.89828761,-38.78179989],[-61.89815055,-38.78193694],[-61.89803634,-38.78201118],[-61.8978553,-38.7820706],[-61.89767085,-38.78206258],[-61.89750524,-38.78203402],[-61.89736248,-38.78198263],[-61.89724255,-38.78189697],[-61.89717759,-38.78184224]]]},"geometry_name":"geom","properties":{"gid":828,"rtn":"3","typ":40,"rst":1,"hct":1,"fdc":"Dirección Nacional de Vialidad","sag":"IGN"},"bbox":[-61.8992715,-38.7820706,-61.8943786,-38.7805556]},{"type":"Feature","id":"vial_nacional.776","geometry":{"type":"MultiLineString","coordinates":[[[-67.7784956,-53.8091816],[-67.7785809,-53.8090832],[-67.778646,-53.8089655],[-67.7786866,-53.8088311],[-67.7787151,-53.8086895],[-67.7787354,-53.8085262],[-67.7787489,-53.8082552],[-67.7788241,-53.807887],[-67.7793121,-53.805663],[-67.7803632,-53.8005497],[-67.7804227,-53.8001226],[-67.780438,-53.7998164],[-67.7804265,-53.7995292],[-67.7803871,-53.7992067],[-67.7803263,-53.7988968],[-67.7802385,-53.7985554],[-67.7801811,-53.7983461],[-67.7800549,-53.7980293],[-67.7799073,-53.797741],[-67.7797558,-53.7974637],[-67.7795829,-53.7971833],[-67.7793764,-53.7968949],[-67.7783044,-53.7954883],[-67.7778944,-53.7949348],[-67.7774457,-53.7943663],[-67.7772967,-53.7941705],[-67.777176,-53.7939913],[-67.7770338,-53.7937563],[-67.7768688,-53.7934441],[-67.7767257,-53.7931288],[-67.7766144,-53.7928239],[-67.77653,-53.792557],[-67.7764598,-53.7922771],[-67.7763982,-53.7919127],[-67.7763748,-53.7916137],[-67.7763727,-53.7913273],[-67.7763923,-53.7910853],[-67.776419,-53.790812],[-67.7764583,-53.7905914],[-67.776518,-53.7903468],[-67.7769776,-53.7887121],[-67.7773196,-53.7874765],[-67.7776722,-53.7862304],[-67.7776733,-53.78622648],[-67.7790769,-53.7812404],[-67.7791357,-53.7809832],[-67.7791817,-53.7807242],[-67.7791958,-53.7804554],[-67.779192,-53.7801972],[-67.7791634,-53.7799473],[-67.779101,-53.7796586],[-67.7790139,-53.7793825],[-67.7789288,-53.7791739],[-67.778833,-53.7789696],[-67.7787402,-53.7787896],[-67.7786296,-53.7785972],[-67.7784864,-53.7783795],[-67.7783137,-53.7781439],[-67.7781181,-53.7779034],[-67.7778271,-53.7775936],[-67.7773764,-53.7772062],[-67.7770308,-53.7769396],[-67.7767135,-53.7767378],[-67.7762629,-53.7764722],[-67.7758083,-53.7762391],[-67.7753697,-53.7760434],[-67.7749558,-53.7758811],[-67.7745346,-53.7757399],[-67.7740815,-53.775609],[-67.7735629,-53.7754745],[-67.7693408,-53.7745173],[-67.7689329,-53.7744098],[-67.7683819,-53.7742451],[-67.767806,-53.7740344],[-67.7674373,-53.7738718],[-67.7671472,-53.7737338],[-67.7667924,-53.7735405],[-67.7664944,-53.7733615],[-67.7662725,-53.7732055],[-67.7659998,-53.7729924],[-67.765784,-53.772813],[-67.7655359,-53.7725738],[-67.7653444,-53.772377],[-67.7651896,-53.7721946],[-67.7650343,-53.771974],[-67.7648723,-53.7716977],[-67.7647509,-53.7714477],[-67.7646596,-53.7711953],[-67.7645941,-53.7709767],[-67.7645529,-53.7707604],[-67.7645274,-53.7705298],[-67.7645168,-53.7702754],[-67.764525,-53.7700573],[-67.7645578,-53.7698057],[-67.7646689,-53.7694133],[-67.7648787,-53.7689151],[-67.7658609,-53.7666148],[-67.7663756,-53.7653934],[-67.7673887,-53.7629747],[-67.7699081,-53.7569683],[-67.7709236,-53.7545719],[-67.7751004,-53.7447138],[-67.7769432,-53.7403637],[-67.7771426,-53.7398961],[-67.7775343,-53.7390466],[-67.7777299,-53.7386024]]]},"geometry_name":"geom","properties":{"gid":776,"rtn":"3","typ":40,"rst":1,"hct":1,"fdc":"Dirección Nacional de Vialidad","sag":"IGN"},"bbox":[-67.780438,-53.8091816,-67.7645168,-53.7386024]},{"type":"Feature","id":"vial_nacional.804","geometry":{"type":"MultiLineString","coordinates":[[[-64.7184778,-40.7107542],[-64.71559,-40.7107169],[-64.7154655,-40.710716],[-64.6170705,-40.7100171],[-64.6004962,-40.7098924],[-64.5524391,-40.7095307],[-64.5496101,-40.7095094],[-64.4829122,-40.7089123],[-64.4820647,-40.7089047],[-64.4088062,-40.7081702],[-64.3043899,-40.7070947],[-64.2743867,-40.7067856],[-64.246133,-40.7064903],[-64.2442324,-40.7064685],[-64.2186003,-40.706174],[-64.1866941,-40.7058569],[-64.1698397,-40.7056174],[-64.1505635,-40.705389],[-64.1487491,-40.7053525],[-64.1476633,-40.7053987],[-64.1462324,-40.7054781],[-64.1447414,-40.705757],[-64.1431964,-40.7062068],[-64.141878,-40.7067656],[-64.1407645,-40.7073865],[-64.1394751,-40.7082433],[-64.1352979,-40.7115869],[-64.1346988,-40.7119844],[-64.1341203,-40.7123409],[-64.1334629,-40.712687],[-64.1327345,-40.7129956],[-64.1312591,-40.7134992],[-64.1295944,-40.7138517],[-64.1287307,-40.713969],[-64.1278443,-40.7140305],[-64.1239981,-40.7140378],[-64.0580785,-40.7137521],[-63.8675327,-40.7129505],[-63.8257339,-40.7127009],[-63.7392401,-40.7121844],[-63.6512488,-40.7115864],[-63.6108344,-40.7113117],[-63.5601236,-40.7109451],[-63.5552562,-40.7108824],[-63.5539377,-40.7108052],[-63.5526442,-40.7106437],[-63.5508847,-40.7103071],[-63.5491599,-40.7099268],[-63.5214108,-40.7037088],[-63.4981184,-40.6983924],[-63.495384,-40.6976717],[-63.4928674,-40.6968956],[-63.4910977,-40.6962842],[-63.4892252,-40.6955924],[-63.4864037,-40.6944865],[-63.4856506,-40.6941914],[-63.4844815,-40.6937431],[-63.4836106,-40.6934092],[-63.4834458,-40.693346],[-63.4832809,-40.6932828],[-63.4828494,-40.6930573],[-63.4827056,-40.6929821],[-63.4822127,-40.6926724]]]},"geometry_name":"geom","properties":{"gid":804,"rtn":"3","typ":40,"rst":1,"hct":1,"fdc":"Dirección Nacional de Vialidad","sag":"IGN"},"bbox":[-64.7184778,-40.7140378,-63.4822127,-40.6926724]},{"type":"Feature","id":"vial_nacional.861","geometry":{"type":"MultiLineString","coordinates":[[[-65.2893566,-43.193873],[-65.2928071,-43.2057735],[-65.2931361,-43.2069086],[-65.2938413,-43.2093421],[-65.2938842,-43.20949],[-65.2943042,-43.2110563],[-65.2943887,-43.2113221],[-65.2944934,-43.2116999],[-65.2946515,-43.2123631],[-65.2957499,-43.2160664],[-65.2962622,-43.217855],[-65.2967879,-43.2196865],[-65.2977854,-43.2231536],[-65.2986014,-43.2259895],[-65.2991024,-43.2276809],[-65.2991412,-43.2278203],[-65.2993156,-43.2284547],[-65.2996011,-43.2294414],[-65.2998337,-43.230275]]]},"geometry_name":"geom","properties":{"gid":861,"rtn":"3","typ":40,"rst":1,"hct":1,"fdc":"Dirección Nacional de Vialidad","sag":"IGN"},"bbox":[-65.2998337,-43.230275,-65.2893566,-43.193873]},{"type":"Feature","id":"vial_nacional.811","geometry":{"type":"MultiLineString","coordinates":[[[-62.7986411,-40.4613481],[-62.7983614,-40.460488],[-62.7977859,-40.4587179],[-62.7971553,-40.4567781],[-62.7837829,-40.4156317],[-62.7836633,-40.4150766],[-62.7836418,-40.4145374],[-62.7836847,-40.4139656],[-62.783792,-40.4133611],[-62.7839295,-40.4125163],[-62.7857018,-40.4057718],[-62.7859377,-40.4046649],[-62.7859592,-40.4035619],[-62.7858734,-40.4027082],[-62.7857055,-40.4020315],[-62.7856159,-40.4016706],[-62.7719338,-40.3524191],[-62.766409,-40.3327725],[-62.7623992,-40.3183814],[-62.7620781,-40.3173385],[-62.7618056,-40.3167331],[-62.7614375,-40.3160526],[-62.7610403,-40.3154593],[-62.7605796,-40.3148736],[-62.7600627,-40.3143046],[-62.7595827,-40.3138731],[-62.759005,-40.3133913],[-62.7464473,-40.3038691],[-62.7256352,-40.2878243],[-62.7126226,-40.2778643],[-62.7048473,-40.2718761],[-62.6751171,-40.2489743],[-62.6740206,-40.2483169],[-62.6732481,-40.2478911],[-62.6726043,-40.2476127],[-62.6713813,-40.2471377],[-62.6682484,-40.2460731],[-62.6668108,-40.245549],[-62.6658023,-40.2450577],[-62.6649165,-40.2445134],[-62.6612038,-40.2416381],[-62.6562321,-40.2378344],[-62.6551163,-40.236868],[-62.6543215,-40.2361355],[-62.6537633,-40.2355311],[-62.6492248,-40.2300723],[-62.6483852,-40.2290705],[-62.6479595,-40.2283403],[-62.6476801,-40.2277983],[-62.6474137,-40.2271887],[-62.6472512,-40.2265663],[-62.6471343,-40.2258732],[-62.6471222,-40.2254219],[-62.6471925,-40.224694],[-62.6474132,-40.2237741],[-62.6503491,-40.2130988],[-62.6506066,-40.2119425],[-62.6507322,-40.2109897],[-62.6507718,-40.2101446],[-62.6510463,-40.198705],[-62.6510594,-40.1984553],[-62.6510861,-40.1980608],[-62.6513454,-40.1960332],[-62.6549142,-40.1719309],[-62.6550583,-40.1711208],[-62.6552221,-40.1698893]]]},"geometry_name":"geom","properties":{"gid":811,"rtn":"3","typ":40,"rst":1,"hct":1,"fdc":"Dirección Nacional de Vialidad","sag":"IGN"},"bbox":[-62.7986411,-40.4613481,-62.6471222,-40.1698893]},{"type":"Feature","id":"vial_nacional.867","geometry":{"type":"MultiLineString","coordinates":[[[-68.3362257,-54.8075329],[-68.3359684,-54.8074678],[-68.33588,-54.8074359],[-68.3357533,-54.8074076],[-68.3355041,-54.8073574],[-68.33504962,-54.80730267],[-68.3346623,-54.8072316],[-68.3343987,-54.8071583],[-68.3346818,-54.8071599],[-68.3348784,-54.8071751],[-68.3350657,-54.807196],[-68.335305,-54.807223],[-68.3354372,-54.8072365],[-68.3355713,-54.8072555],[-68.3357339,-54.807299],[-68.3358939,-54.807358],[-68.3360503,-54.8074248],[-68.3362257,-54.8075329]]]},"geometry_name":"geom","properties":{"gid":867,"rtn":"3","typ":40,"rst":1,"hct":1,"fdc":"Dirección Nacional de Vialidad","sag":"IGN"},"bbox":[-68.3362257,-54.8075329,-68.3343987,-54.8071583]},{"type":"Feature","id":"vial_nacional.2345","geometry":{"type":"MultiLineString","coordinates":[[[-60.69896829,-32.87232474],[-60.69889607,-32.87253149],[-60.6986801,-32.87336035]]]},"geometry_name":"geom","properties":{"gid":2345,"rtn":"11","typ":40,"rst":1,"hct":1,"fdc":"Dirección Nacional de Vialidad","sag":"IGN"},"bbox":[-60.69896829,-32.87336035,-60.6986801,-32.87232474]},{"type":"Feature","id":"vial_nacional.866","geometry":{"type":"MultiLineString","coordinates":[[[-68.3404024,-54.8102914],[-68.3397786,-54.8098955],[-68.338282,-54.8089116],[-68.3377396,-54.8085639],[-68.3369763,-54.8080177],[-68.3366971,-54.8078312],[-68.3365033,-54.8077033],[-68.3363575,-54.8076074],[-68.3362257,-54.8075329]]]},"geometry_name":"geom","properties":{"gid":866,"rtn":"3","typ":40,"rst":1,"hct":1,"fdc":"Dirección Nacional de Vialidad","sag":"IGN"},"bbox":[-68.3404024,-54.8102914,-68.3362257,-54.8075329]},{"type":"Feature","id":"vial_nacional.759","geometry":{"type":"MultiLineString","coordinates":[[[-69.51977131,-52.14144105],[-69.519639,-52.1403069]]]},"geometry_name":"geom","properties":{"gid":759,"rtn":"3","typ":40,"rst":1,"hct":1,"fdc":"Dirección Nacional de Vialidad","sag":"IGN"},"bbox":[-69.51977131,-52.14144105,-69.519639,-52.1403069]},{"type":"Feature","id":"vial_nacional.760","geometry":{"type":"MultiLineString","coordinates":[[[-69.519639,-52.1403069],[-69.5194727,-52.1397275],[-69.5193976,-52.1395069],[-69.519226,-52.1392369],[-69.5191813,-52.139096],[-69.5192313,-52.1388122],[-69.5192474,-52.1386081],[-69.5193225,-52.1383578],[-69.5193225,-52.1380681],[-69.5192957,-52.1375841],[-69.5193654,-52.1378014],[-69.5194513,-52.138157],[-69.5196015,-52.1385225],[-69.519698,-52.13872],[-69.5197892,-52.1389077],[-69.5198107,-52.1390624],[-69.5197731,-52.1392896],[-69.5196873,-52.1395793],[-69.5196497,-52.1399118],[-69.519639,-52.1403069]]]},"geometry_name":"geom","properties":{"gid":760,"rtn":"3","typ":40,"rst":1,"hct":1,"fdc":"Dirección Nacional de Vialidad","sag":"IGN"},"bbox":[-69.5198107,-52.1403069,-69.5191813,-52.1375841]},{"type":"Feature","id":"vial_nacional.865","geometry":{"type":"MultiLineString","coordinates":[[[-68.3416489,-54.8106343],[-68.3414764,-54.810615],[-68.3413193,-54.8106],[-68.3412038,-54.8105925],[-68.3410976,-54.8105904],[-68.34095639,-54.81059061],[-68.34085931,-54.810583],[-68.34075271,-54.81055064],[-68.34060994,-54.81045927],[-68.3404024,-54.8102914],[-68.3405212,-54.810338],[-68.340636,-54.8103775],[-68.340776,-54.8104167],[-68.3408894,-54.8104483],[-68.3412603,-54.8105334],[-68.3413884,-54.8105625],[-68.3415171,-54.8105967],[-68.3416489,-54.8106343]]]},"geometry_name":"geom","properties":{"gid":865,"rtn":"3","typ":40,"rst":1,"hct":1,"fdc":"Dirección Nacional de Vialidad","sag":"IGN"},"bbox":[-68.3416489,-54.8106343,-68.3404024,-54.8102914]},{"type":"Feature","id":"vial_nacional.771","geometry":{"type":"MultiLineString","coordinates":[[[-68.2298867,-54.7901608],[-68.2305123,-54.7903385],[-68.2312433,-54.7905518],[-68.2317187,-54.7906748],[-68.2323288,-54.7908368],[-68.2326616,-54.7909263],[-68.2333053,-54.7910901],[-68.2337841,-54.7911867],[-68.2341504,-54.7912451],[-68.2344651,-54.7912872],[-68.2347466,-54.7913125],[-68.2350471,-54.7913309],[-68.2353633,-54.7913394],[-68.2356413,-54.791336],[-68.2359518,-54.7913233],[-68.2361946,-54.7913098],[-68.2366788,-54.7912759],[-68.237633,-54.791209],[-68.238759,-54.7911383],[-68.2392514,-54.7911074],[-68.2395858,-54.7910864],[-68.240276,-54.791043],[-68.2414174,-54.7909713],[-68.2417907,-54.79095],[-68.2425944,-54.7909042],[-68.2429072,-54.7908802],[-68.2432486,-54.7908515],[-68.2437166,-54.7908089],[-68.2441968,-54.7907451],[-68.245379,-54.7905772],[-68.2459375,-54.7905044],[-68.2467074,-54.7903837],[-68.2471503,-54.7903091],[-68.2486897,-54.790056],[-68.2548428,-54.7890771],[-68.2556178,-54.7889512],[-68.2580981,-54.7885554],[-68.2581839,-54.7885417],[-68.2606994,-54.7881402],[-68.2613981,-54.7880262],[-68.2621444,-54.7879059],[-68.2623785,-54.7878723],[-68.2626316,-54.7878485],[-68.2628765,-54.7878388],[-68.2630481,-54.787842],[-68.2632136,-54.7878534],[-68.2633893,-54.7878734],[-68.2635649,-54.7879051],[-68.2638267,-54.7879699],[-68.2640843,-54.7880417],[-68.2650282,-54.7883381],[-68.2651334,-54.7883693],[-68.2656933,-54.7885389],[-68.2665855,-54.7887961],[-68.2669492,-54.7888834],[-68.2673078,-54.7889456],[-68.2676806,-54.7890032],[-68.2681174,-54.7890643]]]},"geometry_name":"geom","properties":{"gid":771,"rtn":"3","typ":40,"rst":1,"hct":1,"fdc":"Dirección Nacional de Vialidad","sag":"IGN"},"bbox":[-68.2681174,-54.7913394,-68.2298867,-54.7878388]},{"type":"Feature","id":"vial_nacional.761","geometry":{"type":"MultiLineString","coordinates":[[[-69.5192957,-52.1375841],[-69.51911674,-52.13635339],[-69.5190235,-52.1357122],[-69.51838,-52.1323331],[-69.5163626,-52.1237324],[-69.5160637,-52.1225282],[-69.5160208,-52.1219777],[-69.5160637,-52.1214271],[-69.5162774,-52.1208295],[-69.5164,-52.1204866],[-69.5169043,-52.1197182],[-69.5178383,-52.1187662],[-69.5188657,-52.1180206],[-69.5219528,-52.1163621],[-69.5246054,-52.1147906],[-69.5258009,-52.1140106],[-69.5264174,-52.11346],[-69.5268844,-52.1128635],[-69.5271272,-52.1122555],[-69.5272766,-52.1116819],[-69.527258,-52.1110968],[-69.5270898,-52.1104888],[-69.5268283,-52.1098808],[-69.5264547,-52.1092727],[-69.5252405,-52.1079304],[-69.5247362,-52.1070814],[-69.5244438,-52.106224],[-69.5243812,-52.1054981],[-69.5244435,-52.1047622],[-69.5247362,-52.1041672],[-69.5252472,-52.1034719],[-69.5259929,-52.1028268],[-69.5265855,-52.1024002],[-69.5272766,-52.102056],[-69.5294783,-52.1012267],[-69.5302923,-52.10092],[-69.5315359,-52.1002597],[-69.5324114,-52.0995597],[-69.5329158,-52.0989612],[-69.5332198,-52.0984286],[-69.5333798,-52.0979577],[-69.5334597,-52.0974316],[-69.5334953,-52.0969723],[-69.5334037,-52.0964562],[-69.5332085,-52.0957382],[-69.5311281,-52.0883383],[-69.530639,-52.0862186],[-69.5306204,-52.0854955],[-69.5306951,-52.0849215],[-69.5308819,-52.0843132],[-69.5312368,-52.0835785],[-69.5316478,-52.0828324],[-69.531928,-52.0821321],[-69.5320961,-52.0811564],[-69.5336828,-52.0728922],[-69.5346701,-52.0668247],[-69.5348729,-52.0655123],[-69.5349029,-52.0652908],[-69.5349947,-52.0647603],[-69.5350537,-52.0637858],[-69.5350295,-52.0632779],[-69.5348901,-52.0624896],[-69.534781,-52.0618559],[-69.5291116,-52.0350159],[-69.5276451,-52.0280705],[-69.5273069,-52.0249103],[-69.526028,-52.0129601],[-69.525851,-52.0093809],[-69.5238686,-51.9708941],[-69.5233208,-51.9597645],[-69.5230765,-51.9548008],[-69.5224214,-51.9414849],[-69.5217072,-51.9256583],[-69.5215526,-51.92486],[-69.521179,-51.9238808],[-69.5207198,-51.9231114],[-69.5202263,-51.9224868],[-69.5194791,-51.9218417],[-69.5185638,-51.9212311],[-69.5171068,-51.9204937],[-69.4917358,-51.9088638],[-69.4908179,-51.9083832],[-69.490176,-51.9079917],[-69.4896516,-51.9075575],[-69.4889129,-51.9067645],[-69.4868487,-51.9037826],[-69.4842886,-51.9000491],[-69.4834333,-51.8988949],[-69.4824922,-51.8976877],[-69.4753814,-51.8888292],[-69.470899,-51.8832443],[-69.4681086,-51.8798931],[-69.4669692,-51.8787169],[-69.4661472,-51.8779558],[-69.4652693,-51.8772754],[-69.4595532,-51.8729161],[-69.4552381,-51.8696982],[-69.4542107,-51.8689946],[-69.4501326,-51.8665747],[-69.4489243,-51.8660533],[-69.4476354,-51.8656035],[-69.4463838,-51.8653843],[-69.4452817,-51.8652689],[-69.444118,-51.8652102],[-69.4396548,-51.8651042],[-69.4338869,-51.8650382],[-69.4319255,-51.8650844],[-69.4307487,-51.8651421],[-69.4296839,-51.8652574],[-69.4283763,-51.865465],[-69.4264369,-51.8658633],[-69.4189429,-51.8674952],[-69.4173364,-51.8678181],[-69.4159915,-51.8680027],[-69.4148894,-51.8680488],[-69.4136938,-51.8679565],[-69.4107381,-51.8676707],[-69.4096162,-51.8675079],[-69.408697,-51.8673076],[-69.4081422,-51.86714],[-69.4074269,-51.8668587],[-69.4066775,-51.8665012],[-69.4060857,-51.8661015],[-69.4057067,-51.8657808],[-69.4050468,-51.8650893],[-69.4047104,-51.8645371],[-69.4044805,-51.8640718],[-69.4042038,-51.8634355],[-69.4027774,-51.8600225],[-69.4024496,-51.8593677],[-69.4022282,-51.858968],[-69.4016108,-51.8582975],[-69.4011424,-51.8578426],[-69.4007039,-51.8574771],[-69.3980769,-51.8555863],[-69.3971061,-51.854892],[-69.3941165,-51.85274],[-69.3931719,-51.8519281],[-69.3927377,-51.8514337],[-69.3924822,-51.8510707],[-69.3922608,-51.8507052],[-69.3913655,-51.8491692],[-69.390855,-51.8482933],[-69.3897019,-51.846126],[-69.3893351,-51.8453434],[-69.3892506,-51.8448634],[-69.3892122,-51.844411],[-69.3891995,-51.8440322],[-69.3892591,-51.8436218],[-69.3893037,-51.8434338],[-69.389357,-51.8432089],[-69.3895018,-51.8428695],[-69.3897785,-51.8423013],[-69.3912592,-51.8393767],[-69.3916647,-51.8386658],[-69.391852,-51.8381475],[-69.3919372,-51.8377818],[-69.3920096,-51.837282],[-69.3920351,-51.8369057],[-69.3923003,-51.8238225],[-69.3923307,-51.8233818],[-69.3922766,-51.822728],[-69.3922124,-51.8223478],[-69.3920671,-51.8218653],[-69.3919623,-51.8216439],[-69.3917697,-51.8212971],[-69.391594,-51.8210277],[-69.3914149,-51.8207478],[-69.3882773,-51.81697],[-69.3805145,-51.8074595],[-69.3793129,-51.8060532],[-69.3780469,-51.8045141],[-69.3774246,-51.803572],[-69.3766662,-51.8022106],[-69.372203,-51.7928682],[-69.3715452,-51.7918411],[-69.3708371,-51.7909519],[-69.3695282,-51.7895715],[-69.3371372,-51.7539539],[-69.3313192,-51.7475475],[-69.33131608,-51.74754408],[-69.3268395,-51.7426412],[-69.3142593,-51.7288644],[-69.3138224,-51.7283859],[-69.3129711,-51.7274232],[-69.3120332,-51.7265006],[-69.3117319,-51.7262403],[-69.3113932,-51.7260005],[-69.3106234,-51.7255255],[-69.3042426,-51.7221967],[-69.3009901,-51.7205095],[-69.2993762,-51.7196645],[-69.2985273,-51.7192275],[-69.2978052,-51.7187702],[-69.297359,-51.7184392],[-69.2965731,-51.7178298],[-69.2959377,-51.7173608],[-69.2958819,-51.7173261],[-69.2952597,-51.7169391],[-69.2952162,-51.7169135],[-69.2950311,-51.7168179],[-69.294796,-51.7166963],[-69.2904234,-51.7144223],[-69.2900251,-51.7141447],[-69.2898132,-51.7139498],[-69.2896044,-51.7137229],[-69.2892276,-51.7132334],[-69.2889369,-51.7127509],[-69.2885926,-51.7121358],[-69.28835186,-51.71171924]]]},"geometry_name":"geom","properties":{"gid":761,"rtn":"3","typ":40,"rst":1,"hct":1,"fdc":"Dirección Nacional de Vialidad","sag":"IGN"},"bbox":[-69.5350537,-52.1375841,-69.28835186,-51.71171924]},{"type":"Feature","id":"vial_nacional.762","geometry":{"type":"MultiLineString","coordinates":[[[-69.5090539,-50.7872412],[-69.5035118,-50.7783158],[-69.5030588,-50.7776578],[-69.5025491,-50.7769909],[-69.4994344,-50.7730744],[-69.4967632,-50.7697153],[-69.4867753,-50.7574251],[-69.4770562,-50.7434463],[-69.47705378,-50.74344282],[-69.4759731,-50.7418882],[-69.4754501,-50.7411523],[-69.4751652,-50.7407888],[-69.4748791,-50.7404311],[-69.4744273,-50.7398963],[-69.4739416,-50.7393703],[-69.4617289,-50.7268642],[-69.4184961,-50.6824448],[-69.3825164,-50.645435],[-69.3813518,-50.644165],[-69.3802673,-50.642856],[-69.3718991,-50.6326558],[-69.3634239,-50.6224592],[-69.3399378,-50.5936899],[-69.3390353,-50.592513],[-69.3386694,-50.5919039],[-69.3383767,-50.5912793],[-69.3380514,-50.5903915],[-69.3370343,-50.5865901],[-69.3315314,-50.568985],[-69.3305174,-50.5656293],[-69.3194786,-50.5290839],[-69.3070937,-50.4885704],[-69.3065787,-50.4868025],[-69.3060422,-50.485089],[-69.3052054,-50.482884],[-69.3043149,-50.480713],[-69.2984039,-50.465124],[-69.2947659,-50.4562916],[-69.2943923,-50.4555305],[-69.2939627,-50.4547455],[-69.2934023,-50.4540141],[-69.2927859,-50.4532767],[-69.2853052,-50.4446799],[-69.2848336,-50.4441621],[-69.2843295,-50.443634],[-69.2837522,-50.4431161],[-69.2831586,-50.442619],[-69.2710225,-50.4326416],[-69.2701656,-50.4318665],[-69.269381,-50.4310698],[-69.2686421,-50.4302525],[-69.2679218,-50.4294021],[-69.2672897,-50.4285327],[-69.2667202,-50.4276183],[-69.2662067,-50.4267205],[-69.2657653,-50.4258002],[-69.2654969,-50.4251689],[-69.265274,-50.4245483],[-69.2648802,-50.423274],[-69.2643886,-50.4207393],[-69.263685,-50.4163688],[-69.2635565,-50.4154484],[-69.263453,-50.4149721],[-69.263315,-50.4145325],[-69.263131,-50.4140782],[-69.2629011,-50.4136458],[-69.2623836,-50.4127812],[-69.253024,-50.3964203],[-69.2514149,-50.393607],[-69.244007,-50.3804266],[-69.2334992,-50.3677731],[-69.2273897,-50.3605043],[-69.2226386,-50.3548508],[-69.2127886,-50.3434588],[-69.205022,-50.3345461],[-69.1864625,-50.303649],[-69.1802355,-50.2931942],[-69.1796753,-50.2924122],[-69.1789772,-50.2916529],[-69.1780874,-50.2909179],[-69.1770789,-50.2901914],[-69.1684201,-50.2842586],[-69.1674635,-50.2836031]]]},"geometry_name":"geom","properties":{"gid":762,"rtn":"3","typ":40,"rst":1,"hct":1,"fdc":"Dirección Nacional de Vialidad","sag":"IGN"},"bbox":[-69.5090539,-50.7872412,-69.1674635,-50.2836031]},{"type":"Feature","id":"vial_nacional.764","geometry":{"type":"MultiLineString","coordinates":[[[-69.1674635,-50.2836031],[-69.1673262,-50.2835248],[-69.1668587,-50.2832624],[-69.1660273,-50.2826883],[-69.1654052,-50.2822648],[-69.1649077,-50.2818898],[-69.1644438,-50.28154],[-69.1647423,-50.281729],[-69.1649609,-50.2818673],[-69.1652155,-50.2820413],[-69.16559708,-50.28230199],[-69.1660977,-50.282644],[-69.16666275,-50.28303044],[-69.1667684,-50.2831027],[-69.1673513,-50.2835013],[-69.1674635,-50.2836031]]]},"geometry_name":"geom","properties":{"gid":764,"rtn":"3","typ":40,"rst":1,"hct":1,"fdc":"Dirección Nacional de Vialidad","sag":"IGN"},"bbox":[-69.1674635,-50.2836031,-69.1644438,-50.28154]},{"type":"Feature","id":"vial_nacional.772","geometry":{"type":"MultiLineString","coordinates":[[[-68.2298867,-54.7901608],[-68.2293946,-54.7900537],[-68.2289955,-54.7899786],[-68.2288628,-54.7899643],[-68.2287074,-54.7899741],[-68.2285492,-54.7899895],[-68.2283866,-54.7900289],[-68.2282898,-54.790069],[-68.2281912,-54.7901184],[-68.2280475,-54.7902106],[-68.22784077,-54.79040238],[-68.22761995,-54.79049375],[-68.22740675,-54.79053182],[-68.22715548,-54.79048613],[-68.22695751,-54.79035669],[-68.22681284,-54.79007496],[-68.2266301,-54.78969425],[-68.2265118,-54.7893796],[-68.2263419,-54.7891184],[-68.2262462,-54.7889959],[-68.2261402,-54.7888781],[-68.2260063,-54.7887518],[-68.2258254,-54.7886186],[-68.2255295,-54.7884471],[-68.2253742,-54.7883748],[-68.226364,-54.788557],[-68.2267077,-54.7886345],[-68.2269616,-54.78872],[-68.2274328,-54.78895],[-68.2275915,-54.7890187],[-68.2280369,-54.7892334],[-68.22811,-54.7892736],[-68.228421,-54.7894266],[-68.2287599,-54.7896309],[-68.2291358,-54.7898352],[-68.2294193,-54.7899737],[-68.2298867,-54.7901608]]]},"geometry_name":"geom","properties":{"gid":772,"rtn":"3","typ":40,"rst":1,"hct":1,"fdc":"Dirección Nacional de Vialidad","sag":"IGN"},"bbox":[-68.2298867,-54.79053182,-68.2253742,-54.7883748]},{"type":"Feature","id":"vial_nacional.773","geometry":{"type":"MultiLineString","coordinates":[[[-67.8311303,-54.74063204],[-67.8309706,-54.7406711],[-67.8300372,-54.7409034],[-67.8295758,-54.7409901],[-67.8292218,-54.741018],[-67.8288355,-54.7409994],[-67.8280204,-54.7408055],[-67.8277245,-54.7407446],[-67.8273603,-54.7407567],[-67.8265356,-54.7408931],[-67.825027,-54.7412351],[-67.8223347,-54.7417037],[-67.821629,-54.7417091],[-67.8208112,-54.7416418],[-67.8203638,-54.7416645],[-67.819395,-54.7418964],[-67.8189455,-54.7419113],[-67.8185781,-54.7418531],[-67.8179296,-54.7416936],[-67.8176921,-54.7416323],[-67.8173351,-54.7416294],[-67.8169368,-54.7416887],[-67.8158797,-54.74197],[-67.8154748,-54.7419617],[-67.8151733,-54.741906],[-67.8148473,-54.7417371],[-67.8146776,-54.7415482],[-67.8146671,-54.7413349],[-67.8147491,-54.7411801],[-67.8149307,-54.741021],[-67.8151679,-54.7408986],[-67.8158545,-54.7407747],[-67.8167356,-54.7407623],[-67.8183428,-54.7410219],[-67.8188109,-54.741036],[-67.8192305,-54.7409686],[-67.8199315,-54.7406756],[-67.8205373,-54.7405377],[-67.8209395,-54.7405273],[-67.8212404,-54.7405641],[-67.8220179,-54.7407374],[-67.822442,-54.7407747],[-67.8234193,-54.7407041],[-67.8237554,-54.7405225],[-67.824029,-54.7403088],[-67.8243428,-54.740092],[-67.8246942,-54.7397948],[-67.8251877,-54.7395811],[-67.8262615,-54.7392263],[-67.8266501,-54.7390583],[-67.827034,-54.738768],[-67.8279137,-54.7378389],[-67.8288793,-54.736947],[-67.8290963,-54.7367046],[-67.8292679,-54.7364444],[-67.8293967,-54.7360356],[-67.8296398,-54.7351631],[-67.829802,-54.7345807],[-67.830147,-54.7338039],[-67.8301337,-54.7334891],[-67.8299782,-54.732975],[-67.829785,-54.7327489],[-67.829431,-54.7324205],[-67.8243026,-54.7284774],[-67.8240237,-54.7281397],[-67.8238466,-54.7275233],[-67.8239036,-54.7270469],[-67.8240752,-54.7265821],[-67.8244047,-54.7258556],[-67.8250534,-54.7247701],[-67.8252863,-54.7242181],[-67.8256091,-54.7231643],[-67.8256751,-54.7226327],[-67.8256421,-54.7215674],[-67.8256962,-54.7212332],[-67.8259376,-54.7207462],[-67.826231,-54.7202676],[-67.8270432,-54.7189553],[-67.8274086,-54.7186069],[-67.8277358,-54.7183435],[-67.8281193,-54.7180863],[-67.8284063,-54.7178714],[-67.82865,-54.717524],[-67.828807,-54.7169784],[-67.8290086,-54.7153943],[-67.8292147,-54.7148238],[-67.8294181,-54.7144987],[-67.8296676,-54.7142008],[-67.8303599,-54.7135389],[-67.8341683,-54.7102714],[-67.8345656,-54.7098325],[-67.8346753,-54.7096024],[-67.8346701,-54.7093667],[-67.8346232,-54.7086571],[-67.8346538,-54.7083999],[-67.8355518,-54.7069024],[-67.8358102,-54.7064234],[-67.8360091,-54.7057897],[-67.8360676,-54.705196],[-67.8361526,-54.703961],[-67.8362747,-54.7035137],[-67.8363919,-54.7031433],[-67.8365826,-54.7027659],[-67.8382473,-54.7006741],[-67.8392434,-54.699753],[-67.8397393,-54.6994484],[-67.840209,-54.6993066],[-67.8416681,-54.699009],[-67.8424234,-54.6987273],[-67.8425815,-54.6986544],[-67.8432584,-54.6982043],[-67.8449526,-54.6967471],[-67.8453106,-54.6963972],[-67.8454428,-54.6960453],[-67.8453593,-54.6957994],[-67.8450369,-54.6951897],[-67.8449646,-54.6948609],[-67.845162,-54.6946037],[-67.845509,-54.6944332],[-67.8463244,-54.6942472],[-67.8467496,-54.6941362],[-67.8469994,-54.6939768],[-67.8471927,-54.6937732],[-67.8472256,-54.6935155],[-67.8470832,-54.6932199],[-67.8467775,-54.6929811],[-67.8455117,-54.6924823],[-67.8447631,-54.6921837],[-67.8440848,-54.6918638],[-67.8439879,-54.6917992],[-67.8438806,-54.6916955],[-67.8437895,-54.6915775],[-67.8437133,-54.6914227],[-67.843488,-54.6906747],[-67.8433858,-54.6905078],[-67.843213,-54.6903406],[-67.8425055,-54.6899762],[-67.8421514,-54.6897794],[-67.841754,-54.6895708],[-67.8414546,-54.6894854],[-67.8411236,-54.6894313],[-67.8408015,-54.6894211],[-67.8404742,-54.689453],[-67.84004,-54.6895197],[-67.8396347,-54.6895722],[-67.8393169,-54.6896358],[-67.8389829,-54.689746],[-67.8387147,-54.6898218],[-67.8384304,-54.6898619],[-67.838122,-54.6898676],[-67.8377866,-54.6898375],[-67.8367538,-54.6898041],[-67.8362176,-54.6897544],[-67.8354463,-54.6897174],[-67.8350455,-54.6896583],[-67.834627,-54.6895699],[-67.8339428,-54.6893495],[-67.8335166,-54.6892242],[-67.8331307,-54.6891465],[-67.8328084,-54.6891057],[-67.8323689,-54.6891531],[-67.8312206,-54.689387],[-67.8301024,-54.6896585],[-67.8291797,-54.6897205],[-67.8285044,-54.6896701],[-67.8278708,-54.6895592],[-67.8259182,-54.6889515],[-67.825568,-54.6887525],[-67.8254032,-54.6885546],[-67.825253,-54.6879717],[-67.8247594,-54.6875872],[-67.8241728,-54.6874366],[-67.8234497,-54.6874324],[-67.8226999,-54.6874993],[-67.8218007,-54.6876174],[-67.8210496,-54.6876422],[-67.8205347,-54.6876794],[-67.820084,-54.687791],[-67.8196549,-54.6879275],[-67.8192257,-54.6880143],[-67.8186464,-54.6879771],[-67.8180456,-54.6878778],[-67.8174981,-54.6878757],[-67.816551,-54.6879065],[-67.8160071,-54.6878282],[-67.8152535,-54.6876484],[-67.8144192,-54.6873693],[-67.8138613,-54.6871957],[-67.8135395,-54.6870344],[-67.812773,-54.6865168],[-67.8119447,-54.6861038],[-67.8107089,-54.685626],[-67.8100572,-54.6854927],[-67.8094877,-54.6854406],[-67.8089261,-54.6854964],[-67.8085,-54.685739],[-67.8082397,-54.6859733],[-67.8080317,-54.6861605],[-67.8075698,-54.6863595],[-67.8070286,-54.6863819],[-67.8067164,-54.6863294],[-67.8065082,-54.6862944],[-67.8061151,-54.686129],[-67.805759,-54.6859361],[-67.8053263,-54.6856112],[-67.8044629,-54.684963],[-67.8042193,-54.6846856],[-67.8040055,-54.6843029],[-67.8038406,-54.6840079],[-67.803737,-54.6838631],[-67.8035831,-54.6836481],[-67.8028321,-54.6830031],[-67.8024326,-54.6826882],[-67.7983001,-54.6773157],[-67.7980685,-54.676974],[-67.7979397,-54.6765894],[-67.7976382,-54.6757278],[-67.7968025,-54.6742693],[-67.7965641,-54.6737428],[-67.7962017,-54.6724702],[-67.7961564,-54.6718071],[-67.7962216,-54.6703031],[-67.7962017,-54.6693433],[-67.7962875,-54.6687228],[-67.7974653,-54.6633688],[-67.7974891,-54.6629026],[-67.7974653,-54.6624379],[-67.7971069,-54.6609701],[-67.7969246,-54.6586056],[-67.7967958,-54.6581712],[-67.7964203,-54.6576623],[-67.7957551,-54.6570169],[-67.7948539,-54.6558252],[-67.7944421,-54.6554306],[-67.7938347,-54.6549563],[-67.7933304,-54.6546087],[-67.7929334,-54.6542053],[-67.792279,-54.6533115],[-67.7919316,-54.652861],[-67.7916031,-54.6525791],[-67.7912235,-54.6522899],[-67.7907555,-54.6520701],[-67.7894106,-54.6515594],[-67.7861571,-54.6506458],[-67.7853872,-54.6504314],[-67.7814858,-54.6493451],[-67.7788615,-54.648498],[-67.7767586,-54.647691],[-67.7729456,-54.6459836],[-67.7715079,-54.6453659],[-67.769978,-54.6448106],[-67.7680533,-54.6441026],[-67.766156,-54.6432647],[-67.7647662,-54.6425065],[-67.7642083,-54.6421464],[-67.7638677,-54.6419213],[-67.7636289,-54.6416869],[-67.7634343,-54.6414057],[-67.7632595,-54.6410964],[-67.7629593,-54.6404845],[-67.7622569,-54.6390357],[-67.7620329,-54.6386228],[-67.7619774,-54.6385185],[-67.7614977,-54.637625],[-67.7608593,-54.6364385],[-67.7607245,-54.6362453],[-67.7604,-54.6357805],[-67.760166,-54.6354452],[-67.7598714,-54.6350253],[-67.7547759,-54.6299467],[-67.7528333,-54.628132],[-67.7518057,-54.6273424],[-67.7512049,-54.6268952],[-67.7505588,-54.6264923],[-67.7439722,-54.6229303],[-67.7401846,-54.6208039],[-67.7374381,-54.6191142],[-67.7363133,-54.6185718],[-67.735002,-54.6180942],[-67.7308794,-54.6165142],[-67.7281356,-54.6153235],[-67.7272152,-54.6147325],[-67.7267217,-54.6143473],[-67.7263331,-54.6139939],[-67.7251315,-54.6127016],[-67.7242303,-54.6116827],[-67.723546,-54.6110171],[-67.7230095,-54.610607],[-67.7225995,-54.6103158],[-67.7218294,-54.6098738],[-67.7210974,-54.6095453],[-67.7167415,-54.6076687],[-67.715267,-54.6071415],[-67.7142739,-54.6067864],[-67.709105,-54.6054744],[-67.7081394,-54.6051885],[-67.7072787,-54.6049097],[-67.7066159,-54.604679],[-67.7057973,-54.6043616],[-67.7043884,-54.6036988],[-67.703453,-54.6032585],[-67.7021239,-54.6027336],[-67.7012768,-54.6024486],[-67.7003908,-54.6021505],[-67.6935458,-54.6002114],[-67.6917004,-54.5998013],[-67.6905226,-54.5995456],[-67.6895761,-54.5994284],[-67.6865077,-54.5991922],[-67.6839566,-54.5990111],[-67.682476,-54.5988371],[-67.6815319,-54.5986631],[-67.6803731,-54.5984393],[-67.6737517,-54.5970429],[-67.672348,-54.596786],[-67.6711225,-54.5966439],[-67.6699018,-54.5965872],[-67.6683354,-54.5965996],[-67.6618965,-54.5969956],[-67.6602888,-54.5970222],[-67.6581011,-54.5969168],[-67.6419615,-54.5959975],[-67.6402976,-54.5959821],[-67.6390433,-54.5960472],[-67.6343097,-54.5970699],[-67.6335011,-54.5972552],[-67.6327526,-54.5974644],[-67.6318979,-54.5978124],[-67.6314011,-54.5980867],[-67.6308036,-54.5986204],[-67.6291281,-54.6000954],[-67.6285958,-54.6005276],[-67.6280379,-54.6008259],[-67.6270937,-54.601174],[-67.6143213,-54.6040824],[-67.6131677,-54.6043931],[-67.6123094,-54.6046665],[-67.6114511,-54.6050394],[-67.608692,-54.6064893],[-67.6077604,-54.6069533],[-67.6069879,-54.6073013],[-67.6044005,-54.6081795],[-67.601428,-54.6089488],[-67.599647,-54.609247],[-67.5982117,-54.6093891],[-67.5909996,-54.6098684],[-67.5894141,-54.6100353],[-67.5883841,-54.610172],[-67.5876331,-54.610346],[-67.5867962,-54.6105821],[-67.5826539,-54.6118675],[-67.5766375,-54.6137939],[-67.5693488,-54.6160441],[-67.5630188,-54.6175724],[-67.5593924,-54.6183551],[-67.5585794,-54.6185097],[-67.557528,-54.6185718],[-67.5554013,-54.6184493],[-67.5537218,-54.6183172],[-67.5525936,-54.6183304],[-67.5514958,-54.6184846],[-67.5501025,-54.6186783],[-67.5481293,-54.6190553],[-67.5473319,-54.6192077],[-67.5457668,-54.6193118],[-67.5446295,-54.6192621],[-67.5437951,-54.6191806],[-67.5429153,-54.6190066],[-67.5418214,-54.6186387],[-67.5411371,-54.6183934],[-67.538548,-54.617486],[-67.5373072,-54.6171878],[-67.536381,-54.6171024],[-67.5350601,-54.6170873],[-67.5331222,-54.6172256],[-67.5326323,-54.6172705],[-67.5295228,-54.6175554],[-67.5277018,-54.6177393],[-67.5267362,-54.6177269],[-67.5255751,-54.6176097],[-67.5247621,-54.6174536],[-67.5242818,-54.6172612],[-67.52094,-54.6158095],[-67.5199759,-54.6154138],[-67.5182933,-54.6149207],[-67.5160822,-54.6144554],[-67.5149365,-54.6143556],[-67.514097,-54.6143959],[-67.5129826,-54.6145308],[-67.5115702,-54.6148214],[-67.5073146,-54.6157335],[-67.5046754,-54.6162057],[-67.503004,-54.6164472],[-67.5007701,-54.6166654],[-67.4964785,-54.617063],[-67.4866724,-54.6178457],[-67.4834323,-54.6179948],[-67.4716305,-54.6181688],[-67.4660414,-54.6183191],[-67.4646806,-54.6183481],[-67.4631232,-54.6182558],[-67.4619984,-54.6181121],[-67.4608373,-54.6178706],[-67.4565556,-54.6168335],[-67.4543333,-54.6163084],[-67.4382639,-54.612975],[-67.4360966,-54.6126147],[-67.4350905,-54.6125331],[-67.4339509,-54.6125277],[-67.433052,-54.6126076],[-67.4322128,-54.6127762],[-67.4305075,-54.6132496],[-67.4172405,-54.6191206],[-67.4168222,-54.6193008],[-67.4159699,-54.619668],[-67.4149847,-54.619926],[-67.4138846,-54.6200657],[-67.4130106,-54.6200999],[-67.4123024,-54.6200751],[-67.4115354,-54.6199791],[-67.4104231,-54.6197106],[-67.4092018,-54.6193168],[-67.4084401,-54.6188948],[-67.4077296,-54.6184048],[-67.3939436,-54.6073841],[-67.3926234,-54.6066372],[-67.3920035,-54.6063444],[-67.3914263,-54.6060959],[-67.388246,-54.6051707],[-67.3869156,-54.6048724],[-67.3855882,-54.6046673],[-67.3838036,-54.6045005],[-67.3825812,-54.6043131],[-67.3817682,-54.60407],[-67.3807358,-54.6035674],[-67.3787832,-54.6022002],[-67.37728556,-54.60119496],[-67.3768622,-54.6009108],[-67.3764134,-54.6005985],[-67.37639342,-54.60058061],[-67.3759317,-54.6001671],[-67.3754143,-54.5995775],[-67.3737406,-54.5971784],[-67.3729038,-54.596271],[-67.372304,-54.5957346],[-67.3703413,-54.5944989],[-67.3672381,-54.5926153],[-67.3636984,-54.5904901],[-67.362411,-54.5899306],[-67.3615336,-54.5896003],[-67.3606729,-54.5893213],[-67.3552441,-54.5880407],[-67.3493755,-54.5866419],[-67.3479879,-54.5863217],[-67.3459768,-54.5858577],[-67.3449468,-54.5856339],[-67.3437685,-54.5854846],[-67.3425436,-54.5853355],[-67.3412776,-54.5851987],[-67.3393249,-54.5848754],[-67.3370075,-54.5845521],[-67.333639,-54.5841814],[-67.3326033,-54.5840584],[-67.3321608,-54.5840071],[-67.3288941,-54.5836638],[-67.3254823,-54.5833156],[-67.3244363,-54.5831917],[-67.3221242,-54.5829177],[-67.3207564,-54.5826823],[-67.3198766,-54.5824957],[-67.3189699,-54.5822524],[-67.2922229,-54.5729932],[-67.2899055,-54.5722717],[-67.2891807,-54.5721109],[-67.2889561,-54.5720611],[-67.2882761,-54.5719921],[-67.2876847,-54.5719917],[-67.2867031,-54.572086],[-67.2858646,-54.5722512],[-67.285198,-54.5724224],[-67.2829747,-54.5731176],[-67.2820575,-54.5733547],[-67.2810674,-54.5735605],[-67.280137,-54.573703],[-67.2789659,-54.5737776],[-67.2778271,-54.5737616],[-67.2765751,-54.5736657],[-67.2752944,-54.5734848],[-67.2741503,-54.573193],[-67.2728831,-54.5727389],[-67.2714382,-54.5720399],[-67.2700542,-54.5713091],[-67.269617,-54.5710771],[-67.2681253,-54.5702856],[-67.2673343,-54.5698659],[-67.2639239,-54.5681134],[-67.2610107,-54.5665594],[-67.2585851,-54.5653101],[-67.2560882,-54.5639869],[-67.2553235,-54.5636026],[-67.2546453,-54.563291],[-67.2537977,-54.5629426],[-67.2533816,-54.5627752],[-67.2528427,-54.5626028],[-67.2520244,-54.562346],[-67.2509384,-54.5620709],[-67.2492353,-54.5616742],[-67.24911583,-54.56164697],[-67.2471988,-54.5612101],[-67.2459602,-54.5609278],[-67.2448602,-54.5606803],[-67.2439268,-54.5604688],[-67.2437206,-54.5604286],[-67.2431731,-54.5603149],[-67.2428325,-54.5602526],[-67.2424359,-54.5601852],[-67.2417998,-54.560094],[-67.2411152,-54.5600185],[-67.2391341,-54.5598555],[-67.2357714,-54.5596016],[-67.2349485,-54.5595349],[-67.2339034,-54.5594548],[-67.2327665,-54.5593625],[-67.2323424,-54.559307],[-67.2320581,-54.5592682],[-67.231696,-54.5591982],[-67.2313503,-54.5591159],[-67.231122,-54.5590535],[-67.2309369,-54.5590022],[-67.2306928,-54.5589182],[-67.2305054,-54.5588492],[-67.23021,-54.5587285],[-67.2298912,-54.5585802],[-67.2295692,-54.5583927],[-67.2294107,-54.5582976],[-67.2291914,-54.5581436],[-67.2289655,-54.5579648],[-67.2286624,-54.5577004],[-67.2280508,-54.5571607],[-67.2267938,-54.5560381],[-67.22679022,-54.55603497],[-67.2264093,-54.5557017],[-67.2260609,-54.5554141],[-67.2259104,-54.555305],[-67.2257736,-54.5552319],[-67.2255564,-54.555109],[-67.2253985,-54.5550354],[-67.2251487,-54.5549255],[-67.2249073,-54.5548275],[-67.2246126,-54.5547305],[-67.2243333,-54.5546424],[-67.2240275,-54.5545662],[-67.2236493,-54.5544977],[-67.2233114,-54.5544464],[-67.2225094,-54.5543204],[-67.2220778,-54.5542413],[-67.2216779,-54.5541446],[-67.221343,-54.5540336],[-67.220911,-54.5538446],[-67.2199846,-54.5533779],[-67.2196931,-54.5532284],[-67.2193642,-54.5530844],[-67.2190547,-54.5529733],[-67.2187543,-54.55288],[-67.2182154,-54.5527511],[-67.2163242,-54.5522951],[-67.215761,-54.5521613],[-67.2151762,-54.5520524],[-67.2141945,-54.5518409],[-67.2131324,-54.5515702],[-67.2119576,-54.5513026],[-67.2096884,-54.5507955],[-67.2083312,-54.5505248],[-67.2054885,-54.5498834],[-67.2050375,-54.5497719],[-67.2048014,-54.5497019],[-67.2044639,-54.5495785],[-67.2042972,-54.5495043],[-67.2041041,-54.5494048],[-67.2038298,-54.549254],[-67.2035596,-54.5490672],[-67.2033776,-54.5489126],[-67.2032458,-54.5487825],[-67.2031094,-54.548603],[-67.2029802,-54.5484169],[-67.2028381,-54.5481477],[-67.202766,-54.5479886],[-67.2026825,-54.5477277],[-67.2025073,-54.5469589],[-67.2023284,-54.5462559],[-67.2021219,-54.5454236],[-67.2021031,-54.5453038],[-67.202082,-54.5451648],[-67.2020656,-54.5449802],[-67.2020656,-54.5448277],[-67.2020749,-54.5446088],[-67.2020882,-54.5444941],[-67.2021166,-54.5443718],[-67.2021545,-54.5442561],[-67.2021997,-54.5441369],[-67.202256,-54.5440093],[-67.2023124,-54.5439066],[-67.2023901,-54.5437821],[-67.2024602,-54.5436743],[-67.2025457,-54.5435659],[-67.2026449,-54.5434398],[-67.2028384,-54.5432075],[-67.2030227,-54.5430144],[-67.2034822,-54.54254],[-67.2047585,-54.5411806],[-67.2057646,-54.5401055],[-67.2064295,-54.5394067],[-67.2070869,-54.5386895],[-67.2072369,-54.538484],[-67.207367,-54.538284],[-67.2074434,-54.5381338],[-67.2075269,-54.5379442],[-67.2075641,-54.5378459],[-67.2075909,-54.5377355],[-67.2076218,-54.5375495],[-67.207636,-54.5373718],[-67.2076312,-54.5371784],[-67.2076073,-54.5370432],[-67.2075909,-54.5369325],[-67.2075453,-54.5367691],[-67.2074813,-54.5365748],[-67.2074327,-54.5364516],[-67.2073279,-54.5362056],[-67.2072316,-54.5360145],[-67.206687,-54.5350573],[-67.206628,-54.534953],[-67.2064617,-54.5346838],[-67.2054762,-54.5328943],[-67.204928,-54.5319017],[-67.2041366,-54.5304699],[-67.20341,-54.5292263],[-67.2031942,-54.528854],[-67.2027776,-54.5281352],[-67.2026559,-54.5279402],[-67.2024572,-54.5276349],[-67.2022292,-54.527305],[-67.2019932,-54.5269999],[-67.2018591,-54.5268287],[-67.201221,-54.5260615],[-67.2010195,-54.5258511],[-67.2007258,-54.5255484],[-67.2004911,-54.5253219],[-67.2003034,-54.5251444],[-67.2001829,-54.5250419],[-67.1999708,-54.5248534],[-67.1997991,-54.5247086],[-67.1996596,-54.5245903],[-67.1995443,-54.5245],[-67.1994156,-54.5243926],[-67.1991259,-54.5241809],[-67.1984836,-54.5237173],[-67.1980113,-54.5233531],[-67.1973878,-54.5229309],[-67.1966272,-54.5223645],[-67.1963963,-54.5221888],[-67.1958444,-54.5217591],[-67.1954942,-54.5214987],[-67.1950409,-54.52115],[-67.1949207,-54.5210558],[-67.1947646,-54.5209087],[-67.1945933,-54.520736],[-67.1944159,-54.5205491],[-67.1941987,-54.5202907],[-67.1940954,-54.5201529],[-67.1940122,-54.5200423],[-67.193968,-54.5199746],[-67.1938422,-54.5197771],[-67.1937829,-54.5196695],[-67.1937427,-54.5195901],[-67.1935657,-54.519232],[-67.1932881,-54.5186344],[-67.1929783,-54.5178916],[-67.1926135,-54.51703],[-67.1923009,-54.5163411],[-67.1922153,-54.5161665],[-67.1918142,-54.5152448],[-67.191334,-54.514159],[-67.1911213,-54.5136987],[-67.1909586,-54.5133421],[-67.1907834,-54.5129114],[-67.1905214,-54.5122833],[-67.1904519,-54.5120313],[-67.1903041,-54.5115654],[-67.1902179,-54.5112392],[-67.1900597,-54.5104817],[-67.1900479,-54.5104166],[-67.1900156,-54.5102697],[-67.1898629,-54.5095766],[-67.1897592,-54.5091394],[-67.1897417,-54.5090399],[-67.189604,-54.5082689],[-67.1894377,-54.5074233],[-67.1890688,-54.5057964],[-67.1888506,-54.5048071],[-67.1886501,-54.5040203],[-67.1885639,-54.5037457],[-67.1884922,-54.5035484],[-67.1883142,-54.5031547],[-67.1879984,-54.5026189],[-67.1877303,-54.5022209],[-67.1874782,-54.5018354],[-67.18747047,-54.50182412],[-67.1865554,-54.5004888],[-67.1855809,-54.4991343],[-67.1852997,-54.4987447],[-67.1842874,-54.4973085],[-67.1836655,-54.4964262],[-67.1822953,-54.494482],[-67.1818752,-54.4938174],[-67.1816814,-54.4934133],[-67.1815188,-54.4929789],[-67.1814717,-54.4927772],[-67.1814246,-54.4924963],[-67.1814232,-54.4920711],[-67.1815105,-54.4913996],[-67.1815451,-54.4912783],[-67.1816516,-54.4909051],[-67.1826523,-54.4883019],[-67.1839408,-54.4849205],[-67.1849008,-54.4824625],[-67.1854372,-54.4816149],[-67.186038,-54.4809666],[-67.1866603,-54.4804056],[-67.1907007,-54.4772647],[-67.1939039,-54.4747744],[-67.1944709,-54.4741968],[-67.1948266,-54.473777],[-67.1949644,-54.4733739],[-67.1950197,-54.4728792],[-67.1950094,-54.4723277],[-67.1949644,-54.4699199],[-67.1950197,-54.4693504],[-67.195179,-54.46886],[-67.1954579,-54.4683737],[-67.1957584,-54.4679123],[-67.1962428,-54.46743],[-67.1970244,-54.4668523],[-67.1978736,-54.4663949],[-67.2044181,-54.4637885],[-67.2052979,-54.4632771],[-67.2060489,-54.4626909],[-67.2064379,-54.462203],[-67.2067785,-54.461531],[-67.2068949,-54.4610406],[-67.2069287,-54.4605333],[-67.2063357,-54.4539439],[-67.2061777,-54.4521883],[-67.2060366,-54.451286],[-67.2059293,-54.4507994],[-67.2057752,-54.450346],[-67.2055431,-54.4497889],[-67.2050886,-54.4491483],[-67.2028088,-54.4461374],[-67.2021098,-54.4451227],[-67.2015643,-54.4441909],[-67.2009297,-54.4429017],[-67.2006078,-54.4420531],[-67.2003412,-54.4412087],[-67.2001572,-54.4406056],[-67.2001143,-54.4401689],[-67.2001104,-54.4397652],[-67.2001572,-54.4392205],[-67.2003288,-54.4386465],[-67.2006201,-54.4380016],[-67.2042036,-54.4326351],[-67.2086024,-54.4263317],[-67.2090086,-54.4258603],[-67.2095021,-54.4252986],[-67.2102761,-54.4246589],[-67.2111758,-54.4240377],[-67.2121429,-54.4234605],[-67.2131893,-54.4229172],[-67.2351026,-54.4115367],[-67.2358712,-54.411112],[-67.2363901,-54.410725],[-67.2367494,-54.4103927],[-67.2371196,-54.4099507],[-67.2373348,-54.4096262],[-67.2374812,-54.4093044],[-67.2376346,-54.4088767],[-67.2381925,-54.405255],[-67.2383856,-54.4036063],[-67.2386032,-54.4029439],[-67.2388148,-54.4024573],[-67.239026,-54.4021772],[-67.239335,-54.4018364],[-67.2399091,-54.4013206],[-67.2433697,-54.3991511],[-67.2439209,-54.398722],[-67.2444575,-54.3982392],[-67.2449946,-54.3976982],[-67.2454495,-54.3971599],[-67.2458398,-54.3965824],[-67.2461157,-54.3961158],[-67.2503376,-54.3860793],[-67.250572,-54.3853907],[-67.2507667,-54.3847298],[-67.2508972,-54.3838471],[-67.2508972,-54.3831936],[-67.2508159,-54.3825496],[-67.2506533,-54.381792],[-67.249608,-54.3766443],[-67.2493076,-54.3753195],[-67.2489643,-54.3738446],[-67.2478114,-54.3681237],[-67.2477848,-54.3673855],[-67.2478706,-54.3666605],[-67.2480637,-54.3659729],[-67.2483264,-54.3653235],[-67.2493564,-54.3629231],[-67.2509813,-54.3595433],[-67.2511286,-54.3590723],[-67.25112939,-54.35906829],[-67.2512395,-54.3585089],[-67.2512817,-54.3579678],[-67.2511744,-54.3532786],[-67.2510249,-54.3526693],[-67.2507667,-54.3521532],[-67.2504241,-54.3516688],[-67.2499513,-54.3512528],[-67.2489428,-54.3505774],[-67.2334511,-54.3420758],[-67.2326142,-54.341613],[-67.2319913,-54.3412093],[-67.2313482,-54.3407749],[-67.2306609,-54.3402086],[-67.2299749,-54.339499],[-67.2293312,-54.3387359],[-67.2289235,-54.3380353],[-67.2286653,-54.3373439],[-67.2255969,-54.3288737],[-67.2248888,-54.3271219],[-67.2245461,-54.3264621],[-67.2240526,-54.3257238],[-67.2229576,-54.3243189],[-67.2135377,-54.3140936],[-67.212497,-54.312846],[-67.2120142,-54.3121409],[-67.2118104,-54.3114565],[-67.2117675,-54.3110309],[-67.2117781,-54.3105761],[-67.2123146,-54.3088987],[-67.2132417,-54.306668],[-67.2135914,-54.3055977],[-67.2137201,-54.3047589],[-67.2137416,-54.303895],[-67.2137308,-54.3031146],[-67.2132064,-54.2973202],[-67.2116173,-54.2809515],[-67.2114456,-54.2803502],[-67.2112096,-54.2798866],[-67.210966,-54.2795634],[-67.2107375,-54.2792603],[-67.2096967,-54.2782038],[-67.2066779,-54.2756083],[-67.2047307,-54.2738954],[-67.2045457,-54.2737325],[-67.2039032,-54.2731672],[-67.2028732,-54.2720521],[-67.2025621,-54.2715926],[-67.2022617,-54.2711039],[-67.2018647,-54.2702979],[-67.2015751,-54.2695752],[-67.2013282,-54.2688568],[-67.200746,-54.2663592],[-67.200706,-54.2661877],[-67.2002768,-54.2641199],[-67.1995687,-54.2609491],[-67.1991933,-54.2597876],[-67.198646,-54.2583045],[-67.1958565,-54.2513349],[-67.1951113,-54.2494324],[-67.1942901,-54.2473356],[-67.1940005,-54.246412],[-67.1937751,-54.2455302],[-67.1936572,-54.244945],[-67.1937108,-54.2435993],[-67.1938074,-54.2431269],[-67.1939897,-54.2426965],[-67.1944082,-54.2421238],[-67.1949955,-54.2414478],[-67.1964574,-54.2400633],[-67.1971119,-54.239616],[-67.1978092,-54.2392357],[-67.2016298,-54.2377303],[-67.2023755,-54.2373644],[-67.2029301,-54.2369954],[-67.20334,-54.2366057],[-67.2036543,-54.2362868],[-67.2039675,-54.2358497],[-67.2048688,-54.2344326],[-67.2060479,-54.2323512]]]},"geometry_name":"geom","properties":{"gid":773,"rtn":"3","typ":40,"rst":1,"hct":1,"fdc":"Dirección Nacional de Vialidad","sag":"IGN"},"bbox":[-67.8472256,-54.74197,-67.1814232,-54.2323512]},{"type":"Feature","id":"vial_nacional.774","geometry":{"type":"MultiLineString","coordinates":[[[-67.7847023,-49.3020679],[-67.7846992,-49.3019289],[-67.7848069,-49.2999084],[-67.7848234,-49.2995836],[-67.7848781,-49.297655],[-67.7848606,-49.2969131],[-67.7848087,-49.2964516],[-67.7847645,-49.2961034],[-67.78474933,-49.29605935],[-67.7846637,-49.2958106],[-67.7845456,-49.2954847],[-67.7845069,-49.2953779],[-67.7844321,-49.2951715],[-67.7841171,-49.2945454],[-67.7841031,-49.2945176],[-67.7770947,-49.280784],[-67.7767299,-49.2799861],[-67.7764242,-49.2791596],[-67.7763008,-49.2782223],[-67.7762793,-49.2776624],[-67.7763437,-49.2771024],[-67.7764939,-49.2761645],[-67.7768587,-49.2752125],[-67.7774809,-49.2739245],[-67.7778457,-49.2731405],[-67.7780603,-49.2723845],[-67.778232,-49.2714885],[-67.7783392,-49.2703824],[-67.7791332,-49.2532423],[-67.7791332,-49.2520938],[-67.7790688,-49.2509453],[-67.7789186,-49.2497968],[-67.7760799,-49.2363128],[-67.7759478,-49.2353875],[-67.7759123,-49.2344585],[-67.7759705,-49.2334985],[-67.7761562,-49.2319588],[-67.7762525,-49.230516],[-67.7762185,-49.2295764],[-67.7760992,-49.2286937],[-67.7758287,-49.2274369],[-67.7756344,-49.2264961],[-67.7754948,-49.2258359],[-67.775177,-49.2249849],[-67.7747419,-49.2240945],[-67.7741931,-49.2232045],[-67.7735772,-49.2224742],[-67.7728118,-49.2216705],[-67.7716713,-49.2207389],[-67.7708281,-49.22015],[-67.7696839,-49.2194303],[-67.7684899,-49.2187023],[-67.7558301,-49.2117257],[-67.7492426,-49.2081091],[-67.7432346,-49.2046559],[-67.7382564,-49.2011788],[-67.7336644,-49.1977483],[-67.7329777,-49.1972014],[-67.7319907,-49.19629],[-67.7313899,-49.1956029],[-67.7308963,-49.1949719],[-67.7304457,-49.1941726],[-67.7295874,-49.1924759],[-67.7268837,-49.1866279],[-67.7257894,-49.1843278],[-67.7251886,-49.1834162],[-67.7245878,-49.1827289],[-67.7239226,-49.1821118],[-67.7230857,-49.1814385],[-67.7204035,-49.1794468],[-67.7194379,-49.1786473],[-67.7183007,-49.1775952],[-67.7173565,-49.1766273],[-67.7143741,-49.1735097],[-67.7116489,-49.1706607],[-67.699375,-49.1574901],[-67.6911782,-49.1486345],[-67.6904057,-49.1477643],[-67.6897011,-49.1468394],[-67.6890324,-49.1457993],[-67.6886462,-49.1450694],[-67.6881741,-49.144143],[-67.6771234,-49.1185896],[-67.6766513,-49.1174942],[-67.676308,-49.1165391],[-67.6761578,-49.115865],[-67.6759647,-49.1151347],[-67.6757072,-49.1138425],[-67.6714004,-49.0864803],[-67.6636327,-49.0376008],[-67.6629246,-49.0329797],[-67.6582517,-49.0034637],[-67.6579084,-49.0019997],[-67.6530839,-48.9824332],[-67.6513528,-48.9754103],[-67.6500868,-48.9701283],[-67.6497649,-48.9689592],[-67.6492929,-48.96779],[-67.6485419,-48.9661841],[-67.6478123,-48.9648881],[-67.6474518,-48.9641466],[-67.6473188,-48.9636765],[-67.6471686,-48.9630285],[-67.6471085,-48.9621179],[-67.6472115,-48.9611407],[-67.6474251,-48.9600892],[-67.6481118,-48.9577222],[-67.6487779,-48.9550541],[-67.6489495,-48.9541241],[-67.6488852,-48.953321],[-67.6486921,-48.9526446],[-67.6482414,-48.9518273],[-67.6476406,-48.9512778],[-67.6469754,-48.9507846],[-67.6459455,-48.9502209],[-67.644549,-48.9496636],[-67.641096,-48.9484312],[-67.63983,-48.9480508],[-67.6385855,-48.9477689],[-67.6363754,-48.9473039],[-67.6349591,-48.9469093],[-67.6339292,-48.9464442],[-67.6331996,-48.9458946],[-67.6327275,-48.9453732],[-67.6324486,-48.9448658],[-67.6322769,-48.9443867],[-67.632234,-48.9435411],[-67.6323842,-48.9427095],[-67.6328348,-48.9413847],[-67.6334142,-48.9402008],[-67.634015,-48.9394397],[-67.6348733,-48.9385376],[-67.6357531,-48.937847],[-67.6371478,-48.936959],[-67.6617648,-48.9224332],[-67.6629043,-48.9216599],[-67.6638196,-48.9209111],[-67.6646602,-48.9201378],[-67.6655008,-48.9192049],[-67.6661172,-48.9183702],[-67.6665655,-48.9174741],[-67.6668831,-48.9164921],[-67.6671073,-48.9155469],[-67.6705978,-48.8988676],[-67.6708951,-48.897695],[-67.6712207,-48.8967364],[-67.6716595,-48.8957592],[-67.6724098,-48.8945213],[-67.684504,-48.8769526],[-67.6847778,-48.8763996],[-67.685019,-48.8758236],[-67.6852874,-48.8747702],[-67.6853623,-48.8740171],[-67.6854007,-48.8732991],[-67.6854007,-48.8725542],[-67.6827344,-48.8216899],[-67.6802125,-48.7673216],[-67.6799039,-48.7506011],[-67.6799202,-48.7497755],[-67.6800178,-48.7489606],[-67.6801967,-48.74821],[-67.6804731,-48.7474273],[-67.6809447,-48.7465266],[-67.6816927,-48.745465],[-67.6826197,-48.7444355],[-67.6837255,-48.7433954],[-67.7015779,-48.7257518],[-67.702405,-48.7248662],[-67.70240818,-48.72486239],[-67.7029633,-48.7241964],[-67.7034573,-48.7235393],[-67.703939,-48.7228555],[-67.7043464,-48.7221539],[-67.7085209,-48.7121313],[-67.70852306,-48.71212625],[-67.7162614,-48.6940633],[-67.7167763,-48.6928169],[-67.7172055,-48.6915138],[-67.7175273,-48.690324],[-67.7207245,-48.6727565],[-67.72288829,-48.66184044],[-67.7269044,-48.6415734],[-67.738234,-48.5835783],[-67.7394356,-48.577105],[-67.7395534,-48.5762334],[-67.739489,-48.5753532],[-67.7393388,-48.5748563],[-67.7391672,-48.5743026],[-67.7388024,-48.5736069],[-67.7382659,-48.5727267],[-67.7378582,-48.5720736],[-67.7376007,-48.571605],[-67.7373433,-48.5709945],[-67.7370858,-48.570171],[-67.7366137,-48.5678566],[-67.7364635,-48.5666638],[-67.7364849,-48.5658971],[-67.7365922,-48.5651161],[-67.7368926,-48.5642356],[-67.737472,-48.5630144],[-67.7444138,-48.548931],[-67.7445762,-48.5482886],[-67.7445855,-48.547681],[-67.7445762,-48.5470244],[-67.7444046,-48.5461721],[-67.7442544,-48.5455897],[-67.7438896,-48.5449078],[-67.7435796,-48.5443867],[-67.7429025,-48.5436435],[-67.7422373,-48.5431036],[-67.7415708,-48.542636],[-67.7388242,-48.5409312],[-67.7374094,-48.5400918],[-67.7363365,-48.5393389],[-67.7356713,-48.538799],[-67.7350476,-48.5382034],[-67.7345126,-48.5375061],[-67.7340099,-48.5367309],[-67.7336114,-48.5359858],[-67.7332558,-48.5352928],[-67.7330964,-48.534835],[-67.7329891,-48.534295],[-67.7329125,-48.5337014],[-67.7330105,-48.533002],[-67.7330842,-48.5323374],[-67.7346291,-48.5272218],[-67.7348988,-48.5260676],[-67.7349417,-48.5254423],[-67.7349203,-48.5248596],[-67.7348774,-48.5242912],[-67.7347486,-48.5236516],[-67.7343012,-48.5223331],[-67.7341772,-48.5219441],[-67.7284049,-48.5050483],[-67.728063,-48.5039394],[-67.7278392,-48.5029552],[-67.7277627,-48.5020911],[-67.7278392,-48.5012776],[-67.7279343,-48.500385],[-67.7281611,-48.4994861],[-67.7284615,-48.4985619],[-67.7289643,-48.4974275],[-67.7297704,-48.4955616],[-67.7301567,-48.4943956],[-67.7302854,-48.4937273],[-67.7303498,-48.4930874],[-67.7302492,-48.4923084],[-67.7296509,-48.4901469],[-67.7294027,-48.489123],[-67.7291828,-48.4879852],[-67.7291052,-48.4872567],[-67.7291828,-48.4865062],[-67.731418,-48.4734238],[-67.7314492,-48.4724155],[-67.7314012,-48.4718664],[-67.7312518,-48.4713716],[-67.7306287,-48.4696613],[-67.7304356,-48.4687934],[-67.7303927,-48.4678971],[-67.7304785,-48.4668585],[-67.7325692,-48.4478074],[-67.7326672,-48.446751],[-67.7326672,-48.4456123],[-67.7324741,-48.4444451],[-67.732281,-48.4434772],[-67.732002,-48.4425804],[-67.7314656,-48.441342],[-67.730962,-48.4402918],[-67.7297704,-48.4381107],[-67.7273672,-48.4342811],[-67.7267449,-48.433071],[-67.7262514,-48.4317469],[-67.7259295,-48.4304086],[-67.7257364,-48.4290845],[-67.7257027,-48.4277635],[-67.7257637,-48.413852],[-67.7256987,-48.4118552],[-67.7255686,-48.4098042],[-67.7247635,-48.4023312],[-67.7238145,-48.3939215],[-67.7233737,-48.3883359],[-67.7235113,-48.3875405],[-67.7237635,-48.38674],[-67.7241336,-48.3861297],[-67.7245477,-48.3854859],[-67.7258744,-48.3842319],[-67.7272477,-48.3829778],[-67.7286533,-48.3817147],[-67.7295409,-48.3808996],[-67.7302061,-48.379959],[-67.7306353,-48.3792036],[-67.7308284,-48.3785908],[-67.7309142,-48.3776786],[-67.7308499,-48.3765812],[-67.7282776,-48.337468],[-67.7263894,-48.3116725],[-67.726277,-48.310825],[-67.7260839,-48.3100972],[-67.7258049,-48.3092266],[-67.7255311,-48.3084757],[-67.7109398,-48.2767251],[-67.6992436,-48.2506767],[-67.6920571,-48.2346651],[-67.6888413,-48.2275507],[-67.6685395,-48.1826138],[-67.6507803,-48.1427652],[-67.65077809,-48.14276039],[-67.6479401,-48.1365815],[-67.6428662,-48.1252851],[-67.6420563,-48.1234818],[-67.6244225,-48.0842012],[-67.6193837,-48.0731272],[-67.6188606,-48.0720288],[-67.6182255,-48.070843],[-67.6173289,-48.0693576],[-67.6166978,-48.0684881],[-67.6152601,-48.0665093],[-67.6148818,-48.0658624],[-67.6146576,-48.0653506],[-67.6144662,-48.0648172],[-67.6142653,-48.0639524],[-67.6140759,-48.0629858],[-67.6139291,-48.0620423],[-67.6137049,-48.0613182],[-67.6135555,-48.0608688],[-67.6133127,-48.0603819],[-67.6129391,-48.0598201],[-67.6122105,-48.0589836],[-67.6117196,-48.0585073],[-67.6112765,-48.0578599],[-67.6109777,-48.0573231],[-67.6103493,-48.0559831],[-67.596785,-48.0280939],[-67.5911202,-48.0160383],[-67.5902422,-48.0142994],[-67.5889762,-48.0117874],[-67.5879248,-48.009749],[-67.5869806,-48.0082991],[-67.5863154,-48.007409],[-67.5857361,-48.0067056],[-67.5846847,-48.0055571],[-67.5624528,-47.9815784],[-67.5546073,-47.973415],[-67.5528907,-47.9716337],[-67.5516676,-47.9701396],[-67.5512599,-47.9695937],[-67.5508952,-47.9690047],[-67.5500368,-47.9676398],[-67.5488915,-47.965834],[-67.5469684,-47.962841],[-67.5444579,-47.9588752],[-67.542076,-47.9551821],[-67.5389352,-47.9501998],[-67.53844234,-47.9493936],[-67.5379133,-47.9485282],[-67.5371622,-47.9470909],[-67.5364756,-47.9456249],[-67.5356602,-47.9436126],[-67.5348877,-47.9416865],[-67.5303521,-47.9304204],[-67.5294589,-47.9281299],[-67.5284719,-47.9260163],[-67.5265755,-47.9224835],[-67.522799,-47.9154658],[-67.5210904,-47.912398],[-67.5201678,-47.9109022],[-67.5196313,-47.9100824],[-67.519052,-47.9093488],[-67.5180005,-47.9080687],[-67.5162758,-47.9061457],[-67.5111341,-47.9008189],[-67.5043964,-47.8936256],[-67.5035595,-47.8926328],[-67.5027441,-47.8913523],[-67.5022292,-47.8903739],[-67.5018215,-47.8894386],[-67.5014996,-47.8883019],[-67.5009632,-47.8852801],[-67.5008344,-47.8845175],[-67.5005922,-47.8838168],[-67.5000405,-47.8827618],[-67.4996113,-47.8820279],[-67.4991097,-47.8813992],[-67.4967065,-47.8788663],[-67.4943532,-47.8751819],[-67.4920716,-47.8711518],[-67.4901833,-47.8673517],[-67.4877801,-47.8630906],[-67.4864657,-47.8608055],[-67.485924,-47.8597778],[-67.4853706,-47.8587141],[-67.4847658,-47.8572084],[-67.4839973,-47.8550282],[-67.4822869,-47.8501902],[-67.4816003,-47.8473102],[-67.4815668,-47.8472182],[-67.4799431,-47.8427652],[-67.4794901,-47.8418185],[-67.4785894,-47.8401267],[-67.4766152,-47.8364799],[-67.4700989,-47.8175792],[-67.4683991,-47.813008],[-67.4675284,-47.8105368],[-67.4668374,-47.8089332],[-67.4665737,-47.8084642],[-67.4662089,-47.8079166],[-67.4644341,-47.8058204],[-67.4616885,-47.8027768],[-67.4602224,-47.8011514],[-67.4568821,-47.7974481],[-67.4521665,-47.7920802],[-67.4520624,-47.79195775],[-67.4517862,-47.7916329],[-67.45178371,-47.79163011],[-67.45141607,-47.7912181],[-67.4512932,-47.7910804],[-67.4500513,-47.7897695],[-67.4494075,-47.7889766],[-67.4488519,-47.7882504],[-67.4483776,-47.7875061],[-67.4480128,-47.7868861],[-67.4474646,-47.7857764],[-67.4452791,-47.7813164],[-67.4430697,-47.7768731],[-67.4404681,-47.7715663],[-67.4392151,-47.7690057],[-67.4389576,-47.7684288],[-67.438786,-47.7679241],[-67.4385963,-47.7670679],[-67.4383139,-47.7621836],[-67.4381423,-47.7612028],[-67.4379706,-47.7605392],[-67.4376916,-47.7598901],[-67.4371767,-47.7589958],[-67.4362119,-47.7576845],[-67.4247097,-47.743408],[-67.4211246,-47.7389783],[-67.4206456,-47.7384225],[-67.4200128,-47.7379178],[-67.4118556,-47.7315506],[-67.4104103,-47.7304418],[-67.4095444,-47.729703],[-67.4088868,-47.7290273],[-67.4082044,-47.7283754],[-67.4058976,-47.7259745],[-67.4040381,-47.7240184],[-67.4030936,-47.7230857],[-67.402319,-47.7223332],[-67.4015268,-47.7217092],[-67.3999385,-47.7205213],[-67.3973121,-47.7186149],[-67.3893835,-47.712887],[-67.3883089,-47.7119789],[-67.3872542,-47.7109528],[-67.3844484,-47.7078888],[-67.3834043,-47.7065438],[-67.3812251,-47.7034525],[-67.3788399,-47.6998284],[-67.3775608,-47.6980646],[-67.3768837,-47.6972291],[-67.3760811,-47.6964188],[-67.3715378,-47.6923973],[-67.3633144,-47.6849675],[-67.3585875,-47.6808023],[-67.3531388,-47.6759509],[-67.3494836,-47.6725776],[-67.3489901,-47.6720502],[-67.3475424,-47.6702838],[-67.3474048,-47.6701626],[-67.3448273,-47.667961],[-67.3443538,-47.6674745],[-67.3440318,-47.6670533],[-67.3437544,-47.666487],[-67.3432321,-47.6653495],[-67.3423602,-47.6632077],[-67.341417,-47.6610385],[-67.3408147,-47.6599839],[-67.3401495,-47.6592179],[-67.33942,-47.6585386],[-67.338263,-47.6576855],[-67.3348924,-47.6551421],[-67.3339912,-47.6544483],[-67.3334333,-47.6539714],[-67.3326823,-47.6532776],[-67.3291632,-47.6496783],[-67.328026,-47.6486954],[-67.3271462,-47.6479003],[-67.3262021,-47.647192],[-67.321936,-47.6441557],[-67.3209878,-47.6433466],[-67.3204514,-47.6428261],[-67.3200008,-47.6423201],[-67.319083,-47.641171],[-67.3151272,-47.635481],[-67.3116555,-47.6303911],[-67.3076081,-47.6246944],[-67.3071822,-47.6240949],[-67.3035759,-47.6189371],[-67.2890327,-47.5981052],[-67.2880028,-47.5950954],[-67.2874878,-47.5922013],[-67.2850928,-47.5681158],[-67.2843306,-47.5604289],[-67.2843301,-47.5604239],[-67.2825054,-47.5420175],[-67.2819468,-47.5394527],[-67.2813396,-47.5376457],[-67.2732033,-47.5197957],[-67.2714265,-47.515918],[-67.2706284,-47.5129554],[-67.2699213,-47.5072634],[-67.2692008,-47.5013597],[-67.2685696,-47.4958649],[-67.2677987,-47.4891815],[-67.2676694,-47.4877823],[-67.2676493,-47.4874392],[-67.2676309,-47.4871551],[-67.2676227,-47.4868693],[-67.2676092,-47.4863742],[-67.2675996,-47.4860758],[-67.2675901,-47.4857758],[-67.2675782,-47.4809382],[-67.2675704,-47.48057],[-67.2675481,-47.4775806],[-67.267542,-47.4714286],[-67.2675449,-47.4708681],[-67.2673669,-47.4404403],[-67.26729866,-47.38928044],[-67.2672837,-47.3780554],[-67.267142,-47.3412124],[-67.2670482,-47.3396085],[-67.2668845,-47.3383915],[-67.2666215,-47.337006],[-67.2659619,-47.3337963],[-67.2657902,-47.3324729],[-67.2655971,-47.3308296],[-67.2652801,-47.3266854],[-67.2642049,-47.311704],[-67.2641335,-47.3107084],[-67.2625033,-47.287944],[-67.2605911,-47.2605568],[-67.26059079,-47.26055204],[-67.260419,-47.257871],[-67.2592896,-47.2436494],[-67.256679,-47.2068885],[-67.2565017,-47.2043913],[-67.2564551,-47.2031592],[-67.2564765,-47.2024886],[-67.2566053,-47.2019054],[-67.2567555,-47.2012785],[-67.2571632,-47.2004621],[-67.257764,-47.1996457],[-67.2582575,-47.1990042],[-67.2604891,-47.1965402],[-67.261283,-47.1955633],[-67.2618195,-47.1947614],[-67.2621199,-47.1938574],[-67.2622701,-47.1929679],[-67.2622272,-47.1921659],[-67.2619053,-47.1913785],[-67.2614547,-47.1906349],[-67.2608539,-47.1899204],[-67.2600814,-47.1892788],[-67.2591802,-47.1887392],[-67.2578498,-47.1880538],[-67.2483226,-47.1840581],[-67.2457906,-47.1830664],[-67.2442886,-47.182308],[-67.244168,-47.1822318],[-67.2433659,-47.1817247],[-67.2428295,-47.1813163],[-67.2423774,-47.1808906],[-67.2418209,-47.1802808],[-67.2412381,-47.179593],[-67.23987,-47.1776236],[-67.2388711,-47.1762234],[-67.2377735,-47.1747064],[-67.2367036,-47.1731339],[-67.2353836,-47.1711938],[-67.2347828,-47.170231],[-67.2344395,-47.1696038],[-67.2341606,-47.1688598],[-67.2333944,-47.1668144],[-67.2328731,-47.1656358],[-67.2325083,-47.1650522],[-67.2320577,-47.1644249],[-67.2312452,-47.1636088],[-67.2253605,-47.1591927],[-67.2248694,-47.1587203],[-67.2246119,-47.1582826],[-67.2243919,-47.1577541],[-67.2241786,-47.1570689],[-67.2241613,-47.1570132],[-67.2240337,-47.1562697],[-67.2238376,-47.1548348],[-67.2238163,-47.1547784],[-67.2236248,-47.15427],[-67.2231916,-47.1535751],[-67.2155009,-47.1429536],[-67.2138902,-47.1406972]]]},"geometry_name":"geom","properties":{"gid":774,"rtn":"3","typ":40,"rst":1,"hct":1,"fdc":"Dirección Nacional de Vialidad","sag":"IGN"},"bbox":[-67.7848781,-49.3020679,-67.2138902,-47.1406972]},{"type":"Feature","id":"vial_nacional.775","geometry":{"type":"MultiLineString","coordinates":[[[-67.7845162,-49.3059382],[-67.7844783,-49.3055651],[-67.7843795,-49.3052519],[-67.7842893,-49.3050106],[-67.7842657,-49.3048278],[-67.7843532,-49.3030309],[-67.7847023,-49.3020679],[-67.7849581,-49.303009],[-67.7848511,-49.3048384],[-67.7848361,-49.3049572],[-67.7847462,-49.3051524],[-67.7846244,-49.3054892],[-67.7845162,-49.3059382]]]},"geometry_name":"geom","properties":{"gid":775,"rtn":"3","typ":40,"rst":1,"hct":1,"fdc":"Dirección Nacional de Vialidad","sag":"IGN"},"bbox":[-67.7849581,-49.3059382,-67.7842657,-49.3020679]},{"type":"Feature","id":"vial_nacional.765","geometry":{"type":"MultiLineString","coordinates":[[[-69.1644438,-50.28154],[-69.1635708,-50.2809382],[-69.1621712,-50.2799734],[-69.161556,-50.279585],[-69.1609218,-50.2792161],[-69.1602225,-50.2788835],[-69.1594745,-50.2785666],[-69.1586777,-50.2783016],[-69.1578158,-50.2780677],[-69.1575485,-50.278008],[-69.1560026,-50.2776624],[-69.1519901,-50.2767735],[-69.1393591,-50.2739752],[-69.13045,-50.2720013],[-69.1059863,-50.2666422],[-69.0941062,-50.2644022],[-69.0927115,-50.2641553],[-69.0913596,-50.2640044],[-69.0820255,-50.2630991],[-69.0794506,-50.2627973],[-69.0769186,-50.2624269],[-69.0593662,-50.2598754],[-69.0582907,-50.2596613],[-69.0576496,-50.2595325],[-69.0559974,-50.2590523],[-69.0502896,-50.2572141],[-69.0267935,-50.2485018],[-69.0252485,-50.2479804],[-69.0237036,-50.2475413],[-69.0143051,-50.2449342],[-69.0058588,-50.2425474],[-69.0058565,-50.24254673],[-69.0048246,-50.2422491],[-69.0041972,-50.242074],[-68.9968122,-50.2400127],[-68.9954106,-50.2395841],[-68.9940568,-50.23909],[-68.9913766,-50.2380142],[-68.9876298,-50.2365273],[-68.9862555,-50.2358932],[-68.9849154,-50.2352241],[-68.9818044,-50.233654],[-68.9810523,-50.2332342],[-68.9803207,-50.2327662],[-68.979637,-50.2322501],[-68.979008,-50.2316946],[-68.9784405,-50.2311173],[-68.9781123,-50.2307324],[-68.9778251,-50.2303475],[-68.9771004,-50.2291053],[-68.9764645,-50.227815],[-68.9754558,-50.2257957],[-68.9751342,-50.2252653],[-68.9746523,-50.2246571],[-68.9743844,-50.2243601],[-68.974069,-50.2240745],[-68.9736523,-50.2237317],[-68.9732416,-50.2234156],[-68.9727952,-50.223111],[-68.9723131,-50.2228216],[-68.9716643,-50.2224826],[-68.970956,-50.2221513],[-68.968212,-50.2209365],[-68.9641109,-50.2191122],[-68.9632062,-50.2186361],[-68.9623729,-50.2181029],[-68.961611,-50.2175278],[-68.9609682,-50.2169108],[-68.9600873,-50.2158444],[-68.9594142,-50.2147335],[-68.958873,-50.2132162],[-68.9587123,-50.2128772],[-68.9585337,-50.2125496],[-68.9583254,-50.2122411],[-68.9580695,-50.2119402],[-68.9577719,-50.2116659],[-68.9574742,-50.2114183],[-68.9567481,-50.2109232],[-68.9563076,-50.2106908],[-68.9558136,-50.210466],[-68.9552957,-50.2102794],[-68.9546876,-50.2101046],[-68.9540815,-50.2099632],[-68.9534208,-50.2098451],[-68.9520756,-50.2096204],[-68.9513494,-50.2094642],[-68.9506828,-50.2092776],[-68.9496799,-50.2089061],[-68.9453292,-50.2066737],[-68.9327608,-50.2002452],[-68.9294348,-50.1982261],[-68.9262774,-50.1961472],[-68.9256815,-50.1957094],[-68.925096,-50.1952284],[-68.9246763,-50.1947972],[-68.9242877,-50.1943493],[-68.9239405,-50.1938385],[-68.9236451,-50.193321],[-68.9234327,-50.1928101],[-68.9232513,-50.1922992],[-68.9179662,-50.1761945],[-68.9155603,-50.1684689],[-68.9153425,-50.1678067],[-68.91534081,-50.16780157],[-68.9146306,-50.1656421],[-68.9141722,-50.1642237],[-68.9140205,-50.1638386],[-68.9138457,-50.1634527],[-68.9136276,-50.1630093],[-68.9133776,-50.1625727],[-68.913086,-50.1621418],[-68.9127675,-50.1617166],[-68.9124491,-50.161341],[-68.9121158,-50.1609731],[-68.9113985,-50.1602333],[-68.9090258,-50.1579505],[-68.901474,-50.1507309],[-68.899163,-50.1484202],[-68.8985755,-50.1477444],[-68.898073,-50.1470413],[-68.8976837,-50.1463065],[-68.8973864,-50.1455535],[-68.8972165,-50.1448957],[-68.8971032,-50.1442516],[-68.8970891,-50.1435802],[-68.8971457,-50.1428952],[-68.9012729,-50.1233738],[-68.903078,-50.1150009],[-68.9049318,-50.1065431],[-68.9050213,-50.1058287],[-68.9051107,-50.1051142],[-68.9051758,-50.1036749],[-68.9053546,-50.0675513],[-68.9054522,-50.0664031],[-68.905566,-50.0658498],[-68.9057287,-50.0652966],[-68.9062816,-50.0642109],[-68.906867,-50.0631148],[-68.90835265,-50.06010314],[-68.91045091,-50.0560881],[-68.91066792,-50.05566551]]]},"geometry_name":"geom","properties":{"gid":765,"rtn":"3","typ":40,"rst":1,"hct":1,"fdc":"Dirección Nacional de Vialidad","sag":"IGN"},"bbox":[-69.1644438,-50.28154,-68.8970891,-50.05566551]},{"type":"Feature","id":"vial_nacional.766","geometry":{"type":"MultiLineString","coordinates":[[[-68.92511296,-49.97525037],[-68.92478459,-49.97479589],[-68.92457282,-49.97450798],[-68.92444195,-49.9743319],[-68.92419924,-49.97402971],[-68.92352824,-49.97331587],[-68.9230462,-49.9729225],[-68.9227779,-49.9727017],[-68.9225097,-49.9725016],[-68.9222888,-49.9723456],[-68.9217319,-49.9719772],[-68.9209363,-49.971522],[-68.9205785,-49.9713251],[-68.9201354,-49.9711124],[-68.9151433,-49.9690444],[-68.9078559,-49.9660254],[-68.9026852,-49.9640303],[-68.9010067,-49.9633826],[-68.8983291,-49.9623494],[-68.8979555,-49.9621691],[-68.8975959,-49.9619829],[-68.8963405,-49.9613253],[-68.8957876,-49.9610533],[-68.8951046,-49.9607813],[-68.8940094,-49.9604147],[-68.8920627,-49.9598576],[-68.8849246,-49.9578102],[-68.8810768,-49.9567493],[-68.8796997,-49.9563301],[-68.8792004,-49.9561781],[-68.8780621,-49.955791],[-68.8770051,-49.9554038],[-68.8757161,-49.9547957],[-68.8755415,-49.9547133],[-68.8744845,-49.9540437],[-68.8735251,-49.9533427],[-68.8714774,-49.9517253],[-68.8688888,-49.9496806],[-68.8232212,-49.914235],[-68.7789391,-49.879719],[-68.7612515,-49.8659253],[-68.7052889,-49.8222165],[-68.7044521,-49.8215382],[-68.7034359,-49.8209241],[-68.702406,-49.8203703],[-68.6952653,-49.8164169],[-68.6855483,-49.8110368],[-68.6759357,-49.8056748],[-68.674819,-49.8051027],[-68.6736818,-49.8045765],[-68.6723514,-49.8042856],[-68.6709781,-49.8042025],[-68.6695834,-49.8043272],[-68.6685543,-49.8044562],[-68.6668582,-49.8047011],[-68.6653991,-49.8048257],[-68.6643477,-49.804798],[-68.6635323,-49.8047149],[-68.6627598,-49.8045903],[-68.6614938,-49.8042856],[-68.6605497,-49.8040502],[-68.6594124,-49.8038009],[-68.6574878,-49.8034887],[-68.6540659,-49.8028609],[-68.6519204,-49.8023534],[-68.6509152,-49.8018897],[-68.6500569,-49.801225],[-68.6494561,-49.8005879],[-68.6491986,-49.8000477],[-68.6490698,-49.7994106],[-68.6490054,-49.7986627],[-68.6491907,-49.7897189],[-68.6492844,-49.7849766],[-68.6491986,-49.7836881],[-68.6488123,-49.7824689],[-68.6481901,-49.7814159],[-68.6475463,-49.7806261],[-68.6467953,-49.7799333],[-68.6461087,-49.7794345],[-68.6452289,-49.7789219],[-68.6439414,-49.7783399],[-68.6414824,-49.7774802],[-68.6401535,-49.7770332],[-68.6376114,-49.7761644],[-68.63760674,-49.77616278],[-68.6330195,-49.7745709],[-68.6299761,-49.7735459],[-68.6279555,-49.7729911],[-68.6256166,-49.7724922],[-68.6237575,-49.772251],[-68.6155566,-49.7713285],[-68.6053381,-49.7702567],[-68.602603,-49.7700825],[-68.6013694,-49.7701225],[-68.5999354,-49.7702199],[-68.5963608,-49.7708413],[-68.5934983,-49.7712524],[-68.5924001,-49.771342],[-68.5909594,-49.7713688],[-68.5897179,-49.7713004],[-68.5884285,-49.7711173],[-68.584416,-49.7702303],[-68.5239573,-49.7559933],[-68.5221763,-49.755619],[-68.5210391,-49.7554249],[-68.5199447,-49.755314],[-68.5182496,-49.7552031],[-68.5032292,-49.7550506],[-68.5010191,-49.7549258],[-68.4985515,-49.7546486],[-68.4960624,-49.7542743],[-68.4938308,-49.7538584],[-68.4841104,-49.7516818],[-68.4813209,-49.7510025],[-68.4797545,-49.7505727],[-68.477995,-49.7499627],[-68.4351447,-49.735476],[-68.4328487,-49.7348103],[-68.4313467,-49.734422],[-68.4297159,-49.7341446],[-68.426862,-49.7337563],[-68.3848264,-49.7298173],[-68.3816292,-49.7294151],[-68.3801701,-49.729207],[-68.3786681,-49.7289574],[-68.3762004,-49.728458],[-68.3383824,-49.7196706],[-68.3305987,-49.7178618],[-68.3284506,-49.7172669],[-68.3262983,-49.7166333],[-68.3245453,-49.7159905],[-68.3226465,-49.7150734],[-68.3200385,-49.7136479],[-68.2996611,-49.7021162],[-68.2877622,-49.6953882],[-68.2771025,-49.6893601],[-68.2453688,-49.6722521],[-68.2430191,-49.6709968],[-68.223718,-49.6616694],[-68.2062617,-49.6532455],[-68.2022636,-49.6513358],[-68.201756,-49.6510983],[-68.2003588,-49.6504754],[-68.1992859,-49.650035],[-68.1981615,-49.6495918],[-68.1893643,-49.646188],[-68.1774278,-49.6415689],[-68.1547688,-49.6328099],[-68.1536678,-49.6323694],[-68.1531146,-49.6321209],[-68.1519749,-49.6315625],[-68.1509562,-49.6310116],[-68.1503661,-49.6306667],[-68.1492524,-49.6299353],[-68.1483051,-49.6292609],[-68.147575,-49.6286784],[-68.1433793,-49.6248971],[-68.1411166,-49.622856],[-68.1407125,-49.6224914],[-68.1346812,-49.6170501],[-68.1257181,-49.6089205],[-68.121045,-49.6046836],[-68.1013337,-49.5867132],[-68.0997029,-49.5854195],[-68.0985978,-49.5846822],[-68.097364,-49.5839449],[-68.0954972,-49.5829571],[-68.0756815,-49.5732517],[-68.0325945,-49.5524307],[-68.0310307,-49.5516909],[-68.0296815,-49.5510904],[-68.0279005,-49.5503665],[-68.026141,-49.5496844],[-68.0221232,-49.54831],[-68.0174883,-49.5467508],[-68.0158065,-49.5461293],[-68.0142534,-49.5454521],[-68.0113137,-49.5442269],[-68.0085619,-49.5429637],[-68.0053818,-49.5413348],[-68.0027962,-49.5398693],[-68.0013049,-49.5389851],[-67.9985958,-49.5372376],[-67.9972279,-49.5363115],[-67.9960263,-49.5354377],[-67.9949105,-49.5346091],[-67.9937035,-49.5336448],[-67.9918957,-49.5321547],[-67.9857695,-49.5267509],[-67.9751094,-49.5174076],[-67.9552021,-49.4998796],[-67.9457654,-49.4915615],[-67.9339189,-49.4810262],[-67.9325043,-49.4798442],[-67.91757841,-49.46820745],[-67.9120882,-49.4639264],[-67.9102695,-49.4623186],[-67.9098189,-49.4619003],[-67.9094541,-49.4615097],[-67.9078559,-49.459575],[-67.9064531,-49.4579014],[-67.9048063,-49.4557813],[-67.9028185,-49.4529916],[-67.9017079,-49.4512858],[-67.9010642,-49.450407],[-67.9005277,-49.449849],[-67.8999003,-49.4493089],[-67.8991115,-49.4488585],[-67.8983391,-49.448454],[-67.8975022,-49.448161],[-67.896322,-49.4478402],[-67.894584,-49.4475054],[-67.879352,-49.4449078],[-67.8781259,-49.4446454],[-67.8771603,-49.4443803],[-67.8764737,-49.4441153],[-67.875748,-49.4437653],[-67.875036,-49.4431386],[-67.874564,-49.4426085],[-67.8743708,-49.4422457],[-67.8742206,-49.441855],[-67.8741134,-49.4412411],[-67.8741563,-49.440683],[-67.8743065,-49.4402087],[-67.8746713,-49.4396506],[-67.8750224,-49.4392409],[-67.8774393,-49.4373343],[-67.8782976,-49.4367343],[-67.8790486,-49.4362878],[-67.8798855,-49.4359669],[-67.8807253,-49.4357548],[-67.8819883,-49.4353529],[-67.8830183,-49.4349761],[-67.8838766,-49.4345017],[-67.8847134,-49.4338737],[-67.8853572,-49.4331621],[-67.8857649,-49.4324504],[-67.8859365,-49.4317108],[-67.885958,-49.430999],[-67.8857649,-49.4303013],[-67.8853572,-49.4294918],[-67.8845847,-49.4285987],[-67.8706477,-49.4141421],[-67.8593805,-49.4024701],[-67.8584299,-49.4013968],[-67.8574794,-49.4003234],[-67.850801,-49.3919685],[-67.8495266,-49.390374],[-67.8482392,-49.3889215],[-67.8471019,-49.3878879],[-67.8467875,-49.3876264],[-67.8463294,-49.3872454],[-67.8454711,-49.3865889],[-67.8406771,-49.3834203],[-67.822996,-49.3709027],[-67.8117728,-49.3619943],[-67.8105712,-49.3609182],[-67.8099703,-49.3601636],[-67.8094983,-49.3594089],[-67.8090478,-49.3586054],[-67.8087258,-49.357592],[-67.8085328,-49.3564811],[-67.8082282,-49.3530159],[-67.806888,-49.3433743],[-67.8066115,-49.3413853],[-67.8050103,-49.3299757],[-67.804892,-49.3293144],[-67.8047294,-49.3286255],[-67.8045017,-49.327767],[-67.8041602,-49.3269403],[-67.8038187,-49.3262938],[-67.8034284,-49.3257003],[-67.8028234,-49.3249356],[-67.8027205,-49.3248055],[-67.7985508,-49.320084],[-67.797381,-49.3187896],[-67.7967618,-49.3181045],[-67.7960653,-49.3174652],[-67.7953718,-49.3169387],[-67.794786,-49.3165518],[-67.7940616,-49.3161392],[-67.793281,-49.3157152],[-67.7917034,-49.3149566],[-67.7874119,-49.3131046],[-67.7867506,-49.312745],[-67.7861842,-49.312376],[-67.785777,-49.3120111],[-67.7854371,-49.3116412],[-67.7849746,-49.3111069],[-67.7847447,-49.310677],[-67.7846023,-49.310278],[-67.7844971,-49.3097849],[-67.7844559,-49.3094346],[-67.784521,-49.3064109],[-67.7845162,-49.3059382]]]},"geometry_name":"geom","properties":{"gid":766,"rtn":"3","typ":40,"rst":1,"hct":1,"fdc":"Dirección Nacional de Vialidad","sag":"IGN"},"bbox":[-68.92511296,-49.97525037,-67.7844559,-49.3059382]},{"type":"Feature","id":"vial_nacional.767","geometry":{"type":"MultiLineString","coordinates":[[[-67.7792175,-53.7348598],[-67.7803629,-53.7341301],[-67.7815493,-53.7334211],[-67.7815819,-53.7334029],[-67.7848482,-53.7315764],[-67.7853763,-53.7312574],[-67.7875649,-53.7299352],[-67.7909207,-53.7279078],[-67.7918431,-53.7272699],[-67.7927661,-53.7266129],[-67.7951479,-53.7247213],[-67.7965355,-53.723641],[-67.8053403,-53.7167857],[-67.8058549,-53.716427],[-67.8063702,-53.7160746],[-67.8070351,-53.7157159],[-67.8078079,-53.715338],[-67.8282782,-53.7064958],[-67.8292438,-53.706064],[-67.8294286,-53.7059623],[-67.8299307,-53.705686],[-67.8305527,-53.7053019],[-67.8311321,-53.7049081],[-67.8321409,-53.7041491],[-67.8446507,-53.6942404],[-67.845852,-53.6935512],[-67.8466463,-53.6931986],[-67.8476116,-53.6929541],[-67.8484058,-53.6927793],[-67.8494998,-53.6926491],[-67.8505087,-53.6926268],[-67.8575468,-53.6927666],[-67.858555,-53.6927127],[-67.8595209,-53.692576],[-67.863276,-53.6918264],[-67.8641983,-53.6916962],[-67.8649708,-53.6916327],[-67.866151,-53.6916962],[-67.8693056,-53.6919534],[-67.8702494,-53.6919376],[-67.8710866,-53.6918772],[-67.8739833,-53.6914452],[-67.8750773,-53.6912725],[-67.8762793,-53.6909497],[-67.8770729,-53.6906543],[-67.8776955,-53.6903652],[-67.8783848,-53.6900452],[-67.8790044,-53.6896028],[-67.882266,-53.6871123],[-67.8835102,-53.6863468],[-67.8844544,-53.6858893],[-67.8853771,-53.6855716],[-67.8862786,-53.6853714],[-67.8874799,-53.6851523],[-67.8887033,-53.6850791],[-67.8949472,-53.6849617],[-67.8965994,-53.6849871],[-67.8981232,-53.6850918],[-67.8993031,-53.6852031],[-67.9003977,-53.685346],[-67.9070925,-53.6864515],[-67.9081436,-53.6866009],[-67.9091307,-53.6866645],[-67.9107615,-53.6866645],[-67.9134008,-53.6865247],[-67.9156538,-53.686423],[-67.9169627,-53.6862705],[-67.9182291,-53.686083],[-67.9199883,-53.6857622],[-67.9215979,-53.685346],[-67.9244089,-53.6842531],[-67.9295587,-53.681991],[-67.9308891,-53.6813683],[-67.9311581,-53.6812117],[-67.9316827,-53.680895],[-67.9322621,-53.6805137],[-67.9329487,-53.6799672],[-67.9338639,-53.6791734],[-67.9349231,-53.6782545],[-67.9360604,-53.6772886],[-67.9365321,-53.6768533],[-67.9368329,-53.676437],[-67.9370623,-53.6757882],[-67.9370904,-53.675471],[-67.9370257,-53.6749086],[-67.9368114,-53.6744287],[-67.9366425,-53.6741896],[-67.9362506,-53.6736348],[-67.9358519,-53.6730704],[-67.9340247,-53.6704839],[-67.9335069,-53.6697508],[-67.9332706,-53.6691375],[-67.9330778,-53.6685558],[-67.9330345,-53.6680696],[-67.9330424,-53.6679699],[-67.9330778,-53.6675261],[-67.9333135,-53.6669255],[-67.9335498,-53.6662802],[-67.9353816,-53.6621848],[-67.9372406,-53.6580284],[-67.9377123,-53.6571097],[-67.9380989,-53.6563117],[-67.9385492,-53.6555583],[-67.939043,-53.654773],[-67.9402876,-53.6530943],[-67.9427415,-53.6498595],[-67.9563775,-53.6318799],[-67.959402,-53.6278909],[-67.9647235,-53.6208661],[-67.9683284,-53.6159277],[-67.9688463,-53.6151184],[-67.9692755,-53.6143674],[-67.9697875,-53.613331],[-67.9727606,-53.6052014],[-67.9738044,-53.6023469],[-67.9742372,-53.6012811],[-67.974594,-53.6007016],[-67.9750741,-53.6001351],[-67.9755583,-53.5996648],[-67.9762506,-53.5990618],[-67.9949402,-53.5856256],[-67.997601,-53.5837276],[-68.0002832,-53.5816385],[-68.0008447,-53.5811327],[-68.001467,-53.5804957],[-68.0021457,-53.5797631],[-68.0096889,-53.570991],[-68.0122995,-53.5679547],[-68.0207047,-53.5581339],[-68.0309552,-53.5461538],[-68.0332636,-53.5434555],[-68.0470362,-53.5273673],[-68.0558757,-53.5170383],[-68.0620925,-53.5097656],[-68.0628538,-53.5088749],[-68.063313,-53.5083909],[-68.0637765,-53.5079817],[-68.0644074,-53.5074721],[-68.0651584,-53.5069744],[-68.0689478,-53.5047019],[-68.0700937,-53.5040775],[-68.0710935,-53.5036554],[-68.0721536,-53.5032607],[-68.0731749,-53.5029918],[-68.0735651,-53.5029123],[-68.074235,-53.5027757],[-68.0752778,-53.5026472],[-68.0766168,-53.502546],[-68.0780673,-53.5025706],[-68.0881309,-53.5033364],[-68.089942,-53.5034266],[-68.0912724,-53.5034649],[-68.0924955,-53.5034011],[-68.0935812,-53.5032726],[-68.0947056,-53.503082],[-68.0957269,-53.5028131],[-68.0966368,-53.5025077],[-68.0974951,-53.5022142],[-68.098495,-53.5017666],[-68.1006065,-53.5005677],[-68.1019497,-53.4997117],[-68.1029454,-53.4989595],[-68.1038165,-53.49818],[-68.1256577,-53.4765733],[-68.1264543,-53.4758115],[-68.1273957,-53.4750408],[-68.1284257,-53.4742235],[-68.1321191,-53.4716097],[-68.1457404,-53.4617841],[-68.1525254,-53.4568682],[-68.1532234,-53.4563752],[-68.1538457,-53.4558258],[-68.1546668,-53.4550894],[-68.1633917,-53.446115],[-68.1640998,-53.4454888],[-68.1647864,-53.4448753],[-68.1663227,-53.4436041],[-68.1774781,-53.4348166],[-68.1811578,-53.4319627],[-68.1822304,-53.4311563],[-68.1828913,-53.4306879],[-68.1853942,-53.428914],[-68.1890972,-53.4263095],[-68.1915569,-53.4245569],[-68.1944108,-53.4227029],[-68.1955336,-53.422133],[-68.1966424,-53.4216288],[-68.1977008,-53.4212252],[-68.1987238,-53.4209127],[-68.201127,-53.4202605],[-68.2369184,-53.4118967],[-68.2390856,-53.4113467],[-68.2410168,-53.4106816],[-68.2428193,-53.4098758],[-68.2439482,-53.409292],[-68.245008,-53.4086223],[-68.2492338,-53.4052517],[-68.2529245,-53.4021815],[-68.254441,-53.4010411],[-68.2557797,-53.4001026],[-68.2568013,-53.3995443],[-68.2579255,-53.398964],[-68.2689976,-53.3937693],[-68.2705557,-53.3931469],[-68.2718944,-53.3926689],[-68.2733667,-53.3922256],[-68.2749414,-53.3918116],[-68.279469,-53.3906599],[-68.2816147,-53.3900329],[-68.2827222,-53.389628],[-68.2836211,-53.3892344],[-68.2924938,-53.3850035],[-68.3067846,-53.378604],[-68.3179426,-53.3735733],[-68.3203029,-53.3724596],[-68.3218229,-53.3715234],[-68.32281,-53.3707937],[-68.3236683,-53.3700896],[-68.3242262,-53.3695518],[-68.3249488,-53.3688301],[-68.3358597,-53.3556346],[-68.3513093,-53.3368683],[-68.3523607,-53.335933],[-68.352469,-53.3358577],[-68.3530866,-53.3354286],[-68.3538627,-53.3348951],[-68.3548247,-53.3343395],[-68.355751,-53.33387],[-68.3566915,-53.3334426],[-68.357687,-53.3330619],[-68.3634114,-53.331256],[-68.3649993,-53.3308331],[-68.3661329,-53.330585],[-68.3672738,-53.3304103],[-68.3718013,-53.3296926],[-68.3738184,-53.3292313],[-68.3749734,-53.3288807],[-68.3760929,-53.3285009],[-68.3789897,-53.32745],[-68.3837104,-53.3253995],[-68.3931903,-53.3210262],[-68.397808,-53.3189269],[-68.3994781,-53.3182942],[-68.4008765,-53.3178502],[-68.4025931,-53.3173759],[-68.4146738,-53.3143891],[-68.4167981,-53.3139404],[-68.4231496,-53.3128123],[-68.4243904,-53.3125513],[-68.4254884,-53.3122739],[-68.427484,-53.3116841],[-68.4296868,-53.3109533],[-68.4360242,-53.3088508],[-68.4375906,-53.3081969],[-68.4389639,-53.3074276],[-68.440938,-53.3061455],[-68.4450422,-53.3032352],[-68.4466628,-53.3021325],[-68.4476687,-53.3014047],[-68.44879,-53.3006417],[-68.449286,-53.3003942],[-68.4497334,-53.3002083],[-68.4502434,-53.3000145],[-68.4508026,-53.2998623],[-68.45092324,-53.29982484],[-68.4533351,-53.299076],[-68.4541569,-53.2987175],[-68.455464,-53.2980966],[-68.4566918,-53.2974489]]]},"geometry_name":"geom","properties":{"gid":767,"rtn":"3","typ":40,"rst":1,"hct":1,"fdc":"Dirección Nacional de Vialidad","sag":"IGN"},"bbox":[-68.4566918,-53.7348598,-67.7792175,-53.2974489]},{"type":"Feature","id":"vial_nacional.768","geometry":{"type":"MultiLineString","coordinates":[[[-68.2982348,-54.7985947],[-68.2967556,-54.7983845],[-68.2972543,-54.7984214],[-68.2974075,-54.7984221],[-68.2975186,-54.7984175],[-68.2976125,-54.7984082],[-68.2977199,-54.7983943],[-68.2978258,-54.7983819],[-68.2979465,-54.798368],[-68.2980304,-54.7983625],[-68.29816374,-54.79837528],[-68.29827224,-54.79838956],[-68.29834648,-54.79841526],[-68.2984472,-54.7984534],[-68.298531,-54.7985034],[-68.2986603,-54.7985564],[-68.2987686,-54.7985937],[-68.2988563,-54.7986175],[-68.2989812,-54.7986476],[-68.2992117,-54.7986947],[-68.2987068,-54.7986466],[-68.2984027,-54.7986121],[-68.2982348,-54.7985947]]]},"geometry_name":"geom","properties":{"gid":768,"rtn":"3","typ":40,"rst":1,"hct":1,"fdc":"Dirección Nacional de Vialidad","sag":"IGN"},"bbox":[-68.2992117,-54.7986947,-68.2967556,-54.7983625]},{"type":"Feature","id":"vial_nacional.769","geometry":{"type":"MultiLineString","coordinates":[[[-68.2967556,-54.7983845],[-68.2955512,-54.7982312],[-68.2943903,-54.7980881],[-68.2939453,-54.7979861],[-68.2935534,-54.7978622],[-68.2931999,-54.7976892],[-68.2928878,-54.7975044],[-68.2926145,-54.7972613],[-68.2923601,-54.7969763],[-68.2922154,-54.7967877],[-68.2919867,-54.7964429],[-68.2918934,-54.7963266],[-68.2917815,-54.7962156],[-68.2916334,-54.7960978],[-68.2914759,-54.7960016],[-68.2913186,-54.7959266],[-68.2911382,-54.795855],[-68.2908503,-54.7957688],[-68.2905291,-54.7957183],[-68.2901316,-54.7956993],[-68.2896552,-54.7957069],[-68.288708,-54.7957568],[-68.2882474,-54.7957747],[-68.2878461,-54.7957651],[-68.2875428,-54.7957329],[-68.2872192,-54.7956733],[-68.2869277,-54.7955874],[-68.2866549,-54.7954802],[-68.2863989,-54.7953413],[-68.2862498,-54.7952351],[-68.2861316,-54.7951289],[-68.2859649,-54.7949541],[-68.2858856,-54.7948616],[-68.2858136,-54.7947777],[-68.2856503,-54.7945692],[-68.2852559,-54.7941092],[-68.2847938,-54.7936057],[-68.2845812,-54.7934139],[-68.2842262,-54.7931186],[-68.2840889,-54.7930124],[-68.2839114,-54.792894],[-68.2836917,-54.7927628],[-68.2833447,-54.792556],[-68.2831667,-54.7924559],[-68.2830158,-54.79238],[-68.2828247,-54.7922915],[-68.2826095,-54.7922029],[-68.2821256,-54.7920161],[-68.2810566,-54.791614],[-68.2807734,-54.7914883],[-68.2805063,-54.7913595],[-68.2800463,-54.7911209],[-68.2798349,-54.7910017],[-68.2797955,-54.7909764],[-68.2796826,-54.7909041],[-68.279563,-54.7908154],[-68.2792074,-54.7905163],[-68.2790494,-54.7903949],[-68.2788913,-54.7902915],[-68.278711,-54.7901899],[-68.2785206,-54.7901011],[-68.2783151,-54.7900188],[-68.278079,-54.7899365],[-68.2778137,-54.7898585],[-68.2775855,-54.7898015],[-68.2773715,-54.7897575],[-68.2770385,-54.7897011],[-68.2766709,-54.7896411]]]},"geometry_name":"geom","properties":{"gid":769,"rtn":"3","typ":40,"rst":1,"hct":1,"fdc":"Dirección Nacional de Vialidad","sag":"IGN"},"bbox":[-68.2967556,-54.7983845,-68.2766709,-54.7896411]},{"type":"Feature","id":"vial_nacional.770","geometry":{"type":"MultiLineString","coordinates":[[[-68.2766709,-54.7896411],[-68.2762243,-54.7896021],[-68.275927,-54.789579],[-68.2756359,-54.7895595],[-68.2752571,-54.7895347],[-68.2749587,-54.7895171],[-68.274713,-54.7894996],[-68.2733778,-54.7894393],[-68.2727454,-54.7894032],[-68.2724552,-54.7893806],[-68.2721738,-54.7893507],[-68.2719632,-54.7893297],[-68.271758,-54.7893158],[-68.2711862,-54.7892858],[-68.2708727,-54.7892774],[-68.2706082,-54.7892732],[-68.2703867,-54.7892725],[-68.2702441,-54.7892713],[-68.2696395,-54.7892353],[-68.2693228,-54.7892042],[-68.2690128,-54.78917],[-68.2685163,-54.7891219],[-68.2683795,-54.7891066],[-68.268267,-54.7890914],[-68.2681174,-54.7890643],[-68.2683271,-54.7890701],[-68.2685165,-54.7890713],[-68.2688344,-54.7890664],[-68.2690679,-54.7890637],[-68.2694846,-54.7890521],[-68.2696452,-54.7890499],[-68.2698382,-54.7890514],[-68.2702841,-54.7890885],[-68.2709614,-54.7891848],[-68.2711951,-54.7892136],[-68.2714159,-54.7892356],[-68.2721291,-54.789287],[-68.2727599,-54.789331],[-68.2733933,-54.7893629],[-68.2747301,-54.7894302],[-68.2751319,-54.7894586],[-68.2756547,-54.7894955],[-68.2759555,-54.7895261],[-68.2762888,-54.7895742],[-68.2766709,-54.7896411]]]},"geometry_name":"geom","properties":{"gid":770,"rtn":"3","typ":40,"rst":1,"hct":1,"fdc":"Dirección Nacional de Vialidad","sag":"IGN"},"bbox":[-68.2766709,-54.7896411,-68.2681174,-54.7890499]},{"type":"Feature","id":"vial_nacional.799","geometry":{"type":"MultiLineString","coordinates":[[[-65.1224197,-42.7802939],[-65.1212991,-42.7757377],[-65.1211408,-42.775094],[-65.1205558,-42.7727155],[-65.1203912,-42.7719781],[-65.11965761,-42.76900897],[-65.1196228,-42.7688681],[-65.1193834,-42.7678146],[-65.1193332,-42.7676195],[-65.1190009,-42.7663291],[-65.11893203,-42.76606148],[-65.1188479,-42.7657346],[-65.1143831,-42.7477066],[-65.1137275,-42.7450927],[-65.1131786,-42.7429969],[-65.1131134,-42.742748],[-65.1129124,-42.7418449],[-65.1069086,-42.717339],[-65.1068312,-42.7170236],[-65.1051374,-42.7103026],[-65.1023905,-42.6989305],[-65.0968077,-42.6761021],[-65.0960946,-42.6731854],[-65.0905977,-42.6506987],[-65.0847726,-42.6268605],[-65.0818271,-42.6148034],[-65.0816133,-42.6136609],[-65.0815642,-42.613329]]]},"geometry_name":"geom","properties":{"gid":799,"rtn":"3","typ":40,"rst":1,"hct":1,"fdc":"Dirección Nacional de Vialidad","sag":"IGN"},"bbox":[-65.1224197,-42.7802939,-65.0815642,-42.613329]},{"type":"Feature","id":"vial_nacional.777","geometry":{"type":"MultiLineString","coordinates":[[[-67.7804529,-53.8108349],[-67.7798058,-53.810455],[-67.7790398,-53.810051],[-67.77862691,-53.80983123],[-67.77849732,-53.80975083],[-67.77845145,-53.80971257],[-67.77842632,-53.80967602],[-67.77840881,-53.80964099],[-67.77839967,-53.80960064],[-67.77839738,-53.80955952],[-67.77841452,-53.80945958],[-67.7784956,-53.8091816],[-67.7783736,-53.8092824],[-67.77826033,-53.80939105],[-67.77816896,-53.80947386],[-67.77809472,-53.80955095],[-67.77807454,-53.80958998],[-67.77807682,-53.80962919],[-67.77813755,-53.80967373],[-67.7785577,-53.8099281],[-67.7797583,-53.8105321],[-67.7804529,-53.8108349]]]},"geometry_name":"geom","properties":{"gid":777,"rtn":"3","typ":40,"rst":1,"hct":1,"fdc":"Dirección Nacional de Vialidad","sag":"IGN"},"bbox":[-67.7804529,-53.8108349,-67.77807454,-53.8091816]},{"type":"Feature","id":"vial_nacional.778","geometry":{"type":"MultiLineString","coordinates":[[[-67.7777299,-53.7386024],[-67.7777908,-53.7383704],[-67.7778044,-53.7382937],[-67.7778419,-53.7381189],[-67.7778607,-53.7379288],[-67.7778563,-53.7377656],[-67.7778238,-53.7375972],[-67.777775,-53.7374866],[-67.7777262,-53.7373832],[-67.7776571,-53.7372942],[-67.7775616,-53.7372149],[-67.7774274,-53.7371476],[-67.7772689,-53.7370947],[-67.7771164,-53.737061],[-67.7768783,-53.7370255],[-67.7766822,-53.7370213],[-67.7765397,-53.7370006],[-67.7763926,-53.7369619],[-67.7762689,-53.7369122],[-67.7761591,-53.7368459],[-67.7760797,-53.7367672],[-67.7760307,-53.7366622],[-67.7760167,-53.7365517],[-67.7760541,-53.7364481],[-67.7761311,-53.7363418],[-67.7762455,-53.7362382],[-67.7764206,-53.7361388],[-67.7765888,-53.7360738],[-67.7767569,-53.7360324],[-67.7770201,-53.7359491],[-67.7773067,-53.7358505],[-67.7774143,-53.7358075],[-67.7775954,-53.7357351],[-67.7777926,-53.7356497],[-67.7780893,-53.7355115],[-67.7783272,-53.7353852],[-67.7785711,-53.7352505],[-67.7788496,-53.7350822],[-67.7792175,-53.7348598],[-67.7788923,-53.7351099],[-67.7786483,-53.7352926],[-67.7784959,-53.7354393],[-67.7783475,-53.7356016],[-67.7782337,-53.7357423],[-67.7781483,-53.7358626],[-67.7780629,-53.7359864],[-67.7779562,-53.7361649],[-67.77781,-53.7364371],[-67.7777936,-53.7365448],[-67.7777516,-53.7366498],[-67.7777218,-53.7367878],[-67.7777187,-53.7369245],[-67.7777341,-53.7370575],[-67.7777804,-53.7372142],[-67.7778543,-53.7373783],[-67.7779005,-53.7374931],[-67.7779252,-53.7375951],[-67.7779504,-53.737763],[-67.7779535,-53.7379636],[-67.7779328,-53.7381504],[-67.7778967,-53.7383087],[-67.7778647,-53.7383782],[-67.7777299,-53.7386024]]]},"geometry_name":"geom","properties":{"gid":778,"rtn":"3","typ":40,"rst":1,"hct":1,"fdc":"Dirección Nacional de Vialidad","sag":"IGN"},"bbox":[-67.7792175,-53.7386024,-67.7760167,-53.7348598]},{"type":"Feature","id":"vial_nacional.779","geometry":{"type":"MultiLineString","coordinates":[[[-67.5227123,-46.4298006],[-67.5226418,-46.429723],[-67.522576,-46.4296248],[-67.5224012,-46.4293696],[-67.5220726,-46.4289609],[-67.5217618,-46.4286086],[-67.5214666,-46.4282615],[-67.5212013,-46.427968],[-67.5210614,-46.4277898],[-67.520747,-46.4274253],[-67.5204365,-46.4270358],[-67.5203677,-46.4269452],[-67.5202714,-46.426813],[-67.5202062,-46.4266987],[-67.5201514,-46.4265999],[-67.5201089,-46.4264722],[-67.5200753,-46.4263079],[-67.5200623,-46.4261609],[-67.5200617,-46.4260393],[-67.5200753,-46.4259489],[-67.5200898,-46.4258709],[-67.5201049,-46.4258191],[-67.5201621,-46.425668],[-67.520261,-46.4254912],[-67.5203392,-46.4253678],[-67.5204544,-46.4252071],[-67.5205471,-46.425087],[-67.5205714,-46.4250507],[-67.5207448,-46.4248264],[-67.5210246,-46.4244204],[-67.521813,-46.4233427],[-67.5219259,-46.4231934],[-67.5221947,-46.4228492],[-67.5223069,-46.4226932],[-67.5225391,-46.4223757],[-67.5226284,-46.4222407],[-67.5230518,-46.4216608],[-67.524354,-46.4198985],[-67.5256291,-46.4181889],[-67.5263362,-46.4172049],[-67.5267472,-46.4166796],[-67.5267713,-46.4166484],[-67.5269548,-46.4164319],[-67.5270007,-46.4163777],[-67.5284059,-46.4148279],[-67.5291908,-46.4138017],[-67.5320249,-46.4094101],[-67.5330142,-46.407877],[-67.5337692,-46.4067382],[-67.5341454,-46.4061526],[-67.5345818,-46.405463],[-67.5351665,-46.4045678],[-67.5357459,-46.4036597],[-67.5359953,-46.4032768],[-67.5360785,-46.4031399],[-67.5361946,-46.4029455],[-67.5363226,-46.4027182],[-67.536546,-46.4023],[-67.536749,-46.4018951],[-67.5369341,-46.4015326],[-67.5370628,-46.4013069],[-67.5372675,-46.4010016],[-67.5373828,-46.4008406],[-67.5376261,-46.4005208],[-67.537706,-46.4004294],[-67.5377905,-46.4003353],[-67.5378964,-46.4002093],[-67.5380993,-46.3999994],[-67.5382848,-46.3998215],[-67.5385316,-46.3995897],[-67.5391453,-46.3990831],[-67.5410258,-46.3975195],[-67.5417138,-46.3968949],[-67.542043,-46.3965768],[-67.5425592,-46.3959734],[-67.5430823,-46.3952828],[-67.5434991,-46.3946736],[-67.5438639,-46.3940182],[-67.5441145,-46.3935297],[-67.5442741,-46.3931531],[-67.5444839,-46.3926412],[-67.5446065,-46.3922686],[-67.544729,-46.3918552],[-67.5448603,-46.3912487],[-67.5448992,-46.3910689],[-67.5450721,-46.3902553],[-67.5452724,-46.3893134],[-67.5455498,-46.3882215],[-67.5456343,-46.3879171],[-67.545766,-46.3875965],[-67.5460664,-46.3869601],[-67.5465814,-46.3858796],[-67.5471994,-46.3847099],[-67.5475613,-46.3840248],[-67.5489312,-46.3814318],[-67.548983,-46.381347],[-67.5491273,-46.3811105],[-67.5493358,-46.3807942],[-67.5495458,-46.3805035],[-67.5498106,-46.3801686],[-67.550109,-46.3798189],[-67.5504178,-46.3794935],[-67.5504953,-46.3794118],[-67.5508555,-46.3790702],[-67.5521378,-46.377696],[-67.5523245,-46.3775318],[-67.552432,-46.3774199],[-67.5535798,-46.3762253],[-67.5549083,-46.3748782],[-67.5556969,-46.3739714],[-67.556244,-46.3732312],[-67.556641,-46.3726501],[-67.5570594,-46.3719173],[-67.5623968,-46.3620692],[-67.5630307,-46.3608829],[-67.5636292,-46.3597047],[-67.5710699,-46.3439831],[-67.5720481,-46.3419152],[-67.5730309,-46.3397811],[-67.5739949,-46.3377586],[-67.5751341,-46.3357304],[-67.5786297,-46.329521],[-67.5810377,-46.3252704],[-67.5824217,-46.3228288],[-67.5836397,-46.320643],[-67.5837853,-46.3203817],[-67.5842643,-46.3195333],[-67.5852028,-46.3178724],[-67.5855819,-46.3172087],[-67.5862935,-46.3159753],[-67.5874515,-46.3138669],[-67.5878058,-46.3132367],[-67.5899165,-46.3094822],[-67.5900422,-46.3092586],[-67.5926522,-46.3046156],[-67.5929893,-46.3039938],[-67.5933501,-46.303143],[-67.5937357,-46.3020172],[-67.5940591,-46.3008484],[-67.5959753,-46.2934457],[-67.5963729,-46.2919098],[-67.5998254,-46.2785126],[-67.5999932,-46.2778497],[-67.6002318,-46.2771133],[-67.6040993,-46.2653441],[-67.6042072,-46.2650158],[-67.6044505,-46.26429],[-67.6046489,-46.2636837],[-67.604905,-46.2628763],[-67.6050072,-46.2625879],[-67.6050808,-46.2623745],[-67.6051988,-46.2620741],[-67.6053522,-46.2617357],[-67.6054912,-46.2614288],[-67.6058398,-46.2607037],[-67.6060651,-46.2602382],[-67.6063634,-46.2595586],[-67.6065935,-46.2589234],[-67.6066552,-46.2587306],[-67.6067192,-46.2585345],[-67.6069669,-46.2577764],[-67.6071944,-46.2570337],[-67.6073982,-46.2563735],[-67.6076611,-46.2555612],[-67.6079078,-46.2547804],[-67.6080956,-46.2541646],[-67.6083643,-46.2533217],[-67.6085676,-46.2526735],[-67.6087822,-46.2519891],[-67.6090478,-46.2511508],[-67.6092999,-46.2503588],[-67.6096116,-46.2493451],[-67.6098202,-46.2486839],[-67.6100643,-46.2478956],[-67.6103567,-46.2469644],[-67.610413,-46.2467789],[-67.6104555,-46.2466238],[-67.6158837,-46.2289924],[-67.6224576,-46.2080944],[-67.6226938,-46.2072857],[-67.6235254,-46.2034087],[-67.6238129,-46.2020781],[-67.6253769,-46.1948363],[-67.6272982,-46.1859394],[-67.6280273,-46.1825626],[-67.6280726,-46.1823617],[-67.628144,-46.1820142],[-67.628204,-46.1816465],[-67.6282523,-46.1812602],[-67.6282899,-46.1808591],[-67.6283328,-46.1800902],[-67.628365,-46.179574],[-67.6284669,-46.1780696],[-67.6285152,-46.1772747],[-67.6285688,-46.1764241],[-67.6286225,-46.1755995],[-67.6286493,-46.1751872],[-67.6286976,-46.1742325],[-67.6288263,-46.1724271],[-67.6289014,-46.1710972],[-67.6290141,-46.1693809],[-67.629116,-46.1677834],[-67.6292018,-46.1662974],[-67.6293252,-46.164488],[-67.6294647,-46.1623033],[-67.629572,-46.1606202],[-67.62969,-46.1587326],[-67.6298026,-46.1570345],[-67.6299046,-46.1553995],[-67.6299743,-46.1542699],[-67.6299797,-46.1538016],[-67.6299528,-46.1532628],[-67.6299314,-46.1529246],[-67.6299046,-46.152579],[-67.6298616,-46.1522037],[-67.6296632,-46.1509551],[-67.6295291,-46.1501375],[-67.6294003,-46.1493348],[-67.6293467,-46.1487401],[-67.6293282,-46.1484415],[-67.629324,-46.1481602],[-67.6293416,-46.1471364],[-67.629368,-46.1456129],[-67.6293908,-46.1452277],[-67.6295465,-46.1442053],[-67.6295703,-46.1440476],[-67.6295796,-46.1438841],[-67.629588,-46.1436671],[-67.62951,-46.1430574],[-67.6294903,-46.1428575],[-67.629453,-46.1423145],[-67.6294343,-46.1420947],[-67.6294157,-46.1418189],[-67.6294179,-46.141482],[-67.6295,-46.1407373],[-67.6295135,-46.1404752],[-67.6295744,-46.1373527],[-67.6295829,-46.1370361],[-67.629556,-46.136025],[-67.6295614,-46.134657],[-67.629599,-46.1319061],[-67.6296692,-46.126439],[-67.6296601,-46.1260523],[-67.6296117,-46.1256682],[-67.6295545,-46.1253543],[-67.6293346,-46.1244825],[-67.6290311,-46.1233759],[-67.628886,-46.1226931],[-67.6288466,-46.1223896],[-67.6287996,-46.1219835],[-67.6287933,-46.1215265],[-67.6288244,-46.1209143],[-67.6288493,-46.1194571],[-67.6289053,-46.118043],[-67.6289182,-46.1170258],[-67.628924,-46.1165684],[-67.6289172,-46.1161973],[-67.6289603,-46.1148135],[-67.6289364,-46.1141108],[-67.6288804,-46.1128906],[-67.6287996,-46.1118773],[-67.6287522,-46.110819],[-67.6287825,-46.104368],[-67.6287919,-46.1023535],[-67.6288024,-46.1007651],[-67.6288493,-46.0936849],[-67.6289298,-46.0803362],[-67.6289425,-46.0782333],[-67.6289445,-46.0777133],[-67.628946,-46.0773107],[-67.6289514,-46.0748907],[-67.6289537,-46.0733203],[-67.62898,-46.0681986],[-67.6289765,-46.0678638],[-67.6289336,-46.0675214],[-67.6288855,-46.0672876],[-67.628821,-46.0669743],[-67.6287129,-46.0666017],[-67.6285444,-46.0660306],[-67.6284693,-46.0656881],[-67.6284025,-46.0653366],[-67.628365,-46.0649086],[-67.6283529,-46.064517],[-67.6283596,-46.0641306],[-67.6284133,-46.0632187],[-67.6284884,-46.0620388],[-67.628542,-46.0611008],[-67.6285468,-46.0610268],[-67.6285903,-46.0603526],[-67.6285918,-46.0600966],[-67.6285924,-46.0599917],[-67.6285882,-46.0597284],[-67.6285806,-46.0592598],[-67.6285179,-46.0587957],[-67.6284532,-46.0583162],[-67.6283875,-46.0579713],[-67.6281199,-46.0563376],[-67.6279395,-46.0552087],[-67.6277875,-46.0542572],[-67.6277602,-46.0540597],[-67.627669,-46.0535733],[-67.6276482,-46.0534333],[-67.6273876,-46.0519024],[-67.6269069,-46.0488857],[-67.6267439,-46.0478982],[-67.6267049,-46.0477045],[-67.6266526,-46.0475743],[-67.6265668,-46.0474235],[-67.6263523,-46.0471368],[-67.6261269,-46.0469804],[-67.6258532,-46.046846],[-67.6252106,-46.0467047],[-67.623261,-46.0464021],[-67.6225441,-46.0461922],[-67.6219263,-46.0459364],[-67.6203753,-46.0451563],[-67.6195944,-46.0447934],[-67.6193292,-46.0446652],[-67.6182329,-46.0441089],[-67.6154032,-46.042623],[-67.6146884,-46.0422295],[-67.6140475,-46.0418617],[-67.612264,-46.0407132],[-67.6112772,-46.0400624],[-67.6097967,-46.0390859],[-67.6093635,-46.0387781],[-67.6086495,-46.0381997],[-67.6082539,-46.0378205],[-67.6068472,-46.0362526],[-67.6008929,-46.0294628],[-67.6005914,-46.0291052],[-67.6003266,-46.028754],[-67.6001828,-46.0285148],[-67.6000539,-46.0282283],[-67.5998906,-46.0276789],[-67.5998603,-46.0275201],[-67.5994956,-46.0256106],[-67.5994064,-46.0251434],[-67.5993078,-46.0248011],[-67.599178,-46.0244532],[-67.5991079,-46.0243519],[-67.5989627,-46.0241422],[-67.5986519,-46.0238701],[-67.5983835,-46.0237058],[-67.5980599,-46.0235516],[-67.5977912,-46.0234568],[-67.5974492,-46.0233747],[-67.5949809,-46.0230727],[-67.5940483,-46.0229462],[-67.5925376,-46.0227645],[-67.5913414,-46.0225787],[-67.5908228,-46.0224671],[-67.5904158,-46.0223175],[-67.5902135,-46.0221812],[-67.5900532,-46.0220128],[-67.5899931,-46.0218614],[-67.5899954,-46.0216904],[-67.590043,-46.0215796],[-67.5901602,-46.0214216],[-67.5903162,-46.0212958],[-67.5905209,-46.0211834],[-67.5907805,-46.0210731],[-67.5925787,-46.0204125],[-67.5942545,-46.0198131],[-67.5949118,-46.0195627],[-67.5995761,-46.0177233],[-67.6021546,-46.0167018],[-67.6047787,-46.0156367],[-67.6050771,-46.0154968],[-67.6052606,-46.0153756],[-67.6054051,-46.015267],[-67.6055225,-46.0151466],[-67.6056039,-46.0150552],[-67.6057273,-46.0148848],[-67.6058139,-46.0146959],[-67.6058567,-46.0145571],[-67.6058997,-46.0142776],[-67.6059896,-46.0121164],[-67.6060363,-46.0109926],[-67.6060515,-46.0106274],[-67.6060599,-46.0104541],[-67.6060492,-46.0103498],[-67.6060269,-46.0101927],[-67.6059848,-46.0100853],[-67.6058926,-46.0099326],[-67.6057888,-46.009814],[-67.6056093,-46.0096904],[-67.605421,-46.009585],[-67.6051983,-46.0095137],[-67.6048434,-46.009438],[-67.6045686,-46.0093923],[-67.6040671,-46.009334],[-67.6034528,-46.0092555],[-67.6029736,-46.0092027],[-67.6022479,-46.0091113],[-67.6018059,-46.0090421],[-67.6015056,-46.0089728],[-67.6012851,-46.0089048],[-67.6010279,-46.0087912],[-67.6008725,-46.0086993],[-67.6007493,-46.0086197],[-67.6006097,-46.008513],[-67.6004697,-46.0083873],[-67.600379,-46.0082894],[-67.6002575,-46.0081209],[-67.6001698,-46.0079616],[-67.6000899,-46.0077861],[-67.6000207,-46.0075869],[-67.5999837,-46.0074583],[-67.5998775,-46.0070507],[-67.5997905,-46.0068172],[-67.5990418,-46.0042343],[-67.5985402,-46.0025375],[-67.5982662,-46.0016284],[-67.5982241,-46.0014711],[-67.5981568,-46.0012646],[-67.5977946,-46.0000099],[-67.59772827,-45.99979469],[-67.5974689,-45.9989531],[-67.597418,-45.9987724],[-67.5971919,-45.9979715],[-67.5970944,-45.9976685],[-67.5966852,-45.9962961],[-67.5966012,-45.9960144],[-67.5963771,-45.9952557],[-67.5961465,-45.9944684],[-67.5960156,-45.9940207],[-67.5957069,-45.9929652],[-67.5955116,-45.9922996],[-67.5955021,-45.9922674],[-67.5954222,-45.9919847],[-67.5953512,-45.9917455],[-67.595251,-45.9913859],[-67.5952117,-45.9912446],[-67.5951729,-45.9909841],[-67.5951605,-45.9908139],[-67.5951648,-45.9906893],[-67.595183,-45.9905249],[-67.5952227,-45.9903815],[-67.5952713,-45.9902416],[-67.5953612,-45.9900504],[-67.5954549,-45.9898777],[-67.5954924,-45.989834],[-67.5955957,-45.9897012],[-67.5957656,-45.9895153],[-67.5958916,-45.9893865],[-67.5960529,-45.9892568],[-67.5962693,-45.9891091],[-67.5964796,-45.9889852],[-67.5967863,-45.9888543],[-67.597126,-45.9887343],[-67.5978782,-45.9884893],[-67.5985752,-45.9882777],[-67.6001859,-45.987771],[-67.6018679,-45.9872502],[-67.6025509,-45.9870541],[-67.6033324,-45.9867701],[-67.6035601,-45.9866751],[-67.6038873,-45.9865111],[-67.6041077,-45.9863827],[-67.604354,-45.9862204],[-67.6046042,-45.986043],[-67.6047671,-45.9859147],[-67.6049508,-45.9857359],[-67.6050932,-45.9855833],[-67.6052392,-45.9854041],[-67.6053575,-45.9852068],[-67.605465,-45.9850173],[-67.6055366,-45.9848424],[-67.6055932,-45.9846772],[-67.6056313,-45.9845022],[-67.6056745,-45.9842431],[-67.6056898,-45.9840398],[-67.6056769,-45.9838216],[-67.6056571,-45.9836216],[-67.6055868,-45.9833557],[-67.6054864,-45.9831039],[-67.6053297,-45.9828007],[-67.6051833,-45.9825945],[-67.6050661,-45.9824468],[-67.6048972,-45.9822618],[-67.6045989,-45.9819634],[-67.6043125,-45.9817345],[-67.6039829,-45.9815313],[-67.6032143,-45.9811741],[-67.5998502,-45.9796232],[-67.5988602,-45.9791557],[-67.5985107,-45.9790119],[-67.5978946,-45.9787975],[-67.5973466,-45.9786195],[-67.5969935,-45.9785118],[-67.5965971,-45.978411],[-67.5961812,-45.9783124],[-67.5957924,-45.9782321],[-67.595313,-45.9781412],[-67.5927454,-45.977699],[-67.5888019,-45.9770161],[-67.5883856,-45.9769429],[-67.5882855,-45.9769258],[-67.5875793,-45.9768055],[-67.5873689,-45.9767677],[-67.5867901,-45.9766579],[-67.5867619,-45.9766525],[-67.5866129,-45.9766279],[-67.5850809,-45.9763671],[-67.5834221,-45.9760848],[-67.5803659,-45.9755431],[-67.579886,-45.9754264],[-67.5795919,-45.9753317],[-67.5793812,-45.9752537],[-67.5790085,-45.9751093],[-67.5785543,-45.9748808],[-67.5783025,-45.9747228],[-67.5781059,-45.9745898],[-67.5778701,-45.9744139],[-67.5775938,-45.9741658],[-67.5772979,-45.973852],[-67.5770786,-45.9735721],[-67.5769658,-45.973385],[-67.5768614,-45.9731507],[-67.5767484,-45.9728617],[-67.5766463,-45.9725335],[-67.5765065,-45.9720841],[-67.5760219,-45.9704238],[-67.5759749,-45.9702715],[-67.57596,-45.9702178],[-67.5757367,-45.9694124],[-67.5753884,-45.9679728],[-67.5747813,-45.9654218],[-67.5742846,-45.9636242],[-67.5741641,-45.9631725],[-67.5740642,-45.9627979],[-67.5737286,-45.9615397],[-67.5731355,-45.9595269],[-67.5727343,-45.9581404],[-67.5725711,-45.9576138],[-67.5724787,-45.9572549],[-67.5720503,-45.9557108],[-67.5720355,-45.9556574],[-67.5719686,-45.9554165],[-67.5719391,-45.9553102],[-67.5719136,-45.9551082],[-67.5719092,-45.9549624],[-67.5719295,-45.9546594],[-67.5719814,-45.9544329],[-67.5720969,-45.9540917],[-67.5722151,-45.9538946],[-67.5722909,-45.9537828],[-67.5724465,-45.9535777],[-67.5725949,-45.9534095],[-67.5728388,-45.9531923],[-67.5730939,-45.9530178],[-67.5734569,-45.9527995],[-67.5737534,-45.9526614],[-67.5738359,-45.9526229],[-67.5742489,-45.9524663],[-67.574934,-45.9522496],[-67.5751275,-45.9521873],[-67.5762767,-45.9518173],[-67.5785775,-45.9510598],[-67.5805801,-45.950411],[-67.5817275,-45.9500435],[-67.5822738,-45.9498941],[-67.5825326,-45.9498333],[-67.5829899,-45.9497647],[-67.5836381,-45.9496799],[-67.584243,-45.9496291],[-67.5846618,-45.9495959],[-67.5850689,-45.9495459],[-67.5854284,-45.9494787],[-67.5858353,-45.9493942],[-67.5863117,-45.9492704],[-67.5867105,-45.9491542],[-67.5870538,-45.9490274],[-67.5873731,-45.948911],[-67.5925845,-45.9467298],[-67.5958568,-45.9453571],[-67.5978446,-45.9444883],[-67.5982386,-45.9443239],[-67.5983452,-45.9442768],[-67.5985175,-45.9442008],[-67.5987643,-45.9440739],[-67.5989187,-45.9439899],[-67.5991107,-45.9438735],[-67.5993115,-45.943727],[-67.5994402,-45.9436189],[-67.5995625,-45.9435062],[-67.5996709,-45.9433913],[-67.5997745,-45.9432476],[-67.5998533,-45.9431153],[-67.5998967,-45.9430325],[-67.5999984,-45.9428286],[-67.6000625,-45.9426341],[-67.6000818,-45.9425008],[-67.6001054,-45.9423356],[-67.6001089,-45.9421824],[-67.6001107,-45.9420779],[-67.6000872,-45.9419587],[-67.6000386,-45.9417483],[-67.5999767,-45.9415411],[-67.5999045,-45.9413513],[-67.5990685,-45.9391542],[-67.5990412,-45.9390818],[-67.5980511,-45.9363654],[-67.5976804,-45.9353391],[-67.5968526,-45.9331233],[-67.5967585,-45.9328568],[-67.5965498,-45.9322683],[-67.5957903,-45.9302195],[-67.5956403,-45.9298752],[-67.5955698,-45.9297313],[-67.5954678,-45.9295611],[-67.5951642,-45.9291818],[-67.5948563,-45.9288404],[-67.594548,-45.9285861],[-67.5942413,-45.9283524],[-67.5941486,-45.9282788],[-67.5939996,-45.9281832],[-67.5935258,-45.9279667],[-67.5931739,-45.9278231],[-67.5927064,-45.9276775],[-67.5909216,-45.9271955],[-67.5905906,-45.9271084],[-67.5879641,-45.926346],[-67.5850062,-45.925563],[-67.5840357,-45.9253061],[-67.5806703,-45.9243583],[-67.5745766,-45.9226609]]]},"geometry_name":"geom","properties":{"gid":779,"rtn":"3","typ":40,"rst":1,"hct":1,"fdc":"Dirección Nacional de Vialidad","sag":"IGN"},"bbox":[-67.6299797,-46.4298006,-67.5200617,-45.9226609]},{"type":"Feature","id":"vial_nacional.780","geometry":{"type":"MultiLineString","coordinates":[[[-67.5168955,-46.4664665],[-67.5168564,-46.4663345],[-67.5167881,-46.4657951],[-67.5167453,-46.4654469],[-67.5166527,-46.4642862],[-67.5166415,-46.4640687],[-67.5166194,-46.4637672],[-67.516614,-46.4636298],[-67.5166174,-46.4634995],[-67.5166197,-46.4634084],[-67.5166317,-46.4633029],[-67.51664438,-46.46316368],[-67.51662915,-46.46307612],[-67.51661012,-46.46299617],[-67.51659108,-46.46292002],[-67.51655682,-46.46282104],[-67.51653017,-46.4627487],[-67.51651113,-46.46266114],[-67.51650352,-46.46258119],[-67.51650352,-46.46249362],[-67.5164921,-46.46234895],[-67.51645783,-46.46221951],[-67.5163832,-46.4621229],[-67.5162521,-46.462037],[-67.51604,-46.4619116],[-67.515858,-46.4618179],[-67.5157256,-46.4617663],[-67.5155702,-46.4617139],[-67.5154361,-46.4616843],[-67.5152859,-46.4616631],[-67.5151457,-46.4616556],[-67.5146676,-46.4616667],[-67.5143808,-46.4616741],[-67.5139985,-46.461665],[-67.5131994,-46.4616539],[-67.5129739,-46.4616513],[-67.5122483,-46.4616473],[-67.5119691,-46.461642],[-67.5116837,-46.461615],[-67.5115237,-46.461577],[-67.5119288,-46.4615487],[-67.5124884,-46.4615444],[-67.512651,-46.4615473],[-67.5131962,-46.4615564],[-67.5136172,-46.4615678],[-67.5141381,-46.4615784],[-67.5143726,-46.4615827],[-67.5146585,-46.4615839],[-67.5150703,-46.4616067],[-67.5152953,-46.4616215],[-67.5154401,-46.4616418],[-67.5155984,-46.4616732],[-67.5157523,-46.4617209],[-67.5158767,-46.4617754],[-67.5160864,-46.4618952],[-67.5163304,-46.4620394],[-67.5164293,-46.4620951],[-67.5165353,-46.4621427],[-67.5166335,-46.462164],[-67.5166764,-46.4621692],[-67.5167274,-46.4621682],[-67.516783,-46.4621632],[-67.516854,-46.4621522],[-67.5169268,-46.4621408],[-67.5170157,-46.462111],[-67.5171012,-46.4620896],[-67.5171807,-46.4620731],[-67.5172637,-46.4620651],[-67.5173604,-46.462062],[-67.517455,-46.4620705],[-67.5174904,-46.4620791],[-67.51756952,-46.46211672],[-67.51764566,-46.46220428],[-67.51765327,-46.46228042],[-67.51764566,-46.46234895],[-67.51761901,-46.4624289],[-67.51757713,-46.46251647],[-67.51747726,-46.4626218],[-67.51738398,-46.46271888],[-67.51725073,-46.46281406],[-67.51715746,-46.46288639],[-67.51704895,-46.46294921],[-67.51694806,-46.46301584],[-67.51689286,-46.46307294],[-67.51683575,-46.4631586],[-67.5168053,-46.46322523],[-67.5167805,-46.4632901],[-67.5167719,-46.4633203],[-67.5167638,-46.4633702],[-67.5167594,-46.4634533],[-67.5167648,-46.4637231],[-67.516823,-46.4643202],[-67.516831,-46.4644244],[-67.5168781,-46.4649622],[-67.5169311,-46.4657085],[-67.5169364,-46.465794],[-67.5169362,-46.465893],[-67.516932,-46.4660286],[-67.5169303,-46.4663192],[-67.5168955,-46.4664665]]]},"geometry_name":"geom","properties":{"gid":780,"rtn":"3","typ":40,"rst":1,"hct":1,"fdc":"Dirección Nacional de Vialidad","sag":"IGN"},"bbox":[-67.51765327,-46.4664665,-67.5115237,-46.4615444]},{"type":"Feature","id":"vial_nacional.800","geometry":{"type":"MultiLineString","coordinates":[[[-65.0815642,-42.613329],[-65.081491,-42.6132318],[-65.0814562,-42.6130502],[-65.081373,-42.6124679],[-65.0813448,-42.6118569],[-65.081338,-42.6114419],[-65.0813334,-42.6110466],[-65.0813355,-42.6109677],[-65.0813465,-42.6105444],[-65.0813717,-42.6099944],[-65.0815447,-42.6090794],[-65.0816252,-42.6089505],[-65.0816225,-42.6090854],[-65.0815839,-42.6093194],[-65.0815476,-42.6095772],[-65.0814977,-42.6101504],[-65.0814688,-42.6110082],[-65.081467,-42.6113602],[-65.081503,-42.6123504],[-65.0815782,-42.6131864],[-65.0815642,-42.613329]]]},"geometry_name":"geom","properties":{"gid":800,"rtn":"3","typ":40,"rst":1,"hct":1,"fdc":"Dirección Nacional de Vialidad","sag":"IGN"},"bbox":[-65.0816252,-42.613329,-65.0813334,-42.6089505]},{"type":"Feature","id":"vial_nacional.801","geometry":{"type":"MultiLineString","coordinates":[[[-65.0058009,-40.7134498],[-65.0054992,-40.7133482],[-65.0048882,-40.7130831],[-65.0046483,-40.7130014],[-65.0044093,-40.7129523],[-65.0042267,-40.7129516],[-65.0040338,-40.7129686],[-65.0038629,-40.7129963],[-65.0036962,-40.713044],[-65.00339208,-40.71317679],[-65.0033309,-40.7132035],[-65.00324353,-40.71325547],[-65.00304175,-40.713324],[-65.0027448,-40.71337349],[-65.00252779,-40.71336207],[-65.00234124,-40.71333542],[-65.00223083,-40.71328974],[-65.00212043,-40.71324405],[-65.0019106,-40.7131625],[-65.0015661,-40.7129604],[-65.0013455,-40.712862],[-65.0011155,-40.7127897],[-65.0008627,-40.7127441],[-65.0006584,-40.7127175],[-65.0004766,-40.7126509],[-65.0002789,-40.7125398],[-64.9996794,-40.7120211],[-64.999972,-40.7121788],[-65.0005591,-40.7126041],[-65.000794,-40.7126694],[-65.0010184,-40.7126872],[-65.0013428,-40.7126496],[-65.0015304,-40.7125746],[-65.0018296,-40.7123444],[-65.00195987,-40.71225072],[-65.00199227,-40.71222152]]]},"geometry_name":"geom","properties":{"gid":801,"rtn":"3","typ":40,"rst":1,"hct":1,"fdc":"Dirección Nacional de Vialidad","sag":"IGN"},"bbox":[-65.0058009,-40.7134498,-64.9996794,-40.7120211]},{"type":"Feature","id":"vial_nacional.802","geometry":{"type":"MultiLineString","coordinates":[[[-64.9996794,-40.7120211],[-64.999498,-40.7119089],[-64.9993945,-40.7118548],[-64.9991237,-40.7117365],[-64.9990577,-40.7117077],[-64.9985721,-40.711569],[-64.9979757,-40.711476],[-64.9975038,-40.71141],[-64.9974622,-40.7114043],[-64.996999,-40.711341],[-64.9947069,-40.7110187],[-64.9938773,-40.7109003],[-64.9933975,-40.7108318],[-64.9913587,-40.7105408],[-64.9901465,-40.7103819],[-64.9890634,-40.7102536],[-64.9878939,-40.7101473],[-64.9866682,-40.7100593],[-64.9855868,-40.7099743],[-64.9807496,-40.7095885],[-64.9713282,-40.7088376],[-64.9556069,-40.7076289],[-64.9525348,-40.7073927],[-64.9255122,-40.705222],[-64.9224968,-40.7049875],[-64.9211439,-40.7048962],[-64.9197894,-40.7048538],[-64.9187131,-40.7048474],[-64.9175988,-40.7048652],[-64.9173348,-40.7048717],[-64.915671,-40.7049125],[-64.9142838,-40.7049448],[-64.903972,-40.7051877],[-64.8937006,-40.7054385],[-64.8917117,-40.7054822],[-64.8898644,-40.7055488],[-64.8885243,-40.7056467],[-64.886992,-40.7058227],[-64.8854758,-40.7060978],[-64.874552,-40.708363],[-64.8624542,-40.7108695],[-64.861274,-40.7111144],[-64.8600163,-40.7113421],[-64.858966,-40.7114897],[-64.8580177,-40.7115789],[-64.8569562,-40.7116275],[-64.8549726,-40.7116272],[-64.8443244,-40.7115732],[-64.8367994,-40.7115238],[-64.8292543,-40.7114568],[-64.8141698,-40.7113719],[-64.7839519,-40.7111895],[-64.781266,-40.7111715],[-64.7261291,-40.7108009],[-64.7259705,-40.7107999],[-64.7235337,-40.7107835]]]},"geometry_name":"geom","properties":{"gid":802,"rtn":"3","typ":40,"rst":1,"hct":1,"fdc":"Dirección Nacional de Vialidad","sag":"IGN"},"bbox":[-64.9996794,-40.7120211,-64.7235337,-40.7048474]},{"type":"Feature","id":"vial_nacional.812","geometry":{"type":"MultiLineString","coordinates":[[[-62.6802236,-39.5864029],[-62.6799301,-39.5787941],[-62.6796371,-39.5702145],[-62.6796308,-39.5696824],[-62.6793674,-39.5614259],[-62.6793448,-39.5606616],[-62.6791809,-39.5562362],[-62.6791736,-39.5560376],[-62.679065,-39.5526928],[-62.6790134,-39.5511006],[-62.6788098,-39.5448286],[-62.6786236,-39.539649],[-62.6785922,-39.5388402],[-62.6785784,-39.5384043],[-62.6785906,-39.538007],[-62.6786353,-39.5374172],[-62.6786437,-39.53735],[-62.678708,-39.5368391],[-62.678739,-39.5366733],[-62.6788246,-39.5362145],[-62.6790021,-39.5352639],[-62.6791371,-39.5344714],[-62.6792872,-39.5336626],[-62.679378,-39.5331095],[-62.6795796,-39.5319994],[-62.6798367,-39.5302957],[-62.6799014,-39.5298666],[-62.6799122,-39.529667],[-62.6799106,-39.529471],[-62.6798844,-39.5292749],[-62.6798475,-39.5290872],[-62.679812,-39.5289683],[-62.6797812,-39.5288519],[-62.6797396,-39.5287343],[-62.6796873,-39.5286202],[-62.6796226,-39.5284907],[-62.6795394,-39.5283647],[-62.6793514,-39.5281235],[-62.6791265,-39.5278906],[-62.67888,-39.5276672],[-62.6786674,-39.5274961],[-62.678363,-39.527236],[-62.6778909,-39.5268284],[-62.6775395,-39.5264726],[-62.6773726,-39.52628195],[-62.6772217,-39.5260805],[-62.6769991,-39.5257464],[-62.6768974,-39.5255695],[-62.6767955,-39.5253792],[-62.6764242,-39.524623],[-62.676219,-39.5242043],[-62.6761024,-39.5239202],[-62.6759104,-39.5234344],[-62.6758353,-39.5231654],[-62.6757863,-39.5229578],[-62.6757416,-39.52263],[-62.6757005,-39.5222952],[-62.675692,-39.5218819],[-62.6756886,-39.5214673],[-62.675703,-39.5208348],[-62.67571,-39.520591],[-62.6757276,-39.520022],[-62.6757259,-39.5196558],[-62.6757106,-39.5192974],[-62.6756733,-39.5188971],[-62.6756513,-39.5186983],[-62.6756223,-39.518503],[-62.6755835,-39.5182929],[-62.6755292,-39.5180823],[-62.6754772,-39.5179066],[-62.6754665,-39.5178704],[-62.6754004,-39.5176663],[-62.6753325,-39.5174793],[-62.67528,-39.5173595],[-62.6752512,-39.5172936],[-62.6750676,-39.51693],[-62.6749689,-39.5167446],[-62.6746796,-39.5162308],[-62.6744884,-39.5159222],[-62.6742973,-39.5156296],[-62.67364827,-39.51450161],[-62.67333419,-39.51391912],[-62.6729086,-39.5130461]]]},"geometry_name":"geom","properties":{"gid":812,"rtn":"3","typ":40,"rst":1,"hct":1,"fdc":"Dirección Nacional de Vialidad","sag":"IGN"},"bbox":[-62.6802236,-39.5864029,-62.6729086,-39.5130461]},{"type":"Feature","id":"vial_nacional.781","geometry":{"type":"MultiLineString","coordinates":[[[-67.2535083,-47.0111453],[-67.2535272,-47.010989],[-67.2535478,-47.0107579],[-67.2562973,-46.9906025],[-67.259478,-46.9675301],[-67.2598189,-46.9650471],[-67.2601569,-46.9625466],[-67.2608435,-46.9575673],[-67.2622329,-46.9476],[-67.2650081,-46.927657],[-67.2652004,-46.926279],[-67.2653443,-46.9256301],[-67.2655329,-46.9249601],[-67.2656715,-46.9245823],[-67.2658217,-46.9242049],[-67.2660694,-46.9236045],[-67.2662669,-46.9232267],[-67.2664547,-46.9228787],[-67.266874,-46.9221867],[-67.2686879,-46.9192414],[-67.2728868,-46.9124552],[-67.2774893,-46.904989],[-67.2821081,-46.8975008],[-67.2913309,-46.8825371],[-67.2936312,-46.8788103],[-67.2960717,-46.8748284],[-67.2984856,-46.8709081],[-67.3033083,-46.8630704],[-67.312978,-46.8473864],[-67.3138011,-46.846067],[-67.3145467,-46.8448599],[-67.316038,-46.8424309],[-67.3190274,-46.8375735],[-67.3199219,-46.836134],[-67.3207694,-46.8347652],[-67.3225048,-46.831935],[-67.3282367,-46.8226167],[-67.333982,-46.8132887],[-67.3454356,-46.7946107],[-67.3484123,-46.7897653],[-67.3513627,-46.7849389],[-67.3572827,-46.7752783],[-67.3576015,-46.7747778],[-67.3579264,-46.7743084],[-67.3584254,-46.7736508],[-67.3588514,-46.773176],[-67.3592997,-46.7727103],[-67.3599274,-46.7721113],[-67.3603052,-46.7717761],[-67.3606891,-46.77145],[-67.3612118,-46.7710633],[-67.3617053,-46.7707143],[-67.3627276,-46.7700171],[-67.3713954,-46.7642938],[-67.3778254,-46.760036],[-67.3833822,-46.7563898],[-67.3836789,-46.756148],[-67.3839299,-46.7559297],[-67.3843028,-46.755511],[-67.3845477,-46.7551339],[-67.3846979,-46.7548095],[-67.3847672,-46.7545725],[-67.3848027,-46.7543885],[-67.3848455,-46.7540383],[-67.3848731,-46.7536266],[-67.3848537,-46.7533233],[-67.3848107,-46.7531256],[-67.384742,-46.7529264],[-67.3845212,-46.7523643],[-67.3842658,-46.7517803],[-67.3841969,-46.7516375],[-67.3841457,-46.7514431],[-67.3840815,-46.7512207],[-67.3839842,-46.7510604],[-67.3838004,-46.7508292],[-67.3830666,-46.7501941],[-67.3827247,-46.7498732],[-67.3825462,-46.7496468],[-67.3824353,-46.7494287],[-67.3823482,-46.7492009],[-67.3823453,-46.7489698],[-67.3824107,-46.7487293],[-67.3825108,-46.7485251],[-67.3827968,-46.74813],[-67.3836646,-46.7470009],[-67.3838282,-46.7467789],[-67.3839412,-46.7465626],[-67.3840374,-46.7463783],[-67.3841037,-46.7461874],[-67.3841447,-46.7460364],[-67.3841788,-46.745879],[-67.3841876,-46.7456505],[-67.3841569,-46.7453922],[-67.3840964,-46.7451285],[-67.3839833,-46.74484],[-67.3838827,-46.7446259],[-67.3837477,-46.7444117],[-67.3835931,-46.7441948],[-67.381044,-46.7410186],[-67.378614,-46.7379673],[-67.3770099,-46.7359806],[-67.3760718,-46.7348916],[-67.3751566,-46.7336851],[-67.3738201,-46.7319747],[-67.3735111,-46.7315429],[-67.3733279,-46.731217],[-67.3731372,-46.7308345],[-67.3728982,-46.7303096],[-67.372625,-46.7294909],[-67.3724771,-46.7289262],[-67.372351,-46.728258],[-67.3723054,-46.7277605],[-67.3722865,-46.7271121],[-67.3723725,-46.7255663],[-67.3724556,-46.7241017],[-67.3725031,-46.7226517],[-67.3725039,-46.7222372],[-67.3724482,-46.7218147],[-67.3723698,-46.7214061],[-67.3722417,-46.7210236],[-67.3721176,-46.7206853],[-67.3719708,-46.7203586],[-67.3718226,-46.7200674],[-67.3716561,-46.7198045],[-67.3715383,-46.7196041],[-67.3714042,-46.7194202],[-67.3711087,-46.7190694],[-67.3699987,-46.7179013],[-67.368837,-46.7167275],[-67.3684913,-46.7163345],[-67.368356,-46.7161596],[-67.3682177,-46.7159189],[-67.3681229,-46.7156766],[-67.3679982,-46.7152452],[-67.3679155,-46.7147063],[-67.3678672,-46.714379],[-67.3675199,-46.7113875],[-67.3671727,-46.7091626],[-67.3671468,-46.7087906],[-67.3671613,-46.7083523],[-67.3672126,-46.708033],[-67.3673927,-46.7075245],[-67.3676409,-46.707045],[-67.367997,-46.7065558],[-67.368376,-46.7060744],[-67.3693839,-46.7050565],[-67.373875,-46.7003709],[-67.3741477,-46.7000494],[-67.3748268,-46.6992284],[-67.3750694,-46.698885],[-67.3752707,-46.6985328],[-67.3754,-46.6981904],[-67.3755964,-46.6976699],[-67.376559,-46.6935896],[-67.3767312,-46.6931683],[-67.3769253,-46.6928206],[-67.3771706,-46.6925783],[-67.3773791,-46.6924406],[-67.3776906,-46.6922871],[-67.3781947,-46.6921421],[-67.3788289,-46.6920752],[-67.3795607,-46.6921198],[-67.3802762,-46.6921644],[-67.3807966,-46.6921756],[-67.3812357,-46.692131],[-67.3817886,-46.6919525],[-67.3824391,-46.6916402],[-67.3830245,-46.6912163],[-67.3834636,-46.6909151],[-67.3836331,-46.6907315],[-67.3837798,-46.6905479],[-67.3839514,-46.6902124],[-67.3842767,-46.6893758],[-67.3843701,-46.6891605],[-67.3845206,-46.6889296],[-67.3847483,-46.6887065],[-67.3850247,-46.6885391],[-67.385415,-46.6883718],[-67.386098,-46.6881264],[-67.3886836,-46.6873121],[-67.3891715,-46.6871671],[-67.3895618,-46.6869774],[-67.3899596,-46.6866764],[-67.3902448,-46.6863416],[-67.3903921,-46.6861218],[-67.390505,-46.6859176],[-67.3905731,-46.6855455],[-67.3905632,-46.6853237],[-67.3883096,-46.6727413],[-67.3880494,-46.6715362],[-67.3871633,-46.6684486],[-67.3858541,-46.6642938],[-67.3856501,-46.6637146],[-67.385427,-46.6632421],[-67.3852195,-46.6629148],[-67.3849434,-46.6625639],[-67.3841954,-46.6616599],[-67.3814471,-46.6587692],[-67.3809105,-46.6581554],[-67.3806301,-46.6577614],[-67.3803738,-46.6573071],[-67.3800323,-46.6564811],[-67.3779599,-46.6505758],[-67.3765813,-46.646577],[-67.3764629,-46.6461978],[-67.3763788,-46.6458657],[-67.3763274,-46.6454426],[-67.3763054,-46.6451857],[-67.3763128,-46.6447928],[-67.3763464,-46.6444148],[-67.3764522,-46.6439566],[-67.3766136,-46.6435335],[-67.3769071,-46.6429995],[-67.377296,-46.6424253],[-67.3790955,-46.6400162],[-67.3827122,-46.6351955],[-67.3863282,-46.630506],[-67.3868134,-46.6297788],[-67.3873267,-46.6290582],[-67.3877486,-46.6283769],[-67.3886121,-46.6268691],[-67.3923608,-46.6196284],[-67.39532,-46.6140146],[-67.3956078,-46.6134687],[-67.3963835,-46.611997],[-67.3974515,-46.6099432],[-67.401416,-46.6024069],[-67.4054253,-46.5946737],[-67.4106893,-46.5846329],[-67.4108813,-46.5842667],[-67.4121036,-46.5820545],[-67.4124428,-46.5814361],[-67.4127686,-46.5809707],[-67.4131509,-46.5805512],[-67.4136956,-46.5801211],[-67.4141486,-46.5798211],[-67.4147305,-46.5794925],[-67.4155862,-46.5790849],[-67.4163039,-46.578844],[-67.4174447,-46.5785403],[-67.4194362,-46.5780618],[-67.4201353,-46.5778447],[-67.4206932,-46.577653],[-67.421455,-46.5772769],[-67.4220338,-46.5769621],[-67.4225279,-46.5766648],[-67.4229785,-46.5763329],[-67.4234644,-46.5759691],[-67.4238589,-46.5756132],[-67.4271072,-46.5721711],[-67.4286259,-46.5705236],[-67.4388258,-46.5596567],[-67.4414451,-46.5568658],[-67.4463524,-46.5516345],[-67.4491982,-46.5485918],[-67.4546088,-46.5428122],[-67.4556841,-46.5415253],[-67.455993,-46.5411162],[-67.4562518,-46.5406754],[-67.456449,-46.5402515],[-67.4567325,-46.5395903],[-67.4569398,-46.538961],[-67.456979,-46.5388358],[-67.4570159,-46.5387087],[-67.4570556,-46.538557],[-67.4570652,-46.5384798],[-67.4570714,-46.5383068],[-67.4570767,-46.5381297],[-67.4570821,-46.5376537],[-67.4571036,-46.5364175],[-67.4571411,-46.5349857],[-67.4571411,-46.5328601],[-67.4571357,-46.5326756],[-67.4572001,-46.5311403],[-67.4572028,-46.5310613],[-67.457243,-46.5298671],[-67.4572564,-46.5293284],[-67.4572886,-46.5285165],[-67.4573155,-46.5283024],[-67.4573745,-46.5280404],[-67.4574174,-46.5278965],[-67.4575032,-46.5276972],[-67.457589,-46.52752],[-67.4576936,-46.5273574],[-67.4578197,-46.5271952],[-67.4580397,-46.5269664],[-67.458206,-46.5268372],[-67.4584259,-46.5266674],[-67.4586351,-46.5265346],[-67.4589087,-46.5263869],[-67.459075,-46.5263131],[-67.4594398,-46.5261692],[-67.4597124,-46.5260595],[-67.4597429,-46.5260472],[-67.4606387,-46.5257261],[-67.4615453,-46.525405],[-67.4623821,-46.525106],[-67.4627872,-46.5249586],[-67.4630286,-46.5248626],[-67.4633021,-46.5247445],[-67.4634684,-46.5246596],[-67.4636991,-46.5245341],[-67.4638976,-46.5244123],[-67.4640746,-46.5242757],[-67.4641927,-46.5241761],[-67.4644486,-46.5239165],[-67.4645414,-46.523807],[-67.4646363,-46.5236544],[-67.4647436,-46.5234735],[-67.4648579,-46.5232497],[-67.464933,-46.5230393],[-67.4649705,-46.522744],[-67.4649813,-46.5225262],[-67.4649544,-46.5221866],[-67.464933,-46.521932],[-67.4648954,-46.5216736],[-67.4647228,-46.5205345],[-67.4646056,-46.519832],[-67.4644665,-46.5190845],[-67.4641762,-46.5174304],[-67.4640611,-46.5168178],[-67.46400425,-46.51645897],[-67.4639878,-46.5163551],[-67.4639465,-46.5161453],[-67.4638701,-46.5157965],[-67.4637956,-46.5153429],[-67.463697,-46.5148922],[-67.4636666,-46.5142225],[-67.463659,-46.5139226],[-67.4636748,-46.5135345],[-67.4637791,-46.5129768],[-67.4639079,-46.5124969],[-67.4640688,-46.5121129],[-67.464337,-46.5116256],[-67.4653563,-46.509824],[-67.4670717,-46.5068509],[-67.4673925,-46.5063396],[-67.4677362,-46.5058204],[-67.4692338,-46.5037421],[-67.472426,-46.4992939],[-67.4734619,-46.4978441],[-67.4739099,-46.4972699],[-67.474346,-46.4968268],[-67.4757396,-46.4955817],[-67.476343,-46.4950649],[-67.4767074,-46.4947553],[-67.4769385,-46.494559],[-67.4776064,-46.493979],[-67.4780865,-46.4935766],[-67.4787409,-46.4929968],[-67.4796652,-46.4922395],[-67.4802043,-46.4917677],[-67.4806399,-46.4913645],[-67.481,-46.4909886],[-67.4812652,-46.4906885],[-67.4814453,-46.490493],[-67.4817536,-46.490147],[-67.4821785,-46.4896458],[-67.4824853,-46.489264],[-67.4827212,-46.488938],[-67.482877,-46.4887001],[-67.4834881,-46.4878373],[-67.4841305,-46.486962],[-67.4851573,-46.4855489],[-67.4853832,-46.4852303],[-67.4856716,-46.4848308],[-67.4861678,-46.4841507],[-67.4866813,-46.483445],[-67.4870964,-46.4828646],[-67.4871659,-46.4827663],[-67.4872811,-46.4826035],[-67.4874553,-46.4823597],[-67.4875451,-46.4822328],[-67.4877248,-46.482026],[-67.488059,-46.4817354],[-67.4883095,-46.4815605],[-67.4885743,-46.4814056],[-67.4888066,-46.481296],[-67.4888656,-46.4812681],[-67.4892746,-46.4811118],[-67.4896946,-46.4809921],[-67.4900783,-46.4809224],[-67.490406,-46.4808924],[-67.4907379,-46.4808743],[-67.4910936,-46.4808919],[-67.491319,-46.4809104],[-67.4917277,-46.4809693],[-67.4920968,-46.4810434],[-67.4922363,-46.481084],[-67.4926547,-46.4812466],[-67.4930034,-46.4814128],[-67.4931911,-46.4815347],[-67.4934003,-46.4816713],[-67.4935559,-46.4817896],[-67.4940881,-46.4822993],[-67.4943284,-46.4825357],[-67.4945269,-46.4827536],[-67.4946677,-46.4828953],[-67.4948648,-46.4830491],[-67.4950848,-46.4832006],[-67.4953047,-46.4833262],[-67.495589,-46.4834591],[-67.4958251,-46.4835626],[-67.4962381,-46.4836882],[-67.4975363,-46.4839947],[-67.4980612,-46.4841312],[-67.4984737,-46.4842345],[-67.498797,-46.4843198],[-67.4990974,-46.4843863],[-67.499446,-46.4844528],[-67.4998055,-46.4845045],[-67.5000737,-46.484534],[-67.5003955,-46.484571],[-67.5006732,-46.484585],[-67.5009309,-46.4845924],[-67.5011895,-46.4845894],[-67.5015154,-46.4845776],[-67.5018061,-46.4845636],[-67.5020478,-46.4845377],[-67.5022892,-46.4844971],[-67.5026432,-46.484438],[-67.5039092,-46.4842237],[-67.5052933,-46.4840021],[-67.5068275,-46.4837731],[-67.5076482,-46.4836512],[-67.5093327,-46.4833927],[-67.510309,-46.4832486],[-67.5126868,-46.482899],[-67.5138152,-46.4827286],[-67.5146931,-46.4825961],[-67.5152818,-46.4825135],[-67.5156785,-46.482448],[-67.5160275,-46.4823732],[-67.5162742,-46.4822993],[-67.5165585,-46.4821959],[-67.5167624,-46.4821109],[-67.5170038,-46.4819816],[-67.5171862,-46.4818597],[-67.5173203,-46.48176],[-67.5174544,-46.4816307],[-67.5175778,-46.481494],[-67.5176958,-46.4813537],[-67.5177427,-46.4812741],[-67.5177902,-46.4811937],[-67.5178602,-46.4810506],[-67.5179157,-46.4809178],[-67.5179533,-46.4807516],[-67.5180031,-46.4805696],[-67.5180023,-46.4804488],[-67.5180023,-46.4802793],[-67.5179841,-46.4800153],[-67.5179622,-46.479711],[-67.5179596,-46.4796747],[-67.5178851,-46.4788369],[-67.5178008,-46.4777692],[-67.5175767,-46.4754018],[-67.5175672,-46.4753404],[-67.5173762,-46.4725182],[-67.5173407,-46.4719374],[-67.5172559,-46.4712091],[-67.5172189,-46.4705869],[-67.5171095,-46.4692804],[-67.5170673,-46.4686808],[-67.5170387,-46.4683121],[-67.5170127,-46.4679776],[-67.5169827,-46.4675912],[-67.5168955,-46.4664665]]]},"geometry_name":"geom","properties":{"gid":781,"rtn":"3","typ":40,"rst":1,"hct":1,"fdc":"Dirección Nacional de Vialidad","sag":"IGN"},"bbox":[-67.5180031,-47.0111453,-67.2535083,-46.4664665]},{"type":"Feature","id":"vial_nacional.782","geometry":{"type":"MultiLineString","coordinates":[[[-67.5115237,-46.461577],[-67.5114839,-46.4615744],[-67.5103836,-46.4615708],[-67.5102817,-46.4615705],[-67.5089194,-46.4615661],[-67.5087444,-46.4615681],[-67.508246,-46.4615613],[-67.5062468,-46.4615342],[-67.5056743,-46.4615265],[-67.5049607,-46.4615168],[-67.5036062,-46.4614984],[-67.5028143,-46.4614929],[-67.5017558,-46.4614854],[-67.5011092,-46.4614841],[-67.5008998,-46.4614845],[-67.4981831,-46.4614758]]]},"geometry_name":"geom","properties":{"gid":782,"rtn":"3","typ":40,"rst":1,"hct":1,"fdc":"Dirección Nacional de Vialidad","sag":"IGN"},"bbox":[-67.5115237,-46.461577,-67.4981831,-46.4614758]},{"type":"Feature","id":"vial_nacional.783","geometry":{"type":"MultiLineString","coordinates":[[[-67.5032116,-46.4512527],[-67.5035154,-46.4509228],[-67.5037871,-46.4507025],[-67.5038845,-46.4506595],[-67.5039303,-46.45064],[-67.5039715,-46.4506277],[-67.50412909,-46.45057444],[-67.50422903,-46.45051448],[-67.50430898,-46.45043167],[-67.50436037,-46.4503403],[-67.50439178,-46.45024322],[-67.50443961,-46.45006029],[-67.5045628,-46.4498832],[-67.5047334,-46.4497072],[-67.5048754,-46.4495679],[-67.5050655,-46.4493804],[-67.505245,-46.4492013],[-67.5054365,-46.4489969],[-67.5056034,-46.4488521],[-67.5057886,-46.4486951],[-67.5059675,-46.4485537],[-67.5060164,-46.4485153],[-67.5061913,-46.4483779],[-67.5064711,-46.448158],[-67.5067941,-46.4479042],[-67.5069197,-46.4477968],[-67.5073276,-46.4474898],[-67.5075164,-46.4473684],[-67.5076672,-46.447275],[-67.5077731,-46.447199],[-67.507923,-46.4471021],[-67.5092038,-46.4463205],[-67.5096945,-46.4460685],[-67.5098394,-46.4459941],[-67.510198,-46.44581],[-67.5103499,-46.445732],[-67.5109128,-46.4454556],[-67.5115136,-46.4451607],[-67.5127566,-46.4445085],[-67.5139444,-46.4438821],[-67.5155597,-46.4430587],[-67.5156221,-46.4430211],[-67.5161489,-46.4427555],[-67.5170044,-46.4423182],[-67.5171088,-46.4422918],[-67.5171463,-46.4422823],[-67.5172552,-46.4423012],[-67.5172831,-46.4423147],[-67.517313,-46.4423291],[-67.5174168,-46.4423673],[-67.517508,-46.4423758],[-67.517582,-46.4423707],[-67.51764408,-46.44235169],[-67.517696,-46.4423358],[-67.5177415,-46.4422911],[-67.5177762,-46.4422153],[-67.5177974,-46.4421561],[-67.5177963,-46.4420719],[-67.51779238,-46.44206161],[-67.5177769,-46.442021],[-67.5177632,-46.4419699],[-67.5177447,-46.4418735],[-67.517738,-46.4418038],[-67.5177298,-46.4417025],[-67.5177241,-46.4416028],[-67.5177343,-46.441462],[-67.5179282,-46.4406748],[-67.5181854,-46.4395654],[-67.5183727,-46.4387042],[-67.5184263,-46.4386007],[-67.5184641,-46.4385588],[-67.5185116,-46.4385198],[-67.5186377,-46.4384274],[-67.5187437,-46.4383158],[-67.5188227,-46.4382241],[-67.5188882,-46.4381268],[-67.5189414,-46.4380332],[-67.5190003,-46.4379362],[-67.519129,-46.4377044],[-67.5192103,-46.4375636],[-67.5192875,-46.4374154],[-67.5193487,-46.4373081],[-67.520089,-46.4360494],[-67.5201283,-46.4359823],[-67.5203273,-46.4356024],[-67.5204439,-46.4353845],[-67.5205266,-46.43524],[-67.5205951,-46.4351041],[-67.520967,-46.4344491],[-67.5210508,-46.4343134],[-67.5211401,-46.434198],[-67.5212161,-46.4341365],[-67.5213569,-46.4340533],[-67.5215004,-46.4339093],[-67.5216567,-46.4336936],[-67.5218368,-46.433388],[-67.5220701,-46.4329759],[-67.5222122,-46.4327479],[-67.522568,-46.4321335],[-67.522625,-46.4320363],[-67.5228147,-46.4317049],[-67.5231922,-46.4310877],[-67.5233634,-46.4308063],[-67.5233772,-46.4307729],[-67.5234095,-46.4306898],[-67.52343248,-46.43061186],[-67.5234346,-46.4305526],[-67.5234284,-46.4305086],[-67.5234155,-46.4304534],[-67.5233635,-46.4303257],[-67.5233177,-46.4302626],[-67.5232882,-46.4302349],[-67.5232635,-46.4302117],[-67.5231891,-46.4301589],[-67.5231413,-46.430125],[-67.5229977,-46.4300367],[-67.5229251,-46.4299689],[-67.5228642,-46.4299189],[-67.5227123,-46.4298006],[-67.522799,-46.4299843],[-67.5228314,-46.4300814],[-67.5228511,-46.4301702],[-67.5228715,-46.4302273],[-67.5228873,-46.430278],[-67.52288884,-46.43038836],[-67.52288894,-46.43054817],[-67.52288861,-46.43068908],[-67.52285898,-46.4308137],[-67.52280888,-46.43096313],[-67.52275905,-46.43109469],[-67.52248482,-46.43156961],[-67.52041155,-46.43505548],[-67.51908104,-46.43732595],[-67.51865581,-46.43805158],[-67.51860372,-46.43815312],[-67.51853073,-46.43826193],[-67.51842082,-46.43835578],[-67.51833796,-46.43841348],[-67.51826089,-46.43848287],[-67.51817986,-46.43854633],[-67.51815501,-46.43859751],[-67.51779707,-46.44034196],[-67.51760242,-46.44118859],[-67.51752829,-46.44151101],[-67.51750272,-46.44162318],[-67.51745492,-46.44180334],[-67.51739711,-46.44189994],[-67.517296,-46.44201083],[-67.51717489,-46.44209272],[-67.51697564,-46.4421946],[-67.51619985,-46.44259831],[-67.51481293,-46.44329565],[-67.51120745,-46.44512075],[-67.51113643,-46.44515677],[-67.5093029,-46.44608658],[-67.50863014,-46.44654],[-67.50831505,-46.44673474],[-67.50787816,-46.44700476],[-67.50784041,-46.44702841],[-67.50753777,-46.44721803],[-67.5070976,-46.4475108],[-67.5061522,-46.4482641],[-67.5060694,-46.4483383],[-67.5060404,-46.4483643],[-67.5059558,-46.4484324],[-67.5054598,-46.4488321],[-67.5053403,-46.4489387],[-67.5051285,-46.4491485],[-67.5045933,-46.4496785],[-67.504344,-46.4499535],[-67.50419476,-46.45006904],[-67.50406056,-46.45015756],[-67.50394064,-46.45024322],[-67.50384926,-46.4503403],[-67.5037372,-46.4505168],[-67.5036596,-46.4506078],[-67.5032116,-46.4512527]]]},"geometry_name":"geom","properties":{"gid":783,"rtn":"3","typ":40,"rst":1,"hct":1,"fdc":"Dirección Nacional de Vialidad","sag":"IGN"},"bbox":[-67.5234346,-46.4512527,-67.5032116,-46.4298006]},{"type":"Feature","id":"vial_nacional.784","geometry":{"type":"MultiLineString","coordinates":[[[-67.4969887,-46.4605726],[-67.4971435,-46.4603365],[-67.4981355,-46.4588238],[-67.4982598,-46.4586341],[-67.4984653,-46.458328],[-67.4986991,-46.4579799],[-67.4988776,-46.4577142],[-67.4991345,-46.4573124],[-67.4992649,-46.4571086],[-67.499493,-46.4567518],[-67.4997136,-46.456415],[-67.4998903,-46.4561451],[-67.5001433,-46.455772],[-67.5004034,-46.4553619],[-67.5010244,-46.454414],[-67.5011998,-46.4541433],[-67.5012923,-46.4540025],[-67.5025212,-46.4521733],[-67.5032116,-46.4512527]]]},"geometry_name":"geom","properties":{"gid":784,"rtn":"3","typ":40,"rst":1,"hct":1,"fdc":"Dirección Nacional de Vialidad","sag":"IGN"},"bbox":[-67.5032116,-46.4605726,-67.4969887,-46.4512527]},{"type":"Feature","id":"vial_nacional.785","geometry":{"type":"MultiLineString","coordinates":[[[-67.4981831,-46.4614758],[-67.4979401,-46.4615042],[-67.4977845,-46.4615281],[-67.4976485,-46.4615599],[-67.4974643,-46.4616291],[-67.4972669,-46.4617048],[-67.49710949,-46.46179217],[-67.49697243,-46.46183215],[-67.49681824,-46.46185499],[-67.49669261,-46.46183786],[-67.49653271,-46.46177504],[-67.49641849,-46.46171793],[-67.49635567,-46.46162085],[-67.49633283,-46.46150664],[-67.49634996,-46.46139242],[-67.4964847,-46.4612232],[-67.4965522,-46.4611442],[-67.4966112,-46.461074],[-67.4967185,-46.460941],[-67.4968257,-46.4608061],[-67.4969062,-46.4606934],[-67.4969887,-46.4605726],[-67.4969733,-46.4606398],[-67.4969733,-46.4607211],[-67.4969706,-46.4607876],[-67.4969759,-46.4608541],[-67.49699505,-46.46100503],[-67.49702855,-46.46108118],[-67.49706967,-46.4611558],[-67.4971108,-46.4611913],[-67.4972553,-46.4612838],[-67.4973248,-46.4613187],[-67.497434,-46.4613597],[-67.4975136,-46.4613896],[-67.4976853,-46.4614173],[-67.4978266,-46.4614451],[-67.4979728,-46.4614561],[-67.4981831,-46.4614758]]]},"geometry_name":"geom","properties":{"gid":785,"rtn":"3","typ":40,"rst":1,"hct":1,"fdc":"Dirección Nacional de Vialidad","sag":"IGN"},"bbox":[-67.4981831,-46.46185499,-67.49633283,-46.4605726]},{"type":"Feature","id":"vial_nacional.787","geometry":{"type":"MultiLineString","coordinates":[[[-67.252837,-47.0157871],[-67.2528402,-47.0156101],[-67.252851,-47.0150541],[-67.2529475,-47.0145274],[-67.2531545,-47.0129755],[-67.2531612,-47.0129246],[-67.2531943,-47.0126767],[-67.2532801,-47.0121354],[-67.2535083,-47.0111453],[-67.2533729,-47.0122064],[-67.25328481,-47.01292693],[-67.253276,-47.0129832],[-67.2532104,-47.0134792],[-67.2531943,-47.0136057],[-67.2529642,-47.0152421],[-67.2528891,-47.0156518],[-67.252837,-47.0157871]]]},"geometry_name":"geom","properties":{"gid":787,"rtn":"3","typ":40,"rst":1,"hct":1,"fdc":"Dirección Nacional de Vialidad","sag":"IGN"},"bbox":[-67.2535083,-47.0157871,-67.252837,-47.0111453]},{"type":"Feature","id":"vial_nacional.788","geometry":{"type":"MultiLineString","coordinates":[[[-67.2489638,-47.0239797],[-67.2491869,-47.0238389],[-67.2493024,-47.023757],[-67.2500906,-47.0231723],[-67.2503317,-47.0229482],[-67.2507272,-47.0225738],[-67.2509711,-47.0222373],[-67.251099,-47.0221005],[-67.2512321,-47.0219398],[-67.2514492,-47.0216118],[-67.251645,-47.0212973],[-67.2518054,-47.0209758],[-67.2519419,-47.0206976],[-67.2521036,-47.0203331],[-67.2522197,-47.0199609],[-67.2522674,-47.019779],[-67.2522795,-47.0197327],[-67.2524751,-47.0185712],[-67.2524761,-47.01856424],[-67.2526544,-47.0173209],[-67.252837,-47.0157871]]]},"geometry_name":"geom","properties":{"gid":788,"rtn":"3","typ":40,"rst":1,"hct":1,"fdc":"Dirección Nacional de Vialidad","sag":"IGN"},"bbox":[-67.252837,-47.0239797,-67.2489638,-47.0157871]},{"type":"Feature","id":"vial_nacional.789","geometry":{"type":"MultiLineString","coordinates":[[[-67.2440204,-47.0267333],[-67.2443024,-47.02656],[-67.2448952,-47.0261749],[-67.2455374,-47.0258022],[-67.2466152,-47.0251772],[-67.2474926,-47.0247205],[-67.2479262,-47.0244998],[-67.2486999,-47.0240982],[-67.2489638,-47.0239797],[-67.248431,-47.0243188],[-67.2480163,-47.024578],[-67.2467619,-47.0252847],[-67.2460808,-47.0256899],[-67.2455342,-47.0259904],[-67.2440204,-47.0267333]]]},"geometry_name":"geom","properties":{"gid":789,"rtn":"3","typ":40,"rst":1,"hct":1,"fdc":"Dirección Nacional de Vialidad","sag":"IGN"},"bbox":[-67.2489638,-47.0267333,-67.2440204,-47.0239797]},{"type":"Feature","id":"vial_nacional.790","geometry":{"type":"MultiLineString","coordinates":[[[-67.2113191,-47.1371354],[-67.2107278,-47.1363335],[-67.2101025,-47.1354206],[-67.209719,-47.1349068],[-67.2094612,-47.134603],[-67.2076134,-47.1320552],[-67.206971,-47.1311852],[-67.2044377,-47.1277367],[-67.2039661,-47.126929],[-67.2033903,-47.1258345],[-67.20338825,-47.12582931],[-67.2030316,-47.1249281],[-67.2027302,-47.1239084],[-67.202497,-47.1229722],[-67.2001487,-47.1099929],[-67.1999524,-47.1085209],[-67.1999095,-47.1067391],[-67.2000168,-47.1053225],[-67.2002314,-47.1034676],[-67.2007249,-47.1016272],[-67.2018909,-47.0965451],[-67.2022372,-47.0950358],[-67.2036457,-47.0888958],[-67.2039636,-47.0875098],[-67.2056556,-47.0801696],[-67.2057548,-47.0797388],[-67.2070031,-47.0743228],[-67.2117419,-47.053757],[-67.2126499,-47.0498153],[-67.2131053,-47.047726],[-67.2132877,-47.0470611],[-67.2134487,-47.0464894],[-67.2137979,-47.0457021],[-67.214219,-47.044926],[-67.2147125,-47.0441657],[-67.215257,-47.0435161],[-67.2159758,-47.0427557],[-67.2171882,-47.0417175],[-67.2181002,-47.0410961],[-67.2191398,-47.0405141],[-67.228995,-47.0350811],[-67.2317575,-47.0335628],[-67.2440204,-47.0267333]]]},"geometry_name":"geom","properties":{"gid":790,"rtn":"3","typ":40,"rst":1,"hct":1,"fdc":"Dirección Nacional de Vialidad","sag":"IGN"},"bbox":[-67.2440204,-47.1371354,-67.1999095,-47.0267333]},{"type":"Feature","id":"vial_nacional.791","geometry":{"type":"MultiLineString","coordinates":[[[-67.2131631,-47.140075],[-67.2127951,-47.1396148],[-67.2118633,-47.1383122],[-67.2115428,-47.1378324],[-67.2115079,-47.1376904],[-67.2114997,-47.1376418],[-67.2114916,-47.1375932],[-67.2114651,-47.1375059],[-67.2114174,-47.1373777],[-67.2113753,-47.1372671],[-67.2113191,-47.1371354],[-67.2115174,-47.1373142],[-67.2116448,-47.137416],[-67.2118358,-47.1375518],[-67.2119466,-47.1376323],[-67.2120363,-47.1376999],[-67.2120941,-47.1377483],[-67.2121554,-47.1378275],[-67.2135474,-47.1397684],[-67.2135989,-47.1398448],[-67.2136322,-47.1399136],[-67.2136687,-47.1400202],[-67.2136892,-47.1401419],[-67.2137171,-47.1402557],[-67.2137556,-47.1403743],[-67.2137946,-47.1404924],[-67.2138371,-47.1405912],[-67.2138902,-47.1406972],[-67.2137451,-47.1405452],[-67.2136567,-47.1404673],[-67.2135522,-47.1403767],[-67.2134533,-47.1402959],[-67.2133277,-47.1402059],[-67.2131631,-47.140075]]]},"geometry_name":"geom","properties":{"gid":791,"rtn":"3","typ":40,"rst":1,"hct":1,"fdc":"Dirección Nacional de Vialidad","sag":"IGN"},"bbox":[-67.2138902,-47.1406972,-67.2113191,-47.1371354]},{"type":"Feature","id":"vial_nacional.803","geometry":{"type":"MultiLineString","coordinates":[[[-64.7202157,-40.7110515],[-64.7201254,-40.7110392],[-64.7194014,-40.7108743],[-64.7184778,-40.7107542],[-64.7193333,-40.7106526],[-64.72005,-40.7105406],[-64.7202262,-40.7105268],[-64.72079597,-40.71052984],[-64.7216195,-40.7105369],[-64.7218337,-40.7105512],[-64.7223653,-40.7106526],[-64.7227779,-40.7107255],[-64.7235337,-40.7107835],[-64.7228853,-40.7108167],[-64.7223043,-40.7109136],[-64.7217097,-40.7110376],[-64.72140036,-40.71106926],[-64.72109102,-40.71110091],[-64.72051052,-40.71107189],[-64.7203296,-40.71106284],[-64.7202157,-40.7110515]]]},"geometry_name":"geom","properties":{"gid":803,"rtn":"3","typ":40,"rst":1,"hct":1,"fdc":"Dirección Nacional de Vialidad","sag":"IGN"},"bbox":[-64.7235337,-40.71110091,-64.7184778,-40.7105268]},{"type":"Feature","id":"vial_nacional.792","geometry":{"type":"MultiLineString","coordinates":[[[-65.0816252,-42.6089505],[-65.0818606,-42.6076834],[-65.0821765,-42.6066677],[-65.0904306,-42.5859522],[-65.0913711,-42.5835914],[-65.0917019,-42.5827609],[-65.0938022,-42.5774884],[-65.0938185,-42.5774474],[-65.1058851,-42.5475774],[-65.1092225,-42.539252],[-65.1355948,-42.4734245],[-65.1459728,-42.4474977],[-65.1628166,-42.4053949],[-65.1818998,-42.357529],[-65.182412,-42.3562443],[-65.1916516,-42.3330656],[-65.1935482,-42.328197],[-65.1940437,-42.3268887],[-65.1944118,-42.3256537],[-65.1946383,-42.3246384],[-65.1948081,-42.323625],[-65.1949285,-42.3227144],[-65.1949922,-42.3218247],[-65.1951479,-42.317936],[-65.1967484,-42.2764897],[-65.1969669,-42.2708285],[-65.1974812,-42.2580014],[-65.1975939,-42.2551955],[-65.1977473,-42.2535537],[-65.1980638,-42.2513922],[-65.19841,-42.2492026],[-65.2039562,-42.2146603],[-65.2040663,-42.2140672],[-65.2041964,-42.2136001],[-65.2044266,-42.2130144],[-65.204807,-42.2123916],[-65.2233182,-42.1830385],[-65.2326299,-42.1682678],[-65.2329409,-42.1677898],[-65.233214,-42.1674187],[-65.2335554,-42.1670363],[-65.2338361,-42.1667664],[-65.2343596,-42.1663559],[-65.2375122,-42.1640377],[-65.2457078,-42.1579349],[-65.2467336,-42.1571266],[-65.2601387,-42.144847],[-65.2870656,-42.1201737],[-65.288523,-42.1188525],[-65.2898139,-42.1176209],[-65.2905874,-42.1166354],[-65.2910574,-42.1157663],[-65.2912896,-42.1151323],[-65.291482,-42.1144584],[-65.2917437,-42.1129215],[-65.2918438,-42.1111422],[-65.2936081,-42.0735928],[-65.29360957,-42.07356153],[-65.2936739,-42.0721922],[-65.29367495,-42.07216973],[-65.29372156,-42.07117722],[-65.2937223,-42.0711615],[-65.293729,-42.0709578],[-65.2951308,-42.0283989],[-65.2952666,-42.0275198],[-65.2956575,-42.0262041],[-65.296361,-42.0240194],[-65.29943,-42.014359],[-65.2997742,-42.01328],[-65.299891,-42.0126895],[-65.2999106,-42.0120075],[-65.2998329,-42.0114106],[-65.2996756,-42.0108869],[-65.2994812,-42.0103532],[-65.2991771,-42.0098157],[-65.2988732,-42.0094175],[-65.2977411,-42.0082841],[-65.2951798,-42.0059142],[-65.2924004,-42.0032783],[-65.2920973,-42.0028893],[-65.29181,-42.0024568],[-65.291485,-42.001714],[-65.2913544,-42.0011777],[-65.2913419,-42.0004575],[-65.2913592,-42.0002927],[-65.29135925,-42.0002924],[-65.2914579,-41.9997105],[-65.2917772,-41.9989697],[-65.2922054,-41.9981754],[-65.2924615,-41.9976755],[-65.2929492,-41.9966628],[-65.2930878,-41.9964053],[-65.2931884,-41.9962349],[-65.2933618,-41.99599],[-65.2935237,-41.9957734],[-65.2937029,-41.9955554],[-65.2939743,-41.9952611],[-65.294496,-41.9947089],[-65.2950455,-41.9941465],[-65.2953704,-41.9937939],[-65.2956913,-41.9934723],[-65.2965728,-41.9926484],[-65.2972571,-41.9920491],[-65.2974054,-41.9919192],[-65.2981001,-41.9912905],[-65.2986505,-41.9907115],[-65.2991548,-41.9900704],[-65.2996704,-41.9893735],[-65.3003382,-41.9887515],[-65.3011229,-41.9881785],[-65.3019276,-41.987761],[-65.3056457,-41.9858355],[-65.3067138,-41.9852231],[-65.3077287,-41.9845197],[-65.3085881,-41.9837652],[-65.3093129,-41.9829625],[-65.3099834,-41.9819871],[-65.3102356,-41.9815224],[-65.3104694,-41.9810285],[-65.3108122,-41.979988],[-65.3109759,-41.9790717],[-65.3110128,-41.9782638],[-65.3109424,-41.9773685],[-65.3107635,-41.9765133],[-65.3100956,-41.9738878],[-65.3099142,-41.972589],[-65.309862,-41.9717737],[-65.3098694,-41.971095],[-65.3100009,-41.9698103],[-65.3130391,-41.951385],[-65.3131911,-41.9500988],[-65.3132016,-41.9489974],[-65.3131415,-41.9479236],[-65.3129629,-41.9466178],[-65.3119258,-41.9414293],[-65.3113625,-41.9389004],[-65.3111856,-41.9382686],[-65.3109661,-41.9376183],[-65.3106724,-41.9368469],[-65.3103645,-41.9361466],[-65.3093063,-41.933964],[-65.3082197,-41.9317418],[-65.3075013,-41.9302568],[-65.3071792,-41.9295564],[-65.3068819,-41.9288428],[-65.306712,-41.9283557],[-65.3065634,-41.9278844],[-65.3064537,-41.9274789],[-65.3063546,-41.927076],[-65.3062625,-41.9266942],[-65.3061918,-41.9263229],[-65.3060856,-41.9256067],[-65.3060467,-41.9252117],[-65.3060183,-41.9248378],[-65.3060006,-41.9242954],[-65.3060006,-41.9237582],[-65.3060325,-41.9226917],[-65.3061104,-41.9204823],[-65.3063192,-41.914728],[-65.3069881,-41.8965268],[-65.3069845,-41.8959104],[-65.3069562,-41.8952966],[-65.3068819,-41.8945194],[-65.3067616,-41.893758],[-65.3066165,-41.8930625],[-65.306528,-41.89272],[-65.3064324,-41.8923775],[-65.3062909,-41.8919323],[-65.3061351,-41.8914976],[-65.3059653,-41.8910708],[-65.3057883,-41.8906387],[-65.3049141,-41.8885494],[-65.2983454,-41.8730289],[-65.2980728,-41.8724675],[-65.2977756,-41.8719246],[-65.297542,-41.8715241],[-65.2973013,-41.871134],[-65.2967775,-41.8703513],[-65.2943567,-41.8669962],[-65.2919607,-41.8636647],[-65.2916457,-41.8631507],[-65.2913555,-41.8626236],[-65.291044,-41.8619989],[-65.2907538,-41.8613715],[-65.2904919,-41.860731],[-65.2902618,-41.8600826],[-65.2900495,-41.8593577],[-65.2898832,-41.8586434],[-65.2897557,-41.8579185],[-65.2896764,-41.8571907],[-65.2896033,-41.8564155],[-65.2895423,-41.8556645],[-65.2853331,-41.8038732],[-65.2852622,-41.8025432],[-65.2852957,-41.8018933],[-65.2853121,-41.8012303],[-65.2855095,-41.7992912],[-65.2863135,-41.7930066],[-65.2888775,-41.7699647],[-65.289106,-41.7685627],[-65.2892565,-41.7678674],[-65.2894469,-41.7671916],[-65.2899716,-41.7654945],[-65.2905104,-41.7638675],[-65.2928873,-41.7567771],[-65.3030951,-41.7262678],[-65.3031213,-41.7261893],[-65.3080272,-41.7115265],[-65.3205884,-41.6739499],[-65.3231491,-41.6662869],[-65.3236611,-41.664765],[-65.3239105,-41.6641421],[-65.3241813,-41.6634568],[-65.3244634,-41.6628786],[-65.3247669,-41.6623263],[-65.325179,-41.6615909],[-65.3257481,-41.6607526],[-65.326301,-41.6600601],[-65.3269353,-41.6593068],[-65.3275857,-41.6586143],[-65.3371363,-41.6497003],[-65.3376518,-41.6491126],[-65.3382435,-41.6483971],[-65.3386763,-41.6478003],[-65.3391479,-41.6471198],[-65.3396965,-41.6463243],[-65.3485711,-41.6305384],[-65.3511342,-41.6267282],[-65.3526238,-41.6244064],[-65.3530709,-41.6236873],[-65.3532775,-41.6233113],[-65.3535059,-41.6228068],[-65.3537012,-41.6222505],[-65.3538174,-41.621865],[-65.3539176,-41.6214088],[-65.3540014,-41.6209654],[-65.354038,-41.6204859],[-65.3541095,-41.6175028],[-65.3541502,-41.6156707],[-65.3541609,-41.6151917],[-65.3541645,-41.6150306],[-65.3541748,-41.6145657],[-65.3541869,-41.6138576],[-65.3542034,-41.6131893],[-65.354213,-41.6128019],[-65.3542184,-41.6124469],[-65.3542208,-41.6122864],[-65.3542314,-41.6115798],[-65.3542452,-41.6105877],[-65.3542593,-41.6097145],[-65.3542628,-41.6095769],[-65.3542862,-41.6082639],[-65.3543036,-41.6067526],[-65.354312,-41.606319],[-65.3543506,-41.6049253],[-65.3543869,-41.6032683],[-65.3544032,-41.6021807],[-65.3544265,-41.6011479],[-65.3544335,-41.600773],[-65.3544454,-41.6002213],[-65.3544493,-41.6000399],[-65.3544603,-41.599504],[-65.3545302,-41.5961026],[-65.354591,-41.5931434],[-65.3546214,-41.5912709],[-65.3546262,-41.590978],[-65.3547042,-41.5895342],[-65.3548519,-41.5879426],[-65.3553689,-41.5823695],[-65.3556578,-41.5792548],[-65.355757,-41.5787061],[-65.3560389,-41.5779426],[-65.3563282,-41.5774678],[-65.3566378,-41.5770987],[-65.3572845,-41.5764948],[-65.3679957,-41.5688003],[-65.3688387,-41.5681786],[-65.3694955,-41.5675158],[-65.3698339,-41.5670845],[-65.370117,-41.5666113],[-65.3703382,-41.5661341],[-65.3705172,-41.5656015],[-65.3706041,-41.5647695],[-65.370566,-41.5638866],[-65.3703179,-41.5629773],[-65.3632439,-41.5425286],[-65.3628123,-41.5415489],[-65.3623802,-41.54067],[-65.3616391,-41.5394248],[-65.361073,-41.5386231],[-65.360467,-41.5378727],[-65.3575163,-41.5344931],[-65.3567296,-41.5334882],[-65.3560553,-41.5324959],[-65.3557492,-41.5319393],[-65.3554038,-41.531344],[-65.3549757,-41.5304738],[-65.3547218,-41.5298138],[-65.3543547,-41.5287602],[-65.3511655,-41.5176359],[-65.3501431,-41.5139554],[-65.349909,-41.5130908],[-65.3498439,-41.5126223],[-65.3498553,-41.512235],[-65.3498926,-41.5117699],[-65.3499699,-41.5113802],[-65.3503577,-41.5104944],[-65.3517879,-41.5078939],[-65.3519904,-41.5074469],[-65.3521299,-41.5070284],[-65.3522725,-41.5062766],[-65.3574419,-41.4500249],[-65.3592718,-41.4301003],[-65.3596556,-41.4259208],[-65.3597307,-41.4251325],[-65.3599698,-41.4226786],[-65.3605436,-41.4167902],[-65.3642447,-41.3755829],[-65.3685041,-41.3295169],[-65.3716199,-41.2957985],[-65.3807519,-41.1969317],[-65.3837575,-41.1635881],[-65.3846862,-41.1534691],[-65.3853636,-41.1460868],[-65.3913382,-41.0794139],[-65.3942159,-41.0467373],[-65.4018932,-40.959481],[-65.4025337,-40.9521958],[-65.402545,-40.9518461],[-65.4025711,-40.9510389],[-65.4024559,-40.9497476],[-65.4022348,-40.9486404],[-65.4019409,-40.9475435],[-65.4012543,-40.9458579],[-65.3978794,-40.9386202],[-65.3684278,-40.8754256],[-65.3655698,-40.8692512],[-65.3495378,-40.8346045],[-65.3460492,-40.827063],[-65.3455396,-40.8259614],[-65.3421613,-40.8187361]]]},"geometry_name":"geom","properties":{"gid":792,"rtn":"3","typ":40,"rst":1,"hct":1,"fdc":"Dirección Nacional de Vialidad","sag":"IGN"},"bbox":[-65.4025711,-42.6089505,-65.0816252,-40.8187361]},{"type":"Feature","id":"vial_nacional.793","geometry":{"type":"MultiLineString","coordinates":[[[-65.30076728,-43.23316712],[-65.3010432,-43.2331066],[-65.3012668,-43.2330311],[-65.3014099,-43.2329693],[-65.3015236,-43.2329069],[-65.3016345,-43.232825],[-65.3017326,-43.2327337],[-65.3018118,-43.2326366],[-65.3018846,-43.2325126],[-65.3019293,-43.2323898],[-65.3019548,-43.2322708],[-65.3019503,-43.2321515],[-65.3019055,-43.2319911],[-65.3018525,-43.231875],[-65.3017597,-43.2317432],[-65.30154505,-43.2314714]]]},"geometry_name":"geom","properties":{"gid":793,"rtn":"3","typ":40,"rst":1,"hct":1,"fdc":"Dirección Nacional de Vialidad","sag":"IGN"},"bbox":[-65.3019548,-43.23316712,-65.30076728,-43.2314714]},{"type":"Feature","id":"vial_nacional.794","geometry":{"type":"MultiLineString","coordinates":[[[-65.30077386,-43.23100553],[-65.3005294,-43.2309155],[-65.3003951,-43.230853],[-65.3002464,-43.2307673],[-65.3001191,-43.2306718],[-65.3000085,-43.2305633],[-65.2999355,-43.2304704],[-65.2998927,-43.230402],[-65.2998337,-43.230275],[-65.299849,-43.2303822],[-65.2998536,-43.2304855],[-65.2998475,-43.2305834],[-65.299826,-43.2307014],[-65.2997834,-43.2308112],[-65.2997192,-43.2309346],[-65.2996336,-43.2310598],[-65.2994813,-43.2312489]]]},"geometry_name":"geom","properties":{"gid":794,"rtn":"3","typ":40,"rst":1,"hct":1,"fdc":"Dirección Nacional de Vialidad","sag":"IGN"},"bbox":[-65.30077386,-43.2312489,-65.2994813,-43.230275]},{"type":"Feature","id":"vial_nacional.823","geometry":{"type":"MultiLineString","coordinates":[[[-62.3543705,-38.6994329],[-62.3547386,-38.6992519],[-62.3549822,-38.6991092],[-62.355153,-38.6989762],[-62.3552791,-38.698869],[-62.3553678,-38.698734],[-62.3555491,-38.6985931],[-62.3557459,-38.6985089],[-62.3559918,-38.6984749],[-62.3562239,-38.6984964],[-62.3565565,-38.6985038],[-62.3567559,-38.6984769],[-62.3570835,-38.6983945],[-62.3567988,-38.6985162],[-62.3565846,-38.6986384],[-62.3565133,-38.6987115],[-62.3564197,-38.6988075],[-62.3563286,-38.6989476],[-62.3561847,-38.6990486],[-62.3559681,-38.6991426],[-62.3557243,-38.6991981],[-62.3555444,-38.6991911],[-62.3551699,-38.6992212],[-62.3547789,-38.6993073],[-62.3543705,-38.6994329]]]},"geometry_name":"geom","properties":{"gid":823,"rtn":"3","typ":40,"rst":1,"hct":1,"fdc":"Dirección Nacional de Vialidad","sag":"IGN"},"bbox":[-62.3570835,-38.6994329,-62.3543705,-38.6983945]},{"type":"Feature","id":"vial_nacional.805","geometry":{"type":"MultiLineString","coordinates":[[[-63.4784921,-40.6925425],[-63.4773849,-40.6931421],[-63.4772875,-40.6931948],[-63.4768648,-40.6934312],[-63.4766045,-40.6935768],[-63.4758387,-40.6940601],[-63.4696173,-40.6979867],[-63.4681137,-40.6988046],[-63.4665308,-40.6995838],[-63.4641263,-40.7006126],[-63.4622546,-40.7012787],[-63.4606015,-40.7017794],[-63.4347898,-40.7087572],[-63.4291517,-40.7102746],[-63.4222019,-40.7121451],[-63.4203098,-40.7127022],[-63.4183683,-40.7133898],[-63.4167397,-40.7140894],[-63.41524,-40.7148121],[-63.4145317,-40.7152167],[-63.4127744,-40.7161987],[-63.4074596,-40.7199289],[-63.4067948,-40.7203955],[-63.3964296,-40.7276695],[-63.3960042,-40.7279681],[-63.3830359,-40.7370678],[-63.3813936,-40.7382201],[-63.3804989,-40.7387883],[-63.3796219,-40.7393142],[-63.3785945,-40.7398976],[-63.3777752,-40.7403178],[-63.3772153,-40.740605],[-63.3760164,-40.7411597],[-63.3747486,-40.7417103],[-63.3737146,-40.7421138],[-63.3727328,-40.742474],[-63.3713111,-40.7429362],[-63.3699319,-40.743322],[-63.368229,-40.7437681],[-63.3660538,-40.7442999],[-63.3655688,-40.7444185],[-63.3626521,-40.7451315],[-63.3596729,-40.7458679],[-63.353859,-40.7473051],[-63.3495033,-40.7483818],[-63.3389979,-40.7509672],[-63.3376304,-40.7513037],[-63.3364019,-40.751606],[-63.335695,-40.751788],[-63.3336758,-40.7522824],[-63.3288158,-40.7534724],[-63.3274821,-40.753799],[-63.3198071,-40.7556861],[-63.3159445,-40.7566357],[-63.3147224,-40.7569362],[-63.310592,-40.7579517],[-63.301808,-40.7601113],[-63.2981804,-40.7610032],[-63.2980632,-40.761032],[-63.29781,-40.7610942],[-63.2975412,-40.7611603],[-63.29308,-40.7622571],[-63.2887482,-40.763322],[-63.2883721,-40.7634145],[-63.2822275,-40.764925],[-63.2820738,-40.7649628],[-63.2795952,-40.7655721],[-63.2765241,-40.7663271],[-63.2731344,-40.7671603],[-63.2699,-40.7679553],[-63.26499,-40.7691622],[-63.2618409,-40.7699362],[-63.256121,-40.7713421],[-63.2551205,-40.771588],[-63.2503465,-40.7727592],[-63.2500127,-40.7728411],[-63.2425782,-40.774665],[-63.2423916,-40.7747108],[-63.2333609,-40.7769263],[-63.2291627,-40.7779562],[-63.2199802,-40.7802087],[-63.2189078,-40.7804718],[-63.21821,-40.7806426],[-63.2105034,-40.7825288],[-63.2080525,-40.7831287],[-63.2068806,-40.7834155],[-63.1974785,-40.7857166],[-63.1972522,-40.785772],[-63.1933579,-40.7867251],[-63.1884243,-40.7879303],[-63.1869685,-40.7882859],[-63.1771685,-40.7906799],[-63.1706026,-40.7922838],[-63.1697889,-40.7924826],[-63.1678434,-40.7929578],[-63.1677525,-40.79298],[-63.1588802,-40.7951454],[-63.1565075,-40.7957244],[-63.1433603,-40.798933],[-63.1431913,-40.7989741],[-63.1334954,-40.8013331],[-63.1313684,-40.8018506],[-63.1301048,-40.802158],[-63.1263712,-40.8030663],[-63.1255044,-40.8032772],[-63.1253753,-40.8033086],[-63.1249628,-40.8034166],[-63.124642,-40.803494],[-63.1221661,-40.8040914],[-63.1217816,-40.8041889],[-63.1154444,-40.8057524],[-63.1091243,-40.8072874],[-63.1077601,-40.8076187],[-63.1071871,-40.8077578],[-63.1068866,-40.8078308],[-63.1021371,-40.8089668],[-63.1014994,-40.8091234],[-63.0972717,-40.810162],[-63.0948409,-40.8107592],[-63.0932193,-40.8111575],[-63.0863886,-40.8128355],[-63.0847181,-40.8132459],[-63.0829081,-40.8136905],[-63.0751205,-40.815541],[-63.0739482,-40.8157859],[-63.0724913,-40.8160864],[-63.0701553,-40.8164042],[-63.0689674,-40.8165309],[-63.0676789,-40.8166599],[-63.066353,-40.8167746],[-63.0648771,-40.8168578],[-63.0620137,-40.8169233],[-63.0523751,-40.8170585],[-63.0480021,-40.8171067],[-63.047834,-40.8171086],[-63.0473948,-40.8171156],[-63.0445834,-40.8171572],[-63.0444972,-40.8171585],[-63.0441605,-40.8171631],[-63.0424101,-40.8171873],[-63.0405456,-40.8172163],[-63.0395453,-40.8172318],[-63.0380892,-40.8172512],[-63.0375011,-40.817259],[-63.0368193,-40.8172721],[-63.0290916,-40.8173797],[-63.0287542,-40.8173849],[-63.0278151,-40.8173449],[-63.0272918,-40.8172927],[-63.0271256,-40.817274],[-63.0256058,-40.8170601],[-63.0245992,-40.8168473],[-63.0234777,-40.8165167],[-63.0226479,-40.8161911],[-63.0220721,-40.815962],[-63.0219487,-40.8159129],[-63.0211998,-40.8155493],[-63.0205389,-40.8151997],[-63.0203018,-40.8150545],[-63.0202476,-40.8150213],[-63.0200115,-40.8148878],[-63.019531,-40.8145553],[-63.0190695,-40.8142303],[-63.0183662,-40.8137039],[-63.0180516,-40.8134685],[-63.0179997,-40.8134296]]]},"geometry_name":"geom","properties":{"gid":805,"rtn":"3","typ":40,"rst":1,"hct":1,"fdc":"Dirección Nacional de Vialidad","sag":"IGN"},"bbox":[-63.4784921,-40.8173849,-63.0179997,-40.6925425]},{"type":"Feature","id":"vial_nacional.806","geometry":{"type":"MultiLineString","coordinates":[[[-63.0179997,-40.8134296],[-63.0176292,-40.8132386],[-63.0173635,-40.8130736],[-63.0170898,-40.8129406],[-63.0168974,-40.8128714],[-63.01665349,-40.81280478],[-63.01644885,-40.81276433],[-63.01628705,-40.81270722],[-63.01620196,-40.8126563],[-63.01613001,-40.81258349],[-63.01607766,-40.81246452],[-63.01601103,-40.81227178],[-63.01594203,-40.81213853],[-63.0158873,-40.81206001],[-63.01573978,-40.81189345],[-63.0155305,-40.8116565],[-63.0153401,-40.8114925],[-63.0151418,-40.8113346],[-63.0104723,-40.8077619],[-63.00922884,-40.80688194],[-63.00886716,-40.80661544],[-63.00859923,-40.80639914],[-63.0083651,-40.80626494],[-63.00812477,-40.80616334],[-63.00789872,-40.80610385],[-63.0077274,-40.80607054],[-63.00760129,-40.80603009],[-63.00748707,-40.80598012],[-63.00742283,-40.80590636],[-63.00737524,-40.80575883],[-63.0072753,-40.80556133],[-63.00719202,-40.80543522],[-63.00705877,-40.80529483],[-63.00679941,-40.80504737],[-63.00654957,-40.80482608],[-63.00603322,-40.80443347],[-63.00570962,-40.80415031],[-63.0053527,-40.80381005],[-63.00504813,-40.80350548],[-63.00480304,-40.80321994],[-63.00451275,-40.80285589],[-63.0042748,-40.80252514],[-63.00412014,-40.80233003],[-63.00399641,-40.80215395],[-63.00384412,-40.80191838],[-63.00370135,-40.80168043],[-63.0033254,-40.80089759],[-63.00331147,-40.80084954],[-63.00299989,-40.79988013],[-63.00224798,-40.79717231],[-63.0016497,-40.7952121],[-63.0016116,-40.7951086],[-63.0012179,-40.7937354],[-63.0008634,-40.7925185],[-63.0004958,-40.7912611],[-63.00025,-40.7903855],[-62.9995285,-40.7879314],[-62.9993012,-40.7872118],[-62.9992022,-40.7868691],[-62.999182,-40.7867885],[-62.9990759,-40.7863641],[-62.9989973,-40.7860772],[-62.9988178,-40.7853385],[-62.9990817,-40.7860593],[-62.9993058,-40.7867654],[-62.9993201,-40.7868102],[-62.9994418,-40.7872256],[-62.9994508,-40.7872564],[-62.9996724,-40.7879438],[-63.0003118,-40.7900773],[-63.0003722,-40.7902981],[-63.0014471,-40.7939697],[-63.00186822,-40.79553738],[-63.0024212,-40.79752185],[-63.00293897,-40.79926933],[-63.00311125,-40.79988894],[-63.00330541,-40.80042003],[-63.00347063,-40.80080899],[-63.0034917,-40.8008584],[-63.0036056,-40.8010774],[-63.0039353,-40.8017105],[-63.0040866,-40.8019319],[-63.0044661,-40.8024846],[-63.0044882,-40.8025136],[-63.0047696,-40.8028831],[-63.0049917,-40.8031598],[-63.00519565,-40.80344956],[-63.00548404,-40.80374938],[-63.00565537,-40.80391213],[-63.00586095,-40.80409487],[-63.00617218,-40.80435757],[-63.00666902,-40.8047516],[-63.006926,-40.80492007],[-63.00729719,-40.80515992],[-63.00761699,-40.80531696],[-63.00778831,-40.80537407],[-63.00794821,-40.80539977],[-63.00808813,-40.80543403],[-63.00816808,-40.80549971],[-63.00821662,-40.80557395],[-63.00825374,-40.80567674],[-63.00830799,-40.80580523],[-63.00837652,-40.80590231],[-63.00852214,-40.80609076],[-63.00873058,-40.80629064],[-63.0090298,-40.8065228],[-63.0090971,-40.8065791],[-63.0143064,-40.8105256],[-63.0152586,-40.8112469],[-63.0155059,-40.8114287],[-63.0157732,-40.8116076],[-63.0160848,-40.81180303],[-63.01628467,-40.81188631],[-63.01642982,-40.81193628],[-63.0165731,-40.8119708],[-63.01674867,-40.81200766],[-63.01691999,-40.81207904],[-63.01704372,-40.81217422],[-63.01711986,-40.81229795],[-63.0171674,-40.8124445],[-63.0173193,-40.8126767],[-63.0173819,-40.8127621],[-63.0177468,-40.8131613],[-63.0179997,-40.8134296]]]},"geometry_name":"geom","properties":{"gid":806,"rtn":"3","typ":47,"rst":1,"hct":1,"fdc":"Dirección Nacional de Vialidad","sag":"IGN"},"bbox":[-63.0179997,-40.8134296,-62.9988178,-40.7853385]},{"type":"Feature","id":"vial_nacional.807","geometry":{"type":"MultiLineString","coordinates":[[[-62.9988178,-40.7853385],[-62.9987959,-40.7852698],[-62.9986299,-40.7846684],[-62.9985381,-40.7843597],[-62.9984951,-40.7842152],[-62.9982669,-40.7835304],[-62.997827,-40.782001],[-62.9978198,-40.7819706],[-62.9976394,-40.7814097],[-62.9976127,-40.7813267],[-62.9973885,-40.7805598],[-62.9970055,-40.77925],[-62.9969515,-40.7790829],[-62.9969019,-40.778874],[-62.9966724,-40.7780708],[-62.9963612,-40.776982],[-62.9962369,-40.7765827],[-62.9962237,-40.7765313],[-62.9957558,-40.7749567],[-62.9955284,-40.7742033],[-62.9953426,-40.773638],[-62.9950406,-40.7729754],[-62.9950158,-40.7729301],[-62.9948759,-40.7726744],[-62.9943866,-40.7718936],[-62.9937587,-40.7710722],[-62.9931218,-40.7703717],[-62.9923397,-40.769642],[-62.9914378,-40.7689382],[-62.9905152,-40.7682556],[-62.9903516,-40.7681369],[-62.9877629,-40.7662595],[-62.986245,-40.7651586],[-62.9844426,-40.7638514],[-62.9830479,-40.7629575],[-62.9821681,-40.7624862],[-62.9811596,-40.7620474],[-62.9803228,-40.7617548],[-62.9794215,-40.7615111],[-62.978692,-40.7613323],[-62.9778551,-40.7611697],[-62.9765891,-40.7610072],[-62.9753017,-40.760926],[-62.9742073,-40.760926],[-62.9730272,-40.7610072],[-62.9713411,-40.761161],[-62.9667269,-40.761582],[-62.9561205,-40.7624542],[-62.9378834,-40.7639487],[-62.9372411,-40.7639539],[-62.9365906,-40.7639231],[-62.9355641,-40.763877],[-62.9346402,-40.7637738],[-62.9343507,-40.7637077],[-62.9337162,-40.7634757],[-62.933574,-40.7634371],[-62.9333753,-40.7633944]]]},"geometry_name":"geom","properties":{"gid":807,"rtn":"3","typ":40,"rst":1,"hct":1,"fdc":"Dirección Nacional de Vialidad","sag":"IGN"},"bbox":[-62.9988178,-40.7853385,-62.9333753,-40.760926]},{"type":"Feature","id":"vial_nacional.808","geometry":{"type":"MultiLineString","coordinates":[[[-62.9333753,-40.7633944],[-62.93303183,-40.76347331],[-62.9328552,-40.7635539],[-62.93269775,-40.7636846],[-62.9325594,-40.7638041],[-62.93239359,-40.76398229],[-62.93222377,-40.76408892],[-62.93209242,-40.76413289],[-62.9319468,-40.76415574],[-62.93172884,-40.76414603],[-62.9316289,-40.7641032],[-62.93149436,-40.76403197],[-62.93140142,-40.76394159],[-62.93131291,-40.76379025],[-62.9310769,-40.7632939],[-62.9309047,-40.7630674],[-62.9311734,-40.7631598],[-62.9314524,-40.7631943],[-62.9318688,-40.7631977],[-62.9320208,-40.7631973],[-62.93245981,-40.76325249],[-62.9327604,-40.7633046],[-62.9333753,-40.7633944]]]},"geometry_name":"geom","properties":{"gid":808,"rtn":"3","typ":40,"rst":1,"hct":1,"fdc":"Dirección Nacional de Vialidad","sag":"IGN"},"bbox":[-62.9333753,-40.76415574,-62.9309047,-40.7630674]},{"type":"Feature","id":"vial_nacional.809","geometry":{"type":"MultiLineString","coordinates":[[[-62.9309047,-40.7630674],[-62.9304385,-40.7627169],[-62.930114,-40.7625178],[-62.9282538,-40.7614745],[-62.9274665,-40.7609187],[-62.9250633,-40.7591065],[-62.9201333,-40.75536],[-62.8739602,-40.7203683],[-62.8729936,-40.7196104],[-62.8723093,-40.7189497],[-62.8718538,-40.7184319],[-62.8714423,-40.7178158],[-62.8711077,-40.7171607],[-62.8708153,-40.716388],[-62.8704972,-40.7154209],[-62.859173,-40.6762937],[-62.8581231,-40.6726648],[-62.8486293,-40.6398426],[-62.8396943,-40.6099569],[-62.8342565,-40.5920323],[-62.8187262,-40.541369],[-62.8183185,-40.5399503],[-62.8180395,-40.538923],[-62.8178464,-40.5373575],[-62.8162539,-40.5230755],[-62.8149663,-40.512154],[-62.8147435,-40.510933],[-62.8142899,-40.5092994],[-62.8140662,-40.5086138],[-62.8115446,-40.5008862],[-62.8091968,-40.4936903],[-62.800421,-40.4667866],[-62.7998403,-40.4650015],[-62.7994957,-40.4639697],[-62.799272,-40.4632018]]]},"geometry_name":"geom","properties":{"gid":809,"rtn":"3","typ":40,"rst":1,"hct":1,"fdc":"Dirección Nacional de Vialidad","sag":"IGN"},"bbox":[-62.9309047,-40.7630674,-62.799272,-40.4632018]},{"type":"Feature","id":"vial_nacional.810","geometry":{"type":"MultiLineString","coordinates":[[[-62.799272,-40.4632018],[-62.7992244,-40.4631079],[-62.7991891,-40.4630421],[-62.7991712,-40.4630033],[-62.7991614,-40.4629742],[-62.7989402,-40.4623842],[-62.798918,-40.4623254],[-62.7988806,-40.4622116],[-62.7987768,-40.4618867],[-62.7987265,-40.4617205],[-62.7987003,-40.4616111],[-62.7986726,-40.4614919],[-62.7986411,-40.4613481],[-62.7987799,-40.4616319],[-62.7988262,-40.4617241],[-62.7988708,-40.4618236],[-62.7989091,-40.4619207],[-62.7989346,-40.4619922],[-62.7989522,-40.4620578],[-62.7989871,-40.4621805],[-62.7990481,-40.4623679],[-62.7992367,-40.462915],[-62.7992575,-40.4630027],[-62.7992629,-40.4630707],[-62.799272,-40.4632018]]]},"geometry_name":"geom","properties":{"gid":810,"rtn":"3","typ":40,"rst":1,"hct":1,"fdc":"Dirección Nacional de Vialidad","sag":"IGN"},"bbox":[-62.799272,-40.4632018,-62.7986411,-40.4613481]},{"type":"Feature","id":"vial_nacional.813","geometry":{"type":"MultiLineString","coordinates":[[[-62.655502,-40.1679151],[-62.6593549,-40.141272],[-62.6594512,-40.1406068],[-62.6595082,-40.140213],[-62.6599047,-40.1374741],[-62.6633076,-40.1142666],[-62.6635814,-40.1125782],[-62.6637132,-40.1117657],[-62.6662422,-40.0988973],[-62.6663924,-40.0979946],[-62.6665212,-40.0969441],[-62.6665641,-40.0955324],[-62.6664235,-40.0829108],[-62.6664211,-40.0826927],[-62.6662884,-40.0753059],[-62.6662341,-40.0723575],[-62.6658345,-40.0506688],[-62.6657696,-40.0467599],[-62.665686,-40.0422621],[-62.6653001,-40.0184264],[-62.6652992,-40.0180721],[-62.6652465,-40.0150193],[-62.6648163,-39.9860514],[-62.6648566,-39.9840301],[-62.664558,-39.9602771],[-62.6643464,-39.9560964],[-62.6638753,-39.9464585],[-62.6637246,-39.9341464],[-62.6635864,-39.9212768],[-62.663249,-39.890919],[-62.6632532,-39.8904469],[-62.6632539,-39.8903209],[-62.6632575,-39.8897138],[-62.6632497,-39.8893063],[-62.6632431,-39.8890971],[-62.6632412,-39.8890223],[-62.6632363,-39.8888286],[-62.6632325,-39.8885261],[-62.6632274,-39.8881157],[-62.6632041,-39.886264],[-62.6629195,-39.8581636],[-62.6629593,-39.8556818],[-62.6630612,-39.8544792],[-62.6659584,-39.8122408],[-62.6667962,-39.8000797],[-62.6670232,-39.7965731],[-62.6686422,-39.7732702],[-62.6686615,-39.7730131],[-62.6686642,-39.7729736],[-62.6686841,-39.7726846],[-62.6711675,-39.7365568],[-62.6727635,-39.7122225],[-62.6737602,-39.697992],[-62.674569,-39.6863485],[-62.6746144,-39.6857607],[-62.6756081,-39.6712588],[-62.675621,-39.6706469],[-62.6756138,-39.6702291],[-62.6755629,-39.6687935],[-62.6755336,-39.6677831],[-62.6755298,-39.6665231],[-62.6755038,-39.6659664],[-62.6754993,-39.6653106],[-62.6761383,-39.6581606],[-62.6762201,-39.6572446],[-62.676653,-39.6513551],[-62.6785365,-39.626745],[-62.6791573,-39.6186317],[-62.6797981,-39.6086219],[-62.6805248,-39.5984798],[-62.6805618,-39.5976073],[-62.6805508,-39.5965846],[-62.68031197,-39.58951801]]]},"geometry_name":"geom","properties":{"gid":813,"rtn":"3","typ":40,"rst":1,"hct":1,"fdc":"Dirección Nacional de Vialidad","sag":"IGN"},"bbox":[-62.6805618,-40.1679151,-62.655502,-39.58951801]},{"type":"Feature","id":"vial_nacional.814","geometry":{"type":"MultiLineString","coordinates":[[[-62.6722233,-39.5118373],[-62.6717565,-39.5110166],[-62.6698218,-39.5076153],[-62.6695006,-39.5069995],[-62.6693573,-39.5066887],[-62.6692387,-39.5063742],[-62.6692211,-39.5063261],[-62.6691028,-39.5060024],[-62.6689594,-39.50548],[-62.6689224,-39.5053313],[-62.6683305,-39.5034276],[-62.6681863,-39.5030932],[-62.6680393,-39.5027675],[-62.6677012,-39.5020702],[-62.6673991,-39.5014358],[-62.6670539,-39.500711],[-62.6663971,-39.499356],[-62.6657403,-39.4980009],[-62.6636683,-39.493693],[-62.6636346,-39.4936244],[-62.6636107,-39.4935756],[-62.6635948,-39.4935432],[-62.6631827,-39.4927578],[-62.6624041,-39.4911736],[-62.6616591,-39.4894913],[-62.6615053,-39.4891219],[-62.6613651,-39.488742],[-62.6610309,-39.487907],[-62.6607195,-39.4870001],[-62.6583075,-39.4800082],[-62.6555934,-39.4722502],[-62.6553385,-39.471504],[-62.6509909,-39.4584667],[-62.6508001,-39.4578865],[-62.6507124,-39.4576164],[-62.6470756,-39.4469549],[-62.6435666,-39.4357946],[-62.6435205,-39.4356663],[-62.6414042,-39.4293419],[-62.6390179,-39.422175],[-62.6389981,-39.4221183],[-62.6389602,-39.42201],[-62.6389486,-39.4219767],[-62.6375275,-39.417912],[-62.6373129,-39.4171495],[-62.6371546,-39.4163432],[-62.6371351,-39.4161514],[-62.637099,-39.414659],[-62.6371025,-39.4143447],[-62.6371583,-39.4094381],[-62.6371018,-39.4062921],[-62.6370554,-39.4056109],[-62.6369696,-39.4050804],[-62.6367511,-39.4045636],[-62.6321825,-39.3965395],[-62.6305828,-39.3937296],[-62.6304861,-39.3935022],[-62.6304246,-39.3932802],[-62.6303603,-39.3928325],[-62.6302801,-39.392549]]]},"geometry_name":"geom","properties":{"gid":814,"rtn":"3","typ":40,"rst":1,"hct":1,"fdc":"Dirección Nacional de Vialidad","sag":"IGN"},"bbox":[-62.6722233,-39.5118373,-62.6302801,-39.392549]},{"type":"Feature","id":"vial_nacional.815","geometry":{"type":"MultiLineString","coordinates":[[[-62.6722233,-39.5118373],[-62.6723107,-39.511951],[-62.672426,-39.5121009],[-62.6725963,-39.512352],[-62.6727365,-39.5126189],[-62.6728539,-39.5129104],[-62.6729086,-39.5130461],[-62.6728294,-39.5129256],[-62.6726931,-39.5127181],[-62.6723994,-39.5122152],[-62.6722785,-39.5119557],[-62.6722233,-39.5118373]]]},"geometry_name":"geom","properties":{"gid":815,"rtn":"3","typ":40,"rst":1,"hct":1,"fdc":"Dirección Nacional de Vialidad","sag":"IGN"},"bbox":[-62.6729086,-39.5130461,-62.6722233,-39.5118373]},{"type":"Feature","id":"vial_nacional.816","geometry":{"type":"MultiLineString","coordinates":[[[-62.6552221,-40.1698893],[-62.6553156,-40.1691689],[-62.655502,-40.1679151],[-62.6555124,-40.1684403],[-62.6554179,-40.1691218],[-62.6553609,-40.1695331],[-62.6552221,-40.1698893]]]},"geometry_name":"geom","properties":{"gid":816,"rtn":"3","typ":40,"rst":1,"hct":1,"fdc":"Dirección Nacional de Vialidad","sag":"IGN"},"bbox":[-62.6555124,-40.1698893,-62.6552221,-40.1679151]},{"type":"Feature","id":"vial_nacional.817","geometry":{"type":"MultiLineString","coordinates":[[[-62.6302801,-39.392549],[-62.6299487,-39.3920599],[-62.6293837,-39.39103],[-62.6291994,-39.3906942],[-62.6291125,-39.3905356],[-62.6289504,-39.3902105],[-62.6279475,-39.3885363],[-62.6281689,-39.3887106],[-62.6287905,-39.3897815],[-62.6290849,-39.3902423],[-62.6292285,-39.3904946],[-62.6293167,-39.3906561],[-62.6294347,-39.3908569],[-62.6296128,-39.3911659],[-62.6302022,-39.3922587],[-62.6302801,-39.392549]]]},"geometry_name":"geom","properties":{"gid":817,"rtn":"3","typ":40,"rst":1,"hct":1,"fdc":"Dirección Nacional de Vialidad","sag":"IGN"},"bbox":[-62.6302801,-39.392549,-62.6279475,-39.3885363]},{"type":"Feature","id":"vial_nacional.824","geometry":{"type":"MultiLineString","coordinates":[[[-62.3543705,-38.6994329],[-62.3541419,-38.6995249],[-62.3527097,-38.7000769],[-62.3514633,-38.7005573],[-62.3473827,-38.7021341],[-62.3463943,-38.702516],[-62.3462193,-38.7025836],[-62.3433076,-38.7036973],[-62.3418423,-38.7042577],[-62.3416682,-38.7043234],[-62.3395626,-38.7051179],[-62.338253,-38.7056101],[-62.3376704,-38.705829],[-62.3374132,-38.7059255],[-62.3371967,-38.7060141],[-62.3369155,-38.7061375],[-62.3366639,-38.7062582],[-62.3364645,-38.7063559],[-62.3357452,-38.7067854],[-62.335489,-38.7069628],[-62.3350846,-38.7072642],[-62.3347721,-38.7075091],[-62.3339512,-38.7081525],[-62.333491,-38.7085132],[-62.3328486,-38.7090166],[-62.3326816,-38.7091475],[-62.3325956,-38.7092149],[-62.3322944,-38.7094509],[-62.3319356,-38.7097321],[-62.3314503,-38.7102242],[-62.3313482,-38.7103277],[-62.3310387,-38.7106665],[-62.3306162,-38.7111978],[-62.3300182,-38.7120693],[-62.3298943,-38.7123162],[-62.3297705,-38.7126134],[-62.329696,-38.7128081],[-62.3296166,-38.7132155],[-62.3296634,-38.7146933],[-62.3296639,-38.7148365],[-62.3296642,-38.714937],[-62.3296654,-38.7152828],[-62.329666,-38.7154631],[-62.3296522,-38.7157552],[-62.3295954,-38.7160975],[-62.3293918,-38.7166263],[-62.3290643,-38.7171545],[-62.3286045,-38.7176693],[-62.328022,-38.7181203],[-62.3275434,-38.7183974],[-62.3270323,-38.7185858],[-62.3258293,-38.7190395],[-62.3252502,-38.7192404],[-62.3236925,-38.7197809],[-62.323035,-38.720009],[-62.32216,-38.720331],[-62.3215372,-38.7206171],[-62.3210528,-38.7209122],[-62.3200092,-38.7216829],[-62.3186695,-38.7227595],[-62.3184699,-38.7229122],[-62.3167887,-38.7241987],[-62.3160985,-38.7247268],[-62.315478,-38.7252015],[-62.3150064,-38.7255623],[-62.3140594,-38.726287],[-62.3138319,-38.726461],[-62.3122935,-38.7276382],[-62.3113803,-38.7283538],[-62.3113032,-38.7284119],[-62.3109735,-38.728664],[-62.3108655,-38.7287463],[-62.3071356,-38.7315586],[-62.3060622,-38.7323679],[-62.3049089,-38.7332779],[-62.3040668,-38.7339423],[-62.3030421,-38.7347508],[-62.3029223,-38.7348419],[-62.3019836,-38.735549],[-62.3015595,-38.7358685],[-62.300605,-38.7366141],[-62.3003095,-38.7368401],[-62.2996437,-38.7373433],[-62.2986575,-38.7380884],[-62.2981988,-38.7384498],[-62.2978556,-38.7387202],[-62.2974513,-38.7390389],[-62.2968996,-38.7394593],[-62.2967105,-38.7396124]]]},"geometry_name":"geom","properties":{"gid":824,"rtn":"3","typ":40,"rst":1,"hct":1,"fdc":"Dirección Nacional de Vialidad","sag":"IGN"},"bbox":[-62.3543705,-38.7396124,-62.2967105,-38.6994329]},{"type":"Feature","id":"vial_nacional.826","geometry":{"type":"MultiLineString","coordinates":[[[-62.2846247,-38.7524266],[-62.2840891,-38.7533258],[-62.2837017,-38.7539645],[-62.2834025,-38.7543669],[-62.283039,-38.7547693],[-62.2827576,-38.7550521],[-62.2823674,-38.755356],[-62.2820801,-38.7555797],[-62.2818177,-38.7557976],[-62.2809594,-38.7564522],[-62.2778317,-38.7588375],[-62.2755561,-38.7605729],[-62.2726855,-38.7627878],[-62.2713184,-38.763829]]]},"geometry_name":"geom","properties":{"gid":826,"rtn":"3","typ":40,"rst":1,"hct":1,"fdc":"Dirección Nacional de Vialidad","sag":"IGN"},"bbox":[-62.2846247,-38.763829,-62.2713184,-38.7524266]},{"type":"Feature","id":"vial_nacional.827","geometry":{"type":"MultiLineString","coordinates":[[[-62.24597678,-38.77067756],[-62.2465598,-38.77055814],[-62.24698334,-38.7704582],[-62.24735612,-38.77037572],[-62.24774318,-38.7703313],[-62.24810486,-38.77032495],[-62.2505097,-38.77043917],[-62.2547307,-38.7706187],[-62.2549472,-38.7706282],[-62.2549997,-38.7706386],[-62.2551642,-38.7706465],[-62.2557395,-38.7706741],[-62.2564317,-38.7707136],[-62.2569808,-38.7707009],[-62.2573542,-38.7706684],[-62.257939,-38.7706502],[-62.2582916,-38.7706594],[-62.2589819,-38.7707042],[-62.2595547,-38.7707093],[-62.2603066,-38.7706663],[-62.2610585,-38.7705657],[-62.2619831,-38.7703549],[-62.2626723,-38.770119],[-62.2631916,-38.7698831],[-62.2638904,-38.7694887],[-62.2644167,-38.7691228],[-62.265191,-38.7685402],[-62.2658702,-38.7680202],[-62.26659,-38.7674692],[-62.2675973,-38.7666981],[-62.2690113,-38.7655924]]]},"geometry_name":"geom","properties":{"gid":827,"rtn":"3","typ":40,"rst":1,"hct":1,"fdc":"Dirección Nacional de Vialidad","sag":"IGN"},"bbox":[-62.2690113,-38.7707136,-62.24597678,-38.7655924]},{"type":"Feature","id":"vial_nacional.825","geometry":{"type":"MultiLineString","coordinates":[[[-62.294476,-38.74124525],[-62.2942715,-38.74146177],[-62.2917249,-38.7434088],[-62.2909787,-38.7439946],[-62.2890273,-38.7455338],[-62.2886064,-38.7459127],[-62.288191,-38.7464227],[-62.2878503,-38.7469419],[-62.2871857,-38.7480841],[-62.286953,-38.7484726],[-62.2865011,-38.749227],[-62.28618041,-38.74971915],[-62.28584918,-38.75025215],[-62.2854016,-38.750978],[-62.2852624,-38.7511481],[-62.28515747,-38.7512358],[-62.28503446,-38.75130672],[-62.2849507,-38.75138287],[-62.28490501,-38.75147424],[-62.2848751,-38.7516157],[-62.2848341,-38.751891],[-62.2846247,-38.7524266],[-62.2850054,-38.7519322],[-62.28511795,-38.75184545],[-62.28526669,-38.75172932],[-62.28535426,-38.75165317],[-62.28539614,-38.75155419],[-62.28541136,-38.7514552],[-62.2854304,-38.75130672],[-62.28544563,-38.75117728],[-62.28548751,-38.75103642],[-62.28555604,-38.75090317],[-62.28572736,-38.75064809],[-62.28603479,-38.75014036],[-62.28617628,-38.74992233],[-62.28639765,-38.74962883],[-62.28669586,-38.74923345],[-62.2873391,-38.74824527],[-62.28835188,-38.74671765],[-62.28868554,-38.74624797],[-62.2888877,-38.74600448],[-62.28918744,-38.74573347],[-62.29133923,-38.74405105],[-62.29138791,-38.74401299],[-62.29143659,-38.74397493],[-62.2914955,-38.74392887],[-62.29213129,-38.74343177],[-62.29279371,-38.74293395],[-62.29421664,-38.74184012],[-62.29456309,-38.74156743],[-62.29469272,-38.74151127],[-62.29483292,-38.7414594],[-62.2949575,-38.7414164],[-62.2950416,-38.7413905],[-62.2951134,-38.7413476],[-62.2951673,-38.7412908],[-62.295199,-38.7412248],[-62.29523825,-38.7411396],[-62.2952704,-38.7410932],[-62.2956463,-38.7406351],[-62.2958724,-38.7404012],[-62.2961515,-38.7401457],[-62.2967105,-38.7396124],[-62.2960712,-38.7400768],[-62.2956486,-38.7404048],[-62.2951334,-38.7408048],[-62.295035,-38.7408632],[-62.2948514,-38.7409169],[-62.2948056,-38.7409228],[-62.294712,-38.7409529],[-62.2946348,-38.741004],[-62.2945814,-38.7410711],[-62.294476,-38.74124525]]]},"geometry_name":"geom","properties":{"gid":825,"rtn":"3","typ":40,"rst":1,"hct":1,"fdc":"Dirección Nacional de Vialidad","sag":"IGN"},"bbox":[-62.2967105,-38.7524266,-62.2846247,-38.7396124]},{"type":"Feature","id":"vial_nacional.818","geometry":{"type":"MultiLineString","coordinates":[[[-62.6279475,-39.3885363],[-62.6276995,-39.3882887],[-62.6273777,-39.3880731],[-62.627288,-39.3879779],[-62.62719,-39.3878581],[-62.626383,-39.386434],[-62.6254568,-39.3847995],[-62.6248027,-39.3836451],[-62.6245023,-39.3830148],[-62.6242877,-39.382567],[-62.6240591,-39.3818738],[-62.6239194,-39.3811411],[-62.6236013,-39.3794936],[-62.6235822,-39.37941],[-62.6235649,-39.379334],[-62.6228117,-39.3759557],[-62.6222378,-39.373588],[-62.621527,-39.3702098],[-62.6214955,-39.3700585],[-62.6161634,-39.346392],[-62.6125199,-39.3296203],[-62.6124605,-39.3293555],[-62.6115363,-39.3252333],[-62.6114884,-39.325004],[-62.6114521,-39.3248305],[-62.6081918,-39.3107106],[-62.6077795,-39.3088647],[-62.6064928,-39.3029356],[-62.6034635,-39.2891327],[-62.6032704,-39.2879702],[-62.6031416,-39.2867246],[-62.6028663,-39.2804434],[-62.6027749,-39.2787008],[-62.6027321,-39.2768363],[-62.6027191,-39.276258],[-62.6026676,-39.2757614],[-62.6026001,-39.27531],[-62.602452,-39.2747218],[-62.602437,-39.2746794],[-62.6024031,-39.2745679],[-62.6022873,-39.2741776],[-62.6000782,-39.2680552],[-62.5993235,-39.2659174],[-62.59895,-39.2648451],[-62.5983889,-39.2632547],[-62.5971987,-39.2597921],[-62.5970729,-39.2594268],[-62.596361,-39.2574042],[-62.5960726,-39.2565831],[-62.5956655,-39.255431],[-62.59493,-39.2532813],[-62.5945794,-39.2523085],[-62.5942952,-39.2513837],[-62.5941684,-39.2508808],[-62.5940925,-39.2504584],[-62.5940339,-39.2500889],[-62.5940125,-39.2495045],[-62.5940373,-39.2487914],[-62.5940637,-39.2485258],[-62.5941201,-39.248212],[-62.5941834,-39.2479212],[-62.5942828,-39.2475141],[-62.594932,-39.2447767],[-62.5962066,-39.2397873],[-62.5962438,-39.2396339],[-62.596581,-39.2382532],[-62.5966074,-39.2381466],[-62.5966973,-39.2378278],[-62.5985563,-39.2302801],[-62.598685,-39.2293825],[-62.5985992,-39.2284683],[-62.5984704,-39.2277536],[-62.5982129,-39.2269059],[-62.5975779,-39.2255546],[-62.5913245,-39.213168],[-62.5909712,-39.2124473],[-62.5904516,-39.211389],[-62.5902451,-39.2109494],[-62.5901157,-39.2106215],[-62.5876911,-39.2026095],[-62.5872679,-39.2012108],[-62.5771924,-39.1679057],[-62.5766525,-39.1660834],[-62.5763045,-39.1647454],[-62.5759357,-39.1637996],[-62.5756136,-39.1631042],[-62.5751832,-39.162272],[-62.5747942,-39.161606],[-62.5739878,-39.1605032],[-62.5736735,-39.1599986],[-62.5734503,-39.1594992],[-62.5733129,-39.1589896],[-62.5732666,-39.1584186],[-62.5732829,-39.1574729],[-62.5734289,-39.156073],[-62.5735421,-39.1549705],[-62.573585,-39.1540505],[-62.5735202,-39.153307],[-62.5733632,-39.1525888],[-62.5730874,-39.1517196],[-62.5728679,-39.151098],[-62.5693214,-39.1409701],[-62.5690228,-39.1399954],[-62.5688826,-39.1394009],[-62.5687525,-39.1386694],[-62.5685943,-39.1374724],[-62.5675727,-39.1294803],[-62.5645946,-39.1060507],[-62.5601823,-39.0712209],[-62.5597759,-39.0680619],[-62.5597159,-39.0675958],[-62.5596652,-39.0669164],[-62.559647,-39.0662655],[-62.559649,-39.0651932],[-62.5596668,-39.0643519],[-62.5596402,-39.0604975],[-62.5596182,-39.0573034],[-62.5596118,-39.0553395],[-62.5595743,-39.0546045],[-62.5595052,-39.0539151],[-62.5593905,-39.053366],[-62.5592751,-39.0528901],[-62.5590501,-39.0522446],[-62.5572933,-39.0479094],[-62.5513665,-39.0333114],[-62.5473691,-39.0235722],[-62.5466725,-39.0217928],[-62.53898,-39.0030739],[-62.5374972,-38.9994678],[-62.5326648,-38.9875769],[-62.5221217,-38.9614938],[-62.5178535,-38.9509318],[-62.5074949,-38.9252324],[-62.4981279,-38.9019818],[-62.4914709,-38.8856165],[-62.4910471,-38.8844999],[-62.4907721,-38.883732],[-62.4905755,-38.8829809],[-62.4874863,-38.8699416],[-62.4873547,-38.8693707],[-62.487284,-38.8687634],[-62.4872616,-38.8682075],[-62.4872979,-38.8676224],[-62.4874036,-38.8667842],[-62.4883949,-38.862516],[-62.4904364,-38.8539618],[-62.4905643,-38.8535617],[-62.4907976,-38.8529977],[-62.4911195,-38.8523983],[-62.4913444,-38.8520109],[-62.491672,-38.8515398],[-62.4921522,-38.8509779],[-62.4926886,-38.8504076],[-62.4929461,-38.8501716],[-62.4939346,-38.8493074],[-62.5037351,-38.8406094],[-62.5046847,-38.8397838],[-62.5065757,-38.8382713],[-62.5071609,-38.8378032],[-62.5082857,-38.8368374],[-62.5086712,-38.8365064],[-62.5090333,-38.8361813],[-62.5102989,-38.835045],[-62.510642,-38.8347044],[-62.5115872,-38.8337662],[-62.5137547,-38.8317265],[-62.5178414,-38.8278989],[-62.5226306,-38.8234307],[-62.5258261,-38.8205114],[-62.5296015,-38.8170413],[-62.5301912,-38.8164741],[-62.530885,-38.8157562],[-62.5323965,-38.8139814],[-62.5348904,-38.81106],[-62.5410996,-38.8036983],[-62.5411829,-38.8035995],[-62.5509219,-38.7921484],[-62.552791,-38.7899548],[-62.5556011,-38.7866493],[-62.5577234,-38.7842632],[-62.5613533,-38.7799086],[-62.5625761,-38.778432],[-62.5633635,-38.7774959],[-62.5638625,-38.7768008],[-62.5643032,-38.7758064],[-62.5645261,-38.7750366],[-62.5646772,-38.7742675],[-62.5649224,-38.7726287],[-62.5653413,-38.7702072],[-62.565833,-38.766642],[-62.5662773,-38.7635167],[-62.5668138,-38.7602875],[-62.5669914,-38.7594235],[-62.5671957,-38.7587441],[-62.5674411,-38.7579279],[-62.5677654,-38.7569735],[-62.5679368,-38.756513],[-62.5680056,-38.7563421],[-62.5680743,-38.7561712]]]},"geometry_name":"geom","properties":{"gid":818,"rtn":"3","typ":40,"rst":1,"hct":1,"fdc":"Dirección Nacional de Vialidad","sag":"IGN"},"bbox":[-62.6279475,-39.3885363,-62.4872616,-38.7561712]},{"type":"Feature","id":"vial_nacional.819","geometry":{"type":"MultiLineString","coordinates":[[[-62.5681875,-38.7544689],[-62.5682783,-38.7548091],[-62.5682951,-38.7550139],[-62.568297,-38.7551806],[-62.568282,-38.7554059],[-62.5682407,-38.7556253],[-62.5681807,-38.7558505],[-62.5681163,-38.7560372],[-62.5680743,-38.7561712],[-62.5682881,-38.7558406],[-62.5683969,-38.7557002],[-62.568502,-38.7555949],[-62.5686032,-38.7554983],[-62.5687233,-38.7554077],[-62.5688546,-38.7553199],[-62.5689784,-38.7552468],[-62.5691059,-38.7551853],[-62.569225,-38.7551385],[-62.5694046,-38.75509863],[-62.56961019,-38.75505009],[-62.56974725,-38.75500155],[-62.56986432,-38.75491589],[-62.56993855,-38.75483594],[-62.56999566,-38.75473885],[-62.57001279,-38.75466461],[-62.57002136,-38.75457895],[-62.57001565,-38.75448187],[-62.56999309,-38.75441355],[-62.56995542,-38.75434314],[-62.56991639,-38.7542883],[-62.5698686,-38.75424773],[-62.56980977,-38.75420397],[-62.56951882,-38.75403073],[-62.568946,-38.7537581],[-62.5687099,-38.7536569],[-62.5684885,-38.7535692],[-62.5682597,-38.7534931],[-62.5680459,-38.7534317],[-62.567817,-38.7533761],[-62.5664499,-38.7530574],[-62.5666915,-38.7531531],[-62.5669105,-38.7532429],[-62.5671131,-38.7533423],[-62.5672781,-38.7534389],[-62.5674732,-38.7535764],[-62.567642,-38.7537197],[-62.5677996,-38.7538836],[-62.5679346,-38.7540503],[-62.5680697,-38.7542375],[-62.5681875,-38.7544689]]]},"geometry_name":"geom","properties":{"gid":819,"rtn":"3","typ":40,"rst":1,"hct":1,"fdc":"Dirección Nacional de Vialidad","sag":"IGN"},"bbox":[-62.57002136,-38.7561712,-62.5664499,-38.7530574]},{"type":"Feature","id":"vial_nacional.820","geometry":{"type":"MultiLineString","coordinates":[[[-62.5664499,-38.7530574],[-62.56497,-38.7527055],[-62.5646001,-38.7526167],[-62.5642016,-38.7525026],[-62.5638927,-38.7523853],[-62.5636081,-38.7522521],[-62.5629515,-38.7518986],[-62.5611347,-38.7504197],[-62.5610507,-38.7503512],[-62.5555976,-38.745912],[-62.5314739,-38.7262916],[-62.530402,-38.7254197],[-62.5295498,-38.7247265],[-62.5293021,-38.7245249],[-62.5289566,-38.7242439],[-62.5288602,-38.7241655],[-62.5287835,-38.7241031]]]},"geometry_name":"geom","properties":{"gid":820,"rtn":"3","typ":40,"rst":1,"hct":1,"fdc":"Dirección Nacional de Vialidad","sag":"IGN"},"bbox":[-62.5664499,-38.7530574,-62.5287835,-38.7241031]},{"type":"Feature","id":"vial_nacional.821","geometry":{"type":"MultiLineString","coordinates":[[[-62.5287835,-38.7241031],[-62.5286106,-38.7239627],[-62.5281086,-38.7235549],[-62.5279531,-38.7234286],[-62.5278463,-38.7233424],[-62.5276893,-38.7232158],[-62.5273844,-38.7229699],[-62.5266722,-38.7223954],[-62.5272752,-38.7227957],[-62.5273302,-38.7228322],[-62.527779,-38.7231179],[-62.5278061,-38.7231352],[-62.527907,-38.7231994],[-62.5282114,-38.7234562],[-62.5283884,-38.723641],[-62.5284415,-38.7236964],[-62.5285297,-38.7238013],[-62.5286363,-38.7239281],[-62.5287835,-38.7241031]]]},"geometry_name":"geom","properties":{"gid":821,"rtn":"3","typ":40,"rst":1,"hct":1,"fdc":"Dirección Nacional de Vialidad","sag":"IGN"},"bbox":[-62.5287835,-38.7241031,-62.5266722,-38.7223954]},{"type":"Feature","id":"vial_nacional.822","geometry":{"type":"MultiLineString","coordinates":[[[-62.5266722,-38.7223954],[-62.5265658,-38.7223096],[-62.5254389,-38.7214003],[-62.5239483,-38.7201979],[-62.5172491,-38.7147939],[-62.5159541,-38.7139081],[-62.5155468,-38.713711],[-62.5151448,-38.7135189],[-62.5145026,-38.7132535],[-62.5139561,-38.7130214],[-62.5131638,-38.7127848],[-62.5119276,-38.7125168],[-62.505871,-38.7113322],[-62.5025846,-38.7107457],[-62.5007172,-38.7103669],[-62.489647,-38.7082548],[-62.4683455,-38.7042598],[-62.4656025,-38.7038153],[-62.4632589,-38.7034621],[-62.4616167,-38.703208],[-62.4613843,-38.7031659],[-62.4602567,-38.7029618],[-62.4573397,-38.7023853],[-62.4568887,-38.70229],[-62.4558202,-38.7020925],[-62.4548378,-38.7019338],[-62.4522525,-38.7015439],[-62.4508718,-38.7013022],[-62.4493921,-38.7010274],[-62.4309105,-38.6972957],[-62.4290871,-38.6969266],[-62.4234627,-38.6958],[-62.4211121,-38.6953292],[-62.418606,-38.6948177],[-62.4162899,-38.694345],[-62.4058613,-38.6919299],[-62.405665,-38.6918844],[-62.4034136,-38.691363],[-62.4014978,-38.6909193],[-62.3994861,-38.6904534],[-62.3980016,-38.6901529],[-62.3978143,-38.690115],[-62.3959711,-38.6897253],[-62.3934455,-38.689204],[-62.3923009,-38.6889716],[-62.3916505,-38.6888237],[-62.3890221,-38.6883074],[-62.3889009,-38.6882866],[-62.3888183,-38.6882716],[-62.3886824,-38.6882469],[-62.3876587,-38.6881321],[-62.3865488,-38.6880736],[-62.3855359,-38.6880992],[-62.3846135,-38.6882039],[-62.3836355,-38.6883587],[-62.3827042,-38.6885811],[-62.3811792,-38.6890854],[-62.3765248,-38.6908908],[-62.3757644,-38.6911857],[-62.3719577,-38.6926622],[-62.3692348,-38.6937183],[-62.3672237,-38.6944973],[-62.3664785,-38.6947802],[-62.3662507,-38.6948667],[-62.3599976,-38.6972731],[-62.3586716,-38.6977834],[-62.3570835,-38.6983945]]]},"geometry_name":"geom","properties":{"gid":822,"rtn":"3","typ":40,"rst":1,"hct":1,"fdc":"Dirección Nacional de Vialidad","sag":"IGN"},"bbox":[-62.5266722,-38.7223954,-62.3570835,-38.6880736]},{"type":"Feature","id":"vial_nacional.829","geometry":{"type":"MultiLineString","coordinates":[[[-61.8943786,-38.7805556],[-61.8933966,-38.7802167],[-61.8798577,-38.7755342],[-61.8788827,-38.7752153],[-61.8783335,-38.7750629],[-61.8775068,-38.7748516],[-61.8768283,-38.7747071],[-61.8713409,-38.7736265],[-61.8673746,-38.7728487],[-61.8594494,-38.7712499],[-61.8398323,-38.7673916],[-61.8336675,-38.7661657],[-61.8159537,-38.7626487],[-61.8124958,-38.761983],[-61.8122149,-38.7619423],[-61.8118707,-38.7619131],[-61.8114976,-38.7619057],[-61.7823771,-38.7620097],[-61.7768589,-38.7620282],[-61.7679438,-38.7620734],[-61.758736,-38.762111],[-61.7502351,-38.7621385],[-61.7443402,-38.7621683],[-61.7399495,-38.7621623],[-61.7377948,-38.7621911],[-61.7352214,-38.7621997],[-61.7261187,-38.7621436],[-61.7254811,-38.7621457],[-61.7248272,-38.7621668],[-61.7241037,-38.7622196],[-61.7232004,-38.7623194],[-61.719682,-38.7628439],[-61.7191273,-38.7629365],[-61.7187489,-38.7629997],[-61.7173826,-38.7631881],[-61.7165354,-38.763276],[-61.7157357,-38.7633233],[-61.7150338,-38.7633353],[-61.7140792,-38.7632993],[-61.7130595,-38.7632359],[-61.7115016,-38.7631205],[-61.709006,-38.7629462],[-61.7080277,-38.7629024],[-61.7068562,-38.7629493],[-61.7057029,-38.7630323],[-61.702831,-38.7633278],[-61.7010913,-38.7635068],[-61.7002729,-38.7636124],[-61.6995218,-38.7636919],[-61.6980547,-38.763841],[-61.6947596,-38.7642177],[-61.6571205,-38.768337],[-61.633341,-38.7709394],[-61.6188303,-38.7725274],[-61.5309586,-38.7820775],[-61.50706,-38.7846714],[-61.5028786,-38.7851273],[-61.4745197,-38.7881954],[-61.4728674,-38.7883742],[-61.4692697,-38.7887634],[-61.4688119,-38.7888148],[-61.4601868,-38.7897826],[-61.4391276,-38.792086],[-61.4245096,-38.7936848],[-61.4003178,-38.7963281],[-61.3987073,-38.7965041],[-61.395808,-38.7967204]]]},"geometry_name":"geom","properties":{"gid":829,"rtn":"3","typ":40,"rst":1,"hct":1,"fdc":"Dirección Nacional de Vialidad","sag":"IGN"},"bbox":[-61.8943786,-38.7967204,-61.395808,-38.7619057]},{"type":"Feature","id":"vial_nacional.830","geometry":{"type":"MultiLineString","coordinates":[[[-61.395808,-38.7967204],[-61.3953833,-38.7967914],[-61.3940347,-38.7969267],[-61.39153187,-38.79721931],[-61.39062768,-38.79731449],[-61.38931898,-38.79743346],[-61.38827201,-38.79745725],[-61.38741541,-38.79731449],[-61.38665398,-38.79695757],[-61.3838667,-38.794808],[-61.3819908,-38.7932854],[-61.3817103,-38.7930093],[-61.3820635,-38.7932534],[-61.3830286,-38.7939386],[-61.3833268,-38.7941043],[-61.3839432,-38.7944538],[-61.3846412,-38.7947996],[-61.3855989,-38.795241],[-61.38658,-38.7956335],[-61.3874617,-38.7959293],[-61.3885776,-38.7962404],[-61.3890547,-38.7963229],[-61.3893444,-38.796373],[-61.3905209,-38.7965874],[-61.3918286,-38.7967402],[-61.3931551,-38.7968144],[-61.3941494,-38.7968165],[-61.3953931,-38.7967239],[-61.395808,-38.7967204]]]},"geometry_name":"geom","properties":{"gid":830,"rtn":"3","typ":40,"rst":1,"hct":1,"fdc":"Dirección Nacional de Vialidad","sag":"IGN"},"bbox":[-61.395808,-38.79745725,-61.3817103,-38.7930093]},{"type":"Feature","id":"vial_nacional.831","geometry":{"type":"MultiLineString","coordinates":[[[-61.3817103,-38.7930093],[-61.3714267,-38.7848892],[-61.3614231,-38.7770924],[-61.3554426,-38.772392],[-61.3532812,-38.7707263],[-61.3513849,-38.7691204],[-61.3492185,-38.7672546],[-61.3420914,-38.7615979],[-61.34135,-38.7610119],[-61.3302431,-38.7523145],[-61.3292993,-38.7516832],[-61.3284727,-38.7511888],[-61.3275257,-38.7506825],[-61.3265032,-38.7502392],[-61.3254579,-38.7498509],[-61.3242839,-38.749494],[-61.3232326,-38.749224],[-61.3226967,-38.7491197],[-61.3217791,-38.7489556],[-61.3213835,-38.7489015],[-61.3209898,-38.7488352],[-61.3093893,-38.7469087],[-61.3060323,-38.7463512],[-61.3055644,-38.7462144],[-61.291472,-38.7439381],[-61.2845305,-38.7427801],[-61.2737949,-38.7409971],[-61.2660124,-38.7397359]]]},"geometry_name":"geom","properties":{"gid":831,"rtn":"3","typ":40,"rst":1,"hct":1,"fdc":"Dirección Nacional de Vialidad","sag":"IGN"},"bbox":[-61.3817103,-38.7930093,-61.2660124,-38.7397359]},{"type":"Feature","id":"vial_nacional.832","geometry":{"type":"MultiLineString","coordinates":[[[-61.2660124,-38.7397359],[-61.2649585,-38.7395569],[-61.2642803,-38.7393691],[-61.2636013,-38.7391594],[-61.2635171,-38.7391328],[-61.2631855,-38.7390169],[-61.2623782,-38.7387075],[-61.2620628,-38.7385363],[-61.2614265,-38.7381354],[-61.2621676,-38.7384577],[-61.2628611,-38.7387433],[-61.2635984,-38.7390082],[-61.2636745,-38.7390356],[-61.264233,-38.7392362],[-61.2660124,-38.7397359]]]},"geometry_name":"geom","properties":{"gid":832,"rtn":"3","typ":40,"rst":1,"hct":1,"fdc":"Dirección Nacional de Vialidad","sag":"IGN"},"bbox":[-61.2660124,-38.7397359,-61.2614265,-38.7381354]},{"type":"Feature","id":"vial_nacional.833","geometry":{"type":"MultiLineString","coordinates":[[[-61.2614265,-38.7381354],[-61.2606826,-38.7376534],[-61.2603449,-38.7374269],[-61.259961,-38.7371694],[-61.2564394,-38.7344126],[-61.2562987,-38.7342989],[-61.2557495,-38.7338634],[-61.2446766,-38.7251189]]]},"geometry_name":"geom","properties":{"gid":833,"rtn":"3","typ":40,"rst":1,"hct":1,"fdc":"Dirección Nacional de Vialidad","sag":"IGN"},"bbox":[-61.2614265,-38.7381354,-61.2446766,-38.7251189]},{"type":"Feature","id":"vial_nacional.834","geometry":{"type":"MultiLineString","coordinates":[[[-61.2446766,-38.7251189],[-61.2445173,-38.7250436],[-61.244084,-38.724718],[-61.2432091,-38.7240471],[-61.2417585,-38.7229223],[-61.2412769,-38.7224571],[-61.2415831,-38.7226486],[-61.2419289,-38.7228809],[-61.2426821,-38.7234565],[-61.2432658,-38.7239298],[-61.2433474,-38.7239913],[-61.2436913,-38.7242557],[-61.2440646,-38.7245298],[-61.2445927,-38.7249775],[-61.2446766,-38.7251189]]]},"geometry_name":"geom","properties":{"gid":834,"rtn":"3","typ":40,"rst":1,"hct":1,"fdc":"Dirección Nacional de Vialidad","sag":"IGN"},"bbox":[-61.2446766,-38.7251189,-61.2412769,-38.7224571]},{"type":"Feature","id":"vial_nacional.842","geometry":{"type":"MultiLineString","coordinates":[[[-59.8999102,-36.8500245],[-59.9148594,-36.8666863],[-59.9152584,-36.867176],[-59.9153287,-36.8672622],[-59.9157351,-36.8679193],[-59.9161537,-36.8686959],[-59.9187098,-36.8754473],[-59.9200518,-36.8788521],[-59.9207908,-36.8808603],[-59.9211872,-36.8817096],[-59.9214845,-36.8822645],[-59.9218526,-36.8827853],[-59.9222186,-36.8832117],[-59.9227325,-36.883717],[-59.9235111,-36.8844239],[-59.9238508,-36.8847232],[-59.9275882,-36.8881135],[-59.9283831,-36.8888218],[-59.9288888,-36.8893961],[-59.9293614,-36.8900444],[-59.9306422,-36.8921525],[-59.9311903,-36.8930402],[-59.9314876,-36.8936597],[-59.9317689,-36.8944561],[-59.9321123,-36.8957998],[-59.9323003,-36.8965308],[-59.9324699,-36.8971762],[-59.9328967,-36.8980479],[-59.934766,-36.90114],[-59.9351097,-36.9018515],[-59.9354373,-36.9026312],[-59.9356557,-36.9035498],[-59.9357664,-36.9045453],[-59.935797,-36.9059158],[-59.935796,-36.908299],[-59.935625,-36.9148694],[-59.9355742,-36.9165142],[-59.9357139,-36.9179384],[-59.9365269,-36.924017],[-59.9366317,-36.9246643],[-59.9367793,-36.9253272],[-59.9371031,-36.9262618],[-59.9379099,-36.9284514],[-59.9399358,-36.934057],[-59.9400323,-36.9344532],[-59.9401072,-36.9349688],[-59.9401148,-36.9352857],[-59.9403675,-36.939563],[-59.9403948,-36.940106],[-59.9403739,-36.9405889],[-59.9402919,-36.9412468],[-59.9401812,-36.9419763],[-59.9386142,-36.9522235],[-59.9384302,-36.9532756],[-59.9382037,-36.9543504],[-59.9336877,-36.9739983],[-59.9316554,-36.9830845],[-59.9314382,-36.9839908],[-59.9312195,-36.9847628],[-59.9309977,-36.9854452],[-59.9236776,-37.008361],[-59.9235605,-37.0087385],[-59.9234903,-37.0090242],[-59.9234195,-37.0093992],[-59.9233965,-37.0097579],[-59.9234063,-37.010042],[-59.9235323,-37.0140549],[-59.9238454,-37.0199365],[-59.9239175,-37.0211837],[-59.9239911,-37.0216452],[-59.924089,-37.0220685],[-59.9241994,-37.0225106],[-59.9243379,-37.0228707],[-59.9245424,-37.0232521],[-59.9247726,-37.0236156],[-59.9250068,-37.0239576],[-59.9369762,-37.0390144],[-59.9373464,-37.0394365],[-59.9377297,-37.0398163],[-59.9382717,-37.0402806],[-59.9397594,-37.0413837],[-59.9403166,-37.0418732],[-59.9408301,-37.0424421],[-59.9414219,-37.0433017],[-59.9439071,-37.0478106],[-59.9440522,-37.0480738],[-59.9447836,-37.0494006],[-59.9451461,-37.0500744],[-59.9453195,-37.0505862],[-59.9454005,-37.0509407],[-59.9455142,-37.0516446],[-59.9463076,-37.0598602],[-59.9463647,-37.0605226],[-59.9464394,-37.0610118],[-59.9465275,-37.0614124],[-59.9466659,-37.0618348],[-59.9468492,-37.0622133],[-59.9470756,-37.0626016],[-59.9473203,-37.0629484],[-59.9475776,-37.0632749],[-59.9526832,-37.0692682],[-59.9530984,-37.0698179],[-59.9533898,-37.0702673],[-59.953722,-37.0708313],[-59.9539197,-37.0714445],[-59.954037,-37.0720027],[-59.9540835,-37.0724826],[-59.9541111,-37.0731527],[-59.9543763,-37.0810481],[-59.9547371,-37.0917897],[-59.9553378,-37.1096689],[-59.955351,-37.1103647],[-59.9553906,-37.1110604],[-59.9563066,-37.1189624],[-59.9563438,-37.1193849],[-59.9563749,-37.1199419],[-59.9563601,-37.1205607],[-59.9563032,-37.1210599],[-59.9560966,-37.1236736],[-59.9559239,-37.1258497],[-59.9558572,-37.126749],[-59.9558249,-37.1276203],[-59.955735,-37.1460782],[-59.9557331,-37.1467553],[-59.9557161,-37.147413],[-59.9556855,-37.1477049],[-59.9556339,-37.1480266],[-59.9555534,-37.1483328],[-59.9549176,-37.1504611],[-59.9546453,-37.1513435]]]},"geometry_name":"geom","properties":{"gid":842,"rtn":"3","typ":40,"rst":1,"hct":1,"fdc":"Dirección Nacional de Vialidad","sag":"IGN"},"bbox":[-59.9563749,-37.1513435,-59.8999102,-36.8500245]},{"type":"Feature","id":"vial_nacional.843","geometry":{"type":"MultiLineString","coordinates":[[[-59.9533678,-37.1553814],[-59.9534837,-37.1548378],[-59.9535701,-37.1544165],[-59.9535864,-37.1543609],[-59.9536183,-37.1542519],[-59.953903,-37.1533507],[-59.9539258,-37.1532753],[-59.9541789,-37.1524113],[-59.9541963,-37.1523633],[-59.9543694,-37.1518854],[-59.9546453,-37.1513435],[-59.9544048,-37.1521792],[-59.9541119,-37.1531018],[-59.9540709,-37.1532415],[-59.9540533,-37.1533016],[-59.9540339,-37.1533714],[-59.9540176,-37.1534233],[-59.9539375,-37.1536961],[-59.9537432,-37.1543515],[-59.9533678,-37.1553814]]]},"geometry_name":"geom","properties":{"gid":843,"rtn":"3","typ":40,"rst":1,"hct":1,"fdc":"Dirección Nacional de Vialidad","sag":"IGN"},"bbox":[-59.9546453,-37.1553814,-59.9533678,-37.1513435]},{"type":"Feature","id":"vial_nacional.883","geometry":{"type":"MultiLineString","coordinates":[[[-61.8992715,-38.7813174],[-61.8995252,-38.7813307],[-61.8998364,-38.7813286],[-61.9003138,-38.7813202],[-61.900928,-38.7812868],[-61.9016388,-38.7812052],[-61.9027601,-38.7810963],[-61.9082785,-38.7797782],[-61.9165843,-38.7778591],[-61.9179871,-38.777542],[-61.9268804,-38.7754842],[-61.9277068,-38.7753366],[-61.9283626,-38.7752666],[-61.9375255,-38.7752413],[-61.9377593,-38.7752407],[-61.9577789,-38.7751854],[-61.9623247,-38.7751729],[-61.9744582,-38.7752992],[-61.9827223,-38.7753185],[-62.0435358,-38.776159],[-62.078941,-38.7766219],[-62.090891,-38.7767955],[-62.0923045,-38.7768122],[-62.0934498,-38.7767829],[-62.0946273,-38.7766867],[-62.0958911,-38.7765654],[-62.1041573,-38.7757893],[-62.1127872,-38.7749956],[-62.1153555,-38.7747554],[-62.1165057,-38.7746479]]]},"geometry_name":"geom","properties":{"gid":883,"rtn":"3","typ":40,"rst":1,"hct":1,"fdc":"Dirección Nacional de Vialidad","sag":"IGN"},"bbox":[-62.1165057,-38.7813307,-61.8992715,-38.7746479]},{"type":"Feature","id":"vial_nacional.859","geometry":{"type":"MultiLineString","coordinates":[[[-62.23780017,-38.77064754],[-62.2374391,-38.7706131],[-62.2361166,-38.7705799],[-62.2330356,-38.7705027],[-62.2326715,-38.7704976],[-62.2303866,-38.7704432],[-62.2296581,-38.7703638],[-62.2288784,-38.7701849],[-62.2282533,-38.7699327],[-62.2275711,-38.7695694],[-62.2245325,-38.7678125],[-62.2141011,-38.7617808],[-62.2129921,-38.7611358],[-62.2038338,-38.7558093],[-62.2025215,-38.755046],[-62.2017988,-38.7546321],[-62.2016099,-38.7545239]]]},"geometry_name":"geom","properties":{"gid":859,"rtn":"3","typ":40,"rst":1,"hct":1,"fdc":"Dirección Nacional de Vialidad","sag":"IGN"},"bbox":[-62.23780017,-38.77064754,-62.2016099,-38.7545239]},{"type":"Feature","id":"vial_nacional.856","geometry":{"type":"MultiLineString","coordinates":[[[-58.7368354,-35.0612495],[-58.7367775,-35.0607441],[-58.736652,-35.0596493],[-58.7365442,-35.0587084],[-58.736437,-35.0576813],[-58.7364281,-35.057554],[-58.7360616,-35.0544842],[-58.7358616,-35.0533584],[-58.7351074,-35.0506614],[-58.7350669,-35.050522],[-58.734003,-35.0469615],[-58.7334109,-35.0449497],[-58.7332538,-35.0444423],[-58.7329147,-35.0432794],[-58.7323015,-35.0412693],[-58.7322174,-35.0409636],[-58.7321421,-35.0405919],[-58.7321345,-35.0404404],[-58.7321142,-35.0402017],[-58.7321088,-35.0399563],[-58.7321371,-35.0396016],[-58.7321861,-35.0393259],[-58.7322745,-35.0389514],[-58.7323394,-35.0385905],[-58.7325332,-35.0378698],[-58.7327304,-35.0371407],[-58.7328977,-35.0365129],[-58.7329242,-35.0364136],[-58.7331355,-35.0356605],[-58.7333353,-35.0348934],[-58.7335196,-35.0342126],[-58.7336116,-35.0338629],[-58.7336572,-35.0336894],[-58.7336917,-35.0335113],[-58.7337088,-35.0333499],[-58.7337206,-35.0332013],[-58.733724,-35.0331515],[-58.7337169,-35.0329704],[-58.7337128,-35.0327956],[-58.7337006,-35.0326891],[-58.7336755,-35.03257],[-58.7337456,-35.032572],[-58.7338075,-35.0325749],[-58.7338677,-35.0325807],[-58.7339331,-35.0325923],[-58.7340116,-35.0326075],[-58.7341066,-35.0326347],[-58.7341519,-35.0326519],[-58.7342413,-35.0326957],[-58.7343146,-35.0327358],[-58.7343834,-35.0327829],[-58.7344618,-35.0328362],[-58.7345932,-35.0329526],[-58.7348528,-35.0331875],[-58.7351612,-35.0334736],[-58.7352665,-35.0335076],[-58.7353778,-35.0334884],[-58.7354804,-35.0334418],[-58.7357318,-35.0332444],[-58.7360451,-35.0329881],[-58.7374089,-35.0319061],[-58.7387525,-35.0308566],[-58.7392652,-35.0304447],[-58.7402024,-35.0297163],[-58.7412087,-35.0289092],[-58.7429678,-35.0275203]]]},"geometry_name":"geom","properties":{"gid":856,"rtn":"3","typ":40,"rst":1,"hct":1,"fdc":"Dirección Nacional de Vialidad","sag":"IGN"},"bbox":[-58.7429678,-35.0612495,-58.7321088,-35.0275203]},{"type":"Feature","id":"vial_nacional.835","geometry":{"type":"MultiLineString","coordinates":[[[-61.2412769,-38.7224571],[-61.2393099,-38.7209144],[-61.2350358,-38.7175387],[-61.2346544,-38.7172593],[-61.2342891,-38.7170072],[-61.2338927,-38.7167783],[-61.2334162,-38.7165239],[-61.2330186,-38.7163209],[-61.2326141,-38.7161389],[-61.2321963,-38.7159756],[-61.23173,-38.7158055],[-61.2311729,-38.7156203],[-61.2307318,-38.7154997],[-61.2303247,-38.7154059],[-61.2296063,-38.7152693],[-61.2289301,-38.715173],[-61.2284945,-38.7151205],[-61.2279211,-38.7150726],[-61.2274318,-38.7150556],[-61.2267572,-38.7150544],[-61.2259375,-38.7150853],[-61.1953367,-38.7166119],[-61.194348,-38.7166517],[-61.1935929,-38.7166617],[-61.1929478,-38.7166616],[-61.1923342,-38.7166474],[-61.1922293,-38.7166422],[-61.1907207,-38.7165375],[-61.1885126,-38.7163118],[-61.1862494,-38.7160616],[-61.1850407,-38.7159537],[-61.1830603,-38.7157315],[-61.1532568,-38.7121947],[-61.1515041,-38.7119745],[-61.1406377,-38.7106935],[-61.1292934,-38.7093403],[-61.1146128,-38.7076774],[-61.1121157,-38.7074333],[-61.1053005,-38.7068509],[-61.093119,-38.7058101],[-61.0668391,-38.7035307],[-61.0646046,-38.7033376],[-61.0644387,-38.7033232],[-61.0635331,-38.7031774],[-61.061416,-38.7028087],[-61.0482103,-38.7005441],[-61.0465352,-38.7003024],[-61.0197851,-38.6967946],[-61.0187821,-38.6966631],[-61.0177775,-38.6965049],[-61.014602,-38.695967],[-61.0032579,-38.6940415],[-60.9752871,-38.6893939],[-60.9744451,-38.6892364],[-60.9743005,-38.6892081],[-60.9736601,-38.6890395],[-60.9479939,-38.6808941],[-60.9389143,-38.6780078],[-60.9105439,-38.6689883],[-60.90873,-38.6683091],[-60.9064903,-38.6673856],[-60.9063521,-38.6673247],[-60.9029348,-38.665907],[-60.8980362,-38.6635299],[-60.8925628,-38.6608384],[-60.887546,-38.6583803],[-60.8866578,-38.6580075],[-60.8858716,-38.6577006],[-60.8845202,-38.6572052],[-60.8833028,-38.656827],[-60.8672599,-38.6525199],[-60.866155,-38.6522062],[-60.8642922,-38.651571],[-60.8444525,-38.6445412],[-60.8434331,-38.6441975],[-60.842417,-38.6438786],[-60.8324257,-38.6408706],[-60.8314596,-38.640592],[-60.829721,-38.6402083],[-60.8294825,-38.6401715],[-60.8285186,-38.6400094],[-60.8275561,-38.6398802],[-60.8266046,-38.6397971],[-60.8174898,-38.6392308],[-60.8107243,-38.6387199],[-60.809123,-38.6385499],[-60.8080332,-38.6383655],[-60.8064156,-38.6379986],[-60.8053969,-38.6377222],[-60.8047286,-38.6375202],[-60.7893043,-38.6318852],[-60.7866954,-38.6309536],[-60.7860052,-38.6306604],[-60.7853116,-38.6302762],[-60.7750078,-38.6239153],[-60.7738293,-38.6232157],[-60.768369,-38.6198458],[-60.7615903,-38.6156381],[-60.7592136,-38.6141722],[-60.7563704,-38.6124039],[-60.755558,-38.6119318],[-60.7548656,-38.6115748],[-60.7543238,-38.6113053],[-60.7537931,-38.6110458],[-60.7531653,-38.6107638],[-60.7523263,-38.610436],[-60.7515349,-38.6101434],[-60.7313624,-38.6034348],[-60.7301928,-38.6030856],[-60.7289935,-38.6027938],[-60.7284742,-38.6026858],[-60.7278134,-38.602562],[-60.7263948,-38.6023394],[-60.7254261,-38.6022353],[-60.7245806,-38.6021748],[-60.7186908,-38.6017283],[-60.7173591,-38.6016454],[-60.7160416,-38.6015402],[-60.7150491,-38.6014675],[-60.7140492,-38.6014579],[-60.6949782,-38.6018468],[-60.6765057,-38.6023661],[-60.6755867,-38.6024021],[-60.6574166,-38.6029201],[-60.6468704,-38.6030976],[-60.6465597,-38.6031028],[-60.6460187,-38.6031119],[-60.6377793,-38.6032002],[-60.6282169,-38.6034079],[-60.6263995,-38.6034399],[-60.6244576,-38.6035824],[-60.6160583,-38.6042423],[-60.6145041,-38.6043537],[-60.6138735,-38.6043913],[-60.6132037,-38.6043834],[-60.6124907,-38.6043332],[-60.6122053,-38.6042862],[-60.611748,-38.6041645],[-60.6104953,-38.6037473],[-60.6096102,-38.6034119],[-60.608256,-38.6029452],[-60.6075178,-38.6026559],[-60.607045,-38.6024475],[-60.6065746,-38.6021857],[-60.6060385,-38.6018462],[-60.6047647,-38.6008622],[-60.6036752,-38.5999676],[-60.5986909,-38.5958727],[-60.5984088,-38.5956453],[-60.5982054,-38.5954807],[-60.5875327,-38.58703],[-60.5783322,-38.5796985],[-60.5627671,-38.5676107],[-60.549227,-38.5568578],[-60.5346197,-38.5451384],[-60.5303335,-38.5417042],[-60.5207956,-38.5340758],[-60.5160534,-38.5302739],[-60.5114447,-38.5266418],[-60.5105013,-38.5260689],[-60.5095065,-38.5255447],[-60.5089831,-38.5253051],[-60.5084439,-38.5250652],[-60.5077261,-38.5247833],[-60.5070802,-38.5245501],[-60.5058263,-38.5241631],[-60.5040348,-38.5237841],[-60.5039649,-38.5237747],[-60.5027068,-38.5236054],[-60.4978949,-38.5231983],[-60.4961568,-38.523064],[-60.4945575,-38.5229161],[-60.493378,-38.5227282],[-60.4925251,-38.5225478],[-60.4916685,-38.5223343],[-60.490717,-38.5220458],[-60.4898212,-38.5217162],[-60.4888942,-38.5213185],[-60.4881372,-38.5209643],[-60.4871556,-38.5204211],[-60.4856345,-38.5194008],[-60.4732527,-38.5094796],[-60.4662931,-38.503911],[-60.465762,-38.5034954],[-60.4651591,-38.5031018],[-60.4594624,-38.4993111],[-60.4562541,-38.4971797],[-60.4483636,-38.4921036],[-60.4469742,-38.4911714],[-60.4455901,-38.490126],[-60.442055,-38.4874219],[-60.4413254,-38.4868635],[-60.4408534,-38.486389],[-60.4403706,-38.4857338],[-60.4400986,-38.4852107],[-60.4398932,-38.4845161],[-60.4398676,-38.4843549],[-60.4398468,-38.484282],[-60.4394925,-38.4828381],[-60.4391314,-38.4814171],[-60.4389882,-38.4809904],[-60.438772,-38.4805479],[-60.4385483,-38.4801506],[-60.4382248,-38.4796954],[-60.4377634,-38.4791621],[-60.4374325,-38.4788235],[-60.4370785,-38.478517],[-60.4364813,-38.478108],[-60.4105873,-38.4612996],[-60.4091711,-38.4602914],[-60.4078622,-38.4593001],[-60.3941156,-38.4480263],[-60.3870696,-38.4423158],[-60.3534545,-38.4150547],[-60.3362992,-38.4013086],[-60.3360823,-38.4011337],[-60.3357653,-38.400877],[-60.32656963,-38.39329806],[-60.28325325,-38.35801494],[-60.28294106,-38.35777128]]]},"geometry_name":"geom","properties":{"gid":835,"rtn":"3","typ":40,"rst":1,"hct":1,"fdc":"Dirección Nacional de Vialidad","sag":"IGN"},"bbox":[-61.2412769,-38.7224571,-60.28294106,-38.35777128]},{"type":"Feature","id":"vial_nacional.836","geometry":{"type":"MultiLineString","coordinates":[[[-60.2809584,-38.3561563],[-60.2812853,-38.3564437],[-60.2818271,-38.3568812],[-60.28294106,-38.35777128],[-60.28267456,-38.35766468],[-60.28245375,-38.35761138],[-60.28209553,-38.35750774],[-60.28191822,-38.3574629],[-60.28178259,-38.35738914],[-60.28162317,-38.3572773],[-60.28149944,-38.3571274],[-60.281442,-38.35701905],[-60.2813765,-38.3568308],[-60.2813161,-38.3566507],[-60.2811512,-38.3564017],[-60.2811297,-38.3563743],[-60.2809584,-38.3561563]]]},"geometry_name":"geom","properties":{"gid":836,"rtn":"3","typ":40,"rst":1,"hct":1,"fdc":"Dirección Nacional de Vialidad","sag":"IGN"},"bbox":[-60.28294106,-38.35777128,-60.2809584,-38.3561563]},{"type":"Feature","id":"vial_nacional.837","geometry":{"type":"MultiLineString","coordinates":[[[-60.1126069,-38.0207432],[-60.1128405,-38.020983],[-60.1130526,-38.0211763],[-60.1133363,-38.0214082],[-60.113909,-38.0218655],[-60.114781,-38.022543],[-60.1157606,-38.0233438],[-60.1166985,-38.0240927],[-60.1175446,-38.0247682],[-60.1258112,-38.0314214],[-60.1332182,-38.0373246],[-60.134697,-38.0385091],[-60.1468678,-38.0482572],[-60.1551748,-38.0549649],[-60.1674519,-38.0648773],[-60.1699871,-38.0668978],[-60.1755146,-38.0713028],[-60.1830792,-38.0773374],[-60.1860566,-38.0797124],[-60.1949071,-38.0867449],[-60.2026934,-38.0929607],[-60.2102123,-38.0989593],[-60.2171854,-38.1045125],[-60.217919,-38.1052728],[-60.2182553,-38.1056402],[-60.2186289,-38.1062282],[-60.2191332,-38.1073747],[-60.2193916,-38.1085064],[-60.2225112,-38.1263608],[-60.2248635,-38.1396906],[-60.2277305,-38.1565976],[-60.2304331,-38.1717602],[-60.2312208,-38.176181],[-60.2340395,-38.1922143],[-60.2369206,-38.2087759],[-60.2435952,-38.247129],[-60.2458979,-38.2601158],[-60.2484319,-38.2737252],[-60.2485087,-38.2741513],[-60.252905,-38.2960204],[-60.2568148,-38.3154641],[-60.2579283,-38.3209552],[-60.2583743,-38.3231545],[-60.2585889,-38.3244339],[-60.2587605,-38.3258479],[-60.2588678,-38.3275144],[-60.2589332,-38.3325228],[-60.2589867,-38.3366137],[-60.2590671,-38.3371484],[-60.2591975,-38.3377117],[-60.2594414,-38.3381709],[-60.2596528,-38.3385535],[-60.2599455,-38.3389999],[-60.2604659,-38.3395357],[-60.2624941,-38.3412066],[-60.2630534,-38.3416603],[-60.2644737,-38.3428124],[-60.2703061,-38.3475433],[-60.2761756,-38.3523125],[-60.2771318,-38.3530795],[-60.2781552,-38.3539095],[-60.280051,-38.3554471],[-60.2806702,-38.355931],[-60.2809584,-38.3561563]]]},"geometry_name":"geom","properties":{"gid":837,"rtn":"3","typ":40,"rst":1,"hct":1,"fdc":"Dirección Nacional de Vialidad","sag":"IGN"},"bbox":[-60.2809584,-38.3561563,-60.1126069,-38.0207432]},{"type":"Feature","id":"vial_nacional.838","geometry":{"type":"MultiLineString","coordinates":[[[-60.1126069,-38.0207432],[-60.1120782,-38.0202582],[-60.1117985,-38.0200393],[-60.1116102,-38.0199034],[-60.11131,-38.0197542],[-60.11109893,-38.01963337],[-60.11094302,-38.0195061],[-60.1107992,-38.0193424],[-60.1105515,-38.019104],[-60.1104416,-38.0189897],[-60.1101541,-38.0187433],[-60.1098434,-38.0185182],[-60.1090908,-38.018025],[-60.1099156,-38.0184724],[-60.1108077,-38.0188444],[-60.1111197,-38.0189922],[-60.1113383,-38.0190861],[-60.1115182,-38.0192022],[-60.1116378,-38.0193095],[-60.1118157,-38.0194773],[-60.1121528,-38.0200327],[-60.1126069,-38.0207432]]]},"geometry_name":"geom","properties":{"gid":838,"rtn":"3","typ":40,"rst":1,"hct":1,"fdc":"Dirección Nacional de Vialidad","sag":"IGN"},"bbox":[-60.1126069,-38.0207432,-60.1090908,-38.018025]},{"type":"Feature","id":"vial_nacional.839","geometry":{"type":"MultiLineString","coordinates":[[[-60.1026574,-38.012908],[-60.1029839,-38.0131812],[-60.104332,-38.0142363],[-60.1058171,-38.0153926],[-60.1063591,-38.0158706],[-60.1073296,-38.01663],[-60.108269,-38.0173354],[-60.1087944,-38.0177872],[-60.1090908,-38.018025]]]},"geometry_name":"geom","properties":{"gid":839,"rtn":"3","typ":40,"rst":1,"hct":1,"fdc":"Dirección Nacional de Vialidad","sag":"IGN"},"bbox":[-60.1090908,-38.018025,-60.1026574,-38.012908]},{"type":"Feature","id":"vial_nacional.840","geometry":{"type":"MultiLineString","coordinates":[[[-60.1026574,-38.012908],[-60.1024517,-38.0127399],[-60.1021656,-38.0125826],[-60.1018269,-38.012414],[-60.1014809,-38.0122813],[-60.10121137,-38.01215849],[-60.10098865,-38.01199288],[-60.10083446,-38.01182727],[-60.100738,-38.011719],[-60.100629,-38.0115376],[-60.1004319,-38.0112787],[-60.1002665,-38.0110818],[-60.1000167,-38.0107874],[-60.1004652,-38.0110864],[-60.100723,-38.0112129],[-60.1010763,-38.0113598],[-60.10129703,-38.01142752],[-60.10146835,-38.01149605],[-60.10163396,-38.01161026],[-60.10171391,-38.01174161],[-60.1018461,-38.0119394],[-60.1020534,-38.0122864],[-60.1022709,-38.0125486],[-60.1026574,-38.012908]]]},"geometry_name":"geom","properties":{"gid":840,"rtn":"3","typ":40,"rst":1,"hct":1,"fdc":"Dirección Nacional de Vialidad","sag":"IGN"},"bbox":[-60.1026574,-38.012908,-60.1000167,-38.0107874]},{"type":"Feature","id":"vial_nacional.872","geometry":{"type":"MultiLineString","coordinates":[[[-65.3404852,-40.8150281],[-65.3207434,-40.7722056],[-65.3201499,-40.7711071],[-65.3197901,-40.7705364],[-65.3193353,-40.7700028],[-65.3188534,-40.7695004],[-65.3183254,-40.7690432],[-65.3170946,-40.7681454],[-65.3162654,-40.7676803],[-65.3154313,-40.7672572],[-65.3146879,-40.7669429],[-65.3138381,-40.7666781],[-65.303341,-40.7639077],[-65.30192,-40.7636013],[-65.300971,-40.7634426],[-65.2999528,-40.7633263],[-65.2904141,-40.762543],[-65.2849445,-40.7621358],[-65.280737,-40.7617882],[-65.2796378,-40.761725],[-65.2784072,-40.7617456],[-65.2737637,-40.7619379],[-65.272724,-40.761977],[-65.2716523,-40.7619414],[-65.2694591,-40.7617756],[-65.26265,-40.7611893],[-65.1931133,-40.7551347],[-65.1885687,-40.754739],[-65.1751188,-40.7535683],[-65.1391943,-40.7505892]]]},"geometry_name":"geom","properties":{"gid":872,"rtn":"3","typ":40,"rst":1,"hct":1,"fdc":"Dirección Nacional de Vialidad","sag":"IGN"},"bbox":[-65.3404852,-40.8150281,-65.1391943,-40.7505892]},{"type":"Feature","id":"vial_nacional.873","geometry":{"type":"MultiLineString","coordinates":[[[-65.1391943,-40.7505892],[-65.1389657,-40.7505845],[-65.1384056,-40.7505379],[-65.1377525,-40.7504796],[-65.1374801,-40.7504415],[-65.1378154,-40.7504216],[-65.1381907,-40.7504042],[-65.1385012,-40.7504239],[-65.138731,-40.7504626],[-65.1389546,-40.7505147],[-65.1391943,-40.7505892]]]},"geometry_name":"geom","properties":{"gid":873,"rtn":"3","typ":40,"rst":1,"hct":1,"fdc":"Dirección Nacional de Vialidad","sag":"IGN"},"bbox":[-65.1391943,-40.7505892,-65.1374801,-40.7504042]},{"type":"Feature","id":"vial_nacional.841","geometry":{"type":"MultiLineString","coordinates":[[[-59.8625458,-37.6506398],[-59.8638045,-37.6513833],[-59.8647447,-37.6519331],[-59.865518,-37.6524939],[-59.8873599,-37.6703297],[-59.9009486,-37.6813789],[-59.9427326,-37.7154356],[-59.9473932,-37.7191753],[-59.9635549,-37.7323182],[-59.9672066,-37.7352874],[-59.9674833,-37.7355121],[-59.9825386,-37.7477373],[-59.9828932,-37.7480252],[-59.9887005,-37.7527403],[-59.9923105,-37.755669],[-59.995493,-37.7582508],[-59.9956233,-37.7583564],[-60.0065756,-37.7672335],[-60.0067259,-37.767367],[-60.0129414,-37.7724188],[-60.0150223,-37.774091],[-60.0155247,-37.7745164],[-60.0159219,-37.7748914],[-60.0162603,-37.7752524],[-60.0165422,-37.7755752],[-60.0168447,-37.7759489],[-60.0171766,-37.7764415],[-60.0174722,-37.7769189],[-60.0178063,-37.7776224],[-60.0179995,-37.7781412],[-60.0181713,-37.7786653],[-60.0183544,-37.7792783],[-60.0186364,-37.7802132],[-60.0190751,-37.7816735],[-60.0196968,-37.7837293],[-60.020208,-37.7854864],[-60.0223981,-37.7927557],[-60.0303266,-37.8190654],[-60.0343448,-37.8324021],[-60.0482985,-37.8786964],[-60.0499205,-37.884029],[-60.0511333,-37.888001],[-60.0512375,-37.8883194],[-60.0596039,-37.9159303],[-60.0600974,-37.9173354],[-60.0606768,-37.918588],[-60.0615136,-37.9199422],[-60.0622199,-37.9208395],[-60.0630593,-37.9219058],[-60.0656243,-37.9251639],[-60.0662829,-37.9261232],[-60.0665655,-37.9265726],[-60.0668603,-37.9271192],[-60.0671667,-37.9278369],[-60.0674913,-37.928819],[-60.0704118,-37.9383837],[-60.0716423,-37.9424133],[-60.0736811,-37.9490753],[-60.0742968,-37.9511433],[-60.076758,-37.9593569],[-60.0809953,-37.9731014],[-60.0883511,-37.9971491],[-60.088372,-37.9972167],[-60.0895569,-38.0010148],[-60.0897858,-38.0015963],[-60.0899828,-38.0019978],[-60.0901784,-38.0023237],[-60.0904976,-38.0028161],[-60.0908796,-38.0032725],[-60.0911751,-38.0035666],[-60.0926498,-38.0048284],[-60.0931923,-38.0052644],[-60.0969922,-38.008318],[-60.0990816,-38.0099765],[-60.1000167,-38.0107874]]]},"geometry_name":"geom","properties":{"gid":841,"rtn":"3","typ":40,"rst":1,"hct":1,"fdc":"Dirección Nacional de Vialidad","sag":"IGN"},"bbox":[-60.1000167,-38.0107874,-59.8625458,-37.6506398]},{"type":"Feature","id":"vial_nacional.844","geometry":{"type":"MultiLineString","coordinates":[[[-59.9533678,-37.1553814],[-59.9515189,-37.1615114],[-59.9496094,-37.1670482],[-59.9494366,-37.1676525],[-59.9491108,-37.1689379],[-59.9489219,-37.1697353],[-59.9488129,-37.1703626],[-59.9487565,-37.1709339],[-59.9487404,-37.1714231],[-59.9487615,-37.1718999],[-59.9488422,-37.1724207],[-59.9491112,-37.1737516],[-59.9510315,-37.1828919],[-59.952994,-37.1918708],[-59.9532846,-37.1928121],[-59.9633903,-37.2213396],[-59.96453,-37.2242909],[-59.9651175,-37.2258747],[-59.9653793,-37.2271709],[-59.9724526,-37.2622501],[-59.9725119,-37.2626236],[-59.9725307,-37.262986],[-59.9725378,-37.2635878],[-59.9725078,-37.2725659],[-59.9725065,-37.2931522],[-59.9725427,-37.3009636],[-59.9725943,-37.3015083],[-59.9727183,-37.302047],[-59.9729128,-37.3026538],[-59.9753369,-37.3091586],[-59.9756923,-37.3101238],[-59.9757896,-37.3104005],[-59.9758135,-37.3105215],[-59.975847,-37.3106944],[-59.975821,-37.3107846],[-59.9757937,-37.3108746],[-59.9757331,-37.3110037],[-59.9756672,-37.3111095],[-59.9755629,-37.3112466],[-59.9754874,-37.3113367],[-59.9752888,-37.3115551],[-59.973982,-37.3130156],[-59.9732791,-37.3138294],[-59.9729284,-37.3142355],[-59.9724682,-37.3147684],[-59.9720071,-37.3153022],[-59.9663753,-37.3218226],[-59.9661385,-37.3222208],[-59.9659211,-37.3226598],[-59.9624503,-37.3311971],[-59.9597327,-37.3378809],[-59.9584297,-37.3411305],[-59.9580957,-37.3417988],[-59.9575022,-37.3426335],[-59.9567708,-37.343289],[-59.9416124,-37.3552834],[-59.9365911,-37.3595697],[-59.9297839,-37.3653802],[-59.9291026,-37.3660155],[-59.9288361,-37.36629],[-59.9286522,-37.3664894],[-59.9284241,-37.3667824],[-59.9282481,-37.3670293],[-59.9281446,-37.3671951],[-59.9279773,-37.367496],[-59.9277208,-37.3680273],[-59.927452,-37.3687818],[-59.9273296,-37.3693133],[-59.9272568,-37.3696994],[-59.927213,-37.3701323],[-59.9271948,-37.3705974],[-59.9274259,-37.39178],[-59.9274056,-37.3923],[-59.9273284,-37.3927943],[-59.9271576,-37.3933079],[-59.9266741,-37.3943327],[-59.9179937,-37.4126004],[-59.9116524,-37.4259699],[-59.9072648,-37.4352191],[-59.8866413,-37.4785792],[-59.8774285,-37.4979644],[-59.8770157,-37.498869],[-59.8766725,-37.4997721],[-59.8731997,-37.5091021],[-59.872154,-37.5117622],[-59.8667678,-37.5260289],[-59.8619473,-37.5382065],[-59.8590087,-37.5456723],[-59.8563458,-37.55241],[-59.8557228,-37.5540516],[-59.8550576,-37.5555996],[-59.8541516,-37.557554],[-59.8503292,-37.5656726],[-59.8498716,-37.5666706],[-59.8494709,-37.5677072],[-59.848008,-37.5717386],[-59.8426962,-37.5858719],[-59.8424275,-37.586479],[-59.8421763,-37.5869593],[-59.8418492,-37.5875204],[-59.8367216,-37.5958477],[-59.8364036,-37.5964383],[-59.8361293,-37.5970702],[-59.8360029,-37.5975151],[-59.8359384,-37.5979768],[-59.8359604,-37.5983676],[-59.8360098,-37.598832],[-59.8399164,-37.6144083],[-59.843959,-37.6307008],[-59.8449604,-37.6348457],[-59.8451739,-37.6353841],[-59.8454821,-37.6358871],[-59.8457717,-37.6363013],[-59.8460612,-37.6366119],[-59.8468249,-37.6372996],[-59.8502747,-37.6401152],[-59.8543536,-37.6434644],[-59.8558871,-37.6451902]]]},"geometry_name":"geom","properties":{"gid":844,"rtn":"3","typ":40,"rst":1,"hct":1,"fdc":"Dirección Nacional de Vialidad","sag":"IGN"},"bbox":[-59.975847,-37.6451902,-59.8359384,-37.1553814]},{"type":"Feature","id":"vial_nacional.845","geometry":{"type":"MultiLineString","coordinates":[[[-59.89845905,-36.84891782],[-59.89844426,-36.84877248],[-59.89843237,-36.84864875],[-59.89841326,-36.84850618],[-59.89838002,-36.84839891],[-59.89831815,-36.84828469],[-59.8981922,-36.8480793],[-59.89846568,-36.8483211],[-59.89867507,-36.84843531],[-59.89881308,-36.8484829],[-59.89908185,-36.84854746]]]},"geometry_name":"geom","properties":{"gid":845,"rtn":"3","typ":40,"rst":1,"hct":1,"fdc":"Dirección Nacional de Vialidad","sag":"IGN"},"bbox":[-59.89908185,-36.84891782,-59.8981922,-36.8480793]},{"type":"Feature","id":"vial_nacional.846","geometry":{"type":"MultiLineString","coordinates":[[[-59.8981922,-36.8480793],[-59.8978451,-36.8475779],[-59.8975328,-36.8469815],[-59.8954755,-36.8415394],[-59.8951388,-36.8407786],[-59.8946291,-36.8399025],[-59.8925675,-36.8364904],[-59.8924702,-36.8363785],[-59.8921414,-36.835917],[-59.8917717,-36.8355178],[-59.8912765,-36.8350563],[-59.8900692,-36.8340756],[-59.8899227,-36.8339528],[-59.8882424,-36.8325437],[-59.8875694,-36.8319708],[-59.8854693,-36.830183],[-59.8826718,-36.827815],[-59.8824807,-36.8276389],[-59.8823284,-36.8275092],[-59.8757357,-36.8219042],[-59.8716702,-36.8184696],[-59.8691356,-36.8162534],[-59.8688053,-36.8160155],[-59.862395,-36.8105873],[-59.8596048,-36.8082335],[-59.8581771,-36.8070291],[-59.8567684,-36.8058407],[-59.8558081,-36.8050306],[-59.8547843,-36.8041669],[-59.853644,-36.8032048],[-59.8523685,-36.8021287],[-59.8518252,-36.8016704],[-59.8505147,-36.8005648],[-59.8491,-36.7993712],[-59.8474476,-36.7979771],[-59.8466548,-36.7973082],[-59.8459552,-36.7967002],[-59.8457955,-36.7965647],[-59.8442819,-36.7952938],[-59.8434466,-36.7945747],[-59.8433209,-36.7944778],[-59.8427388,-36.7939877],[-59.8423208,-36.7936535],[-59.8418281,-36.793205],[-59.8417406,-36.7931346],[-59.8416526,-36.793061]]]},"geometry_name":"geom","properties":{"gid":846,"rtn":"3","typ":40,"rst":1,"hct":1,"fdc":"Dirección Nacional de Vialidad","sag":"IGN"},"bbox":[-59.8981922,-36.8480793,-59.8416526,-36.793061]},{"type":"Feature","id":"vial_nacional.847","geometry":{"type":"MultiLineString","coordinates":[[[-59.8625458,-37.6506398],[-59.861659,-37.6501425],[-59.861214,-37.6498579],[-59.8608726,-37.6495815],[-59.8605762,-37.6493435],[-59.8598917,-37.64899941],[-59.85959474,-37.64891375],[-59.85918928,-37.64879953],[-59.85887519,-37.64869674],[-59.8586934,-37.64856254],[-59.85858633,-37.64845784],[-59.85850304,-37.64827462],[-59.85842452,-37.64804619],[-59.8583226,-37.6477555],[-59.8581455,-37.6474369],[-59.8578666,-37.6471566],[-59.8571853,-37.6466131],[-59.856791,-37.6462427],[-59.856445,-37.6458571],[-59.8558871,-37.6451902],[-59.857365,-37.6464041],[-59.8580677,-37.6469818],[-59.8583655,-37.6471991],[-59.85873509,-37.64737547],[-59.8591966,-37.647465],[-59.85947198,-37.64754008],[-59.85970041,-37.64764287],[-59.85988315,-37.6478713],[-59.8599899,-37.6480781],[-59.8600648,-37.6483221],[-59.8602216,-37.6486474],[-59.8604361,-37.6489278],[-59.8606881,-37.6491225],[-59.8608867,-37.649276],[-59.8623134,-37.6504483],[-59.8625458,-37.6506398]]]},"geometry_name":"geom","properties":{"gid":847,"rtn":"3","typ":40,"rst":1,"hct":1,"fdc":"Dirección Nacional de Vialidad","sag":"IGN"},"bbox":[-59.8625458,-37.6506398,-59.8558871,-37.6451902]},{"type":"Feature","id":"vial_nacional.848","geometry":{"type":"MultiLineString","coordinates":[[[-59.8416526,-36.793061],[-59.8410997,-36.7926798],[-59.8410179,-36.7926196],[-59.8409428,-36.7925627],[-59.8408851,-36.7925262],[-59.8408341,-36.792494],[-59.8407694,-36.7924601],[-59.8407162,-36.7924277],[-59.8406374,-36.7923885],[-59.8405629,-36.7923629],[-59.8404884,-36.7923407],[-59.8404302,-36.7923214],[-59.8403366,-36.7923061],[-59.8402798,-36.7923047],[-59.8402213,-36.792293],[-59.8401675,-36.7922712],[-59.840121,-36.7922406],[-59.8400841,-36.7922025],[-59.8400461,-36.7921356],[-59.84002516,-36.79205184],[-59.84000803,-36.79194714],[-59.8399988,-36.7918463],[-59.83996894,-36.79177925],[-59.83991421,-36.79170073],[-59.83983569,-36.79160793],[-59.83975954,-36.79153892],[-59.83941928,-36.79120818],[-59.8392793,-36.7910512],[-59.839441,-36.7911798],[-59.8396603,-36.7913519],[-59.8398391,-36.7915037],[-59.8400413,-36.7916639],[-59.84018809,-36.79175579],[-59.84029316,-36.79181366],[-59.84037997,-36.79184259],[-59.84045306,-36.79187],[-59.84051702,-36.79191873],[-59.84056575,-36.79196594],[-59.8406023,-36.79201924],[-59.84063733,-36.79206645],[-59.84066779,-36.79210757],[-59.84072109,-36.79216391],[-59.84080789,-36.79226442],[-59.8408857,-36.7923586],[-59.8409474,-36.7924189],[-59.8410046,-36.7924715],[-59.8410557,-36.7925182],[-59.8416526,-36.793061]]]},"geometry_name":"geom","properties":{"gid":848,"rtn":"3","typ":40,"rst":1,"hct":1,"fdc":"Dirección Nacional de Vialidad","sag":"IGN"},"bbox":[-59.8416526,-36.793061,-59.8392793,-36.7910512]},{"type":"Feature","id":"vial_nacional.854","geometry":{"type":"MultiLineString","coordinates":[[[-58.74736055,-35.02202582],[-58.7473423,-35.0228113],[-58.7473598,-35.0231087],[-58.7473685,-35.0233435],[-58.7473542,-35.023587],[-58.7473207,-35.0237671],[-58.7472448,-35.0239547],[-58.7471365,-35.024132],[-58.7470305,-35.0242706],[-58.7469065,-35.0244054],[-58.745934,-35.0251594]]]},"geometry_name":"geom","properties":{"gid":854,"rtn":"3","typ":40,"rst":1,"hct":1,"fdc":"Dirección Nacional de Vialidad","sag":"IGN"},"bbox":[-58.7473685,-35.0251594,-58.745934,-35.02202582]},{"type":"Feature","id":"vial_nacional.855","geometry":{"type":"MultiLineString","coordinates":[[[-58.74546035,-35.02620857],[-58.74551984,-35.02594683],[-58.74555315,-35.02577788],[-58.74560312,-35.02565177],[-58.74570068,-35.0255209],[-58.745934,-35.0251594],[-58.745711,-35.0252843],[-58.7455058,-35.0253692],[-58.745366,-35.0253914],[-58.7452261,-35.0254025],[-58.7448518,-35.0253709]]]},"geometry_name":"geom","properties":{"gid":855,"rtn":"3","typ":40,"rst":1,"hct":1,"fdc":"Dirección Nacional de Vialidad","sag":"IGN"},"bbox":[-58.745934,-35.02620857,-58.7448518,-35.0251594]},{"type":"Feature","id":"vial_nacional.874","geometry":{"type":"MultiLineString","coordinates":[[[-65.1374801,-40.7504415],[-65.1235393,-40.7492924]]]},"geometry_name":"geom","properties":{"gid":874,"rtn":"3","typ":40,"rst":1,"hct":1,"fdc":"Dirección Nacional de Vialidad","sag":"IGN"},"bbox":[-65.1374801,-40.7504415,-65.1235393,-40.7492924]},{"type":"Feature","id":"vial_nacional.875","geometry":{"type":"MultiLineString","coordinates":[[[-65.1235393,-40.7492924],[-65.1228993,-40.7492523],[-65.1223296,-40.749224],[-65.1211611,-40.7491198],[-65.1205467,-40.7490649],[-65.1200759,-40.7490229],[-65.1199899,-40.7490153],[-65.119674,-40.7489885],[-65.1167723,-40.7487428],[-65.1156328,-40.7486473],[-65.1151306,-40.7485715],[-65.1161418,-40.7486013],[-65.1173739,-40.7487055],[-65.120213,-40.7489456],[-65.1202841,-40.7489516],[-65.1204256,-40.7489645],[-65.1215755,-40.7490691],[-65.1217225,-40.7490825],[-65.1221474,-40.7491179],[-65.1227639,-40.7491709],[-65.1235393,-40.7492924]]]},"geometry_name":"geom","properties":{"gid":875,"rtn":"3","typ":40,"rst":1,"hct":1,"fdc":"Dirección Nacional de Vialidad","sag":"IGN"},"bbox":[-65.1235393,-40.7492924,-65.1151306,-40.7485715]},{"type":"Feature","id":"vial_nacional.887","geometry":{"type":"MultiLineString","coordinates":[[[-69.5849321,-51.6331741],[-69.5850588,-51.6331016],[-69.585166,-51.6330532],[-69.5852895,-51.6330046],[-69.5854259,-51.6329682],[-69.5857464,-51.6329082],[-69.5864118,-51.6328159],[-69.6053253,-51.6303291],[-69.6071302,-51.6300347],[-69.6081751,-51.6298049],[-69.6096855,-51.629424],[-69.6099612,-51.6293612],[-69.6101918,-51.6293265],[-69.6104396,-51.6293075],[-69.6108651,-51.6292846],[-69.6111007,-51.629277],[-69.6112945,-51.6292514],[-69.6114363,-51.6292244],[-69.6116296,-51.6291698],[-69.6117642,-51.6291135],[-69.6119308,-51.6290422],[-69.6122387,-51.6289229],[-69.6124689,-51.6288556],[-69.6127054,-51.6287974],[-69.6129478,-51.6287604],[-69.6133216,-51.6287131],[-69.6129431,-51.6286843],[-69.6125988,-51.6286877],[-69.6122663,-51.6287078],[-69.6117583,-51.6287562],[-69.611546,-51.6287813],[-69.6113623,-51.6288047],[-69.6111644,-51.6288549],[-69.6109122,-51.6289284],[-69.6106852,-51.6290142],[-69.6105309,-51.6290745],[-69.6102816,-51.6291595],[-69.6099194,-51.6292679],[-69.6090633,-51.6294835],[-69.6081012,-51.6297342],[-69.6071053,-51.6299415],[-69.6055187,-51.6301806],[-69.5861195,-51.6327489],[-69.5856291,-51.6327982],[-69.585449,-51.6328045],[-69.5852789,-51.6327982],[-69.5850777,-51.6327812],[-69.5849121,-51.6327632],[-69.5847401,-51.6327413]]]},"geometry_name":"geom","properties":{"gid":887,"rtn":"3","typ":47,"rst":1,"hct":1,"fdc":"Dirección Nacional de Vialidad","sag":"IGN"},"bbox":[-69.6133216,-51.6331741,-69.5847401,-51.6286843]},{"type":"Feature","id":"vial_nacional.888","geometry":{"type":"MultiLineString","coordinates":[[[-69.5849321,-51.6331741],[-69.5847762,-51.6332539],[-69.5846107,-51.6333278],[-69.5844149,-51.6333808],[-69.5842192,-51.6334107],[-69.5840084,-51.6334266],[-69.5838275,-51.6334252],[-69.5835078,-51.6333955]]]},"geometry_name":"geom","properties":{"gid":888,"rtn":"3","typ":47,"rst":1,"hct":1,"fdc":"Dirección Nacional de Vialidad","sag":"IGN"},"bbox":[-69.5849321,-51.6334266,-69.5835078,-51.6331741]},{"type":"Feature","id":"vial_nacional.849","geometry":{"type":"MultiLineString","coordinates":[[[-59.8392793,-36.7910512],[-59.8389254,-36.7907842],[-59.838378,-36.7903215],[-59.8381124,-36.7900978],[-59.8372589,-36.789421],[-59.83709,-36.7892893],[-59.8365898,-36.7888797],[-59.8355959,-36.7880659],[-59.8340959,-36.7867919],[-59.8329421,-36.7857995],[-59.8321173,-36.7851242],[-59.8310869,-36.7841632],[-59.8310042,-36.7840913],[-59.8291898,-36.7825865],[-59.8289205,-36.7823632],[-59.8256585,-36.7796262],[-59.8246998,-36.7788089],[-59.8223343,-36.7768099],[-59.8156083,-36.7711011],[-59.8123345,-36.7683293],[-59.8068394,-36.7636444],[-59.8066846,-36.7634902],[-59.8065411,-36.7633336],[-59.8064247,-36.7631841],[-59.806273,-36.7629756],[-59.8061545,-36.7627809],[-59.8060405,-36.762565],[-59.8059591,-36.7623922],[-59.8058659,-36.7621837],[-59.8057884,-36.7619702],[-59.8057154,-36.7617319],[-59.8056592,-36.7615259],[-59.8056167,-36.7612828],[-59.8055718,-36.7609215],[-59.8053848,-36.7594952],[-59.8052427,-36.7583587],[-59.8051884,-36.7580054],[-59.8051417,-36.7576112],[-59.8050723,-36.7571073],[-59.8049192,-36.7560147],[-59.8045829,-36.7534525],[-59.8045147,-36.753113],[-59.8044277,-36.7527511],[-59.8042602,-36.7523234],[-59.8040308,-36.7518903],[-59.8037461,-36.7514531],[-59.8035087,-36.7511706],[-59.803223,-36.7508793],[-59.8030233,-36.7506928],[-59.7793925,-36.7305855],[-59.7741252,-36.7261061],[-59.7682014,-36.7210679],[-59.7638145,-36.7173663],[-59.7635801,-36.7171418],[-59.7633632,-36.7169088],[-59.7631565,-36.716656],[-59.7629629,-36.7163877],[-59.7627834,-36.7160812],[-59.7626259,-36.7157486],[-59.7596948,-36.7092004],[-59.7592966,-36.7084607],[-59.7587631,-36.7078143],[-59.7581927,-36.7073154],[-59.745569,-36.6966557],[-59.7454065,-36.6965193],[-59.7412287,-36.6929979],[-59.7348225,-36.6875981],[-59.724646,-36.6790204],[-59.7244572,-36.678833],[-59.7242261,-36.6785955],[-59.7239951,-36.6783254],[-59.7237907,-36.6780398],[-59.7235973,-36.6777044],[-59.7234145,-36.677298],[-59.7230284,-36.6764288],[-59.7085817,-36.6434037],[-59.7065416,-36.638739],[-59.7047306,-36.6346115],[-59.7044003,-36.633912],[-59.7041009,-36.6335],[-59.70374,-36.6331127],[-59.703372,-36.632812],[-59.7027819,-36.6323081],[-59.6526359,-36.5896115],[-59.646729,-36.5845733],[-59.646377,-36.584245],[-59.6460975,-36.5839415],[-59.6458552,-36.5836445],[-59.6456756,-36.5833382],[-59.6455066,-36.5830239],[-59.6453675,-36.5826695],[-59.645261,-36.5823826],[-59.6380849,-36.561159],[-59.6322878,-36.5441738],[-59.6320288,-36.5436583],[-59.6318297,-36.5433669],[-59.6315226,-36.5430012],[-59.6311772,-36.5426574],[-59.6308127,-36.5423348],[-59.6262006,-36.538384],[-59.6133364,-36.5274178],[-59.59572,-36.512392],[-59.5949241,-36.5116666],[-59.594627,-36.5113243],[-59.5942713,-36.5107591],[-59.5940157,-36.5100054],[-59.5939485,-36.5095556],[-59.5937266,-36.505128],[-59.593318,-36.4987963],[-59.5932804,-36.4981185],[-59.5930119,-36.4932842],[-59.592994,-36.4929856],[-59.5928156,-36.489676],[-59.5927271,-36.4889646],[-59.5926482,-36.4886659],[-59.5925324,-36.4883671],[-59.5924239,-36.4881273],[-59.5922044,-36.4877752],[-59.592017,-36.4875077],[-59.5917615,-36.4872062],[-59.5914896,-36.4869287],[-59.5912466,-36.4866944],[-59.5887249,-36.4844642],[-59.5775197,-36.4742233],[-59.5705856,-36.4678255],[-59.5705064,-36.467755],[-59.5608327,-36.4588666],[-59.5562234,-36.4546243],[-59.554892,-36.4533988],[-59.552796,-36.4515242],[-59.5486257,-36.4476741],[-59.5470183,-36.4461922],[-59.5469466,-36.4461261],[-59.5464098,-36.4456312],[-59.5463501,-36.4455762],[-59.5417652,-36.4413491],[-59.541121,-36.440725],[-59.5406526,-36.4401759],[-59.5283647,-36.4249918],[-59.5258926,-36.4219495],[-59.5252513,-36.4212303],[-59.5034629,-36.3977519],[-59.4999922,-36.3939055],[-59.4996408,-36.3935709],[-59.4982597,-36.3923978],[-59.4969385,-36.3912633],[-59.4965288,-36.3909135],[-59.495506,-36.3900495],[-59.4947726,-36.3894201],[-59.494697,-36.3893589],[-59.4943021,-36.3890362],[-59.4940217,-36.3888041],[-59.4936734,-36.3885018],[-59.4929724,-36.3879099],[-59.4926472,-36.3876513],[-59.492583,-36.387584],[-59.4898034,-36.3853365],[-59.4866398,-36.3830882],[-59.4859493,-36.3825501],[-59.4846535,-36.3816198],[-59.4821658,-36.3798501],[-59.4784807,-36.377193],[-59.468355,-36.3699176],[-59.4674036,-36.3691724],[-59.4650433,-36.3671483],[-59.4631324,-36.3655267],[-59.4613117,-36.363951],[-59.4549932,-36.3585537],[-59.4481154,-36.3526683],[-59.4381928,-36.3419551],[-59.4254489,-36.3281406],[-59.4248422,-36.3274859],[-59.4244256,-36.3270997],[-59.418511,-36.3220923],[-59.414155,-36.3184381],[-59.4113727,-36.3161428],[-59.3979433,-36.3047945],[-59.3853045,-36.2940728],[-59.3783054,-36.2881346],[-59.3782435,-36.2880821],[-59.3763344,-36.2864623],[-59.3510292,-36.2650047],[-59.3440032,-36.2590549],[-59.335733,-36.2520382],[-59.3350609,-36.2514263],[-59.3223448,-36.2406561],[-59.3182873,-36.2371763],[-59.3025135,-36.2237884],[-59.2996408,-36.2213544],[-59.29915,-36.2209343],[-59.2990794,-36.2208744],[-59.2895199,-36.2127357],[-59.2768442,-36.2019425],[-59.2758883,-36.201258],[-59.2745839,-36.2000714],[-59.244633,-36.1745015],[-59.2442897,-36.1742331],[-59.2440402,-36.1740404],[-59.2437908,-36.1738628],[-59.2435226,-36.1736788],[-59.2432517,-36.1735121],[-59.2423899,-36.1730281],[-59.2257016,-36.1635951],[-59.2252376,-36.1632762],[-59.224694,-36.1628619],[-59.2084259,-36.1487903],[-59.1921565,-36.134729],[-59.1885052,-36.1315727],[-59.1862492,-36.1296179],[-59.1748711,-36.1197579],[-59.1548234,-36.1024281],[-59.1536821,-36.1016428],[-59.1521563,-36.1008175],[-59.1504274,-36.1001101],[-59.1488089,-36.0994769],[-59.1475155,-36.0988396],[-59.1466891,-36.0983234],[-59.1457117,-36.0976085],[-59.1439635,-36.0961289],[-59.1408684,-36.0934687],[-59.1404242,-36.0930944],[-59.1104184,-36.0673162],[-59.1067541,-36.0641957],[-59.1051652,-36.0628112],[-59.1049672,-36.0626401]]]},"geometry_name":"geom","properties":{"gid":849,"rtn":"3","typ":40,"rst":1,"hct":1,"fdc":"Dirección Nacional de Vialidad","sag":"IGN"},"bbox":[-59.8392793,-36.7910512,-59.1049672,-36.0626401]},{"type":"Feature","id":"vial_nacional.850","geometry":{"type":"MultiLineString","coordinates":[[[-59.1049672,-36.0626401],[-59.1045098,-36.0622946],[-59.1043626,-36.0621958],[-59.1042155,-36.0621087],[-59.1040439,-36.0620254],[-59.1039115,-36.0619699],[-59.1037473,-36.0619065],[-59.1034963,-36.0618334],[-59.10320275,-36.06175487],[-59.10298955,-36.06164827],[-59.10276112,-36.06143507],[-59.1025932,-36.0611357],[-59.1024725,-36.060884],[-59.1023539,-36.0606592],[-59.1022347,-36.0604718],[-59.1021514,-36.0603509],[-59.1019749,-36.0601408],[-59.1017525,-36.05989],[-59.1021841,-36.0602058],[-59.1022879,-36.0602716],[-59.1023889,-36.0603313],[-59.1025123,-36.0603932],[-59.1026521,-36.0604568],[-59.1027609,-36.0604954],[-59.1028861,-36.0605388],[-59.1031645,-36.0606261],[-59.1034921,-36.06074979],[-59.10373575,-36.06093253],[-59.10391088,-36.06110766],[-59.1040764,-36.0614097],[-59.1042698,-36.0617466],[-59.1043865,-36.0619323],[-59.1045193,-36.0621121],[-59.1046828,-36.062307],[-59.1049672,-36.0626401]]]},"geometry_name":"geom","properties":{"gid":850,"rtn":"3","typ":40,"rst":1,"hct":1,"fdc":"Dirección Nacional de Vialidad","sag":"IGN"},"bbox":[-59.1049672,-36.0626401,-59.1017525,-36.05989]},{"type":"Feature","id":"vial_nacional.876","geometry":{"type":"MultiLineString","coordinates":[[[-65.1151306,-40.7485715],[-65.0851857,-40.7460244],[-65.0811042,-40.7457026],[-65.0710017,-40.744847],[-65.0683562,-40.7446091],[-65.0581854,-40.7436947],[-65.0572839,-40.7436284],[-65.053703,-40.743326],[-65.0516317,-40.7431436],[-65.0503088,-40.7430282],[-65.0492848,-40.7428993],[-65.0483197,-40.7427486],[-65.0475341,-40.7425346],[-65.0471642,-40.742434],[-65.0465462,-40.742251],[-65.0456336,-40.7419015],[-65.0447101,-40.7414966],[-65.0440044,-40.741106],[-65.0431688,-40.7405902],[-65.0423825,-40.73999],[-65.0417816,-40.7394738],[-65.0412269,-40.7389342],[-65.0407484,-40.7383541],[-65.0401197,-40.7374622],[-65.03933,-40.7362273],[-65.039239,-40.736085],[-65.0388816,-40.7355262],[-65.0386061,-40.7350954],[-65.0380688,-40.7343036],[-65.0378817,-40.7340278],[-65.0377115,-40.7337523],[-65.0369981,-40.7325976],[-65.0369029,-40.7324436],[-65.0366223,-40.7320077],[-65.0365611,-40.7319128],[-65.0352588,-40.7298902],[-65.0348928,-40.7293785],[-65.0344729,-40.728852],[-65.0339864,-40.7283511],[-65.033531,-40.7279149],[-65.0329153,-40.7274214],[-65.0323839,-40.7270353],[-65.0316907,-40.7265981],[-65.0126093,-40.7168422],[-65.0076823,-40.7143784],[-65.0070996,-40.7140871],[-65.0062635,-40.713669],[-65.0059768,-40.7135256],[-65.0058009,-40.7134498]]]},"geometry_name":"geom","properties":{"gid":876,"rtn":"3","typ":40,"rst":1,"hct":1,"fdc":"Dirección Nacional de Vialidad","sag":"IGN"},"bbox":[-65.1151306,-40.7485715,-65.0058009,-40.7134498]},{"type":"Feature","id":"vial_nacional.881","geometry":{"type":"MultiLineString","coordinates":[[[-65.2693664,-43.1362972],[-65.269651,-43.1365235],[-65.2703793,-43.1371577],[-65.272785,-43.1400082],[-65.2743437,-43.1423053],[-65.2750004,-43.1435378],[-65.2755119,-43.1447055],[-65.2817219,-43.1662611],[-65.2826038,-43.1681869],[-65.2826339,-43.1682526],[-65.2829759,-43.1691476],[-65.2831894,-43.1700758],[-65.283193,-43.170105],[-65.2832079,-43.1702253],[-65.2834654,-43.1723019],[-65.2864265,-43.1826099],[-65.2866575,-43.1833785],[-65.2868748,-43.184153],[-65.2873174,-43.1857],[-65.2877742,-43.1873173],[-65.2881918,-43.1887958],[-65.2893123,-43.1926265],[-65.2894162,-43.1930363],[-65.2894263,-43.1932027],[-65.2893673,-43.1936309],[-65.2893566,-43.193873],[-65.2889803,-43.1926775],[-65.2871645,-43.1863316],[-65.2853513,-43.1799812],[-65.2825852,-43.1703848],[-65.2822829,-43.1693716],[-65.2819776,-43.1682596],[-65.2802816,-43.1622788],[-65.2766318,-43.1497757],[-65.2758394,-43.1467783],[-65.2752109,-43.1447148],[-65.2747002,-43.1435684],[-65.2740482,-43.1423589],[-65.2733883,-43.1413443],[-65.2728069,-43.1405475],[-65.2701257,-43.1372888],[-65.2695353,-43.1365222],[-65.2693664,-43.1362972]]]},"geometry_name":"geom","properties":{"gid":881,"rtn":"3","typ":47,"rst":1,"hct":1,"fdc":"Dirección Nacional de Vialidad","sag":"IGN"},"bbox":[-65.2894263,-43.193873,-65.2693664,-43.1362972]},{"type":"Feature","id":"vial_nacional.882","geometry":{"type":"MultiLineString","coordinates":[[[-58.55997224,-34.68592488],[-58.56005504,-34.68598198],[-58.56013322,-34.68601796],[-58.56022065,-34.68602196],[-58.5605119,-34.68599912],[-58.56084693,-34.68597758],[-58.56105641,-34.68600432],[-58.56120796,-34.6860578],[-58.5614974,-34.6861848],[-58.5622613,-34.6865424],[-58.5624882,-34.686659],[-58.562574,-34.686707],[-58.5634312,-34.6871862],[-58.5643538,-34.6877193],[-58.5644724,-34.6877864],[-58.5651208,-34.688168],[-58.5660533,-34.6887205],[-58.567081,-34.689316],[-58.5682256,-34.690002],[-58.5683189,-34.6900562],[-58.5693936,-34.690687],[-58.5702526,-34.6911911],[-58.5705887,-34.6913819],[-58.5708001,-34.6915212],[-58.5710067,-34.6916664],[-58.5715896,-34.6921704],[-58.57193368,-34.6924597],[-58.57217235,-34.69265689],[-58.57296006,-34.69338511],[-58.57344573,-34.69384158],[-58.573996,-34.69437001],[-58.57441571,-34.69484329],[-58.57516324,-34.69572398],[-58.5756025,-34.6963139],[-58.5762323,-34.6970272],[-58.5766062,-34.6974598],[-58.577254,-34.6981603],[-58.5773245,-34.6982358],[-58.5776367,-34.6985933],[-58.5781424,-34.6991642],[-58.5786319,-34.6997225],[-58.5793156,-34.7005002],[-58.5798708,-34.7011439],[-58.583823,-34.7052364],[-58.5841049,-34.7055346],[-58.5842004,-34.7056356],[-58.5849821,-34.7064893],[-58.585256,-34.7067884],[-58.58628681,-34.70791143],[-58.58770037,-34.70929274],[-58.58830704,-34.70988557],[-58.58979699,-34.71126109],[-58.59095557,-34.71239801],[-58.59126426,-34.71271879],[-58.59161695,-34.7130853],[-58.59197888,-34.71343985],[-58.59201961,-34.71348721],[-58.5921676,-34.71365926],[-58.59229923,-34.71385727],[-58.59261235,-34.71445516],[-58.59289692,-34.71513213],[-58.59312162,-34.71551007],[-58.59339264,-34.71583126],[-58.59428641,-34.71676506],[-58.59444192,-34.71691549],[-58.59461797,-34.7170899],[-58.59489266,-34.71740907],[-58.59538993,-34.71811907],[-58.59631068,-34.71966858],[-58.59665642,-34.72034815],[-58.59671813,-34.72048124],[-58.59699624,-34.72108094],[-58.59783446,-34.72304203],[-58.59806701,-34.72352515],[-58.5983768,-34.72419035],[-58.59864259,-34.72468175],[-58.59885426,-34.72509035],[-58.59897938,-34.72535157],[-58.59931378,-34.72612026],[-58.59952846,-34.7265741],[-58.59979818,-34.72708583],[-58.60027842,-34.72801524],[-58.60030653,-34.72806965],[-58.60121368,-34.72982086],[-58.6024216,-34.73219425],[-58.60261808,-34.73258202],[-58.60275302,-34.73294242],[-58.60284599,-34.7332238],[-58.60301257,-34.733742],[-58.60326687,-34.734629],[-58.60341576,-34.7351483],[-58.60359387,-34.73581623],[-58.60364692,-34.73596455],[-58.60370655,-34.73613126],[-58.60384144,-34.73644562],[-58.60458631,-34.73810558],[-58.60503444,-34.73912975],[-58.60515686,-34.73941314],[-58.60531234,-34.73964632],[-58.60567059,-34.74023153],[-58.60634984,-34.7412228],[-58.60715077,-34.74238724],[-58.607428,-34.74283855],[-58.60805241,-34.74378982],[-58.60842056,-34.74440102],[-58.60945001,-34.74597779],[-58.61059259,-34.74755642],[-58.61095632,-34.74818822],[-58.61138741,-34.74882606],[-58.61238273,-34.75030984],[-58.61256882,-34.75058725],[-58.61350104,-34.75199847],[-58.61372173,-34.75236624],[-58.61391971,-34.75274568],[-58.61403784,-34.75300765],[-58.61423326,-34.75379805],[-58.6144422,-34.75459519],[-58.61482652,-34.75618943],[-58.6151969,-34.75747859],[-58.61533339,-34.75799069],[-58.61545704,-34.75845461],[-58.61553053,-34.75886745],[-58.61580671,-34.75981246],[-58.61591352,-34.76017794],[-58.61593182,-34.76024053],[-58.61602035,-34.7605824],[-58.61624535,-34.76141117],[-58.61642957,-34.76208571],[-58.61655046,-34.76246389],[-58.61666393,-34.76286389],[-58.61689113,-34.76365608],[-58.61709277,-34.76440557],[-58.61731927,-34.76515768],[-58.6173673,-34.76531714],[-58.61745509,-34.7656546],[-58.61760681,-34.76596278],[-58.61982342,-34.77068847],[-58.62051262,-34.7721578],[-58.62189755,-34.77511038],[-58.62247202,-34.77683425],[-58.62349492,-34.77980965],[-58.62374601,-34.78050525],[-58.62388411,-34.78091127],[-58.62397201,-34.78112555],[-58.62409325,-34.78135746],[-58.62504493,-34.78289478],[-58.62641426,-34.7850489],[-58.62698092,-34.78594032],[-58.62717001,-34.78623777],[-58.62775857,-34.78706869],[-58.6278626,-34.78722279],[-58.6282408,-34.78778304],[-58.62828593,-34.78784989],[-58.6295305,-34.78973462],[-58.63025491,-34.79082885],[-58.63051957,-34.79124146],[-58.63148911,-34.79270676],[-58.63221864,-34.79383966],[-58.63297407,-34.79502533],[-58.63310588,-34.79522238],[-58.63318876,-34.79535476],[-58.63325509,-34.79551625],[-58.63331474,-34.79565226],[-58.6333583,-34.79583624],[-58.63336403,-34.79605999],[-58.63336132,-34.79623718],[-58.63330249,-34.79650006],[-58.63324312,-34.79668407],[-58.6322226,-34.79945553],[-58.63150048,-34.80150016],[-58.63141803,-34.80181253],[-58.63137959,-34.80200804],[-58.63136786,-34.80220747],[-58.63137803,-34.8023615],[-58.63141642,-34.80255918],[-58.63148493,-34.80280089],[-58.63160009,-34.80307928],[-58.63178264,-34.80338276],[-58.6321731,-34.8039943],[-58.63275297,-34.8049028],[-58.63368981,-34.8063319],[-58.63436455,-34.8072991],[-58.63472097,-34.8078527],[-58.63494333,-34.80821912],[-58.63522012,-34.8087234],[-58.63602389,-34.81018634],[-58.6373993,-34.81272103],[-58.63896552,-34.81558486],[-58.63998634,-34.81742834],[-58.6408175,-34.81892932],[-58.64117585,-34.81960495],[-58.64140712,-34.82004099],[-58.64186668,-34.82090745],[-58.64245969,-34.82199989],[-58.64298131,-34.82292907],[-58.64319837,-34.82332912],[-58.6434833,-34.8238647],[-58.64412563,-34.8251013],[-58.64418193,-34.82520442],[-58.6463274,-34.82913411],[-58.64759362,-34.83146331],[-58.64790145,-34.83208274],[-58.6479295,-34.83214765],[-58.64794797,-34.83222875],[-58.64794697,-34.83230228],[-58.64794023,-34.83237648],[-58.6479351,-34.83243803],[-58.64793428,-34.83249972],[-58.64794833,-34.83256583],[-58.64797498,-34.83262626],[-58.64801328,-34.83266618],[-58.64807139,-34.83271245],[-58.64813761,-34.83275486],[-58.64818861,-34.83279766],[-58.64823826,-34.83283283],[-58.64829723,-34.83290202],[-58.64839724,-34.83308303],[-58.64858364,-34.833496],[-58.64880629,-34.8339397],[-58.65032212,-34.83697752],[-58.65085388,-34.83804194],[-58.65183679,-34.84000939],[-58.65238825,-34.84110099],[-58.65244531,-34.84124629],[-58.65251808,-34.8414274],[-58.65261432,-34.84170535],[-58.65373798,-34.84538895],[-58.65411846,-34.84653393],[-58.65508069,-34.84964401],[-58.65618197,-34.8532216],[-58.65624954,-34.85342802],[-58.65632477,-34.85359406],[-58.65643583,-34.85378612],[-58.65667762,-34.85404568],[-58.65804348,-34.85533457],[-58.65920327,-34.85640936],[-58.66185909,-34.85886781],[-58.66247164,-34.8594442],[-58.66404082,-34.86090669],[-58.66437916,-34.86121185],[-58.66543853,-34.86220086],[-58.6662034,-34.86291514],[-58.6666511,-34.86333991],[-58.6670803,-34.86377304],[-58.66730698,-34.86400038],[-58.66747824,-34.8642203],[-58.66767217,-34.86447541],[-58.6684104,-34.86554334],[-58.66864973,-34.86588537],[-58.66932246,-34.86684677],[-58.66944594,-34.86702678],[-58.66977333,-34.86750402],[-58.67035504,-34.868352],[-58.67071295,-34.86888896],[-58.67107812,-34.86940608],[-58.67150418,-34.87001975],[-58.67195051,-34.8706626],[-58.67210318,-34.87088249],[-58.67279841,-34.8718884],[-58.6733233,-34.87264986],[-58.67499674,-34.87504434],[-58.67689929,-34.87783297],[-58.67853629,-34.8801749],[-58.67956798,-34.88166281],[-58.68013586,-34.88249275],[-58.68087342,-34.8835813],[-58.68144353,-34.88438204],[-58.68197259,-34.88512154],[-58.68220046,-34.88545024],[-58.68255998,-34.8859779],[-58.68287579,-34.88644813],[-58.68303304,-34.88669644],[-58.68319906,-34.88700051],[-58.68330391,-34.88725464],[-58.68351804,-34.88772483],[-58.68373595,-34.88821001],[-58.68395604,-34.88868996],[-58.68409738,-34.88894053],[-58.68419749,-34.88909457],[-58.68445718,-34.88943879],[-58.68469224,-34.88971533],[-58.68613992,-34.89134102],[-58.68736686,-34.89270494],[-58.68794585,-34.89336037],[-58.6885693,-34.89406439],[-58.68961316,-34.89525543],[-58.69017963,-34.89590176],[-58.69071456,-34.89651211],[-58.69221932,-34.89818835],[-58.69355263,-34.89967573],[-58.69488,-34.90116184],[-58.69615624,-34.902571],[-58.69752582,-34.90414069],[-58.69792711,-34.90455631],[-58.69813327,-34.90477482],[-58.6983604,-34.90497608],[-58.69861203,-34.90512017],[-58.69895216,-34.90530007],[-58.70083006,-34.90626297],[-58.70160727,-34.90667174],[-58.70228934,-34.90703917],[-58.70306105,-34.90744199],[-58.70660906,-34.9092451],[-58.7102381,-34.91113083],[-58.71089958,-34.91147535],[-58.7116611,-34.91184915],[-58.71302468,-34.91254561],[-58.71534246,-34.9137276],[-58.71770612,-34.91496162],[-58.71808328,-34.91514214],[-58.71851194,-34.9153299],[-58.71916124,-34.91559788],[-58.71964744,-34.9158112],[-58.71998202,-34.91598516],[-58.7203166,-34.91621428],[-58.72056987,-34.91642449],[-58.72080704,-34.91664789],[-58.72095159,-34.91679541],[-58.72103573,-34.91691025],[-58.72114815,-34.91706473],[-58.72130484,-34.91729184],[-58.72141097,-34.91751895],[-58.72152748,-34.91783504],[-58.72160208,-34.91809618],[-58.72167701,-34.91845752],[-58.7216932,-34.91860831],[-58.72170415,-34.91876444],[-58.72169923,-34.91894331],[-58.7216816,-34.91910842],[-58.72167846,-34.91913775],[-58.72163318,-34.91940076],[-58.72154352,-34.9198327],[-58.72150115,-34.92008957],[-58.72146052,-34.9203461],[-58.72144622,-34.92071101],[-58.72140414,-34.92138302],[-58.72138769,-34.9221636],[-58.72138721,-34.92245872],[-58.72137051,-34.92349524],[-58.72134458,-34.92418002],[-58.72135321,-34.92466101],[-58.72140839,-34.92559213],[-58.72152128,-34.92660046],[-58.72176288,-34.92922316],[-58.72194714,-34.9310966],[-58.72207892,-34.93250869],[-58.72212756,-34.93297254],[-58.72229815,-34.93463346],[-58.72236607,-34.93543563],[-58.72242179,-34.93569856],[-58.72248825,-34.93593071],[-58.72262385,-34.93630394],[-58.72281118,-34.93677851],[-58.72297841,-34.93713413],[-58.72344858,-34.93829828],[-58.72364591,-34.93882467],[-58.72390592,-34.93949386],[-58.72436737,-34.94064934],[-58.7247573,-34.94165014],[-58.7251937,-34.94268015],[-58.72620976,-34.94528909],[-58.72673422,-34.94661629],[-58.72703627,-34.94733268],[-58.72729524,-34.9479526],[-58.72863276,-34.95133173],[-58.72933561,-34.95306419],[-58.72970247,-34.95399152],[-58.73004498,-34.95476333],[-58.73255702,-34.95992094],[-58.73276875,-34.96035564],[-58.73358632,-34.96201248],[-58.73568953,-34.96630028],[-58.73687305,-34.96867446],[-58.73745292,-34.96988296],[-58.73771745,-34.97041628],[-58.73803005,-34.97103002],[-58.74433273,-34.98386201],[-58.74554001,-34.98631999],[-58.74677923,-34.98886585],[-58.74722368,-34.98981593],[-58.74743012,-34.99033687],[-58.74760205,-34.99090397],[-58.74776164,-34.9915274],[-58.74784584,-34.99199069],[-58.74791266,-34.9924515],[-58.74794718,-34.9928881],[-58.74796239,-34.99347306],[-58.74794483,-34.99385091],[-58.74793083,-34.99435746],[-58.74788886,-34.9948684],[-58.74779988,-34.99558751],[-58.74775809,-34.99616827],[-58.74769432,-34.99696919],[-58.7476308,-34.99795148],[-58.74757445,-34.99880474],[-58.74754592,-34.99933581],[-58.74750889,-34.99986183],[-58.74732015,-35.00267668],[-58.74723109,-35.00408925],[-58.74719541,-35.00488389],[-58.74717402,-35.00537831],[-58.74718271,-35.00574401],[-58.74723993,-35.00618993],[-58.74730135,-35.00664559],[-58.74749729,-35.00822963],[-58.74757467,-35.00881397],[-58.74766044,-35.00957751],[-58.74772671,-35.01005357],[-58.74782601,-35.01073277],[-58.74785067,-35.01113363],[-58.74786413,-35.01137221],[-58.74786093,-35.01157815],[-58.74786103,-35.01176009],[-58.74784435,-35.01202754],[-58.74777097,-35.01240659],[-58.74769839,-35.01288182],[-58.74764164,-35.01329396],[-58.74761206,-35.01347499],[-58.74756706,-35.01375037],[-58.74752325,-35.01411269],[-58.74751391,-35.01419],[-58.74744271,-35.01456559],[-58.74732796,-35.01540711],[-58.74724563,-35.01601086],[-58.74706065,-35.01708581],[-58.74703131,-35.01735589],[-58.7470191,-35.01758189],[-58.74701705,-35.01779565],[-58.74702078,-35.01802087],[-58.74702832,-35.01830334],[-58.74700818,-35.01851105],[-58.74695708,-35.01875256],[-58.74687502,-35.01899143],[-58.74683354,-35.01907487],[-58.74676207,-35.01921863],[-58.74664713,-35.01941993],[-58.74656039,-35.01956762],[-58.74648788,-35.01972691],[-58.74644955,-35.01988005],[-58.7464415,-35.02001508],[-58.74646985,-35.02013929],[-58.74653021,-35.02025915],[-58.74660216,-35.02035336],[-58.74669696,-35.02041221],[-58.7468353,-35.0204698],[-58.7469882,-35.0205862],[-58.7471089,-35.020729],[-58.7472027,-35.0209003],[-58.747251,-35.0210585],[-58.7472725,-35.0212254],[-58.74736055,-35.02202582],[-58.74740242,-35.02106262],[-58.74742527,-35.02084942],[-58.74748237,-35.02060957],[-58.74757375,-35.02037353],[-58.74769938,-35.02022505],[-58.74794684,-35.01990905],[-58.74803441,-35.01973773],[-58.74809913,-35.01952834],[-58.74810294,-35.01939509],[-58.74807629,-35.01925042],[-58.74798872,-35.01910956],[-58.74784405,-35.01897631],[-58.7476689,-35.0188897],[-58.7474852,-35.018784],[-58.747375,-35.0186991],[-58.7473047,-35.0185895],[-58.747251,-35.0184797],[-58.7472081,-35.0182842],[-58.7471786,-35.0180667],[-58.7471759,-35.0176515],[-58.7472065,-35.01716],[-58.7472776,-35.0166689],[-58.7479538,-35.0121179],[-58.747994,-35.0117445],[-58.7480047,-35.0113754],[-58.7479108,-35.0104286],[-58.7473915,-35.005845],[-58.7473651,-35.0054144],[-58.7473683,-35.0050323],[-58.7475589,-35.0019689],[-58.7480608,-34.9945883],[-58.7480981,-34.9939837],[-58.7481325,-34.9931557],[-58.7480693,-34.9924157],[-58.748032,-34.9920166],[-58.747975,-34.9916579],[-58.747881,-34.9912285],[-58.7477277,-34.9907424],[-58.7475478,-34.990209],[-58.7473098,-34.9896269],[-58.7468645,-34.9886889],[-58.7384723,-34.9715229],[-58.738429,-34.9714342],[-58.7375181,-34.9695708],[-58.737153,-34.9688392],[-58.7370103,-34.9685532],[-58.7359505,-34.9664294],[-58.7332439,-34.9609179],[-58.7330703,-34.9605613],[-58.7319866,-34.9583314],[-58.7316647,-34.9576817],[-58.7303378,-34.9549762],[-58.7301661,-34.9546112],[-58.7299141,-34.9540317],[-58.7296627,-34.9534195],[-58.7269011,-34.9465065],[-58.7249811,-34.9417477],[-58.7233688,-34.9376722],[-58.7228099,-34.9362996],[-58.7227044,-34.9360163],[-58.7226384,-34.9357856],[-58.7225437,-34.9353853],[-58.7225143,-34.9351543],[-58.722511,-34.9351006],[-58.7223518,-34.9334529],[-58.7222015,-34.9320066],[-58.722097,-34.9308896],[-58.7218304,-34.9282186],[-58.7216798,-34.9265831],[-58.7215623,-34.9253531],[-58.7215261,-34.9249225],[-58.7214811,-34.9241599],[-58.7214969,-34.9236465],[-58.7215215,-34.9228001],[-58.7215342,-34.9223604],[-58.7215409,-34.92213],[-58.7215839,-34.9206452],[-58.7215901,-34.9204222],[-58.7216307,-34.9201337],[-58.7218225,-34.9190511],[-58.7218365,-34.9188306],[-58.7218276,-34.9185819],[-58.7217805,-34.9181835],[-58.7216648,-34.9177571],[-58.7215248,-34.917382],[-58.7213485,-34.9170952],[-58.721155,-34.9168225],[-58.7209015,-34.9165291],[-58.7205794,-34.9162169],[-58.7203104,-34.9160206],[-58.7200865,-34.9158555],[-58.7198371,-34.9157399],[-58.7186788,-34.9152525],[-58.7165492,-34.9141827],[-58.7153044,-34.9135419],[-58.7130161,-34.9123639],[-58.710855,-34.9112514],[-58.7097684,-34.910692],[-58.7074002,-34.9094879],[-58.7073285,-34.9094515],[-58.705214,-34.9083473],[-58.7037116,-34.9075956],[-58.7009324,-34.9061517],[-58.6987835,-34.9050297],[-58.6984057,-34.9047807],[-58.6982707,-34.9046699],[-58.6981245,-34.9045357],[-58.6972882,-34.9036195],[-58.696954,-34.9032267],[-58.6963702,-34.9025854],[-58.6963211,-34.9025315],[-58.6950304,-34.9010805],[-58.6930159,-34.8988266],[-58.6929701,-34.8987745],[-58.6907052,-34.8962295],[-58.6890865,-34.8943976],[-58.6868188,-34.8918575],[-58.6867698,-34.8918001],[-58.6854037,-34.8902563],[-58.6844869,-34.8892136],[-58.6843506,-34.889046],[-58.6842509,-34.8889099],[-58.6841798,-34.8887801],[-58.6839423,-34.8882916],[-58.6835003,-34.8873244],[-58.6832786,-34.8868528],[-58.6831282,-34.8865642],[-58.6829513,-34.886272],[-58.6827475,-34.8859727],[-58.681855,-34.8846916],[-58.6812698,-34.8838247],[-58.6812294,-34.8837681],[-58.6805028,-34.8827492],[-58.6797498,-34.8816377],[-58.6785052,-34.8798733],[-58.6780755,-34.8792569],[-58.6769135,-34.8775603],[-58.6761247,-34.8764241],[-58.6754579,-34.8754587],[-58.6741859,-34.8736057],[-58.6732839,-34.872284],[-58.672428,-34.8710507],[-58.67211,-34.8706323],[-58.6715897,-34.8698659],[-58.6705095,-34.8682924],[-58.6694272,-34.8667304],[-58.6687723,-34.8657996],[-58.6681661,-34.8649665],[-58.667505,-34.8639897],[-58.6673757,-34.8638226],[-58.6672215,-34.8636707],[-58.6670023,-34.8634376],[-58.6662237,-34.8627024],[-58.66546,-34.8620095],[-58.6648305,-34.8614314],[-58.664495,-34.8610895],[-58.6627555,-34.859478],[-58.6607509,-34.8576149],[-58.6597544,-34.8567066],[-58.6589163,-34.8559216],[-58.6566717,-34.85382],[-58.6565825,-34.8537005],[-58.6565129,-34.8535998],[-58.656443,-34.8534584],[-58.6563728,-34.8532783],[-58.6560606,-34.8522559],[-58.6554975,-34.8504358],[-58.6552287,-34.8495809],[-58.6547863,-34.8481882],[-58.6534226,-34.8438475],[-58.653401,-34.8437878],[-58.6527688,-34.8416144],[-58.6526504,-34.841279],[-58.6525732,-34.8411064],[-58.6519996,-34.8399447],[-58.6519769,-34.8398997],[-58.6508535,-34.8376816],[-58.6492837,-34.8345006],[-58.6484795,-34.8328986],[-58.6484461,-34.8328165],[-58.6484238,-34.8327241],[-58.6484139,-34.8325993],[-58.6484233,-34.8325415],[-58.6483878,-34.8323787],[-58.6483307,-34.8323057],[-58.6482643,-34.8322548],[-58.6482187,-34.8322219],[-58.6481242,-34.8321538],[-58.6480027,-34.8320016],[-58.6471989,-34.8304329],[-58.6470699,-34.8302056],[-58.6464317,-34.8290813],[-58.6459573,-34.8281698],[-58.6457348,-34.8277424],[-58.6452417,-34.8268364],[-58.6428726,-34.8224896],[-58.6420322,-34.8209746],[-58.6412736,-34.8195531],[-58.6405452,-34.8182398],[-58.6398075,-34.8168626],[-58.6393758,-34.816103],[-58.6387537,-34.8148954],[-58.6386667,-34.8147376],[-58.6379102,-34.8133597],[-58.6374388,-34.8124897],[-58.6369398,-34.811623],[-58.6362829,-34.8104121],[-58.6350482,-34.8081909],[-58.6346658,-34.8075288],[-58.6339194,-34.8064238],[-58.6333985,-34.805647],[-58.6330552,-34.8051284],[-58.6324868,-34.8042768],[-58.632343,-34.8040575],[-58.631745,-34.803123],[-58.6316568,-34.8029637],[-58.6315676,-34.8027677],[-58.6315253,-34.8026025],[-58.6314964,-34.8024698],[-58.6314851,-34.802325],[-58.6314771,-34.8021687],[-58.631498,-34.8019336],[-58.6315558,-34.8017195],[-58.6334045,-34.7965071],[-58.6334726,-34.7962417],[-58.6334954,-34.7960727],[-58.633486,-34.7959289],[-58.6334703,-34.7957853],[-58.6334378,-34.7956206],[-58.6333903,-34.7954629],[-58.6333042,-34.7952835],[-58.6329792,-34.7947681],[-58.6319564,-34.7932061],[-58.6312559,-34.7922026],[-58.6306597,-34.7912476],[-58.6296941,-34.7897817],[-58.6273183,-34.7861936],[-58.6268292,-34.7853892],[-58.626296,-34.78452],[-58.6251227,-34.7828085],[-58.6248292,-34.7823414],[-58.6245087,-34.7818068],[-58.6242638,-34.7813867],[-58.6241138,-34.7811154],[-58.6240569,-34.7809915],[-58.6240026,-34.7808485],[-58.6235943,-34.7796609],[-58.623572,-34.7795914],[-58.6235464,-34.7795217],[-58.6235275,-34.7794669],[-58.6235069,-34.779407],[-58.6232173,-34.778566],[-58.6225909,-34.7768065],[-58.6225607,-34.7767207],[-58.6224991,-34.7765457],[-58.622395,-34.7762312],[-58.6223137,-34.7759579],[-58.6222344,-34.775723],[-58.6219673,-34.7749421],[-58.6213223,-34.7735291],[-58.6208378,-34.7724979],[-58.6194103,-34.7695204],[-58.6187934,-34.7682497],[-58.6182485,-34.7670169],[-58.6177355,-34.7659668],[-58.6175749,-34.7656183],[-58.6174385,-34.7651605],[-58.6171318,-34.7640215],[-58.6163,-34.7612667],[-58.6161556,-34.7607315],[-58.6159371,-34.7598973],[-58.6158519,-34.759572],[-58.6150216,-34.756505],[-58.6148104,-34.755707],[-58.6145872,-34.7543851],[-58.6143369,-34.7533954],[-58.6142921,-34.7531801],[-58.6140961,-34.7527434],[-58.6139468,-34.7524696],[-58.613746,-34.7521455],[-58.6131147,-34.7511975],[-58.6121614,-34.7497308],[-58.6118611,-34.7492687],[-58.611719,-34.7490669],[-58.6116368,-34.748923],[-58.6113396,-34.7484545],[-58.6110522,-34.7480347],[-58.6104278,-34.7471236],[-58.6090075,-34.7449563],[-58.6082311,-34.7437822],[-58.607563,-34.742773],[-58.6072616,-34.7423236],[-58.6063178,-34.7408544],[-58.6057696,-34.7400228],[-58.605298,-34.7393072],[-58.6051441,-34.7390214],[-58.6048985,-34.7385104],[-58.6044314,-34.7374365],[-58.6042409,-34.7370085],[-58.604075,-34.7366048],[-58.6040613,-34.7365714],[-58.6040372,-34.7365047],[-58.6037626,-34.7357424],[-58.6033395,-34.7343297],[-58.6031073,-34.7335871],[-58.6029395,-34.7330505],[-58.6028624,-34.7328307],[-58.6027843,-34.7326079],[-58.6022955,-34.7315501],[-58.6019183,-34.730759],[-58.6013237,-34.7295709],[-58.6010742,-34.7291675],[-58.6007684,-34.7285621],[-58.5998377,-34.7267404],[-58.5991628,-34.7253034],[-58.5988554,-34.7246585],[-58.5981702,-34.7232333],[-58.5972669,-34.7212611],[-58.5968811,-34.720416],[-58.5966704,-34.7199463],[-58.5965543,-34.7197366],[-58.5964746,-34.7196331],[-58.5964503,-34.7195904],[-58.5960285,-34.7188835],[-58.5955649,-34.7181993],[-58.5951685,-34.7175947],[-58.5948457,-34.7171594],[-58.5946397,-34.7169093],[-58.5943658,-34.7166235],[-58.5934591,-34.7157079],[-58.5933254,-34.7155604],[-58.5932033,-34.715401],[-58.5931118,-34.7152449],[-58.5929839,-34.7149865],[-58.5925289,-34.7140287],[-58.5924162,-34.7137994],[-58.5923329,-34.713656],[-58.5922676,-34.7135588],[-58.5920995,-34.7133676],[-58.5915396,-34.7128009],[-58.5905546,-34.7118336],[-58.5887993,-34.7101049],[-58.5878871,-34.7091933],[-58.5876776,-34.7089964],[-58.5872663,-34.7086126],[-58.5869722,-34.7083324],[-58.5864775,-34.7078108],[-58.5860432,-34.7073458],[-58.585709,-34.7069938],[-58.5854154,-34.7066846],[-58.5849197,-34.7061685],[-58.5842834,-34.7055255],[-58.5841113,-34.705349],[-58.5837951,-34.7050191],[-58.5837687,-34.7049941],[-58.5834118,-34.7046409],[-58.5826467,-34.7038116],[-58.581896,-34.7030485],[-58.5818251,-34.7029845],[-58.5810654,-34.7022116],[-58.5808356,-34.7019622],[-58.5802123,-34.7013019],[-58.5799874,-34.701058],[-58.5799441,-34.7010089],[-58.5787394,-34.6996406],[-58.5786902,-34.6995843],[-58.5784416,-34.6992928],[-58.5777745,-34.6985105],[-58.5777165,-34.698442],[-58.5773976,-34.6980657],[-58.5767873,-34.697379],[-58.5763849,-34.6969263],[-58.5762695,-34.6967946],[-58.5747898,-34.6950844],[-58.5739408,-34.6940799],[-58.5738055,-34.693926],[-58.5732049,-34.6933737],[-58.5725768,-34.6928306],[-58.5719825,-34.6923045],[-58.5717159,-34.6920753],[-58.5716336,-34.6920053],[-58.5713686,-34.6917798],[-58.5710898,-34.691562],[-58.5709074,-34.6914297],[-58.5707134,-34.6912939],[-58.5704689,-34.6911342],[-58.570214,-34.6909842],[-58.5695679,-34.6905962],[-58.568359,-34.6898911],[-58.5671775,-34.6891953],[-58.5662453,-34.6886438],[-58.565299,-34.688088],[-58.5645038,-34.6876052],[-58.5635858,-34.687072],[-58.5634255,-34.6869866],[-58.5626397,-34.6865555],[-58.56171318,-34.68608459],[-58.56152282,-34.68599655],[-58.56138481,-34.68589899],[-58.56131105,-34.6857705],[-58.56124204,-34.68563249],[-58.56119208,-34.68550876],[-58.56115876,-34.68543261],[-58.56111593,-34.68536837],[-58.56101838,-34.68526843]]]},"geometry_name":"geom","properties":{"gid":882,"rtn":"3","typ":47,"rst":1,"hct":1,"fdc":"Dirección Nacional de Vialidad","sag":"IGN"},"bbox":[-58.7481325,-35.02202582,-58.55997224,-34.68526843]},{"type":"Feature","id":"vial_nacional.857","geometry":{"type":"MultiLineString","coordinates":[[[-58.7368354,-35.0612495],[-58.7368973,-35.0617042],[-58.736962,-35.0624531],[-58.7369999,-35.0628068],[-58.7370123,-35.0632166],[-58.7355272,-35.0963775],[-58.7354916,-35.0971471],[-58.7353977,-35.0991271],[-58.7351471,-35.1046249],[-58.735032,-35.1068372],[-58.735024,-35.107219],[-58.735024,-35.1074055],[-58.7350268,-35.1075892],[-58.7350349,-35.1078672],[-58.7350685,-35.1081524],[-58.7351198,-35.1084289],[-58.7351933,-35.1087143],[-58.7352685,-35.1090268],[-58.735311,-35.1092439],[-58.7354454,-35.1102051],[-58.7354377,-35.1106844],[-58.7354348,-35.1110086],[-58.7354437,-35.1112098],[-58.7354631,-35.1114153],[-58.735545,-35.1119811],[-58.7388985,-35.1343164],[-58.7393925,-35.1361529],[-58.7395893,-35.1374728],[-58.7396213,-35.1386408],[-58.7397018,-35.1395357],[-58.7398091,-35.1402376],[-58.7399593,-35.1409482],[-58.7401524,-35.1416852],[-58.7403707,-35.1429359],[-58.7404772,-35.1438856],[-58.7405418,-35.1444045],[-58.7405486,-35.1448483],[-58.7405916,-35.1455281],[-58.7406295,-35.1458638],[-58.7407777,-35.1468936],[-58.7425218,-35.1580962],[-58.7430975,-35.1619196],[-58.743531,-35.1647983],[-58.7439568,-35.1676259],[-58.7442081,-35.1692947],[-58.7475518,-35.1916661],[-58.7481377,-35.194144],[-58.7483245,-35.1953881],[-58.7484495,-35.197327],[-58.7523855,-35.2235761],[-58.7526059,-35.2249679],[-58.7528233,-35.2257099],[-58.753058,-35.2264226],[-58.7556499,-35.2337576],[-58.7569304,-35.2374516],[-58.7576213,-35.2393854],[-58.7583839,-35.2410311],[-58.7585982,-35.2415617],[-58.7587472,-35.2419308],[-58.759028,-35.2428256],[-58.7595173,-35.2447653],[-58.7602856,-35.2469349],[-58.7655997,-35.2620767],[-58.7714139,-35.2786403],[-58.7728212,-35.282649],[-58.7731658,-35.2835322],[-58.7733131,-35.2839134],[-58.7735327,-35.2844676],[-58.7736661,-35.2848868],[-58.774236,-35.2866778],[-58.7773128,-35.2954949],[-58.7796101,-35.3020803],[-58.7871378,-35.3233598],[-58.7874984,-35.3243109],[-58.7877438,-35.3249022],[-58.7882651,-35.3259866],[-58.7884893,-35.3266043],[-58.7886448,-35.3271097],[-58.7891697,-35.3291937],[-58.7898629,-35.3311049],[-58.7916834,-35.3362766],[-58.797686,-35.3533263],[-58.8003443,-35.3609307],[-58.8028687,-35.3680981],[-58.802967,-35.3683604],[-58.8030971,-35.368665],[-58.8033299,-35.3691335],[-58.8036928,-35.3698289],[-58.8039119,-35.3703756],[-58.8042273,-35.3712482],[-58.8042827,-35.3714273],[-58.8043336,-35.3715915],[-58.8044245,-35.3719451],[-58.8045069,-35.3722912],[-58.8046499,-35.3729692],[-58.8048301,-35.3736593],[-58.8050841,-35.3743755],[-58.8058879,-35.3766831],[-58.8067326,-35.3790666],[-58.8083892,-35.383784],[-58.8101012,-35.3886495],[-58.8105598,-35.3900158],[-58.8107244,-35.3905332],[-58.8109146,-35.3910348],[-58.8109616,-35.39111525],[-58.81106279,-35.39120308],[-58.81116749,-35.39126257],[-58.8113745,-35.39135061],[-58.81155575,-35.39140951],[-58.81171477,-35.39148148],[-58.81177275,-35.39152182],[-58.81181749,-35.3915618],[-58.81185556,-35.39162271],[-58.81187935,-35.39167068],[-58.81189306,-35.3917335],[-58.81189877,-35.39179175],[-58.81188735,-35.39187512],[-58.81186229,-35.39196927],[-58.81180043,-35.39211204],[-58.81174094,-35.39225957],[-58.81171001,-35.39239044],[-58.81171001,-35.39247848],[-58.8119612,-35.39376069]]]},"geometry_name":"geom","properties":{"gid":857,"rtn":"3","typ":47,"rst":1,"hct":1,"fdc":"Dirección Nacional de Vialidad","sag":"IGN"},"bbox":[-58.8119612,-35.39376069,-58.735024,-35.0612495]},{"type":"Feature","id":"vial_nacional.889","geometry":{"type":"MultiLineString","coordinates":[[[-69.5108476,-50.7988185],[-69.5116739,-50.7983634],[-69.5124131,-50.7980355],[-69.512945,-50.7977548],[-69.513234,-50.7975688],[-69.5134717,-50.7973905],[-69.5136991,-50.797185],[-69.5138753,-50.7969725],[-69.5140041,-50.7967493],[-69.5141127,-50.7965102],[-69.5141591,-50.7962983],[-69.5141802,-50.79608],[-69.5141702,-50.7958681],[-69.5141429,-50.7956546],[-69.514102,-50.7954667],[-69.5140275,-50.7952542],[-69.5138026,-50.7948633],[-69.513561,-50.7944461],[-69.5114031,-50.7909599],[-69.5102919,-50.789214],[-69.5099348,-50.7886737],[-69.5091447,-50.7873925],[-69.5090539,-50.7872412],[-69.5091788,-50.7873833],[-69.5095532,-50.787959],[-69.5097618,-50.7882439],[-69.5100832,-50.788666],[-69.5115534,-50.7905144],[-69.5125479,-50.7918406],[-69.5131329,-50.7925988],[-69.5138577,-50.793536],[-69.5143618,-50.7942663],[-69.5145126,-50.7945384],[-69.5146487,-50.7949408],[-69.5147076,-50.7953222],[-69.5147039,-50.7957408],[-69.5146487,-50.7960571],[-69.5145053,-50.7964268],[-69.5143691,-50.7966757],[-69.5141962,-50.7969292],[-69.5139202,-50.7972315],[-69.5136002,-50.7974989],[-69.5131732,-50.7977805],[-69.5125914,-50.7980831],[-69.5117356,-50.798408],[-69.5108476,-50.7988185]]]},"geometry_name":"geom","properties":{"gid":889,"rtn":"3","typ":40,"rst":1,"hct":1,"fdc":"Dirección Nacional de Vialidad","sag":"IGN"},"bbox":[-69.5147076,-50.7988185,-69.5090539,-50.7872412]},{"type":"Feature","id":"vial_nacional.858","geometry":{"type":"MultiLineString","coordinates":[[[-58.8119612,-35.39376069],[-58.81180511,-35.39328099],[-58.81165282,-35.3928051],[-58.81160333,-35.39265281],[-58.81155003,-35.39251956],[-58.81148721,-35.39242184],[-58.81142249,-35.39236664],[-58.81134361,-35.39233081],[-58.81121237,-35.39228011],[-58.8110863,-35.39223808],[-58.81096875,-35.39217761],[-58.81086882,-35.39209434],[-58.81080529,-35.39200063],[-58.81077581,-35.391899],[-58.8107717,-35.39178459],[-58.81079361,-35.39168011],[-58.81081752,-35.39158364],[-58.81084394,-35.39145858],[-58.81085173,-35.39130403],[-58.81083094,-35.39115144],[-58.81065666,-35.39059242],[-58.81046878,-35.39012503],[-58.81029474,-35.38971115],[-58.81008923,-35.38911815],[-58.80957296,-35.38768286],[-58.80854556,-35.38473419],[-58.80784712,-35.38279207],[-58.80642956,-35.37873597],[-58.80461506,-35.37364937],[-58.80445536,-35.37317285],[-58.80429321,-35.37277525],[-58.80409088,-35.37231033],[-58.80387182,-35.37186312],[-58.80367417,-35.37137181],[-58.80335795,-35.37048345],[-58.80319977,-35.36997819],[-58.80304677,-35.36936519],[-58.80286487,-35.36873461],[-58.80270085,-35.36826552],[-58.80184958,-35.36575834],[-58.79747199,-35.3532966],[-58.79666953,-35.35102438],[-58.79562643,-35.34807078],[-58.79243626,-35.33897486],[-58.79046896,-35.33348123],[-58.79029056,-35.3329454],[-58.78948099,-35.33065427],[-58.7891957,-35.329815],[-58.78900536,-35.32928276],[-58.78876776,-35.3286903],[-58.78830045,-35.32774858],[-58.78802537,-35.32709596],[-58.78785883,-35.32663283],[-58.78762628,-35.32587064],[-58.78730669,-35.32451289],[-58.78668711,-35.32268161],[-58.78443105,-35.31621052],[-58.78380434,-35.31449965],[-58.78374279,-35.31433164],[-58.78312078,-35.31255352],[-58.78298159,-35.31212865],[-58.78289457,-35.31188224],[-58.78232218,-35.31026151],[-58.7819824,-35.30929065],[-58.7814874,-35.30788331],[-58.77998492,-35.30361346],[-58.77974857,-35.30291742],[-58.77925076,-35.30155948],[-58.77832529,-35.29889602],[-58.77758648,-35.29676204],[-58.77686088,-35.29473559],[-58.77605218,-35.29240628],[-58.77532807,-35.29037066],[-58.77481615,-35.28889198],[-58.77440208,-35.28772115],[-58.77427264,-35.28735511],[-58.77390777,-35.28654785],[-58.77355797,-35.28585375],[-58.77316416,-35.28505726],[-58.77306187,-35.28483615],[-58.77294394,-35.2844637],[-58.77276905,-35.28391738],[-58.77254878,-35.28316422],[-58.7724021,-35.28238418],[-58.77216573,-35.28140273],[-58.77123423,-35.27868709],[-58.77046195,-35.27648272],[-58.7696569,-35.27417521],[-58.76888583,-35.27209031],[-58.76855824,-35.27110871],[-58.76787748,-35.26917092],[-58.76727312,-35.26745061],[-58.76651148,-35.26529287],[-58.7657424,-35.26309491],[-58.76520886,-35.26155884],[-58.76447946,-35.25956572],[-58.76329873,-35.25614603],[-58.76248175,-35.25380311],[-58.76163102,-35.25140128],[-58.75997519,-35.24671784],[-58.75961541,-35.24565251],[-58.75938517,-35.24506472],[-58.75922894,-35.24463266],[-58.75909164,-35.24421237],[-58.75894281,-35.24386595],[-58.75875223,-35.24353089],[-58.75852214,-35.24302992],[-58.75837391,-35.2425999],[-58.75824961,-35.24227763],[-58.75806824,-35.24170621],[-58.75798478,-35.24141581],[-58.7577822,-35.24051955],[-58.75759216,-35.23991734],[-58.7572984,-35.23905956],[-58.75683251,-35.23773029],[-58.7560007,-35.23539441],[-58.75542207,-35.23370167],[-58.75482546,-35.23200545],[-58.75428854,-35.23050468],[-58.75389498,-35.22940464],[-58.75280266,-35.22630281],[-58.75257386,-35.22564221],[-58.75249326,-35.22535375],[-58.7524229,-35.2250828],[-58.75232231,-35.22451918],[-58.75197321,-35.22219497],[-58.75164733,-35.22001473],[-58.75125379,-35.21739423],[-58.75092339,-35.21517983],[-58.75070422,-35.21379211],[-58.750313,-35.21117803],[-58.75000468,-35.20903553],[-58.74973293,-35.20721594],[-58.74940138,-35.20523869],[-58.74912641,-35.2033498],[-58.74870964,-35.20052733],[-58.74846138,-35.19904056],[-58.74832771,-35.19795674],[-58.74819656,-35.19713021],[-58.74813065,-35.19670479],[-58.74803523,-35.19630432],[-58.74786296,-35.19570502],[-58.74775848,-35.19515302],[-58.74766919,-35.19471692],[-58.74759732,-35.19401692],[-58.74756596,-35.1935018],[-58.74753872,-35.19289823],[-58.74748332,-35.19241653],[-58.74737551,-35.19175138],[-58.74721771,-35.1906903],[-58.74708165,-35.1898159],[-58.74686657,-35.18843377],[-58.7465416,-35.1862442],[-58.74615785,-35.18370164],[-58.74583268,-35.1815465],[-58.74552503,-35.17940509],[-58.74519219,-35.17727878],[-58.74484881,-35.17517629],[-58.74451775,-35.17274363],[-58.74439994,-35.17192069],[-58.74430784,-35.17150538],[-58.74424546,-35.1712241],[-58.74416521,-35.17044225],[-58.74399838,-35.16924535],[-58.74352161,-35.16622414],[-58.74310047,-35.16338698],[-58.7425777,-35.15995366],[-58.74249149,-35.15938749],[-58.74225067,-35.1575986],[-58.74223871,-35.15750973],[-58.74184195,-35.15499345],[-58.74122623,-35.15089954],[-58.74093627,-35.14892152],[-58.74066419,-35.1471398],[-58.74042131,-35.14578431],[-58.74033578,-35.14533877],[-58.74031266,-35.14487063],[-58.74032184,-35.14447928],[-58.74034854,-35.14407932],[-58.74023323,-35.14322408],[-58.74002448,-35.14191641],[-58.73986796,-35.14119414],[-58.73978716,-35.14092584],[-58.73964536,-35.14026784],[-58.7394957,-35.13943166],[-58.73937264,-35.13886147],[-58.73923285,-35.13827225],[-58.73904597,-35.13761064],[-58.7389872,-35.13726982],[-58.73891806,-35.13684652],[-58.73885334,-35.13641834],[-58.73881457,-35.13586691],[-58.73877672,-35.13486279],[-58.73869082,-35.1341075],[-58.73840656,-35.13213786],[-58.73818043,-35.13068564],[-58.73802922,-35.12960126],[-58.73795115,-35.12904136],[-58.7375591,-35.12656032],[-58.73712003,-35.1235108],[-58.73651914,-35.11955032],[-58.73590595,-35.11550883],[-58.73557945,-35.11346117],[-58.73541974,-35.11242702],[-58.73531064,-35.11181412],[-58.735193,-35.11130144],[-58.73510299,-35.1110289],[-58.7349686,-35.11070059],[-58.73489439,-35.11047039],[-58.73485945,-35.11036203],[-58.73478616,-35.11008225],[-58.73472111,-35.10972976],[-58.73469087,-35.10941082],[-58.73468217,-35.10910439],[-58.73468896,-35.10882152],[-58.73469612,-35.10851516],[-58.73471913,-35.10825553],[-58.73477499,-35.10793576],[-58.73480543,-35.10765939],[-58.73482786,-35.10738087],[-58.73485896,-35.10689246],[-58.73493161,-35.10438089],[-58.73497976,-35.10311598],[-58.73505925,-35.10172082],[-58.73516286,-35.09987466],[-58.7351991,-35.0992289],[-58.73533381,-35.09638141],[-58.73537491,-35.09508942],[-58.73545253,-35.09365464],[-58.7356073,-35.09089178],[-58.73561794,-35.09065424],[-58.73584426,-35.08559831],[-58.73602851,-35.0817533],[-58.73609304,-35.08031893],[-58.73620242,-35.07788798],[-58.73626182,-35.07647517],[-58.73633291,-35.07440587],[-58.7364656,-35.07152337],[-58.73648973,-35.07099921],[-58.73653483,-35.07003761],[-58.73663028,-35.06825288],[-58.73671931,-35.06607923],[-58.73675972,-35.06538023],[-58.73679234,-35.06455326],[-58.73687801,-35.06319286],[-58.73689566,-35.06280906],[-58.7368748,-35.06232654],[-58.7368349,-35.0617052],[-58.7368354,-35.0612495]]]},"geometry_name":"geom","properties":{"gid":858,"rtn":"3","typ":47,"rst":1,"hct":1,"fdc":"Dirección Nacional de Vialidad","sag":"IGN"},"bbox":[-58.8119612,-35.39376069,-58.73468217,-35.0612495]},{"type":"Feature","id":"vial_nacional.851","geometry":{"type":"MultiLineString","coordinates":[[[-59.1017525,-36.05989],[-59.1015003,-36.0596738],[-59.1000504,-36.0584252],[-59.0991853,-36.0576801],[-59.0905589,-36.0502434],[-59.0863634,-36.0466322],[-59.0819693,-36.0428668],[-59.0806129,-36.0416814],[-59.0792853,-36.0405041],[-59.0791453,-36.0403758],[-59.0790291,-36.0402651],[-59.0789634,-36.0401924],[-59.0788367,-36.0400254],[-59.0787535,-36.0398824],[-59.0786842,-36.0397339],[-59.0786426,-36.0396273],[-59.07862,-36.0395516],[-59.0785975,-36.0394647],[-59.0785793,-36.0393482],[-59.0785737,-36.0392337],[-59.0785763,-36.0391398],[-59.0785814,-36.0390798],[-59.0785907,-36.0390097],[-59.0786038,-36.0389394],[-59.078626,-36.0388496],[-59.0786636,-36.0387354],[-59.0787111,-36.0386233],[-59.0787623,-36.0385247],[-59.0788363,-36.0383913],[-59.0789109,-36.038282],[-59.0789836,-36.038185],[-59.0790715,-36.0380811],[-59.0791466,-36.0380073],[-59.0792679,-36.0379035],[-59.0794326,-36.0377704],[-59.0796562,-36.037598],[-59.0800202,-36.0373218],[-59.0806339,-36.0368565],[-59.0812406,-36.0364037],[-59.0817883,-36.0359888],[-59.0820417,-36.0357938],[-59.082848,-36.0351734],[-59.0831848,-36.0349171],[-59.0845164,-36.0339039],[-59.0851379,-36.0334342],[-59.0852135,-36.0333779],[-59.0856746,-36.0330305],[-59.0858404,-36.0329019],[-59.0860188,-36.032754],[-59.086121,-36.032657],[-59.086181,-36.0325931],[-59.0862269,-36.0325367],[-59.0862715,-36.0324805],[-59.0863172,-36.0324126],[-59.0863481,-36.0323562],[-59.0863775,-36.0322923],[-59.0864046,-36.0322264],[-59.0864273,-36.032161],[-59.0864449,-36.0321009],[-59.0864593,-36.0320321],[-59.0864718,-36.0319577],[-59.0864795,-36.0318844],[-59.0864935,-36.0317176],[-59.0865079,-36.031462],[-59.0865193,-36.0311803],[-59.0865282,-36.0307812],[-59.0865252,-36.0306359],[-59.0865191,-36.030562],[-59.0865114,-36.0304964],[-59.0865045,-36.0304437],[-59.0864945,-36.030386],[-59.0864853,-36.0303391],[-59.0864684,-36.030272],[-59.0864476,-36.0302173],[-59.0864283,-36.0301713],[-59.0864043,-36.0301222],[-59.0863692,-36.0300603],[-59.0863408,-36.030015],[-59.0863097,-36.0299711],[-59.0862755,-36.0299248],[-59.0862376,-36.0298775],[-59.086191,-36.0298264],[-59.0861445,-36.0297784],[-59.0860919,-36.0297254],[-59.0860224,-36.0296593],[-59.0858952,-36.0295427],[-59.0857779,-36.0294422],[-59.0857356,-36.029406],[-59.0847204,-36.0285366],[-59.0836743,-36.0276242],[-59.0827134,-36.0267909],[-59.0814303,-36.0256677],[-59.0801967,-36.0246089],[-59.0793051,-36.0238436],[-59.0781598,-36.0228456],[-59.0771066,-36.021928],[-59.0749771,-36.0200726],[-59.0706134,-36.0162986],[-59.0680355,-36.0141008],[-59.0680084,-36.0140777],[-59.0676136,-36.0137272],[-59.0674992,-36.0136295],[-59.0672306,-36.0133956],[-59.0670378,-36.013195],[-59.0668671,-36.01299],[-59.0666399,-36.0126665],[-59.0665077,-36.0124474],[-59.0663743,-36.0121678],[-59.0662883,-36.0119263],[-59.0662096,-36.0116429],[-59.0661609,-36.0113623],[-59.0654501,-36.0062449],[-59.0654183,-36.0060366],[-59.0647544,-36.0014988],[-59.064605,-36.0007432],[-59.064431,-36.0002262],[-59.0643708,-36.0001268],[-59.0640409,-35.9995816],[-59.0636739,-35.9991866],[-59.0602045,-35.9962723],[-59.041948,-35.9809348],[-59.0417716,-35.9807866],[-59.0305513,-35.9713588],[-58.996968,-35.9431082],[-58.9837916,-35.9320429],[-58.9765871,-35.9260262],[-58.9748884,-35.9245604],[-58.9705285,-35.9205781],[-58.9100309,-35.8639948],[-58.9097117,-35.8636823],[-58.9095036,-35.8634039],[-58.9093045,-35.8630516],[-58.9091818,-35.862654],[-58.9091181,-35.8621848],[-58.9091415,-35.8620155],[-58.9091817,-35.8616519],[-58.9093599,-35.8611625],[-58.910565,-35.858935],[-58.9116796,-35.8568748],[-58.9156016,-35.8497099],[-58.9158911,-35.8491157],[-58.9161603,-35.8485116],[-58.9191684,-35.841449],[-58.9192036,-35.8413662],[-58.9194889,-35.8406963],[-58.9197284,-35.8400753],[-58.9198654,-35.839579],[-58.9199971,-35.8390586],[-58.9201524,-35.8383186],[-58.921488,-35.8318898],[-58.9238556,-35.8204925],[-58.9244963,-35.8173659],[-58.9247107,-35.8162653],[-58.9247742,-35.8156053],[-58.9247836,-35.8148796],[-58.924706,-35.8139847],[-58.9243212,-35.8115092],[-58.923873,-35.808332],[-58.9238512,-35.8074338],[-58.9239455,-35.8069355],[-58.9240484,-35.8064343],[-58.9241963,-35.8060246],[-58.9243935,-35.8056148],[-58.9247158,-35.8050685],[-58.9264512,-35.8029878],[-58.9290003,-35.7998384],[-58.9302904,-35.7982444],[-58.9323076,-35.7958452],[-58.9324678,-35.7956475],[-58.9329851,-35.7950197],[-58.9351589,-35.7923815],[-58.9353995,-35.7920732],[-58.9355775,-35.7918309],[-58.9357619,-35.7915593],[-58.9359296,-35.791281],[-58.9360734,-35.7910162],[-58.9362069,-35.7907463],[-58.9363425,-35.790449],[-58.9364779,-35.7901083],[-58.9370039,-35.7887219],[-58.9375728,-35.7872291],[-58.9383843,-35.7850995],[-58.9397911,-35.7814143],[-58.9401399,-35.7804878],[-58.9404792,-35.7795747],[-58.9406184,-35.7791391],[-58.9406946,-35.778811],[-58.9407351,-35.7785569],[-58.9407665,-35.7783405],[-58.94078,-35.7781473],[-58.9407845,-35.7779856],[-58.940786,-35.7777984],[-58.94078,-35.7775946],[-58.9407591,-35.7774179],[-58.9407291,-35.7772441],[-58.9406932,-35.7770606],[-58.94064,-35.7768331],[-58.9405838,-35.7766459],[-58.9405178,-35.7764503],[-58.9404399,-35.7762582],[-58.940368,-35.7760881],[-58.9402691,-35.7759021],[-58.9400848,-35.7755641],[-58.9399026,-35.7752476],[-58.9382047,-35.7725722],[-58.9368243,-35.7704565],[-58.9269607,-35.7548521],[-58.9222092,-35.7473342],[-58.9189664,-35.7422028],[-58.9063929,-35.7224128],[-58.9012251,-35.7142776],[-58.8991068,-35.7109241],[-58.898286,-35.7096343],[-58.8977971,-35.7088618],[-58.8970833,-35.7077464],[-58.8968827,-35.7074506],[-58.8966677,-35.707172],[-58.8964892,-35.7069639],[-58.8963337,-35.706793],[-58.8961484,-35.7066017],[-58.895915,-35.7063797],[-58.895078,-35.7056412],[-58.8916323,-35.7025732],[-58.8890451,-35.7002728],[-58.8813242,-35.6934306],[-58.8759762,-35.6886316],[-58.8738491,-35.6869879],[-58.8697033,-35.6836649],[-58.8665684,-35.6811521],[-58.8658317,-35.6805615],[-58.8618173,-35.6773434],[-58.8579728,-35.6742743],[-58.8567236,-35.673277],[-58.8564777,-35.6730644],[-58.8562881,-35.6728895],[-58.8561243,-35.6727195],[-58.8559496,-35.6725265],[-58.8558081,-35.6723503],[-58.8556695,-35.6721702],[-58.8555246,-35.6719609],[-58.8553961,-35.6717483],[-58.8551837,-35.6713619],[-58.8543559,-35.6697763],[-58.8537195,-35.6685581],[-58.8530609,-35.6672964],[-58.8521596,-35.6655752],[-58.8515587,-35.6644192],[-58.8514594,-35.664211],[-58.8513923,-35.6640528],[-58.8513285,-35.6638586],[-58.8512681,-35.6636384],[-58.8512279,-35.6634128],[-58.8512071,-35.6631903],[-58.8511903,-35.6628882],[-58.8509659,-35.6578252],[-58.8507327,-35.6525622],[-58.85069,-35.6516172],[-58.8505714,-35.6490085],[-58.8505497,-35.6485986],[-58.8504462,-35.6466488],[-58.850422,-35.6460995],[-58.8503725,-35.6457658],[-58.8503132,-35.6454467],[-58.8501106,-35.6448858],[-58.8498841,-35.6443853],[-58.8495492,-35.643802],[-58.847882,-35.6412772],[-58.842412,-35.6331294],[-58.8403797,-35.630102],[-58.8375012,-35.6258107],[-58.8321821,-35.61785],[-58.8318834,-35.6172023],[-58.8317293,-35.616601],[-58.8316795,-35.6160998],[-58.831711,-35.6156051],[-58.8318145,-35.6150723],[-58.8321312,-35.6139925],[-58.8364927,-35.5997955],[-58.8393679,-35.5902835],[-58.839392,-35.5902039],[-58.8408313,-35.5855443],[-58.8421805,-35.5811434],[-58.8448791,-35.5723395],[-58.8474266,-35.5640282],[-58.8481855,-35.561552],[-58.8484794,-35.5606503],[-58.8486875,-35.5597193],[-58.8489646,-35.5584967],[-58.8495521,-35.5550975],[-58.8510318,-35.5465354],[-58.8517347,-35.5424679],[-58.852579,-35.5375814],[-58.8542296,-35.5280285],[-58.8557672,-35.5191279],[-58.8572107,-35.5107718],[-58.8581961,-35.5053317],[-58.8587028,-35.5024191],[-58.8587385,-35.5019264],[-58.8587426,-35.5011182],[-58.8586896,-35.5006543],[-58.857504,-35.4956301],[-58.8570914,-35.4938818],[-58.8568675,-35.4929329],[-58.8549235,-35.4846941],[-58.8534321,-35.4783727],[-58.8532789,-35.4778045],[-58.8531238,-35.477449],[-58.8529502,-35.4771039],[-58.8527705,-35.4768261],[-58.8525605,-35.4765539],[-58.852327,-35.4762967],[-58.8509889,-35.4748948],[-58.8506498,-35.4745557],[-58.8494669,-35.4733697],[-58.8480035,-35.4719042],[-58.8459016,-35.4697768],[-58.8456264,-35.4694679],[-58.845412,-35.4692042],[-58.8452456,-35.468981],[-58.8450802,-35.4687449],[-58.8448818,-35.4684223],[-58.8446483,-35.4680141],[-58.8442287,-35.4672123],[-58.8440669,-35.4668906],[-58.8434768,-35.4657509],[-58.8433384,-35.4654923],[-58.8431273,-35.4651434],[-58.8429946,-35.4649452],[-58.842845,-35.464735],[-58.8427041,-35.4645407],[-58.8422968,-35.4640497],[-58.8418592,-35.4635902],[-58.8416119,-35.463348],[-58.8411443,-35.4629402],[-58.8409321,-35.4627743],[-58.8373448,-35.4600736],[-58.8353003,-35.4585428],[-58.8338524,-35.4574496],[-58.8325623,-35.4564831],[-58.8320904,-35.4561281],[-58.831142,-35.4554221],[-58.8302692,-35.4547693],[-58.8294633,-35.4541688],[-58.8282888,-35.453373],[-58.8279346,-35.4531404],[-58.82713,-35.4526041],[-58.8267914,-35.4523764],[-58.8263567,-35.4520932],[-58.8249397,-35.451149],[-58.8239406,-35.4504766],[-58.8238366,-35.4504018],[-58.8227472,-35.4496788],[-58.8225032,-35.4495208],[-58.8218326,-35.4490733],[-58.8216584,-35.4489577],[-58.8215396,-35.4488783],[-58.8211671,-35.4486203],[-58.8210397,-35.4485392],[-58.8203985,-35.4481097],[-58.819748,-35.4476818],[-58.8192093,-35.4473228],[-58.8181882,-35.4466437],[-58.8167955,-35.4457153],[-58.8165005,-35.445506],[-58.8163402,-35.4453725],[-58.8162298,-35.4452642],[-58.8161627,-35.445191],[-58.8160404,-35.4450129],[-58.8159882,-35.4448904],[-58.8159279,-35.4447284],[-58.8158997,-35.4445883],[-58.8158859,-35.444454],[-58.815926,-35.4439376],[-58.8159707,-35.4437929],[-58.8160204,-35.4433035],[-58.8160385,-35.443087],[-58.8160526,-35.4429966],[-58.8160688,-35.4428445],[-58.8161432,-35.4422945],[-58.816261,-35.4414246],[-58.8162748,-35.4413389],[-58.8164186,-35.4402861],[-58.8164702,-35.4398624],[-58.8165391,-35.4393117],[-58.8166677,-35.4383757],[-58.816705,-35.4380858],[-58.8168403,-35.4370153],[-58.8169427,-35.436184],[-58.8169673,-35.4360101],[-58.8169995,-35.4357677],[-58.8171449,-35.4348465],[-58.8172186,-35.4341472],[-58.8172228,-35.4339725],[-58.817215,-35.4338827],[-58.8171946,-35.4337877],[-58.8171578,-35.4337063],[-58.8170885,-35.4336043],[-58.8170069,-35.4335232],[-58.816932,-35.4334672],[-58.8168433,-35.4334185],[-58.8167262,-35.4333817],[-58.8165788,-35.4333409],[-58.8163524,-35.4333084],[-58.8159499,-35.4332701],[-58.8150193,-35.4331971],[-58.8147611,-35.4331744],[-58.8143611,-35.433146],[-58.8140948,-35.4331178],[-58.8126338,-35.4330216],[-58.812387,-35.4330047],[-58.8115774,-35.4329416],[-58.8102683,-35.4328313],[-58.8101856,-35.4328247]]]},"geometry_name":"geom","properties":{"gid":851,"rtn":"3","typ":40,"rst":1,"hct":1,"fdc":"Dirección Nacional de Vialidad","sag":"IGN"},"bbox":[-59.1017525,-36.05989,-58.8101856,-35.4328247]},{"type":"Feature","id":"vial_nacional.852","geometry":{"type":"MultiLineString","coordinates":[[[-58.80790934,-35.43059121],[-58.80801165,-35.42977267],[-58.8080736,-35.4290304],[-58.8081845,-35.4281667],[-58.808262,-35.4275843],[-58.8083965,-35.4265533],[-58.8085574,-35.4253202],[-58.8086399,-35.4246213],[-58.8087229,-35.4238969],[-58.8087442,-35.4237222],[-58.8087892,-35.4233778],[-58.8088487,-35.4228739],[-58.8091374,-35.4205462],[-58.8092043,-35.4200102],[-58.8096136,-35.4167313],[-58.8096289,-35.4166091],[-58.8100456,-35.4132707],[-58.8107011,-35.4084549],[-58.8117276,-35.399926],[-58.8121611,-35.3963235],[-58.8121989,-35.3960109],[-58.8122331,-35.3955325],[-58.8122364,-35.3951069],[-58.8122239,-35.3949979],[-58.8121914,-35.394715],[-58.812105,-35.3943415],[-58.8119612,-35.39376069]]]},"geometry_name":"geom","properties":{"gid":852,"rtn":"3","typ":40,"rst":1,"hct":1,"fdc":"Dirección Nacional de Vialidad","sag":"IGN"},"bbox":[-58.8122364,-35.43059121,-58.80790934,-35.39376069]},{"type":"Feature","id":"vial_nacional.853","geometry":{"type":"MultiLineString","coordinates":[[[-58.8101856,-35.4328247],[-58.8087944,-35.4327766],[-58.8082645,-35.4327833],[-58.8080082,-35.432774],[-58.8076887,-35.432745],[-58.80742297,-35.43268699],[-58.80728592,-35.43262417],[-58.80719455,-35.43255564],[-58.80716485,-35.43249696],[-58.80714772,-35.43241473],[-58.80715685,-35.4323542],[-58.8071934,-35.43229252],[-58.8072368,-35.43224227],[-58.8073393,-35.432125],[-58.807528,-35.4318622],[-58.8075945,-35.4317509],[-58.8076611,-35.4315899],[-58.80790934,-35.43059121],[-58.80785461,-35.43115514],[-58.80784985,-35.43145733],[-58.80788078,-35.43188087],[-58.80792123,-35.43207123],[-58.80796406,-35.43218069],[-58.80806162,-35.43232107],[-58.8081757,-35.4324325],[-58.8083229,-35.4325069],[-58.808491,-35.4325617],[-58.808703,-35.4326121],[-58.8090438,-35.4326722],[-58.8094768,-35.4327186],[-58.8101856,-35.4328247]]]},"geometry_name":"geom","properties":{"gid":853,"rtn":"3","typ":40,"rst":1,"hct":1,"fdc":"Dirección Nacional de Vialidad","sag":"IGN"},"bbox":[-58.8101856,-35.4328247,-58.80714772,-35.43059121]},{"type":"Feature","id":"vial_nacional.860","geometry":{"type":"MultiLineString","coordinates":[[[-62.1988295,-38.7536175],[-62.1982802,-38.7536251],[-62.1974686,-38.7536814],[-62.1970328,-38.7537308],[-62.1967223,-38.7537738],[-62.1963141,-38.7538405],[-62.1957718,-38.7539426],[-62.1929481,-38.7545249],[-62.1901033,-38.7551062],[-62.1863803,-38.7558531],[-62.1851503,-38.7561013],[-62.1835941,-38.7564132],[-62.1825557,-38.7566246],[-62.1824008,-38.7566566],[-62.1805037,-38.7570463],[-62.178967,-38.7573543],[-62.1784995,-38.7574666],[-62.1783187,-38.7575101],[-62.1779925,-38.7576011],[-62.177593,-38.7577245],[-62.1773489,-38.7578003],[-62.1771265,-38.7578774],[-62.1768112,-38.7579966],[-62.1762177,-38.7582273],[-62.175975,-38.7583309],[-62.1755693,-38.7585506],[-62.1751623,-38.758757],[-62.1745162,-38.7590767],[-62.1724925,-38.7600835],[-62.1716587,-38.7605037],[-62.1708685,-38.7608977],[-62.1695497,-38.7615507],[-62.1688476,-38.7618984],[-62.1678689,-38.7623865],[-62.1674689,-38.7625698],[-62.1664877,-38.7630008],[-62.1657366,-38.7632809],[-62.1653846,-38.7634108],[-62.1625963,-38.7644265],[-62.1617501,-38.7647321],[-62.1598617,-38.7654141],[-62.1583281,-38.7659717],[-62.1557721,-38.7669011],[-62.154203,-38.7674673],[-62.1534577,-38.7677424],[-62.152326,-38.7681487],[-62.1512054,-38.7685486],[-62.1503788,-38.7688522],[-62.1491106,-38.7693082],[-62.1481231,-38.7696695],[-62.1464441,-38.7702788],[-62.142558,-38.7716793],[-62.1417647,-38.7719272],[-62.1410187,-38.7721356],[-62.140021,-38.7723677],[-62.1396119,-38.7724407],[-62.1390739,-38.7725372],[-62.1386774,-38.7725919],[-62.1382003,-38.7726519],[-62.1378485,-38.7726862],[-62.13664995,-38.77278346],[-62.13251574,-38.77317575],[-62.12946378,-38.77346534],[-62.12917186,-38.77349304],[-62.12496993,-38.77387589],[-62.122167,-38.7741639],[-62.1211727,-38.7742545],[-62.12051432,-38.77431034],[-62.1202177,-38.7743355],[-62.1192987,-38.7744277],[-62.1186386,-38.7745115],[-62.1179647,-38.7745831],[-62.117734,-38.7745966],[-62.1168077,-38.7746531],[-62.1167355,-38.7746575],[-62.1165057,-38.7746479],[-62.1167551,-38.7745857],[-62.1170306,-38.7745457],[-62.1181312,-38.7744474],[-62.1194574,-38.774325],[-62.1215114,-38.7741328],[-62.1227195,-38.7740209],[-62.1236161,-38.773938],[-62.1245278,-38.7738538],[-62.1260222,-38.7737106],[-62.126546,-38.7736615],[-62.1334767,-38.7730116],[-62.137834,-38.7726013],[-62.137877,-38.7725972],[-62.1385383,-38.7725249],[-62.1393783,-38.7723905],[-62.1401733,-38.7722438],[-62.1409829,-38.7720534],[-62.1417389,-38.7718456],[-62.1425191,-38.7715981],[-62.1475792,-38.7697733],[-62.1490453,-38.7692381],[-62.1503673,-38.7687644],[-62.1523572,-38.7680414],[-62.1539355,-38.7674721],[-62.1559184,-38.7667513],[-62.1573471,-38.766238],[-62.1582464,-38.765911],[-62.1594104,-38.7654878],[-62.1609931,-38.7649154],[-62.1615677,-38.7647058],[-62.1620571,-38.7645272],[-62.1624089,-38.7643989],[-62.1637622,-38.763912],[-62.164639,-38.7635901],[-62.1656566,-38.7632225],[-62.1659076,-38.7631321],[-62.1663446,-38.7629593],[-62.1664254,-38.7629265],[-62.1667596,-38.762791],[-62.167115,-38.7626332],[-62.1673114,-38.7625439],[-62.1675006,-38.7624579],[-62.1687918,-38.7618293],[-62.1706778,-38.7608884],[-62.1723487,-38.7600531],[-62.1729105,-38.7597742],[-62.1740324,-38.7592171],[-62.1742758,-38.7590943],[-62.1745556,-38.7589407],[-62.174663,-38.7588778],[-62.17542,-38.7584393],[-62.175645,-38.7583143],[-62.176162,-38.7580654],[-62.1762442,-38.7580226],[-62.1764757,-38.7579224],[-62.1766821,-38.7578393],[-62.1769183,-38.7577562],[-62.1771883,-38.7576704],[-62.1776631,-38.7575449],[-62.1779849,-38.7574717],[-62.1783846,-38.757388],[-62.1787869,-38.7573044],[-62.1792751,-38.7572082],[-62.179607,-38.7571385],[-62.1799323,-38.7570701],[-62.1804208,-38.7569731],[-62.1805157,-38.7569542],[-62.1809381,-38.7568735],[-62.1818554,-38.7566811],[-62.183344,-38.756382],[-62.1843822,-38.7561735],[-62.18483,-38.7560807],[-62.185471,-38.7559491],[-62.1903258,-38.7549638],[-62.1918566,-38.7546574],[-62.1938222,-38.7542551],[-62.1952423,-38.753965],[-62.1960109,-38.7538095],[-62.1964674,-38.7537229],[-62.1966733,-38.7536838],[-62.1972171,-38.7536043],[-62.1975853,-38.7535556],[-62.1977715,-38.753531],[-62.1982111,-38.7534848],[-62.1985935,-38.7534609],[-62.1987734,-38.7534497],[-62.1991856,-38.7534333],[-62.1999209,-38.75344706],[-62.20034142,-38.75345609],[-62.20049561,-38.7534618],[-62.20055462,-38.75346523],[-62.20063152,-38.7534882],[-62.20066717,-38.75350632],[-62.20070296,-38.75353221],[-62.20076407,-38.75358789],[-62.20080491,-38.75363593],[-62.20082035,-38.75365963],[-62.20085405,-38.75371136],[-62.20089255,-38.75376977],[-62.20097783,-38.7539449],[-62.20106159,-38.75403932],[-62.2012617,-38.7542187],[-62.2014795,-38.7544061],[-62.2016099,-38.7545239],[-62.2014298,-38.7544418],[-62.20076167,-38.75407995],[-62.20067001,-38.75402993],[-62.20041135,-38.75390905],[-62.20016365,-38.75381871],[-62.19990358,-38.75374657],[-62.19957838,-38.75367252],[-62.19916935,-38.75362382],[-62.1988295,-38.7536175]]]},"geometry_name":"geom","properties":{"gid":860,"rtn":"3","typ":47,"rst":1,"hct":1,"fdc":"Dirección Nacional de Vialidad","sag":"IGN"},"bbox":[-62.2016099,-38.7746575,-62.1165057,-38.7534333]},{"type":"Feature","id":"vial_nacional.862","geometry":{"type":"MultiLineString","coordinates":[[[-65.2674727,-43.1339327],[-65.2672544,-43.1336921],[-65.2628796,-43.1282397],[-65.2620121,-43.127167],[-65.2476644,-43.109182],[-65.24712,-43.1084683],[-65.2463645,-43.1075598],[-65.2445313,-43.1052643],[-65.2379361,-43.0970321],[-65.2354697,-43.0940466],[-65.2333143,-43.0914017],[-65.2316922,-43.0893246],[-65.2312518,-43.0887691],[-65.2287204,-43.0855758],[-65.2243595,-43.0800743],[-65.2175601,-43.071683],[-65.2115384,-43.0641022],[-65.2056722,-43.0568939],[-65.2046345,-43.0555945],[-65.2004137,-43.0503089],[-65.199867,-43.0496229],[-65.1990112,-43.0485525],[-65.1968526,-43.0458491],[-65.1940287,-43.0423123],[-65.1849963,-43.0310425],[-65.1816718,-43.0269227],[-65.1811575,-43.0261814],[-65.1807291,-43.0253146],[-65.180132,-43.0238444],[-65.179645,-43.0222707],[-65.1790636,-43.0199962],[-65.1731768,-42.9960904],[-65.1721471,-42.9920284],[-65.1692186,-42.9801972],[-65.1669993,-42.9712719],[-65.1609561,-42.9469619],[-65.1509345,-42.9061283],[-65.1419621,-42.8697513],[-65.140451,-42.8635905],[-65.1390105,-42.8576967],[-65.138712,-42.8565103],[-65.1385863,-42.8557386],[-65.138547,-42.8549611],[-65.1385627,-42.853913],[-65.1386491,-42.8526862],[-65.1389789,-42.8495443],[-65.1389566,-42.8481433],[-65.1388316,-42.8470943],[-65.1386427,-42.8462065],[-65.1378539,-42.843111],[-65.1341146,-42.8278995],[-65.1331869,-42.8240395],[-65.1325956,-42.8217438],[-65.131207,-42.8160063],[-65.1311826,-42.8159132],[-65.1308738,-42.8147339],[-65.1266101,-42.7974162],[-65.1224197,-42.7802939],[-65.1230965,-42.7818286],[-65.1243436,-42.7871348],[-65.1259851,-42.793768],[-65.1277178,-42.8009713],[-65.1286619,-42.8047379],[-65.13051,-42.8124042],[-65.1306414,-42.8129945],[-65.1307675,-42.813338],[-65.1309499,-42.8136773],[-65.1311644,-42.8141239],[-65.1313817,-42.8145056],[-65.1315131,-42.8147606],[-65.1316392,-42.8151096],[-65.1317679,-42.8155799],[-65.1318779,-42.8160954],[-65.1319879,-42.8166915],[-65.1320362,-42.817327],[-65.1320549,-42.8180255],[-65.1321113,-42.8186196],[-65.1322159,-42.8192649],[-65.1331949,-42.8230127],[-65.1347962,-42.829709],[-65.1359591,-42.834387],[-65.1359871,-42.8344998],[-65.136567,-42.8367676],[-65.1370707,-42.8387372],[-65.1380094,-42.8427257],[-65.138739,-42.845715],[-65.139077,-42.8470593],[-65.1392111,-42.8478624],[-65.139313,-42.8487985],[-65.1392701,-42.8499311],[-65.1390984,-42.8512683],[-65.1388409,-42.853506],[-65.1387819,-42.8544144],[-65.1387926,-42.8555195],[-65.1388999,-42.856306],[-65.1391521,-42.8573237],[-65.1398763,-42.8602579],[-65.141448,-42.8665806],[-65.1428964,-42.8725291],[-65.1443287,-42.8783513],[-65.1451066,-42.8814646],[-65.147247,-42.8901079],[-65.148352,-42.8945844],[-65.1485988,-42.8953507],[-65.1488724,-42.8959913],[-65.1491996,-42.896565],[-65.149441,-42.8971074],[-65.1495912,-42.8976104],[-65.1497253,-42.8983531],[-65.1498058,-42.899033],[-65.1498594,-42.9000468],[-65.149897,-42.9005891],[-65.1499453,-42.9010167],[-65.1500472,-42.9014458],[-65.1516351,-42.9079214],[-65.1534107,-42.915127],[-65.1540544,-42.9175903],[-65.1558837,-42.9251169],[-65.1571872,-42.9305806],[-65.1586785,-42.9364366],[-65.1616182,-42.9481782],[-65.1653143,-42.9632545],[-65.1673206,-42.9713878],[-65.1675728,-42.9721611],[-65.1677766,-42.9726753],[-65.1681307,-42.973476],[-65.1684257,-42.9742099],[-65.1686134,-42.9749156],[-65.1687476,-42.9756857],[-65.1688066,-42.9763843],[-65.1688709,-42.9772085],[-65.1689943,-42.9780013],[-65.1691231,-42.9786803],[-65.1707056,-42.9849869],[-65.1727977,-42.9935529],[-65.174568,-43.0006347],[-65.1766279,-43.0091084],[-65.178323,-43.0159767],[-65.1794818,-43.0205655],[-65.1798036,-43.0219421],[-65.1800987,-43.0229422],[-65.1804474,-43.0239148],[-65.180839,-43.0247729],[-65.1814183,-43.0258317],[-65.1820674,-43.0268325],[-65.1828399,-43.0279031],[-65.1841113,-43.029507],[-65.1917448,-43.0390078],[-65.1949038,-43.0429248],[-65.1970127,-43.0455395],[-65.197753,-43.046511],[-65.1981768,-43.0469626],[-65.1986971,-43.0474134],[-65.1993408,-43.0480132],[-65.199517,-43.0481895],[-65.2000811,-43.0487541],[-65.2005425,-43.0493186],[-65.2009971,-43.0500445],[-65.201036,-43.0501066],[-65.2016958,-43.0512747],[-65.2021464,-43.0520313],[-65.2027151,-43.0527408],[-65.2065721,-43.0575112],[-65.2117621,-43.0639824],[-65.2144041,-43.0672859],[-65.2205684,-43.0749664],[-65.2271071,-43.0831244],[-65.2286874,-43.0851036],[-65.2312645,-43.0883312],[-65.2357116,-43.0938509],[-65.2391719,-43.0981245],[-65.2398636,-43.0989314],[-65.2406629,-43.0996482],[-65.2409967,-43.0999941],[-65.2412745,-43.1002819],[-65.2419343,-43.101128],[-65.2424332,-43.101833],[-65.2428624,-43.1025701],[-65.2430984,-43.1030354],[-65.2434954,-43.1036269],[-65.2439406,-43.1042191],[-65.247626,-43.1087896],[-65.2554154,-43.1184739],[-65.2607192,-43.1250626],[-65.2610679,-43.1254854],[-65.2615936,-43.1261315],[-65.2631275,-43.1280646],[-65.2632991,-43.1282588],[-65.2637516,-43.1288475],[-65.2643499,-43.129547],[-65.2656866,-43.1307843],[-65.2663153,-43.1314639],[-65.2669033,-43.1322014],[-65.2669993,-43.1324187],[-65.2670751,-43.1326178],[-65.2671861,-43.1329959],[-65.2674225,-43.1337819],[-65.2674727,-43.1339327]]]},"geometry_name":"geom","properties":{"gid":862,"rtn":"3","typ":47,"rst":1,"hct":1,"fdc":"Dirección Nacional de Vialidad","sag":"IGN"},"bbox":[-65.2674727,-43.1339327,-65.1224197,-42.7802939]},{"type":"Feature","id":"vial_nacional.879","geometry":{"type":"MultiLineString","coordinates":[[[-67.49250124,-45.79504267],[-67.4923747,-45.7951125],[-67.4922876,-45.7951639],[-67.4922071,-45.7952191],[-67.4920958,-45.7952948],[-67.4919952,-45.7953743],[-67.4919281,-45.79545],[-67.4918772,-45.7955174],[-67.4918312,-45.7956041],[-67.4915668,-45.7960608],[-67.4914633,-45.7962396],[-67.4913446,-45.7964423],[-67.4912823,-45.7965487],[-67.4911073,-45.796779],[-67.4909129,-45.7970005],[-67.4907171,-45.79719],[-67.4904749,-45.7973801],[-67.4902373,-45.7975698],[-67.489939,-45.7977573],[-67.4896397,-45.7979269],[-67.4892889,-45.7980928],[-67.4889242,-45.7982274],[-67.4885279,-45.7983565],[-67.4873794,-45.7987018],[-67.485066,-45.7994515],[-67.4829972,-45.8000831],[-67.4818579,-45.8004346],[-67.4815172,-45.8005477],[-67.4811819,-45.8006646],[-67.4808695,-45.800788],[-67.4805489,-45.8009208],[-67.48027,-45.8010414],[-67.4800407,-45.8011489],[-67.4798033,-45.8012592],[-67.4793621,-45.8014817],[-67.4789034,-45.8017248],[-67.4784346,-45.8020105],[-67.47804,-45.802284],[-67.4776547,-45.8025705],[-67.4775841,-45.8026207],[-67.4771374,-45.8029992],[-67.4768329,-45.803288],[-67.4764921,-45.8036113],[-67.4764272,-45.8036805],[-67.476235,-45.8038824],[-67.4760436,-45.8041262],[-67.4758871,-45.8043073],[-67.4757423,-45.8044912],[-67.4755882,-45.8046898],[-67.4754435,-45.8048917],[-67.4752497,-45.8052025],[-67.4749344,-45.8057885],[-67.4741314,-45.8074241],[-67.4734201,-45.8087482],[-67.4725659,-45.8104069],[-67.4716643,-45.8121602],[-67.4701423,-45.8151467],[-67.4700212,-45.8153811],[-67.4698688,-45.8156711],[-67.4696761,-45.8160447],[-67.469403,-45.8165103],[-67.4691336,-45.8169215],[-67.468915,-45.8172259],[-67.4685605,-45.817661],[-67.4683942,-45.8178376],[-67.4680972,-45.8181264],[-67.4673809,-45.8187061],[-67.4661201,-45.819565],[-67.4660171,-45.8196351],[-67.4658939,-45.8197263],[-67.4657845,-45.8198144],[-67.4656794,-45.819914],[-67.4656012,-45.8199969],[-67.4655303,-45.8200817],[-67.4654379,-45.8202084],[-67.4653608,-45.820349],[-67.4653208,-45.8204349],[-67.4652915,-45.8205154],[-67.4652561,-45.8206196],[-67.4652345,-45.8207237],[-67.4652191,-45.8208622],[-67.4652176,-45.8209921],[-67.4652314,-45.8211252],[-67.4652576,-45.8212594],[-67.4653756,-45.8215719],[-67.4662367,-45.8232732],[-67.466641,-45.8240541],[-67.4667977,-45.8243625],[-67.4673455,-45.8254109],[-67.4683307,-45.8274149],[-67.468372,-45.8274916],[-67.4685445,-45.8278117],[-67.4686637,-45.828033],[-67.4687094,-45.8281069],[-67.4688136,-45.8282752],[-67.4692743,-45.8289422],[-67.4710714,-45.8310123],[-67.4721581,-45.83223],[-67.4730481,-45.8332415],[-67.4738675,-45.8340565],[-67.4739446,-45.8341315],[-67.476017,-45.836004],[-67.4761391,-45.8361261],[-67.4762019,-45.8361966],[-67.4762856,-45.836316],[-67.4763817,-45.8364599],[-67.4764839,-45.8366951],[-67.4765543,-45.8369648],[-67.4765731,-45.8372339],[-67.4765287,-45.8375733],[-67.4764568,-45.8379496],[-67.4764522,-45.838123],[-67.4764481,-45.8382078],[-67.4764808,-45.8388833],[-67.4765116,-45.8396108],[-67.4765352,-45.8401668],[-67.4765517,-45.8405668],[-67.4765503,-45.84079],[-67.4765342,-45.8411842],[-67.4765057,-45.8415711],[-67.4763646,-45.8425731],[-67.4762749,-45.8430077],[-67.4762326,-45.8432496],[-67.4761489,-45.8435397],[-67.4760642,-45.8438052],[-67.4758944,-45.8442958],[-67.4755653,-45.8452738],[-67.475289,-45.8461147],[-67.4752085,-45.8463987],[-67.4751896,-45.8465088],[-67.475179,-45.8466267],[-67.4751898,-45.8467948],[-67.4752272,-45.8469348],[-67.4752836,-45.8470452],[-67.4753614,-45.8471797],[-67.4754499,-45.847275],[-67.4756082,-45.8473983],[-67.4758496,-45.8475833],[-67.476445,-45.8480186],[-67.4766489,-45.8481793],[-67.4767106,-45.8482316],[-67.4767991,-45.8483194],[-67.4769009,-45.848422],[-67.4770001,-45.8485359],[-67.4770726,-45.8486144],[-67.4771226,-45.8486949],[-67.4772111,-45.848892],[-67.4772605,-45.8489976],[-67.4772887,-45.8490974],[-67.4773006,-45.8491543],[-67.4773074,-45.8492223],[-67.4773139,-45.8493281],[-67.4773138,-45.8494666],[-67.4773007,-45.8495039],[-67.4772631,-45.849659],[-67.4771906,-45.8499392],[-67.4771585,-45.8500363],[-67.4770645,-45.8503538],[-67.4769813,-45.8506545],[-67.4769077,-45.8509049],[-67.4768716,-45.851105],[-67.4768392,-45.8513888],[-67.4768499,-45.8515438],[-67.4768794,-45.8516895],[-67.476925,-45.8518203],[-67.4770001,-45.851981],[-67.4770582,-45.85208855],[-67.4771719,-45.8522763],[-67.4772664,-45.8524067],[-67.4774401,-45.8526462],[-67.4775875,-45.8528646],[-67.4776976,-45.8530404],[-67.4777727,-45.8531899],[-67.4778237,-45.8533674],[-67.4778316,-45.8534905],[-67.4778237,-45.8536326],[-67.4777915,-45.8537765],[-67.477727,-45.8539519],[-67.4776601,-45.8540772],[-67.47755,-45.8542265],[-67.477491,-45.8542882],[-67.477322,-45.8544152],[-67.4770913,-45.8545796],[-67.4767841,-45.8548394],[-67.4766461,-45.8549644],[-67.4765188,-45.8551016],[-67.4764057,-45.8552658],[-67.476339,-45.8553945],[-67.4762814,-45.8555325],[-67.4762439,-45.8557062],[-67.4762276,-45.8558723],[-67.4762305,-45.8562442],[-67.4762303,-45.8564477],[-67.4762117,-45.8566459],[-67.4761741,-45.8567934],[-67.4759702,-45.8574302],[-67.4757744,-45.8581569],[-67.4756858,-45.8584945],[-67.4756197,-45.8587589],[-67.4755437,-45.8590124],[-67.4754097,-45.8594423],[-67.4753774,-45.8595859],[-67.4753577,-45.8597475],[-67.4753573,-45.8598499],[-67.4753523,-45.8599828],[-67.475341,-45.8609127],[-67.4753395,-45.8610312],[-67.4753317,-45.8621144],[-67.4753294,-45.8622704],[-67.4753279,-45.8623806],[-67.4753223,-45.8627898],[-67.4753153,-45.8630955],[-67.475337,-45.8632033],[-67.4753925,-45.86329],[-67.4755151,-45.8633817],[-67.4766311,-45.8636215],[-67.4768547,-45.8636706],[-67.4783679,-45.8639997],[-67.479933,-45.8643443],[-67.4812939,-45.8646071],[-67.4815101,-45.8646488],[-67.4819345,-45.8647573],[-67.483029,-45.8652581],[-67.4844718,-45.8659188],[-67.4853973,-45.8662746],[-67.485953,-45.8665291],[-67.4861853,-45.8666562],[-67.4866095,-45.8669255],[-67.4873734,-45.8674179],[-67.4878996,-45.8678055],[-67.4892127,-45.8687656],[-67.4901409,-45.8694773],[-67.4908715,-45.8700308],[-67.4913497,-45.8703659],[-67.4915588,-45.8705067],[-67.4916995,-45.8705954],[-67.4918401,-45.8706842],[-67.4920085,-45.8707978],[-67.4921184,-45.8708676],[-67.4925181,-45.8710631],[-67.4935338,-45.8715322],[-67.4940157,-45.8717316],[-67.4947713,-45.8720531],[-67.4956378,-45.872403],[-67.4962296,-45.8726496],[-67.4964999,-45.8727544],[-67.4973247,-45.8731262],[-67.4976951,-45.8733074],[-67.4980943,-45.8735531],[-67.4990915,-45.8743125],[-67.4995638,-45.8746573],[-67.5001778,-45.8751066],[-67.5004,-45.875261],[-67.5008073,-45.8755325],[-67.501219,-45.8757534],[-67.5015468,-45.8759022],[-67.5019272,-45.8760833],[-67.5020298,-45.8761329],[-67.5024896,-45.8763309],[-67.5027537,-45.8764447],[-67.5033739,-45.8767119],[-67.5044152,-45.8771561],[-67.5057337,-45.8777212],[-67.5058609,-45.877777],[-67.5069687,-45.87825],[-67.508241,-45.8787871],[-67.5083957,-45.8788622],[-67.5088194,-45.8790477],[-67.509705,-45.8794278],[-67.5098777,-45.8795104],[-67.5100146,-45.8795784],[-67.5109007,-45.8800186],[-67.5110316,-45.8800824],[-67.51176,-45.8804585],[-67.512474,-45.8808458],[-67.5133064,-45.8813893],[-67.5138351,-45.8817415],[-67.5139536,-45.8818244],[-67.5142143,-45.8820002],[-67.5151859,-45.8826555],[-67.5154306,-45.8828209],[-67.5159449,-45.8831695],[-67.5164169,-45.8834883],[-67.516701,-45.8836801],[-67.5171526,-45.8839859],[-67.517569,-45.8842841],[-67.5180402,-45.8846126],[-67.5185311,-45.8849165],[-67.519156,-45.8852443],[-67.5196281,-45.8854278],[-67.5201917,-45.8856135],[-67.52145,-45.8860353],[-67.5219698,-45.8862096],[-67.5225931,-45.8864094],[-67.523268,-45.8866258],[-67.5245541,-45.8870471],[-67.5251182,-45.88723],[-67.5297581,-45.8887352],[-67.5298663,-45.8887712],[-67.5305732,-45.8890042],[-67.5310278,-45.8891828],[-67.5312015,-45.8892482],[-67.5315628,-45.8894291],[-67.5323194,-45.8898942],[-67.5336107,-45.890735],[-67.5356076,-45.8920857],[-67.5361996,-45.8924945],[-67.5365493,-45.8927336],[-67.5366765,-45.892819],[-67.5394146,-45.8946742],[-67.5403488,-45.8953042],[-67.5406427,-45.8955038],[-67.5407561,-45.8955799],[-67.5411535,-45.8958467],[-67.5416457,-45.896168],[-67.54429073,-45.89794573],[-67.54500456,-45.89833977],[-67.54559277,-45.89864815],[-67.5459449,-45.8987948],[-67.5466345,-45.899066],[-67.5472336,-45.8992778],[-67.548324,-45.8995923],[-67.549267,-45.899827],[-67.5497758,-45.8999556],[-67.5501284,-45.9000448],[-67.5515306,-45.9004013],[-67.554497,-45.9011496],[-67.5562969,-45.9016023],[-67.5564499,-45.9016419],[-67.5581096,-45.9020662],[-67.5585838,-45.9021869],[-67.5587964,-45.9022436],[-67.5607547,-45.9027418],[-67.5611928,-45.9028455],[-67.561346,-45.9028817],[-67.5614254,-45.9028969],[-67.5615941,-45.9029292],[-67.5618144,-45.9029668],[-67.5620178,-45.903],[-67.5622309,-45.9030275],[-67.5624353,-45.9030482],[-67.5626417,-45.9030675],[-67.5628481,-45.9030825],[-67.5630497,-45.9030927],[-67.5632949,-45.9031018],[-67.5634905,-45.9031051],[-67.5635491,-45.9031061],[-67.5640427,-45.9030976],[-67.5654233,-45.9030229],[-67.5658846,-45.902998],[-67.5665254,-45.9029671],[-67.5667547,-45.902953],[-67.5687552,-45.9028587],[-67.5692118,-45.9028427],[-67.5694984,-45.9028464],[-67.5697893,-45.9028614],[-67.570086,-45.9028908],[-67.5703652,-45.9029257],[-67.5705354,-45.9029536],[-67.5707089,-45.9029893],[-67.5709654,-45.9030484],[-67.5711902,-45.9031038],[-67.5713919,-45.9031666],[-67.5716043,-45.9032393],[-67.5717954,-45.9033107],[-67.5721564,-45.9034646],[-67.5730369,-45.9038524],[-67.5744091,-45.9044222],[-67.5758573,-45.9050332],[-67.576105,-45.9051171],[-67.5768588,-45.9052925],[-67.578267,-45.9055836],[-67.578562,-45.9056508],[-67.5788436,-45.9057143],[-67.5791118,-45.905787],[-67.5792406,-45.905843],[-67.5793586,-45.9058953],[-67.5794444,-45.9059382],[-67.5795598,-45.9059979],[-67.5796966,-45.9060651],[-67.5798441,-45.9061155],[-67.57996472,-45.90614514],[-67.58012081,-45.90616989],[-67.58024645,-45.90620225],[-67.58036526,-45.9062409],[-67.58050595,-45.90628926],[-67.58062026,-45.9063684],[-67.58073457,-45.90647832],[-67.5808225,-45.90659703],[-67.58084761,-45.90665186],[-67.58087272,-45.90670669],[-67.58094506,-45.90682852],[-67.58107069,-45.90700555],[-67.5811994,-45.9071347],[-67.5815555,-45.9075542],[-67.5818439,-45.9079536],[-67.5820513,-45.9083607],[-67.5821886,-45.9087627],[-67.5822485,-45.9091667],[-67.5822642,-45.9095822],[-67.58223,-45.909887],[-67.5821634,-45.9101638],[-67.5820992,-45.9103603],[-67.5819735,-45.9106747],[-67.5817696,-45.9110368],[-67.5815497,-45.9113317],[-67.581201,-45.9117646],[-67.5808362,-45.9121304],[-67.5803158,-45.912582],[-67.579302,-45.9133882],[-67.5782023,-45.9142205],[-67.5773708,-45.9148288],[-67.5766627,-45.91537],[-67.5763623,-45.9156088],[-67.5761209,-45.915829],[-67.5758258,-45.9161089],[-67.5756325,-45.9163309],[-67.5755466,-45.9164232],[-67.5750887,-45.9169629],[-67.5739078,-45.9183492],[-67.5735868,-45.9187195],[-67.5734475,-45.9188801],[-67.573311,-45.9190562],[-67.5731767,-45.9192516],[-67.5731246,-45.919337],[-67.5730147,-45.9195066],[-67.5726022,-45.9203299],[-67.57253,-45.9205337],[-67.5725032,-45.9206867],[-67.5724949,-45.9208486],[-67.572511,-45.9210128],[-67.5725485,-45.9211882],[-67.5726427,-45.921392],[-67.5727899,-45.9216062],[-67.5729401,-45.9217667],[-67.5731923,-45.9219682],[-67.5736834,-45.9222428],[-67.5737712,-45.9222892],[-67.5738099,-45.9223097],[-67.5742574,-45.9225115],[-67.5745766,-45.9226609],[-67.5742008,-45.9225652],[-67.5738121,-45.9224443],[-67.573541,-45.9223436],[-67.5732381,-45.9221906],[-67.572747,-45.9219197],[-67.5726479,-45.9218507],[-67.5725378,-45.9217741],[-67.5723316,-45.921601],[-67.572114,-45.9213599],[-67.5720228,-45.9212106],[-67.5719263,-45.9210278],[-67.57191788,-45.92099786],[-67.571878,-45.9208561],[-67.5718619,-45.9206807],[-67.5718565,-45.9205165],[-67.5718623,-45.9204411],[-67.5718756,-45.9203508],[-67.5718915,-45.9202793],[-67.5719155,-45.920203],[-67.5719455,-45.9201314],[-67.5719809,-45.9200639],[-67.5720749,-45.9199149],[-67.5721796,-45.9197499],[-67.57388183,-45.91760229],[-67.57489834,-45.91634593],[-67.57530951,-45.91604897],[-67.57590342,-45.91566065],[-67.5763717,-45.91539795],[-67.57679429,-45.915101],[-67.57963061,-45.91301849],[-67.58051386,-45.91227229],[-67.58095168,-45.91184589],[-67.58121057,-45.91154894],[-67.58147326,-45.91122914],[-67.58173215,-45.91082177],[-67.58190728,-45.91047532],[-67.58197961,-45.91024309],[-67.58200245,-45.9099271],[-67.58200626,-45.90961872],[-67.581972,-45.90921135],[-67.5818692,-45.90888394],[-67.58172834,-45.90859079],[-67.58146184,-45.90821388],[-67.58114204,-45.90789408],[-67.58086412,-45.90764281],[-67.58055955,-45.90746388],[-67.58025117,-45.90735347],[-67.58010269,-45.90730398],[-67.57995421,-45.90725449],[-67.57970294,-45.90715169],[-67.57953162,-45.90704509],[-67.57944406,-45.90695372],[-67.57939076,-45.90682428],[-67.5793743,-45.9066448],[-67.579397,-45.9064966],[-67.5794031,-45.9063433],[-67.5793954,-45.9062564],[-67.5793831,-45.9061739],[-67.5793554,-45.9060817],[-67.5793061,-45.9060045],[-67.5792306,-45.9059306],[-67.579132,-45.9058673],[-67.579035,-45.9058255],[-67.5789071,-45.9057859],[-67.5782666,-45.9056689],[-67.5764613,-45.905303],[-67.5758617,-45.9051473],[-67.5717101,-45.903382],[-67.5714326,-45.9032774],[-67.5711374,-45.9031862],[-67.5710008,-45.9031469],[-67.5708557,-45.9031087],[-67.5705461,-45.9030459],[-67.5702629,-45.9030016],[-67.5699462,-45.9029634],[-67.5697338,-45.9029462],[-67.5695055,-45.9029326],[-67.5693038,-45.9029289],[-67.5690897,-45.9029302],[-67.5689127,-45.9029376],[-67.5667574,-45.9030323],[-67.5665139,-45.903041],[-67.5648962,-45.9031305],[-67.5638587,-45.9031822],[-67.5636939,-45.9031876],[-67.5635229,-45.9031887],[-67.5633473,-45.9031865],[-67.5631547,-45.9031801],[-67.5626213,-45.9031488],[-67.5621128,-45.9030956],[-67.561693,-45.9030321],[-67.5614825,-45.9029994],[-67.5612706,-45.9029565],[-67.5611525,-45.9029285],[-67.5604969,-45.9027625],[-67.5577736,-45.9020731],[-67.5564191,-45.9017316],[-67.5562317,-45.9016843],[-67.5488785,-45.8998277],[-67.548379,-45.8996947],[-67.5473814,-45.899429],[-67.5463951,-45.8990835],[-67.5456795,-45.8987792],[-67.545248,-45.8985722],[-67.5445096,-45.8981812],[-67.5442415,-45.8980233],[-67.5440656,-45.8979197],[-67.5435137,-45.8975631],[-67.542776,-45.8970573],[-67.5426202,-45.8969496],[-67.5418461,-45.8964312],[-67.5406754,-45.8956362],[-67.5405651,-45.8955613],[-67.5402663,-45.8953643],[-67.5376044,-45.8935599],[-67.536602,-45.8928746],[-67.5364743,-45.8927873],[-67.5361229,-45.8925507],[-67.5339823,-45.891109],[-67.533429,-45.8907194],[-67.532503,-45.8901302],[-67.531661,-45.889617],[-67.5315555,-45.8895502],[-67.5309992,-45.8893015],[-67.5307532,-45.8892124],[-67.529963,-45.8889048],[-67.529627,-45.8887788],[-67.5269409,-45.8879007],[-67.5248057,-45.8872027],[-67.5241144,-45.8869754],[-67.5232322,-45.8866857],[-67.5230352,-45.886622],[-67.5221745,-45.8863439],[-67.5218037,-45.8862241],[-67.5202337,-45.8857169],[-67.5193468,-45.8854191],[-67.5190794,-45.8853208],[-67.518451,-45.8849822],[-67.5180146,-45.8846944],[-67.5176391,-45.8844384],[-67.5152095,-45.8827813],[-67.5137305,-45.8818094],[-67.512385,-45.8809252],[-67.5119999,-45.8807059],[-67.5116596,-45.8805122],[-67.5109569,-45.8801473],[-67.5103938,-45.8798678],[-67.5099282,-45.8796275],[-67.5097996,-45.8795611],[-67.50962003,-45.87948407],[-67.50449415,-45.87728535],[-67.5014215,-45.8759374],[-67.5007108,-45.8755654],[-67.5006201,-45.8755053],[-67.5001057,-45.8751646],[-67.4998237,-45.8749641],[-67.49966823,-45.87483431],[-67.49947177,-45.8747088],[-67.49921821,-45.87461216],[-67.4990112,-45.8745643],[-67.49878994,-45.87450786],[-67.49857115,-45.87448465],[-67.4984148,-45.87449084],[-67.49824554,-45.87451125],[-67.49807528,-45.87454222],[-67.49793317,-45.87459711],[-67.49792169,-45.87460154],[-67.49746442,-45.87477066],[-67.49694958,-45.87500614],[-67.4966776,-45.87513092],[-67.49641582,-45.87521556],[-67.49619576,-45.87526684],[-67.49591344,-45.87527881],[-67.49570448,-45.87526486],[-67.49552492,-45.87522994],[-67.49536076,-45.87518389],[-67.49519364,-45.87512379],[-67.49495259,-45.87499569],[-67.49441459,-45.87463609],[-67.4942772,-45.87455357],[-67.49141803,-45.87283656],[-67.48870531,-45.87120749],[-67.48799545,-45.87078119],[-67.4864923,-45.86985836],[-67.48637608,-45.86976309],[-67.48633337,-45.86970955],[-67.48631131,-45.86965176],[-67.48630402,-45.86947754],[-67.48629299,-45.86930409],[-67.48628801,-45.86915618],[-67.48626332,-45.86910415],[-67.48621155,-45.86904017],[-67.48614923,-45.86900649],[-67.48612195,-45.86899174],[-67.48590486,-45.86889125],[-67.48562211,-45.8687701],[-67.48523727,-45.86860293],[-67.48459614,-45.86826275],[-67.483987,-45.86797721],[-67.48292481,-45.86744802],[-67.48183597,-45.86698355],[-67.48056284,-45.86644564],[-67.48027222,-45.86631578],[-67.48012108,-45.86623145],[-67.48002893,-45.86613468],[-67.47998259,-45.86604462],[-67.47996533,-45.86593175],[-67.47996303,-45.86565086],[-67.47995779,-45.86487036],[-67.47995724,-45.86478832],[-67.47993056,-45.86456752],[-67.4798878,-45.8644668],[-67.4798462,-45.8644033],[-67.4797855,-45.864363],[-67.4788971,-45.8641723],[-67.4771509,-45.8638124],[-67.4768289,-45.8637433],[-67.4765987,-45.8636953],[-67.476351,-45.8636447],[-67.4762276,-45.8636316],[-67.4759862,-45.8636054],[-67.4757394,-45.8635681],[-67.4755356,-45.8635307],[-67.4753635,-45.8634611],[-67.47530311,-45.8633975],[-67.47517853,-45.86321016],[-67.47516288,-45.86315581],[-67.47511263,-45.86298129],[-67.4751005,-45.86293919],[-67.47503397,-45.86284519],[-67.47495326,-45.86275602],[-67.47470851,-45.86248504],[-67.47465599,-45.86241732],[-67.47453306,-45.86225878],[-67.47439144,-45.86206381],[-67.47419649,-45.86185814],[-67.47409248,-45.86166372],[-67.47409689,-45.861543],[-67.47415613,-45.8613906],[-67.47427948,-45.86116914],[-67.47451786,-45.8608318],[-67.47494054,-45.86001701],[-67.47525436,-45.85944003],[-67.47542441,-45.85900734],[-67.4754739,-45.8588686],[-67.4756001,-45.8583962],[-67.475627,-45.8582916],[-67.4757851,-45.8577684],[-67.4759461,-45.8572399],[-67.47603,-45.8569712],[-67.4760856,-45.8567579],[-67.476115,-45.8566195],[-67.4761259,-45.8564889],[-67.4761284,-45.8563169],[-67.4761259,-45.8560967],[-67.4761204,-45.8559265],[-67.476123,-45.855792],[-67.4761338,-45.8556874],[-67.4761634,-45.8555605],[-67.4762063,-45.8554428],[-67.476268,-45.8553046],[-67.4763618,-45.8551531],[-67.4764798,-45.8550036],[-67.4766166,-45.8548561],[-67.4768901,-45.8546338],[-67.4772898,-45.8543274],[-67.477432,-45.8542041],[-67.4775178,-45.8541088],[-67.477585,-45.8540119],[-67.4776224,-45.8539295],[-67.4776626,-45.8538211],[-67.4776894,-45.8537202],[-67.4777055,-45.8536119],[-67.4777084,-45.8534533],[-67.4776869,-45.8533412],[-67.4776386,-45.8531936],[-67.4775528,-45.8530292],[-67.4774375,-45.8528349],[-67.4771664,-45.8524536],[-67.4769384,-45.852108],[-67.4768606,-45.8519772],[-67.4767857,-45.8518355],[-67.476724,-45.8516654],[-67.476697,-45.8515121],[-67.4766998,-45.8513385],[-67.4767294,-45.8511423],[-67.4768526,-45.8506807],[-67.4769813,-45.8502491],[-67.4770459,-45.8499747],[-67.47707,-45.8498103],[-67.4770836,-45.8497368],[-67.4771002,-45.8496477],[-67.4771129,-45.8495394],[-67.4771361,-45.8493766],[-67.4771409,-45.8493431],[-67.4771451,-45.8493133],[-67.4771423,-45.8491431],[-67.477102,-45.8489526],[-67.4770611,-45.8488409],[-67.4770162,-45.8487377],[-67.4769089,-45.8485696],[-67.476791,-45.8484091],[-67.4766516,-45.8482745],[-67.4764719,-45.8481249],[-67.4762787,-45.8479717],[-67.4760534,-45.8478073],[-67.4758389,-45.8476541],[-67.4756136,-45.8474897],[-67.4754794,-45.847385],[-67.4753426,-45.8472619],[-67.4752488,-45.8471309],[-67.4751737,-45.8469927],[-67.475112,-45.8468284],[-67.4750905,-45.8466752],[-67.475112,-45.8465033],[-67.4751499,-45.8463248],[-67.4752354,-45.8460549],[-67.4756511,-45.8447394],[-67.4759492,-45.8439008],[-67.4760768,-45.843539],[-67.4761387,-45.8432789],[-67.4761884,-45.8429953],[-67.4762999,-45.8424896],[-67.4764307,-45.8415349],[-67.4764566,-45.8411968],[-67.476478,-45.8407687],[-67.4764711,-45.8404397],[-67.47645255,-45.84021377],[-67.47636513,-45.8383212],[-67.47635065,-45.83800211],[-67.47639538,-45.83762776],[-67.47640982,-45.83734528],[-67.47641174,-45.83707678],[-67.4763362,-45.83678383],[-67.47620593,-45.83646685],[-67.47612507,-45.8363122],[-67.47603468,-45.83620455],[-67.47573052,-45.83587727],[-67.4752182,-45.83539856],[-67.47371128,-45.8340812],[-67.47330991,-45.83365039],[-67.47294409,-45.83325773],[-67.47183774,-45.83204479],[-67.47098207,-45.83106483],[-67.47063757,-45.83067028],[-67.46958402,-45.82945815],[-67.46926878,-45.82906663],[-67.46882333,-45.82846496],[-67.4684579,-45.8278501],[-67.46811393,-45.82719151],[-67.46782538,-45.82663903],[-67.46750332,-45.82602239],[-67.46709948,-45.82521407],[-67.4667676,-45.82453488],[-67.46663739,-45.82428229],[-67.46658041,-45.82417176],[-67.46650613,-45.82402767],[-67.46567463,-45.82241469],[-67.46522541,-45.82151567],[-67.46513303,-45.82117974],[-67.46510196,-45.82088168],[-67.46514444,-45.82060166],[-67.46523155,-45.82036097],[-67.46535397,-45.82015166],[-67.46546985,-45.82001184],[-67.46555373,-45.81992895],[-67.46562426,-45.81985926],[-67.46577067,-45.81972614],[-67.46603678,-45.81952987],[-67.46628086,-45.81936227],[-67.46663828,-45.81911702],[-67.46752057,-45.81846314],[-67.46786124,-45.81819985],[-67.4682965,-45.81778761],[-67.46868637,-45.81735339],[-67.46893332,-45.81702073],[-67.46915397,-45.81669497],[-67.46943518,-45.81623271],[-67.46946415,-45.8161778],[-67.46984502,-45.81545573],[-67.47063293,-45.81394677],[-67.47110082,-45.81303207],[-67.47174088,-45.8117732],[-67.47221847,-45.81082648],[-67.4728438,-45.8096316],[-67.473377,-45.8086039],[-67.4738178,-45.8077131],[-67.4743503,-45.8066883],[-67.4748404,-45.8057401],[-67.4749626,-45.8054926],[-67.4751004,-45.8052452],[-67.4752373,-45.8050053],[-67.4753902,-45.8047734],[-67.4755619,-45.8045303],[-67.4756707,-45.8043877],[-67.4757416,-45.8042947],[-67.4760943,-45.8038602],[-67.4762772,-45.8036549],[-67.4764698,-45.803456],[-67.4769614,-45.8029962],[-67.4774142,-45.8026073],[-67.4780978,-45.8021043],[-67.478733,-45.8017206],[-67.4792988,-45.8014102],[-67.479865,-45.8011246],[-67.4800581,-45.801033],[-67.4802579,-45.8009423],[-67.4806317,-45.8007849],[-67.4809861,-45.8006431],[-67.4813214,-45.8005206],[-67.4817385,-45.8003748],[-67.4867717,-45.7988096],[-67.4884829,-45.7982608],[-67.4887216,-45.7981794],[-67.488955,-45.7980971],[-67.4891763,-45.7980074],[-67.4893815,-45.7979195],[-67.4896363,-45.7977923],[-67.4898613,-45.7976609],[-67.4901213,-45.7974947],[-67.4903688,-45.7973091],[-67.4905906,-45.7971252],[-67.4907867,-45.7969354],[-67.4911052,-45.7965651],[-67.4912137,-45.7964255],[-67.49144333,-45.79599719],[-67.49167747,-45.79551749],[-67.49183737,-45.79518627],[-67.49186021,-45.7950949],[-67.49187333,-45.79492102]]]},"geometry_name":"geom","properties":{"gid":879,"rtn":"3","typ":40,"rst":1,"hct":1,"fdc":"Dirección Nacional de Vialidad","sag":"IGN"},"bbox":[-67.5822642,-45.9226609,-67.46510196,-45.79492102]},{"type":"Feature","id":"vial_nacional.863","geometry":{"type":"MultiLineString","coordinates":[[[-68.3637706,-54.8269088],[-68.3632498,-54.8267834],[-68.3628031,-54.8266652],[-68.36105,-54.8261919],[-68.3606743,-54.8260844],[-68.3603281,-54.8259717],[-68.3588666,-54.8254294],[-68.3571005,-54.8247666],[-68.3559139,-54.8243507],[-68.3555698,-54.824222],[-68.355312,-54.8241075],[-68.3550746,-54.8239768],[-68.3548616,-54.8238414],[-68.353818,-54.8231566],[-68.3532557,-54.8227735],[-68.3530499,-54.822619],[-68.352868,-54.8224438],[-68.3527108,-54.8222827],[-68.3525946,-54.8221159],[-68.3523565,-54.8216683],[-68.3522417,-54.8214905],[-68.3520964,-54.8213317],[-68.3518407,-54.8211232],[-68.3512805,-54.8206968],[-68.3509695,-54.8204622],[-68.3505485,-54.8201778],[-68.3504265,-54.8200886],[-68.3503257,-54.8200075],[-68.35021,-54.8198936],[-68.3500801,-54.819745],[-68.3495567,-54.8190797],[-68.3494413,-54.8189284],[-68.3493582,-54.8187895],[-68.3492947,-54.8186468],[-68.349242,-54.8184918],[-68.3491906,-54.8182714],[-68.3491547,-54.8181243],[-68.3491258,-54.8180058],[-68.3491114,-54.8178352],[-68.3491483,-54.8176887],[-68.3492392,-54.8175627],[-68.3493641,-54.8174758],[-68.349564,-54.8173548],[-68.3507257,-54.8166802],[-68.3511188,-54.8164406],[-68.3513018,-54.8163119],[-68.3514576,-54.8161594],[-68.3515546,-54.8159605],[-68.351577,-54.8157346],[-68.3515322,-54.8155382],[-68.3514192,-54.8153523],[-68.3512687,-54.8151964],[-68.3510068,-54.8149951],[-68.3501298,-54.8143514],[-68.3485359,-54.8132062],[-68.3484086,-54.8130651],[-68.3482382,-54.8128868],[-68.3481051,-54.8127676],[-68.3479336,-54.8126391],[-68.3477621,-54.8125294],[-68.3469965,-54.8120825],[-68.3464039,-54.8117469],[-68.3462451,-54.8116665],[-68.346077,-54.8115969],[-68.3458554,-54.8115288],[-68.3453629,-54.8114231],[-68.3446864,-54.8112719],[-68.3442077,-54.8111708],[-68.3429139,-54.8108996],[-68.3416489,-54.8106343]]]},"geometry_name":"geom","properties":{"gid":863,"rtn":"3","typ":40,"rst":1,"hct":1,"fdc":"Dirección Nacional de Vialidad","sag":"IGN"},"bbox":[-68.3637706,-54.8269088,-68.3416489,-54.8106343]},{"type":"Feature","id":"vial_nacional.864","geometry":{"type":"MultiLineString","coordinates":[[[-68.45914764,-53.29638068],[-68.4620671,-53.2951938],[-68.4651905,-53.2936776],[-68.4688326,-53.2918768],[-68.4718586,-53.2903805],[-68.4719837,-53.2903187],[-68.4728493,-53.2900047],[-68.4763926,-53.2888529],[-68.4783283,-53.2880857],[-68.4813384,-53.286508],[-68.4827402,-53.2857327],[-68.4843425,-53.2849687],[-68.4975595,-53.2797708],[-68.500158,-53.2785049],[-68.5121099,-53.2720124],[-68.5142771,-53.2708318],[-68.5187188,-53.2683936],[-68.5335132,-53.2603202],[-68.5349237,-53.2595582],[-68.535818,-53.2591273],[-68.5364518,-53.2589033],[-68.537414,-53.2586629],[-68.538847,-53.2583512],[-68.5425525,-53.2576971],[-68.5429558,-53.2576195],[-68.5484087,-53.2565588],[-68.5500762,-53.2561769],[-68.5515873,-53.2557249],[-68.5528151,-53.2552504],[-68.5540167,-53.2547241],[-68.5557333,-53.2539924],[-68.5572568,-53.2531708],[-68.558673,-53.2522465],[-68.559939,-53.2512964],[-68.5611192,-53.250295],[-68.5622471,-53.2491036],[-68.5629766,-53.2481214],[-68.5637008,-53.2469787],[-68.564248,-53.2458296],[-68.5650233,-53.2438475],[-68.569595,-53.2323815],[-68.5702816,-53.2305319],[-68.5705391,-53.2296071],[-68.5706893,-53.2286309],[-68.5708395,-53.2275262],[-68.5707966,-53.2260233],[-68.5699383,-53.2183793],[-68.5694233,-53.213471],[-68.568565,-53.2056064],[-68.5683934,-53.2031901],[-68.5681144,-53.1969561],[-68.5680782,-53.1957118],[-68.5678784,-53.194488],[-68.5674921,-53.1921225],[-68.5653249,-53.1800619],[-68.565046,-53.1784158],[-68.5644881,-53.1762681],[-68.5641233,-53.1752135],[-68.5636941,-53.1742618],[-68.5626212,-53.1720367],[-68.5597245,-53.1664414],[-68.554906,-53.1572707],[-68.5544709,-53.1564843],[-68.5538975,-53.1555127],[-68.5532598,-53.1546911],[-68.5526654,-53.1539007],[-68.5515276,-53.1527393],[-68.5486523,-53.149741],[-68.5426342,-53.1435131],[-68.5196112,-53.1194775],[-68.5041626,-53.1033744],[-68.5034604,-53.1026917],[-68.5028381,-53.1021898],[-68.5020798,-53.1016786],[-68.5011699,-53.1011671],[-68.5001856,-53.1007319],[-68.4990993,-53.1003394],[-68.4976072,-53.0999466],[-68.4960391,-53.099682],[-68.4944315,-53.0995126],[-68.480911,-53.0983505],[-68.4793017,-53.0981057],[-68.477628,-53.097732],[-68.4761474,-53.0971651],[-68.4747956,-53.0964693],[-68.4737013,-53.0957349],[-68.4728644,-53.0950778],[-68.4705899,-53.0931192],[-68.465204,-53.0881708],[-68.4626291,-53.0858382],[-68.4621762,-53.0854485],[-68.4588096,-53.0825516],[-68.4521363,-53.0766997],[-68.4495998,-53.0746483],[-68.4478662,-53.0733222],[-68.4422008,-53.0692885],[-68.4421264,-53.0692355],[-68.4375668,-53.0658561],[-68.4354637,-53.0642972],[-68.4323614,-53.061615],[-68.4295713,-53.0592026],[-68.426653,-53.0565019],[-68.4265682,-53.0564235],[-68.4178819,-53.0485751],[-68.4133073,-53.0442424],[-68.4117848,-53.0431466],[-68.4105084,-53.0423197],[-68.4091075,-53.0415977],[-68.395094,-53.0358795],[-68.3882979,-53.0331061],[-68.3862799,-53.0321287],[-68.3851669,-53.0315461],[-68.3844301,-53.0310163],[-68.3831928,-53.0298943],[-68.3812187,-53.0275972],[-68.376498,-53.0226542],[-68.3750008,-53.0210402],[-68.3709843,-53.0167101],[-68.3688591,-53.0144189],[-68.3656404,-53.0108687],[-68.3649323,-53.0097197],[-68.3645246,-53.0086223],[-68.3644725,-53.0081145],[-68.3644173,-53.0075765],[-68.3646319,-53.0062982],[-68.3651469,-53.0049038],[-68.3655888,-53.0042416],[-68.366039,-53.0035668],[-68.3710708,-52.9954704],[-68.3715453,-52.99472],[-68.3728061,-52.992726],[-68.3736227,-52.9917056],[-68.3744166,-52.9908919],[-68.3760306,-52.9893454],[-68.3778069,-52.988076],[-68.3795087,-52.9870412],[-68.3846861,-52.984205],[-68.3886001,-52.9820692],[-68.3895443,-52.9813069],[-68.3902953,-52.9805964],[-68.3907381,-52.9798609],[-68.3908114,-52.9797392],[-68.3909176,-52.9795628],[-68.391218,-52.9787489],[-68.3914325,-52.9773147],[-68.3914176,-52.9766933],[-68.3914111,-52.9764232],[-68.3911751,-52.9755705],[-68.3903382,-52.97318],[-68.3894155,-52.9707249],[-68.3874436,-52.9669311],[-68.3873127,-52.9662147],[-68.3872394,-52.9654252],[-68.3872483,-52.9617688],[-68.3873341,-52.9611613],[-68.387656,-52.9606184],[-68.3880048,-52.9601981],[-68.3881605,-52.9599699],[-68.38977109,-52.9584474],[-68.39011373,-52.9573814],[-68.39022794,-52.95646769],[-68.39045637,-52.95517326],[-68.39110359,-52.95418341],[-68.3920337,-52.9530224],[-68.3921778,-52.9527679],[-68.3923138,-52.9523967],[-68.3924348,-52.9519284],[-68.3930879,-52.9491666],[-68.3944792,-52.9426287],[-68.3953375,-52.9388528],[-68.3959614,-52.9359001],[-68.3965572,-52.9328925],[-68.3967876,-52.9322193],[-68.3969794,-52.9313521],[-68.3971725,-52.930479],[-68.3974853,-52.9291351],[-68.3977143,-52.9280246],[-68.3981458,-52.9262048],[-68.3983794,-52.9250527],[-68.3985619,-52.9241019],[-68.3987853,-52.9231804],[-68.3988495,-52.922883],[-68.3989205,-52.9225264],[-68.3990185,-52.922123],[-68.3990904,-52.9217445],[-68.3992263,-52.9210299],[-68.3993714,-52.9200894],[-68.3993936,-52.919946],[-68.3995045,-52.9193309],[-68.399645,-52.9184477],[-68.3999303,-52.9166353],[-68.4000708,-52.9156956],[-68.4004582,-52.9133336],[-68.4006669,-52.9119933],[-68.4008074,-52.9110381],[-68.4009734,-52.9100444],[-68.4011267,-52.9091355],[-68.4015269,-52.9065548],[-68.4016802,-52.9055071],[-68.4018335,-52.9046468],[-68.4021401,-52.9036401],[-68.4027532,-52.9026385],[-68.4035366,-52.901827],[-68.4045414,-52.901131],[-68.405938,-52.9003811],[-68.4075411,-52.8994936],[-68.4088836,-52.8987106],[-68.40908007,-52.89861537]]]},"geometry_name":"geom","properties":{"gid":864,"rtn":"3","typ":40,"rst":2,"hct":1,"fdc":"Dirección Nacional de Vialidad","sag":"IGN"},"bbox":[-68.5708395,-53.29638068,-68.3644173,-52.89861537]},{"type":"Feature","id":"vial_nacional.868","geometry":{"type":"MultiLineString","coordinates":[[[-68.3343987,-54.8071583],[-68.3336606,-54.8070946],[-68.3334242,-54.8070491],[-68.3332367,-54.8069865],[-68.3330864,-54.8069244],[-68.3328971,-54.8068159],[-68.3327363,-54.8067121],[-68.3325789,-54.8066077],[-68.3323952,-54.8065085],[-68.3322421,-54.806432],[-68.3320808,-54.8063742],[-68.3318445,-54.8063162],[-68.3315949,-54.8062713],[-68.3311758,-54.8062263],[-68.3291573,-54.8060851],[-68.3284837,-54.8060401],[-68.3278699,-54.8059907],[-68.3277066,-54.8059689],[-68.3275596,-54.8059331],[-68.3274227,-54.8058817],[-68.3272696,-54.8058045],[-68.3271291,-54.8057084],[-68.3268842,-54.8055064],[-68.3265189,-54.8051689],[-68.3261398,-54.8048012],[-68.326019,-54.8046935],[-68.3258697,-54.8045764],[-68.3257042,-54.8044623],[-68.3255021,-54.8043342],[-68.3244862,-54.803741],[-68.3242194,-54.8035649],[-68.3240097,-54.8034572],[-68.3237949,-54.803367],[-68.3236364,-54.8033024],[-68.3232059,-54.8031612],[-68.3229388,-54.8030788],[-68.3226082,-54.8029963],[-68.3214493,-54.8027526],[-68.3201121,-54.8024529],[-68.319528,-54.80234],[-68.3189929,-54.8022436],[-68.3186499,-54.8021807],[-68.3183034,-54.80212],[-68.3178756,-54.8020463],[-68.3166246,-54.8018153],[-68.3162558,-54.8017339],[-68.3159711,-54.8016486],[-68.3157312,-54.801548],[-68.3155231,-54.8014214],[-68.315426,-54.8013394],[-68.31535,-54.8012611],[-68.3152025,-54.8010818],[-68.3151158,-54.8009248],[-68.3149913,-54.8006624],[-68.3148858,-54.8004559],[-68.3147977,-54.8003198],[-68.3147263,-54.8002442],[-68.3146322,-54.8001732],[-68.3145158,-54.8001022],[-68.3144231,-54.8000641],[-68.3142465,-54.8000159],[-68.3136811,-54.799865],[-68.3122555,-54.7995083],[-68.3119717,-54.7994325],[-68.3117741,-54.7993696],[-68.3115029,-54.7992689],[-68.3112537,-54.7991532],[-68.3110222,-54.7990491],[-68.3107962,-54.798967],[-68.3106091,-54.7989201],[-68.3103902,-54.7988562],[-68.3101591,-54.7988137],[-68.3098991,-54.7987919],[-68.3096168,-54.7987931],[-68.3093382,-54.7988194],[-68.3089055,-54.7988884],[-68.3085636,-54.7989361],[-68.3082654,-54.7989649],[-68.3079094,-54.7989844],[-68.3073932,-54.7989844],[-68.3072417,-54.7989766],[-68.3052264,-54.7988553],[-68.3048716,-54.7988423],[-68.3045846,-54.7988485],[-68.3043224,-54.7988786],[-68.3041046,-54.7989424],[-68.3037081,-54.7991091],[-68.30299442,-54.79940942]]]},"geometry_name":"geom","properties":{"gid":868,"rtn":"3","typ":40,"rst":1,"hct":1,"fdc":"Dirección Nacional de Vialidad","sag":"IGN"},"bbox":[-68.3343987,-54.8071583,-68.30299442,-54.7987919]},{"type":"Feature","id":"vial_nacional.869","geometry":{"type":"MultiLineString","coordinates":[[[-68.30222933,-54.79964205],[-68.30228796,-54.79964128],[-68.3024014,-54.7996296],[-68.3025649,-54.7995813],[-68.3027345,-54.7995188],[-68.30299442,-54.79940942],[-68.30269114,-54.79960404],[-68.30246918,-54.79977529],[-68.30237134,-54.79986863],[-68.30233898,-54.79989636],[-68.30229139,-54.79991432],[-68.30217908,-54.79992384],[-68.30206487,-54.79989909],[-68.30199672,-54.7998621],[-68.30196702,-54.79981641],[-68.30194075,-54.79975816],[-68.30189849,-54.79966222],[-68.30182083,-54.79955258],[-68.3015518,-54.79929053],[-68.3016416,-54.7993427],[-68.3016845,-54.7993664],[-68.3018349,-54.7994434],[-68.3019229,-54.7994967],[-68.30203822,-54.79957961],[-68.30211436,-54.79962453],[-68.30215852,-54.79963519],[-68.30219431,-54.79963976],[-68.30222933,-54.79964205]]]},"geometry_name":"geom","properties":{"gid":869,"rtn":"3","typ":40,"rst":1,"hct":1,"fdc":"Dirección Nacional de Vialidad","sag":"IGN"},"bbox":[-68.30299442,-54.79992384,-68.3015518,-54.79929053]},{"type":"Feature","id":"vial_nacional.870","geometry":{"type":"MultiLineString","coordinates":[[[-68.2992117,-54.7986947],[-68.3001423,-54.7988114],[-68.3003465,-54.7988451],[-68.3005689,-54.7988845],[-68.300696,-54.7989162],[-68.3007963,-54.7989447],[-68.3009114,-54.7989856],[-68.3010149,-54.7990236],[-68.3011211,-54.7990691],[-68.301212,-54.7991117],[-68.3013048,-54.7991585],[-68.3013891,-54.7992029],[-68.3014996,-54.7992602],[-68.3015518,-54.79929053]]]},"geometry_name":"geom","properties":{"gid":870,"rtn":"3","typ":40,"rst":1,"hct":1,"fdc":"Dirección Nacional de Vialidad","sag":"IGN"},"bbox":[-68.3015518,-54.79929053,-68.2992117,-54.7986947]},{"type":"Feature","id":"vial_nacional.871","geometry":{"type":"MultiLineString","coordinates":[[[-65.3421613,-40.8187361],[-65.3420864,-40.8186191],[-65.341786,-40.8180629],[-65.3415607,-40.8176164],[-65.3410377,-40.8164756],[-65.3408592,-40.8160808],[-65.3407239,-40.8157813],[-65.3405066,-40.8151663],[-65.3404852,-40.8150281],[-65.340845,-40.8158084],[-65.341131,-40.8164285],[-65.3413164,-40.816806],[-65.3413388,-40.8168517],[-65.3417225,-40.8176906],[-65.3418021,-40.817862],[-65.3420703,-40.8184791],[-65.3421613,-40.8187361]]]},"geometry_name":"geom","properties":{"gid":871,"rtn":"3","typ":40,"rst":1,"hct":1,"fdc":"Dirección Nacional de Vialidad","sag":"IGN"},"bbox":[-65.3421613,-40.8187361,-65.3404852,-40.8150281]},{"type":"Feature","id":"vial_nacional.884","geometry":{"type":"MultiLineString","coordinates":[[[-69.6337701,-51.6209233],[-69.6325581,-51.6208924],[-69.6323139,-51.6208811],[-69.632118,-51.6208618],[-69.6319265,-51.6208327],[-69.6317128,-51.6207899],[-69.6315225,-51.6207467],[-69.6312765,-51.6206807],[-69.6311117,-51.6206185],[-69.6309492,-51.6205522],[-69.6307867,-51.6204679],[-69.6306064,-51.6203614],[-69.6304327,-51.6202495],[-69.630288,-51.6201472],[-69.6301144,-51.6199979],[-69.629569,-51.6193967],[-69.6292885,-51.6190788],[-69.6290792,-51.6188797],[-69.6289056,-51.6187263],[-69.6286867,-51.6185451],[-69.6276793,-51.617839],[-69.6274429,-51.6176043],[-69.6273299,-51.6174756],[-69.6272228,-51.6173082],[-69.6271636,-51.6171671],[-69.6271174,-51.6170146],[-69.6270891,-51.6168679],[-69.6270754,-51.6167034],[-69.6270759,-51.6165444],[-69.627152,-51.6161697],[-69.6274579,-51.6152885],[-69.6275272,-51.6150855],[-69.6275655,-51.6149489],[-69.6275959,-51.6147984],[-69.6276049,-51.6146391],[-69.6276032,-51.6145218],[-69.6275847,-51.6144134],[-69.6275383,-51.614268],[-69.6274351,-51.6139768],[-69.626862,-51.6127808],[-69.6267148,-51.6124933],[-69.6264663,-51.6120515],[-69.6263169,-51.611789],[-69.626183,-51.6115356],[-69.6260903,-51.6113082],[-69.6260365,-51.6111254],[-69.6260072,-51.610965],[-69.6260009,-51.6108288],[-69.6260034,-51.6107279],[-69.6260127,-51.6106449],[-69.626031,-51.6105062],[-69.6260726,-51.6103026],[-69.6263708,-51.6094145],[-69.6264871,-51.6089995],[-69.6267828,-51.607945],[-69.6273773,-51.6058923],[-69.6274642,-51.6057329],[-69.6275621,-51.6055784],[-69.6277783,-51.6053452],[-69.6280029,-51.6051674],[-69.6283386,-51.6049814],[-69.6288513,-51.6047726],[-69.6296569,-51.6045574],[-69.6362924,-51.6030268],[-69.6371447,-51.6028725],[-69.6388011,-51.6026438],[-69.6397779,-51.6024416],[-69.6403442,-51.6022306],[-69.6412219,-51.6017557],[-69.6415475,-51.6015359],[-69.6418448,-51.6012282],[-69.642043,-51.6008852],[-69.6421421,-51.6004455],[-69.6420572,-51.6000323],[-69.6418023,-51.5996366],[-69.6414909,-51.5992584],[-69.6278511,-51.5844357],[-69.62780862,-51.58438416],[-69.6265348,-51.5828389],[-69.6254513,-51.5814924],[-69.6252557,-51.5812223],[-69.6244426,-51.5800995],[-69.6106452,-51.5569623],[-69.6100873,-51.5559083],[-69.6098513,-51.5550945],[-69.6096367,-51.5540271],[-69.6093363,-51.5436727],[-69.6093577,-51.5431923],[-69.609465,-51.5426851],[-69.6096796,-51.5419645],[-69.6100658,-51.5412572],[-69.613108,-51.5369184],[-69.6134658,-51.5362204],[-69.6136121,-51.5357349],[-69.6137422,-51.5352494],[-69.6137748,-51.5346829],[-69.613726,-51.5341468],[-69.6135308,-51.5334589],[-69.607414,-51.5121251],[-69.6071619,-51.5113034],[-69.6067972,-51.5105288],[-69.6065182,-51.5100747],[-69.6060676,-51.5095806],[-69.6054024,-51.508993],[-69.6045441,-51.5083787],[-69.5955104,-51.5018608],[-69.5947809,-51.501193],[-69.5941371,-51.500485],[-69.5936651,-51.4997637],[-69.5932788,-51.4989088],[-69.5928926,-51.4978268],[-69.5925493,-51.4970119],[-69.5922059,-51.4962371],[-69.5867468,-51.4852055],[-69.5862104,-51.4839228],[-69.585867,-51.4830408],[-69.5855452,-51.4820119],[-69.5852233,-51.4805954],[-69.5840895,-51.4710342],[-69.5839214,-51.4700568],[-69.5837159,-51.469091],[-69.5834544,-51.4681717],[-69.5670662,-51.4188784],[-69.560547,-51.3993151],[-69.5554267,-51.3839557],[-69.5548232,-51.3821997],[-69.5537288,-51.3788683],[-69.5535398,-51.378307],[-69.5529724,-51.3766215],[-69.5508428,-51.3702808],[-69.5505236,-51.3693431],[-69.5499684,-51.3675982],[-69.5494024,-51.3658801],[-69.548646,-51.3635674],[-69.5469267,-51.3584224],[-69.5465861,-51.3576335],[-69.5462669,-51.3570707],[-69.5458968,-51.3565096],[-69.5454649,-51.3558765],[-69.5449929,-51.3552165],[-69.5444403,-51.3544359],[-69.5439119,-51.3536554],[-69.5436893,-51.3533271],[-69.5432387,-51.3527408],[-69.5408569,-51.3493519],[-69.5389713,-51.3467016],[-69.5382283,-51.3456478],[-69.5373378,-51.3443946],[-69.5370857,-51.344021],[-69.5368819,-51.3436776],[-69.5366888,-51.3432956],[-69.5365493,-51.3429387],[-69.5364286,-51.3424997],[-69.5363508,-51.3420825],[-69.536222,-51.3410102],[-69.5359163,-51.3383443],[-69.535581,-51.3353348],[-69.5353611,-51.333344],[-69.5351653,-51.3316195],[-69.5348783,-51.3290152],[-69.5346556,-51.3270107],[-69.534425,-51.325063],[-69.5342667,-51.3236216],[-69.5339717,-51.3208927],[-69.5335908,-51.3174361],[-69.5327513,-51.3098481],[-69.5324455,-51.3072676],[-69.5319198,-51.302601],[-69.5313297,-51.2974038],[-69.5309622,-51.2941367],[-69.5301656,-51.2868485],[-69.5296748,-51.282485],[-69.5288299,-51.2751413],[-69.5285348,-51.2725085],[-69.5283632,-51.270958],[-69.5280762,-51.2684223],[-69.5276926,-51.2646362],[-69.5275263,-51.2631978],[-69.5270221,-51.2589547],[-69.5251204,-51.2422856],[-69.5246161,-51.2377282],[-69.5237283,-51.2299691],[-69.5223752,-51.2184679],[-69.5178891,-51.1794126],[-69.5160912,-51.1641518],[-69.5161163,-51.1635011],[-69.5162272,-51.1627965],[-69.516453,-51.1619939],[-69.5168777,-51.1611727],[-69.5174086,-51.1603958],[-69.5180456,-51.1596634],[-69.52028878,-51.15747459],[-69.5225296,-51.1552881],[-69.5230855,-51.1547489],[-69.5257886,-51.1522355],[-69.5265657,-51.1515034],[-69.5277168,-51.1503348],[-69.5283036,-51.1498007],[-69.5287673,-51.1493082],[-69.5292525,-51.1486811],[-69.5303086,-51.1471038],[-69.5306701,-51.1465103],[-69.5318763,-51.1443826],[-69.5355558,-51.1385761],[-69.5362054,-51.1375503],[-69.5367418,-51.1366516],[-69.5369457,-51.1361803],[-69.5370851,-51.1357192],[-69.5371495,-51.1351638],[-69.5371442,-51.134881],[-69.5371173,-51.1346084],[-69.5370637,-51.1343189],[-69.5369886,-51.1340429],[-69.5368867,-51.1337668],[-69.5367365,-51.1335009],[-69.5365058,-51.1331609],[-69.5362537,-51.1328277],[-69.5359425,-51.1325079],[-69.5355885,-51.1321982],[-69.5341669,-51.1310267],[-69.533904,-51.1307641],[-69.5336734,-51.1304982],[-69.5334803,-51.1302356],[-69.5332871,-51.1299461],[-69.5331155,-51.1296262],[-69.5329814,-51.1293132],[-69.5328955,-51.1289967],[-69.5328258,-51.128687],[-69.532107,-51.1165657],[-69.5315327,-51.1044499],[-69.5308683,-51.0888692],[-69.5306956,-51.0848173],[-69.5306955,-51.0842459],[-69.5307214,-51.0836795],[-69.5308406,-51.0831066],[-69.5309853,-51.0825461],[-69.5365439,-51.0655381],[-69.5389271,-51.0581928],[-69.5403199,-51.0540324],[-69.5406158,-51.0531896],[-69.5408514,-51.0527947],[-69.5411577,-51.0523898],[-69.5414876,-51.0520739],[-69.5418488,-51.0517529],[-69.5427599,-51.0511654],[-69.5452126,-51.0497221],[-69.5486255,-51.0477078],[-69.5496306,-51.0472227],[-69.5506286,-51.0468],[-69.5516621,-51.0465107],[-69.5527026,-51.0462526],[-69.5538987,-51.0459323],[-69.5550662,-51.0456094],[-69.5560562,-51.0452218],[-69.5569061,-51.0448166],[-69.5575599,-51.0444056],[-69.5581017,-51.0439652],[-69.5586154,-51.0434602],[-69.558989,-51.0429786],[-69.5592131,-51.0426439],[-69.5593626,-51.0423092],[-69.559512,-51.0419803],[-69.5596428,-51.0416338],[-69.5597081,-51.0412697],[-69.5597362,-51.0409115],[-69.5596895,-51.0401833],[-69.554393,-51.0004527],[-69.5534984,-50.9935966],[-69.5529761,-50.9898692],[-69.5529274,-50.9894393],[-69.5529192,-50.9890145],[-69.5529274,-50.9885897],[-69.5530087,-50.9881597],[-69.5531713,-50.9877093],[-69.5533827,-50.9872999],[-69.5538462,-50.9864041],[-69.5540576,-50.9858411],[-69.5542039,-50.9852832],[-69.5542771,-50.9847099],[-69.5543015,-50.9841673],[-69.5539171,-50.9798375],[-69.5538054,-50.9790783],[-69.5538225,-50.9782922],[-69.5540238,-50.9747639],[-69.55402415,-50.97475873],[-69.5548464,-50.9627543],[-69.5560653,-50.9459146],[-69.5561541,-50.944723],[-69.5561494,-50.9441315],[-69.5560887,-50.943543],[-69.5560186,-50.9431546],[-69.5559252,-50.9428133],[-69.5558225,-50.9425249],[-69.5557104,-50.9422336],[-69.5549694,-50.9409415],[-69.5407704,-50.9172978],[-69.5355512,-50.9086459],[-69.530485,-50.9003258],[-69.5275035,-50.8962979],[-69.5166684,-50.8821824],[-69.5062364,-50.8684225],[-69.5053258,-50.8672259],[-69.5051203,-50.8669312],[-69.5049429,-50.8666247],[-69.5047934,-50.8663122],[-69.5046907,-50.8660028],[-69.5045739,-50.8654103],[-69.5045646,-50.8648208],[-69.5046907,-50.8636507],[-69.5093792,-50.8279127],[-69.5095399,-50.8270592],[-69.5097601,-50.8262095],[-69.5100637,-50.8254651],[-69.5112443,-50.8227664],[-69.5120577,-50.8210958],[-69.5124982,-50.8202611],[-69.5135482,-50.8184854],[-69.5145398,-50.8168766],[-69.5148076,-50.8163953],[-69.5150457,-50.8159139],[-69.5152243,-50.8154137],[-69.5153374,-50.8149173],[-69.5153909,-50.8144435],[-69.5153969,-50.8139847],[-69.5153552,-50.813492],[-69.5152659,-50.8130256],[-69.5150219,-50.812281],[-69.5143509,-50.8107385],[-69.5143488,-50.81073367],[-69.5140206,-50.8099792],[-69.5133791,-50.8082942],[-69.5131172,-50.8077901],[-69.512772,-50.8073087],[-69.5122898,-50.8068348],[-69.5117006,-50.8063871],[-69.5092423,-50.8046493],[-69.5088018,-50.8042506],[-69.5086054,-50.8040324],[-69.5084269,-50.803803],[-69.508278,-50.803566],[-69.5081471,-50.8033215],[-69.5080433,-50.8030854],[-69.5079457,-50.8028124],[-69.5078756,-50.8024483],[-69.5078589,-50.8020546],[-69.5078983,-50.8016755],[-69.5080073,-50.8012849],[-69.5081831,-50.8009148],[-69.508405,-50.8005561],[-69.5087124,-50.800192],[-69.5090625,-50.7998527],[-69.509367,-50.7996084],[-69.5097219,-50.7993823],[-69.5100787,-50.7991904],[-69.5105493,-50.7989641],[-69.5108476,-50.7988185]]]},"geometry_name":"geom","properties":{"gid":884,"rtn":"3","typ":40,"rst":1,"hct":1,"fdc":"Dirección Nacional de Vialidad","sag":"IGN"},"bbox":[-69.6421421,-51.6209233,-69.5045646,-50.7988185]},{"type":"Feature","id":"vial_nacional.885","geometry":{"type":"MultiLineString","coordinates":[[[-69.6334114,-51.624773],[-69.6340979,-51.6244821],[-69.6357343,-51.6238774],[-69.6358886,-51.6238051],[-69.6360664,-51.6237153],[-69.6362592,-51.6235904],[-69.6364635,-51.6234344],[-69.6365551,-51.6233445],[-69.6366247,-51.6232623],[-69.6367133,-51.6231474],[-69.6367871,-51.6230009],[-69.6368404,-51.6228608],[-69.636868,-51.6227154],[-69.6368765,-51.6225991],[-69.6368723,-51.6224881],[-69.6368553,-51.6223943],[-69.6368224,-51.6222934],[-69.6367914,-51.6222119],[-69.63678164,-51.62219349],[-69.6367382,-51.6221114],[-69.6366637,-51.6220229],[-69.6365785,-51.6219237],[-69.6364699,-51.6218048],[-69.6361804,-51.6215378],[-69.6360099,-51.6214101],[-69.6358079,-51.621288],[-69.635582,-51.6211885],[-69.6353076,-51.621099],[-69.6350674,-51.6210391],[-69.6347918,-51.6209921],[-69.6344823,-51.6209619],[-69.6337701,-51.6209233],[-69.6344875,-51.6209228],[-69.6348073,-51.6209417],[-69.635075,-51.6209825],[-69.6353225,-51.6210421],[-69.6356331,-51.6211273],[-69.6359033,-51.6212376],[-69.6361347,-51.6213576],[-69.6363358,-51.6214902],[-69.6364851,-51.6216099],[-69.6366243,-51.6217546],[-69.6369215,-51.6220544],[-69.63698215,-51.62213162],[-69.6370679,-51.6222408],[-69.6371105,-51.6223258],[-69.6371485,-51.6224113],[-69.6371774,-51.6225108],[-69.6371967,-51.6226555],[-69.637201,-51.6228452],[-69.6371853,-51.6229347],[-69.6371529,-51.6230215],[-69.6371195,-51.6230975],[-69.6370667,-51.6231885],[-69.6370262,-51.6232447],[-69.6369281,-51.6233573],[-69.636828,-51.6234469],[-69.6367055,-51.6235384],[-69.636573,-51.623617],[-69.63630732,-51.62375669],[-69.6363016,-51.6237597],[-69.6358566,-51.6239237],[-69.6341097,-51.6245427],[-69.6334114,-51.624773]]]},"geometry_name":"geom","properties":{"gid":885,"rtn":"3","typ":40,"rst":1,"hct":1,"fdc":"Dirección Nacional de Vialidad","sag":"IGN"},"bbox":[-69.637201,-51.624773,-69.6334114,-51.6209228]},{"type":"Feature","id":"vial_nacional.886","geometry":{"type":"MultiLineString","coordinates":[[[-69.6133216,-51.6287131],[-69.6145152,-51.628762],[-69.61575,-51.6288259],[-69.6177365,-51.6289389],[-69.6188068,-51.6289917],[-69.6194712,-51.629033],[-69.6197847,-51.6290625],[-69.6201186,-51.6291038],[-69.6204406,-51.6291596],[-69.6207628,-51.629231],[-69.6213737,-51.6294078],[-69.6219675,-51.6296118],[-69.622799,-51.6298565],[-69.6230606,-51.6299346],[-69.6232637,-51.6299864],[-69.6234002,-51.6300133],[-69.6234655,-51.6300261],[-69.623774,-51.6300721],[-69.6239476,-51.6300845],[-69.6241279,-51.6300915],[-69.6243386,-51.6300913],[-69.6245442,-51.6300832],[-69.6247068,-51.6300707],[-69.6248871,-51.6300472],[-69.6250696,-51.6300168],[-69.625235,-51.6299765],[-69.625408,-51.6299325],[-69.6255472,-51.6298921],[-69.6256907,-51.6298427],[-69.6258287,-51.6297888],[-69.6259772,-51.6297202],[-69.626127,-51.6296465],[-69.6262932,-51.6295528],[-69.6264921,-51.6294171],[-69.6266814,-51.6292706],[-69.6269671,-51.6290233],[-69.6283109,-51.6278099],[-69.6291635,-51.627072],[-69.6294774,-51.6268025],[-69.6297379,-51.626598],[-69.6300295,-51.6263727],[-69.6303916,-51.6261273],[-69.6306506,-51.6259678],[-69.630951,-51.6257975],[-69.6314285,-51.6255607],[-69.63172294,-51.62543654],[-69.6325939,-51.6250693],[-69.6334114,-51.624773]]]},"geometry_name":"geom","properties":{"gid":886,"rtn":"3","typ":40,"rst":1,"hct":1,"fdc":"Dirección Nacional de Vialidad","sag":"IGN"},"bbox":[-69.6334114,-51.6300915,-69.6133216,-51.624773]},{"type":"Feature","id":"vial_nacional.946","geometry":{"type":"MultiLineString","coordinates":[[[-64.7900027,-23.8027013],[-64.7898726,-23.8023979],[-64.789608,-23.8017933],[-64.7894633,-23.8014627],[-64.7892961,-23.8010806],[-64.7888577,-23.8000808],[-64.7885492,-23.7993666],[-64.7882569,-23.7986746],[-64.7878925,-23.7977997],[-64.7878122,-23.7975674],[-64.7876827,-23.7971644],[-64.787434,-23.7964011],[-64.7873148,-23.7960123],[-64.7869316,-23.7950944],[-64.7854259,-23.7916593],[-64.7852554,-23.7912948]]]},"geometry_name":"geom","properties":{"gid":946,"rtn":"34","typ":40,"rst":1,"hct":1,"fdc":"Dirección Nacional de Vialidad","sag":"IGN"},"bbox":[-64.7900027,-23.8027013,-64.7852554,-23.7912948]},{"type":"Feature","id":"vial_nacional.948","geometry":{"type":"MultiLineString","coordinates":[[[-64.484686,-27.1772788],[-64.4837839,-27.1765069],[-64.4828939,-27.1756639],[-64.4823925,-27.1751656],[-64.4819817,-27.174752],[-64.4814484,-27.1742346],[-64.4820133,-27.1747255],[-64.4829033,-27.1755573],[-64.4829421,-27.1755929],[-64.4829903,-27.1756371],[-64.4835443,-27.1761452],[-64.4836336,-27.1762339],[-64.4840822,-27.1766696],[-64.484686,-27.1772788]]]},"geometry_name":"geom","properties":{"gid":948,"rtn":"34","typ":40,"rst":1,"hct":1,"fdc":"Dirección Nacional de Vialidad","sag":"IGN"},"bbox":[-64.484686,-27.1772788,-64.4814484,-27.1742346]},{"type":"Feature","id":"vial_nacional.1252","geometry":{"type":"MultiLineString","coordinates":[[[-59.9587525,-34.8990229],[-59.959468,-34.8995574],[-59.9656302,-34.9044539],[-59.9740894,-34.9110914],[-59.977638,-34.913911],[-59.9786534,-34.9147148],[-59.9793304,-34.9152543],[-59.9798469,-34.9156564],[-59.9804327,-34.9161139],[-59.9804603,-34.9161355],[-59.9805658,-34.9162171],[-59.9811247,-34.9166495],[-59.9812613,-34.9167552],[-59.9815415,-34.916972],[-59.9821959,-34.9174944],[-59.9827002,-34.9178925],[-59.9827525,-34.9179334],[-59.9842477,-34.9191037],[-59.9850826,-34.9198767],[-59.9862313,-34.9209402]]]},"geometry_name":"geom","properties":{"gid":1252,"rtn":"5","typ":40,"rst":1,"hct":1,"fdc":"Dirección Nacional de Vialidad","sag":"IGN"},"bbox":[-59.9862313,-34.9209402,-59.9587525,-34.8990229]},{"type":"Feature","id":"vial_nacional.937","geometry":{"type":"MultiLineString","coordinates":[[[-65.02851815,-24.7358162],[-65.0285116,-24.7356695],[-65.0285033,-24.7348283],[-65.028549,-24.733776],[-65.0286839,-24.7311135],[-65.0288936,-24.7277584],[-65.0290019,-24.7268526],[-65.0290743,-24.7264117],[-65.0291665,-24.7259868],[-65.0292303,-24.7256761],[-65.0292698,-24.7255239],[-65.0292993,-24.7254046],[-65.0294058,-24.724963],[-65.0295639,-24.7244239],[-65.0297413,-24.7239322],[-65.029975,-24.723268],[-65.0302294,-24.7225937],[-65.0313319,-24.7199671],[-65.0358136,-24.7092887],[-65.0366517,-24.7072917],[-65.0403217,-24.69854],[-65.0419167,-24.6949017],[-65.0427566,-24.6928891],[-65.0427848,-24.6928226],[-65.0462687,-24.6845567],[-65.0473981,-24.6818687],[-65.0482184,-24.6799099],[-65.0496514,-24.6764997],[-65.0502113,-24.6751674],[-65.0507542,-24.6738819],[-65.0513408,-24.6724755],[-65.0520697,-24.670782],[-65.0522164,-24.6704195],[-65.0523438,-24.6700838],[-65.0523929,-24.669921],[-65.0524312,-24.6697913],[-65.052467,-24.6696314],[-65.052511,-24.669407],[-65.052535,-24.6691903],[-65.0525488,-24.6687791],[-65.0525212,-24.6675549],[-65.0525203,-24.6675],[-65.0525164,-24.6673314],[-65.0524839,-24.6663279],[-65.0524501,-24.665462],[-65.0524487,-24.6652734],[-65.052437,-24.6650783],[-65.052401,-24.6641012],[-65.0522899,-24.6615156],[-65.0522441,-24.6602009],[-65.0522564,-24.6596477],[-65.0523547,-24.659044],[-65.0524558,-24.6586969],[-65.0526901,-24.6581518],[-65.0528828,-24.6577945],[-65.0532935,-24.6570227],[-65.0545446,-24.6546718],[-65.0587066,-24.6470042],[-65.061209,-24.6424007],[-65.0646975,-24.6359653],[-65.0725149,-24.6215427],[-65.0744129,-24.6180408],[-65.0801141,-24.6075356],[-65.0803831,-24.6069957],[-65.0806393,-24.6064653],[-65.0807551,-24.6061677],[-65.0808629,-24.6058738],[-65.0809564,-24.6055523],[-65.0810478,-24.6052307],[-65.0811535,-24.6047576],[-65.0812186,-24.6043639],[-65.0812511,-24.6040368],[-65.0812735,-24.6037152],[-65.0812852,-24.6028126],[-65.081244,-24.6021388],[-65.0803606,-24.5974005],[-65.0799411,-24.5954341],[-65.0796887,-24.5943503],[-65.079604,-24.5939238],[-65.0794013,-24.5929116],[-65.0793163,-24.5919333],[-65.0792455,-24.587756],[-65.0791606,-24.5830122],[-65.0790029,-24.573582],[-65.0789167,-24.5681753],[-65.0788928,-24.5666745],[-65.0788285,-24.5626377],[-65.0788107,-24.5617255],[-65.0787165,-24.5569406],[-65.0786067,-24.5512988],[-65.0786078,-24.5499154],[-65.0787596,-24.548637],[-65.079229,-24.5464432],[-65.0804001,-24.5410802],[-65.0805729,-24.5403479],[-65.0807143,-24.5396085],[-65.0807614,-24.5391226],[-65.0807693,-24.5386511],[-65.0807496,-24.538176],[-65.0806789,-24.5376294],[-65.080569,-24.5370721],[-65.0803873,-24.5364755],[-65.0802077,-24.536029],[-65.0799956,-24.5355789],[-65.0783852,-24.5328459],[-65.0777018,-24.5317024],[-65.0773701,-24.5311415],[-65.0769611,-24.5304645],[-65.0756088,-24.5281684],[-65.0749618,-24.5270752],[-65.0747142,-24.5266996],[-65.0744503,-24.5263464],[-65.0741484,-24.5260044],[-65.0737787,-24.5256737],[-65.0734213,-24.5253878],[-65.0730146,-24.5251131],[-65.0723316,-24.5247593],[-65.0716607,-24.5244775],[-65.0713241,-24.5243384],[-65.0695671,-24.5236016],[-65.0691402,-24.5234092],[-65.0687133,-24.5231947],[-65.0683759,-24.5230098],[-65.0680506,-24.5228137],[-65.0675425,-24.5224661],[-65.0670546,-24.5220925],[-65.0665749,-24.5217004],[-65.0661277,-24.5212972],[-65.0657008,-24.5208793],[-65.0653105,-24.5204465],[-65.0649324,-24.5199879],[-65.064595,-24.5195144],[-65.0532918,-24.5016939],[-65.0530747,-24.5013501],[-65.0528288,-24.5009658],[-65.050879,-24.4979176],[-65.0485501,-24.4942766],[-65.0426039,-24.4849797],[-65.0414918,-24.4831992],[-65.0412074,-24.4827438]]]},"geometry_name":"geom","properties":{"gid":937,"rtn":"34","typ":40,"rst":1,"hct":1,"fdc":"Dirección Nacional de Vialidad","sag":"IGN"},"bbox":[-65.0812852,-24.7358162,-65.0285033,-24.4827438]},{"type":"Feature","id":"vial_nacional.938","geometry":{"type":"MultiLineString","coordinates":[[[-65.0358615,-24.4743642],[-65.0310981,-24.4669301],[-65.030477,-24.4660332],[-65.0297672,-24.4651405],[-65.029018,-24.4641539],[-65.0252092,-24.4591384],[-65.0203146,-24.4527707],[-65.0189651,-24.4509813],[-65.0187179,-24.4506023],[-65.0184844,-24.4502112],[-65.0168138,-24.447211],[-65.0105406,-24.4359726]]]},"geometry_name":"geom","properties":{"gid":938,"rtn":"34","typ":40,"rst":1,"hct":1,"fdc":"Dirección Nacional de Vialidad","sag":"IGN"},"bbox":[-65.0358615,-24.4743642,-65.0105406,-24.4359726]},{"type":"Feature","id":"vial_nacional.939","geometry":{"type":"MultiLineString","coordinates":[[[-64.9725963,-24.3684754],[-64.9721853,-24.3677395],[-64.9719191,-24.3673396],[-64.9716389,-24.366944],[-64.9711719,-24.366374],[-64.9706582,-24.3658337],[-64.9701398,-24.3653615],[-64.9695888,-24.3648978],[-64.9656193,-24.3614307],[-64.963891,-24.3599234],[-64.9633195,-24.3593495],[-64.9628265,-24.3587292],[-64.9625045,-24.3582548],[-64.9622488,-24.3577468],[-64.9620085,-24.3571924],[-64.9618128,-24.3566283],[-64.9610688,-24.353827],[-64.9608947,-24.3533386],[-64.9607052,-24.3528572],[-64.9604849,-24.3524138],[-64.9602338,-24.3519857],[-64.9599642,-24.3515745],[-64.9596746,-24.3511661],[-64.9590253,-24.3503864],[-64.9585349,-24.3499013],[-64.9580165,-24.3494589],[-64.9567725,-24.3484167],[-64.9565564,-24.3482357],[-64.956382,-24.3480886],[-64.954259,-24.3462978],[-64.9416133,-24.33552],[-64.9366174,-24.3312618],[-64.936271,-24.3309626],[-64.9350709,-24.3299262],[-64.934133,-24.3291475],[-64.9332862,-24.3284107],[-64.9320145,-24.3273244],[-64.9304113,-24.3259548],[-64.9253911,-24.3216561],[-64.9232298,-24.3198048],[-64.922924,-24.3195066],[-64.9226236,-24.3192035],[-64.9220692,-24.3185785],[-64.9216205,-24.3179814],[-64.9212074,-24.3173703],[-64.9203466,-24.3159821],[-64.9158321,-24.3085137],[-64.9148724,-24.3069304],[-64.9123798,-24.3028276],[-64.9117307,-24.3017032],[-64.9114149,-24.3010148],[-64.9112062,-24.300532],[-64.9063125,-24.2883594],[-64.9000932,-24.2725264],[-64.8992202,-24.2703175],[-64.8986373,-24.2687865],[-64.8985424,-24.2684264],[-64.8984498,-24.2680305],[-64.8983295,-24.267461],[-64.8983153,-24.2673061],[-64.8983093,-24.2671512],[-64.8983082,-24.2669738],[-64.8983129,-24.2668591],[-64.898317,-24.2667859],[-64.8983616,-24.2664025],[-64.8986401,-24.2640564],[-64.898691,-24.2636645],[-64.8987016,-24.2635828],[-64.8988956,-24.2621131],[-64.8989665,-24.2615991],[-64.8990371,-24.2611992],[-64.8991164,-24.2608155],[-64.8992729,-24.2600409],[-64.8994001,-24.2592839],[-64.899427,-24.2590285],[-64.8994655,-24.258663],[-64.8995028,-24.2583085],[-64.8995927,-24.2567772],[-64.8995558,-24.2564232],[-64.899469,-24.2555899],[-64.8992831,-24.254723],[-64.8989556,-24.253714],[-64.8985935,-24.2528503],[-64.89814,-24.251999],[-64.8978754,-24.251543],[-64.8974061,-24.2507342],[-64.8970021,-24.2500154],[-64.8960355,-24.248296],[-64.8953243,-24.2470495],[-64.8950345,-24.2465415],[-64.8941456,-24.2450988],[-64.8937092,-24.2445015],[-64.8931607,-24.243819],[-64.8924912,-24.2430951],[-64.8921651,-24.2427425],[-64.891703,-24.2422847],[-64.8915586,-24.2421417],[-64.891322,-24.2419073],[-64.8907996,-24.2413897],[-64.8906885,-24.2412797],[-64.8901127,-24.2407145],[-64.8893721,-24.2399876],[-64.8887481,-24.239375],[-64.8880344,-24.2386906],[-64.8878003,-24.238459],[-64.8875944,-24.2382552],[-64.886599,-24.23727],[-64.8862723,-24.2369116],[-64.8854091,-24.2359645],[-64.8849161,-24.2354236],[-64.8842702,-24.2347086],[-64.8834593,-24.2338109],[-64.8825756,-24.2329275],[-64.8820192,-24.2324698],[-64.8819608,-24.2324154],[-64.8805211,-24.2311855],[-64.8796729,-24.2304609],[-64.8789368,-24.2298233],[-64.8781548,-24.2291459],[-64.8766933,-24.2278997],[-64.8746552,-24.2261579],[-64.874034,-24.2256398],[-64.8736163,-24.2252953],[-64.8735189,-24.2252012],[-64.8731141,-24.2248555],[-64.8727251,-24.2245132],[-64.8715621,-24.2235301],[-64.8710809,-24.2230868],[-64.8705836,-24.2225309],[-64.8703445,-24.2222277],[-64.869989,-24.2217464],[-64.8696977,-24.221285],[-64.8694387,-24.2208336],[-64.8691263,-24.2202368],[-64.8690188,-24.2199794],[-64.8682457,-24.2180652],[-64.8680705,-24.2176902],[-64.8679767,-24.2174896],[-64.8677663,-24.2171377],[-64.8675205,-24.2167909],[-64.867068,-24.2162797],[-64.8668265,-24.2160404],[-64.8667931,-24.2160112],[-64.8667515,-24.2159758],[-64.8664723,-24.2157477],[-64.8662367,-24.2155707],[-64.8658961,-24.2153514],[-64.8655609,-24.2151767],[-64.8652072,-24.215004],[-64.8645851,-24.2147561],[-64.8636302,-24.2144161],[-64.8619667,-24.2138022],[-64.8619205,-24.2137848],[-64.8617499,-24.2137255],[-64.8616769,-24.2136991],[-64.8613454,-24.213579],[-64.8602465,-24.213181],[-64.8594497,-24.2128924],[-64.8591538,-24.2127852]]]},"geometry_name":"geom","properties":{"gid":939,"rtn":"34","typ":40,"rst":1,"hct":1,"fdc":"Dirección Nacional de Vialidad","sag":"IGN"},"bbox":[-64.9725963,-24.3684754,-64.8591538,-24.2127852]},{"type":"Feature","id":"vial_nacional.940","geometry":{"type":"MultiLineString","coordinates":[[[-64.94783,-25.785468],[-64.9486647,-25.78517897],[-64.94870391,-25.78515708],[-64.94873196,-25.7851297]]]},"geometry_name":"geom","properties":{"gid":940,"rtn":"34","typ":40,"rst":1,"hct":1,"fdc":"Dirección Nacional de Vialidad","sag":"IGN"},"bbox":[-64.94873196,-25.785468,-64.94783,-25.7851297]},{"type":"Feature","id":"vial_nacional.941","geometry":{"type":"MultiLineString","coordinates":[[[-64.94783,-25.785468],[-64.94809049,-25.78535525],[-64.94826257,-25.78526692],[-64.94833567,-25.78522428],[-64.94838821,-25.78517707],[-64.94844817,-25.78509998],[-64.94848243,-25.78499433],[-64.948491,-25.78486298],[-64.94847387,-25.78467167],[-64.94846299,-25.78454871]]]},"geometry_name":"geom","properties":{"gid":941,"rtn":"34","typ":40,"rst":1,"hct":1,"fdc":"Dirección Nacional de Vialidad","sag":"IGN"},"bbox":[-64.948491,-25.785468,-64.94783,-25.78454871]},{"type":"Feature","id":"vial_nacional.942","geometry":{"type":"MultiLineString","coordinates":[[[-64.94783,-25.785468],[-64.9458136,-25.7861528],[-64.9348633,-25.7898717],[-64.9339683,-25.7902167],[-64.9328867,-25.79073],[-64.9320817,-25.7911767],[-64.9311167,-25.7918033],[-64.93021,-25.7924983],[-64.9291133,-25.7935117],[-64.9285233,-25.7941467],[-64.9277633,-25.7950883],[-64.927015,-25.7960604],[-64.9263735,-25.7968937],[-64.9256891,-25.7977827],[-64.9104667,-25.817555],[-64.9099367,-25.8181617],[-64.9091533,-25.818905],[-64.9081702,-25.8196215],[-64.9070922,-25.8202295],[-64.9007237,-25.8230587]]]},"geometry_name":"geom","properties":{"gid":942,"rtn":"34","typ":40,"rst":1,"hct":1,"fdc":"Dirección Nacional de Vialidad","sag":"IGN"},"bbox":[-64.94783,-25.8230587,-64.9007237,-25.785468]},{"type":"Feature","id":"vial_nacional.943","geometry":{"type":"MultiLineString","coordinates":[[[-64.8963453,-25.8249556],[-64.8964201,-25.8249082],[-64.8972627,-25.8245397],[-64.8977512,-25.8242896],[-64.8979081,-25.8242212],[-64.8984115,-25.8239975],[-64.8986954,-25.8238737],[-64.89931,-25.8236055],[-64.9005985,-25.8230925],[-64.9007237,-25.8230587],[-64.9006189,-25.8231221],[-64.8999654,-25.8234237],[-64.8989921,-25.823861],[-64.8986459,-25.824007],[-64.8983663,-25.8241309],[-64.8973101,-25.8245837],[-64.896426,-25.824941],[-64.8963453,-25.8249556]]]},"geometry_name":"geom","properties":{"gid":943,"rtn":"34","typ":40,"rst":1,"hct":1,"fdc":"Dirección Nacional de Vialidad","sag":"IGN"},"bbox":[-64.9007237,-25.8249556,-64.8963453,-25.8230587]},{"type":"Feature","id":"vial_nacional.944","geometry":{"type":"MultiLineString","coordinates":[[[-64.8963453,-25.8249556],[-64.8944376,-25.8258103],[-64.8831705,-25.8307426],[-64.8677571,-25.8374897],[-64.8588996,-25.841371],[-64.8573599,-25.8420492],[-64.8545818,-25.8432677],[-64.8382086,-25.8504164],[-64.8299232,-25.8540629],[-64.824945,-25.8562333],[-64.8123341,-25.8617521],[-64.8119091,-25.8619381],[-64.8022547,-25.8661422],[-64.7826644,-25.8746967],[-64.7793319,-25.8761519],[-64.7786673,-25.876454],[-64.7780734,-25.8767499],[-64.7775067,-25.8770694],[-64.7770577,-25.8773288],[-64.776335,-25.8778133],[-64.7757713,-25.8782295],[-64.7751217,-25.87875],[-64.7740603,-25.8797626],[-64.7737646,-25.8801101],[-64.7733179,-25.8806511],[-64.7724421,-25.8818092],[-64.7708171,-25.8839781],[-64.7695275,-25.8856655],[-64.7683402,-25.8872271],[-64.7675152,-25.8883473],[-64.7658623,-25.8904992],[-64.7651427,-25.8914495],[-64.7650222,-25.8916088],[-64.7534933,-25.9068333],[-64.75286,-25.9077683],[-64.7520583,-25.9092067],[-64.7474006,-25.9182895],[-64.745055,-25.9228633],[-64.744775,-25.92334],[-64.7443857,-25.9239034],[-64.7440303,-25.9243393],[-64.7436309,-25.9247544],[-64.743217,-25.9251558],[-64.7428386,-25.9254861],[-64.7421517,-25.9260018],[-64.7414487,-25.9264457],[-64.7309189,-25.9333773],[-64.729945,-25.9340183],[-64.728235,-25.93501],[-64.7272717,-25.93545],[-64.72606,-25.9359033],[-64.7250567,-25.9361983],[-64.72392,-25.9364417],[-64.7219383,-25.93668],[-64.7082883,-25.93742],[-64.70671,-25.9375833],[-64.7058133,-25.937755],[-64.7049133,-25.9379917],[-64.7036,-25.93847],[-64.7029383,-25.9387767],[-64.7018367,-25.9394067],[-64.7012133,-25.9398317],[-64.7004267,-25.94045],[-64.6865667,-25.952435],[-64.68564,-25.9533117],[-64.6854529,-25.9535256],[-64.6847183,-25.954365],[-64.6837167,-25.9558283],[-64.683235,-25.95672],[-64.6829017,-25.9574617],[-64.6824,-25.9589317],[-64.6822067,-25.9597183],[-64.6814033,-25.963925],[-64.6772833,-25.9858667],[-64.6769967,-25.9870233],[-64.6767667,-25.987705],[-64.676195,-25.9890217],[-64.6757667,-25.9898233],[-64.67527,-25.9905933],[-64.6745767,-25.99152],[-64.67396,-25.9922217],[-64.6729517,-25.9931967],[-64.6646477,-26.000484],[-64.6642576,-26.0008342],[-64.6619569,-26.0028552],[-64.6585533,-26.005845],[-64.6557815,-26.0083144],[-64.649285,-26.0141017],[-64.648405,-26.0149567],[-64.6473133,-26.0162783],[-64.6465067,-26.0175067],[-64.6460367,-26.0183967],[-64.645635,-26.019325],[-64.645105,-26.0210483],[-64.6445729,-26.0234164],[-64.6392109,-26.0472772],[-64.6386383,-26.049825],[-64.638335,-26.0509067],[-64.637915,-26.05202],[-64.63748,-26.0529183],[-64.6368117,-26.05404],[-64.6360067,-26.055125],[-64.6297833,-26.06266],[-64.594195,-26.1060333],[-64.5936449,-26.1066948],[-64.5855922,-26.1163112],[-64.5701633,-26.13493],[-64.5695667,-26.1358433],[-64.5693183,-26.13632],[-64.5688367,-26.1375517],[-64.5653783,-26.15085],[-64.565045,-26.1518717],[-64.564835,-26.1523633],[-64.5641817,-26.153525],[-64.5637117,-26.1541717],[-64.53047,-26.19601],[-64.5226433,-26.2059183],[-64.5206583,-26.2083667],[-64.51988,-26.209405],[-64.5110283,-26.2206283],[-64.501195,-26.2329967],[-64.4995383,-26.2351217],[-64.4988917,-26.23607],[-64.4983267,-26.2371317],[-64.49781,-26.238495],[-64.4975283,-26.2396783],[-64.4973967,-26.2410967],[-64.4965802,-26.2884458],[-64.4965781,-26.2888708],[-64.4965703,-26.2904445],[-64.4965677,-26.2909792],[-64.4965644,-26.291631],[-64.4965574,-26.293056],[-64.4965082,-26.2954278],[-64.4954333,-26.3567517],[-64.4961917,-26.381575],[-64.4964365,-26.388628],[-64.496485,-26.3900262],[-64.4967092,-26.3964868],[-64.4967619,-26.3980069],[-64.4968174,-26.3996047],[-64.496886,-26.4014512],[-64.4969133,-26.4021867],[-64.4968967,-26.4029017],[-64.4969933,-26.404705],[-64.497725,-26.4265883],[-64.49915,-26.4708],[-64.4991117,-26.472245],[-64.4902317,-26.5439083],[-64.4897733,-26.5470967],[-64.4892233,-26.551855],[-64.4880133,-26.5612083],[-64.485255,-26.58332],[-64.48228,-26.6062483],[-64.473315,-26.6704233],[-64.4729917,-26.671785],[-64.4724167,-26.673355],[-64.4598133,-26.7025867],[-64.4594867,-26.7036767],[-64.4592967,-26.7047467],[-64.4592433,-26.7052867],[-64.4592083,-26.7069067],[-64.4591209,-26.727381],[-64.4586161,-26.8553503],[-64.4585175,-26.8686275],[-64.45851,-26.881905],[-64.458275,-26.909425],[-64.4583333,-26.9132067],[-64.4586933,-26.9195717],[-64.458765,-26.9225883],[-64.4583467,-26.9836933],[-64.45839,-26.98635],[-64.4585633,-26.9904067],[-64.45881,-26.9943583],[-64.4589067,-26.9977083],[-64.4591083,-27.056775],[-64.4590933,-27.05871],[-64.4582383,-27.0891],[-64.4581967,-27.0912217],[-64.458225,-27.0918267],[-64.4583883,-27.09332],[-64.458595,-27.094495],[-64.4689911,-27.1499195],[-64.4690564,-27.1502676],[-64.4691236,-27.150626],[-64.4711169,-27.1610898],[-64.4712699,-27.1619032],[-64.4713533,-27.1623467],[-64.4716883,-27.16373],[-64.4719917,-27.1645233],[-64.472525,-27.1655367],[-64.4732133,-27.16648],[-64.4736,-27.1669067],[-64.4804219,-27.1732691],[-64.4805784,-27.1734151],[-64.4807951,-27.1736153],[-64.4808675,-27.1736822],[-64.4814484,-27.1742346]]]},"geometry_name":"geom","properties":{"gid":944,"rtn":"34","typ":40,"rst":1,"hct":1,"fdc":"Dirección Nacional de Vialidad","sag":"IGN"},"bbox":[-64.8963453,-27.1742346,-64.4581967,-25.8249556]},{"type":"Feature","id":"vial_nacional.945","geometry":{"type":"MultiLineString","coordinates":[[[-64.8552391,-24.2092361],[-64.8536292,-24.2066729],[-64.8530634,-24.2057838],[-64.8523324,-24.2046229],[-64.8520763,-24.2042066],[-64.8519316,-24.2039358],[-64.8518129,-24.2036346],[-64.8517127,-24.2033266],[-64.847588,-24.189803],[-64.8441006,-24.1783679],[-64.8440599,-24.1782358],[-64.8431549,-24.175294],[-64.8429987,-24.1746813],[-64.8428694,-24.1740595],[-64.8427661,-24.1734258],[-64.8427144,-24.1729336],[-64.8426401,-24.1722587],[-64.8426142,-24.1715956],[-64.8423087,-24.1554651],[-64.8422918,-24.1544848],[-64.8422637,-24.1540127],[-64.8422074,-24.1535251],[-64.8421231,-24.1530324],[-64.8420274,-24.1525397],[-64.8419037,-24.1520624],[-64.8417968,-24.1516775],[-64.8416675,-24.1512875],[-64.8374319,-24.1411782],[-64.8373799,-24.1410055],[-64.8373503,-24.1408396],[-64.8373443,-24.1407853],[-64.837328,-24.1406364],[-64.837328,-24.1404603],[-64.8374319,-24.1395866],[-64.8374319,-24.1393767],[-64.8374208,-24.1391735],[-64.8373836,-24.1389568],[-64.837319,-24.1387589],[-64.8362518,-24.1366405],[-64.8360923,-24.1362409],[-64.8359921,-24.135848],[-64.8358548,-24.1350454],[-64.8355802,-24.1333827],[-64.8355097,-24.1329932],[-64.8354206,-24.1326004],[-64.8352981,-24.1321906],[-64.8351571,-24.1318012],[-64.8349901,-24.1314219],[-64.8348232,-24.1310426],[-64.8344521,-24.1302873],[-64.8331681,-24.1276356],[-64.8323332,-24.1259152],[-64.832155,-24.1255223],[-64.8320363,-24.1251227],[-64.8319955,-24.1249059],[-64.8319769,-24.1246926],[-64.8319806,-24.1244758],[-64.8319918,-24.1242794],[-64.8320363,-24.1240321],[-64.832092,-24.1237883],[-64.8321662,-24.1235411],[-64.8322552,-24.1233108],[-64.8331813,-24.1214145],[-64.8335997,-24.1205577],[-64.8337544,-24.1201712],[-64.8338175,-24.1199781],[-64.8338657,-24.1197851],[-64.8339066,-24.1195886],[-64.8339325,-24.1193922],[-64.8339474,-24.1191856],[-64.8339363,-24.1189993],[-64.8338991,-24.1186843],[-64.8338361,-24.1183897],[-64.8337656,-24.1180984],[-64.8330197,-24.1148842],[-64.8328675,-24.114349],[-64.8327636,-24.1140882],[-64.8326412,-24.113824],[-64.832363,-24.1133859],[-64.8320251,-24.1129207],[-64.8301797,-24.1104677],[-64.8276745,-24.1071283],[-64.824623,-24.1025218],[-64.8245633,-24.102442],[-64.8244842,-24.1023656],[-64.8244034,-24.1023059],[-64.8243432,-24.1022726],[-64.8243011,-24.1022494],[-64.8242329,-24.1022261],[-64.8241428,-24.1022064],[-64.8240518,-24.102193],[-64.8239495,-24.1021891],[-64.8235711,-24.1022484],[-64.8234678,-24.1022572],[-64.8234038,-24.1022397],[-64.8233569,-24.1022144],[-64.8233078,-24.1021658],[-64.8232717,-24.1021016],[-64.8232447,-24.1020303],[-64.8232188,-24.1018643],[-64.8226506,-24.0987459],[-64.8224903,-24.0979673],[-64.8222654,-24.0972283],[-64.8219542,-24.0964879],[-64.8215937,-24.0957482],[-64.8208881,-24.0942688],[-64.8206417,-24.0937597],[-64.8192375,-24.0908572],[-64.8189161,-24.0901899],[-64.8187822,-24.0899159],[-64.818546,-24.0894393],[-64.8184443,-24.089233],[-64.8183228,-24.0890241],[-64.8181815,-24.0888229],[-64.8180177,-24.0886191],[-64.8178538,-24.0884515],[-64.8176814,-24.0882915],[-64.8174865,-24.0881368],[-64.8172887,-24.0879949],[-64.8171418,-24.0878943],[-64.817009,-24.0877808],[-64.8168734,-24.0876441],[-64.8167491,-24.0874894],[-64.8166587,-24.0873398],[-64.8165824,-24.0871773],[-64.8164468,-24.0868549],[-64.8158889,-24.0856128],[-64.815537,-24.0848043],[-64.8153986,-24.0844999],[-64.8151641,-24.0838448],[-64.8149493,-24.0831819],[-64.814113,-24.0805225],[-64.8139379,-24.0800453],[-64.8137542,-24.0795758],[-64.8135451,-24.0791192],[-64.8133276,-24.0786704],[-64.8123755,-24.0766868],[-64.8121466,-24.0762586],[-64.8120166,-24.0760393],[-64.8118782,-24.0758252],[-64.8113329,-24.0749739],[-64.8105079,-24.0737177],[-64.8104147,-24.0735655],[-64.8103243,-24.0733978],[-64.8101406,-24.073047],[-64.8099768,-24.0726987],[-64.8096405,-24.0719816],[-64.8091463,-24.0708959],[-64.8090698,-24.0707279],[-64.8089455,-24.0704029],[-64.8088353,-24.0700624],[-64.8087044,-24.0695998],[-64.8086404,-24.0693736],[-64.8085651,-24.069102],[-64.8083821,-24.0684422],[-64.8083183,-24.0682224],[-64.8082442,-24.0680044],[-64.8042323,-24.059733],[-64.8039962,-24.0591795],[-64.8038782,-24.0589052],[-64.8037763,-24.0586309],[-64.80361,-24.0580725],[-64.8034652,-24.0575337],[-64.803113,-24.0561536],[-64.7974735,-24.0324741],[-64.7933318,-24.0148905],[-64.7932567,-24.0144789],[-64.7931977,-24.0140575],[-64.7931655,-24.0136214],[-64.7931387,-24.0131951],[-64.792452,-23.9934215],[-64.7924037,-23.9908657],[-64.7924091,-23.9901697],[-64.7924306,-23.9898266],[-64.7924696,-23.9894842],[-64.7932291,-23.9851994],[-64.7945182,-23.9778995],[-64.7954518,-23.9726599],[-64.799745,-23.948616],[-64.7999611,-23.9474056],[-64.8000242,-23.9470571],[-64.8000486,-23.9468881],[-64.800057,-23.9467147],[-64.799993,-23.9462142],[-64.7999226,-23.9456638],[-64.7999063,-23.9454297],[-64.7999063,-23.9453146],[-64.7999267,-23.9451232],[-64.800246,-23.9430753],[-64.8003134,-23.9427318],[-64.8006575,-23.9408087],[-64.8006855,-23.9407224],[-64.8007378,-23.9405872],[-64.8008025,-23.9404295],[-64.8008827,-23.9402803],[-64.8013078,-23.939596],[-64.8013448,-23.9395228],[-64.8013725,-23.9394524],[-64.8024722,-23.9331542],[-64.8026485,-23.9322048],[-64.8027407,-23.9317413],[-64.8028471,-23.9312875],[-64.8035466,-23.9290038],[-64.8048587,-23.9248091],[-64.8073297,-23.9168392],[-64.807468,-23.9163918],[-64.8075354,-23.9161681],[-64.8075922,-23.9159477],[-64.807617,-23.9157272],[-64.807617,-23.9154906],[-64.8075673,-23.9150432],[-64.8073005,-23.9127776],[-64.8072588,-23.9124237],[-64.8072021,-23.9118985],[-64.8071985,-23.9116391],[-64.8072127,-23.911383],[-64.8072801,-23.9110101],[-64.8073758,-23.9106632],[-64.8074751,-23.9104104],[-64.8075922,-23.9101737],[-64.8096242,-23.9068603],[-64.8100356,-23.9061665],[-64.8102236,-23.9058228],[-64.8104009,-23.9054856],[-64.811096,-23.9040947],[-64.8123998,-23.9019712],[-64.8125136,-23.9017858],[-64.8127209,-23.9014482],[-64.8131103,-23.9008139],[-64.8198876,-23.8898157],[-64.8201605,-23.8894284],[-64.8204538,-23.8890559],[-64.8207879,-23.888676],[-64.8211708,-23.8883109],[-64.8216923,-23.8878789],[-64.8222375,-23.8874527],[-64.8224056,-23.8873258],[-64.8226288,-23.8871628],[-64.8231425,-23.8867652],[-64.8233666,-23.8865491],[-64.8235662,-23.8863405],[-64.8237128,-23.8861394],[-64.823831,-23.8859531],[-64.823945,-23.8857334],[-64.8240265,-23.8855248],[-64.8240998,-23.8852976],[-64.8241447,-23.8850778],[-64.8241772,-23.8848804],[-64.8241854,-23.8847016],[-64.8241813,-23.8845116],[-64.8241691,-23.8843254],[-64.8241202,-23.8839827],[-64.8240632,-23.8836326],[-64.8239287,-23.8829434],[-64.8238595,-23.8826007],[-64.8237699,-23.8822655],[-64.8236721,-23.881934],[-64.823554,-23.8816062],[-64.8233381,-23.881148],[-64.8231058,-23.8807047],[-64.8198591,-23.8747148],[-64.811962,-23.8601569],[-64.8116994,-23.8596494],[-64.8114672,-23.859098],[-64.8113205,-23.8586472],[-64.8112024,-23.8581703],[-64.8086325,-23.8470478],[-64.808564,-23.8467606],[-64.8082245,-23.8453311],[-64.8080941,-23.844776],[-64.8079352,-23.8442282],[-64.8077397,-23.8436917],[-64.8075197,-23.8431589],[-64.8037439,-23.8344241],[-64.8033752,-23.8335712],[-64.8007658,-23.8275343],[-64.8001333,-23.8260709]]]},"geometry_name":"geom","properties":{"gid":945,"rtn":"34","typ":40,"rst":1,"hct":1,"fdc":"Dirección Nacional de Vialidad","sag":"IGN"},"bbox":[-64.8552391,-24.2092361,-64.7924037,-23.8260709]},{"type":"Feature","id":"vial_nacional.947","geometry":{"type":"MultiLineString","coordinates":[[[-64.7837472,-23.7883375],[-64.7834156,-23.787613],[-64.7787937,-23.7769527],[-64.7786592,-23.7766436],[-64.7782485,-23.7756995],[-64.7780903,-23.7753624],[-64.777712,-23.7745566],[-64.7773225,-23.7736359],[-64.7766964,-23.7721724],[-64.7764469,-23.7716582],[-64.776404,-23.7715819],[-64.7761841,-23.7711908],[-64.7759172,-23.7707768],[-64.775636,-23.7704162],[-64.7756094,-23.7703862],[-64.7753393,-23.7700814],[-64.7750073,-23.769737],[-64.7747541,-23.7695093],[-64.77449,-23.7692937],[-64.7741715,-23.7690569],[-64.7738805,-23.7688647],[-64.7736579,-23.7687372],[-64.7734783,-23.7686425],[-64.7730545,-23.7684191],[-64.7727828,-23.7682821],[-64.7724717,-23.7681399],[-64.7722219,-23.7680372],[-64.7716384,-23.767856],[-64.7712626,-23.7677532],[-64.7708991,-23.7676797],[-64.7704494,-23.7676036],[-64.7695825,-23.7674784],[-64.7671428,-23.7671966],[-64.7658712,-23.7669869],[-64.7642754,-23.7667755],[-64.7251991,-23.7615151],[-64.718946,-23.7606813],[-64.6873944,-23.7564102],[-64.6868573,-23.7563166],[-64.686345,-23.7562124],[-64.6858328,-23.756045],[-64.6853327,-23.7558329],[-64.6843323,-23.7552709],[-64.6820153,-23.7538422],[-64.6815192,-23.7535318],[-64.6812835,-23.7533845],[-64.6806191,-23.7529693],[-64.6798924,-23.7525153],[-64.6791891,-23.7520985],[-64.6788191,-23.7518976],[-64.6784126,-23.7517004],[-64.6778028,-23.7514659],[-64.6771686,-23.7512427],[-64.6758351,-23.7508185],[-64.6672244,-23.7480573],[-64.6664788,-23.7478203],[-64.6264672,-23.7350357],[-64.6258274,-23.7347878],[-64.6252063,-23.7345227],[-64.6245712,-23.7342149],[-64.6239454,-23.7339199],[-64.6186457,-23.730931],[-64.6170139,-23.7300107],[-64.5895505,-23.7145561],[-64.5887802,-23.7140032],[-64.5880654,-23.7133939],[-64.5873937,-23.7127056],[-64.5868022,-23.7119609],[-64.5713434,-23.6868532],[-64.5711735,-23.6865745],[-64.5688849,-23.6827939],[-64.5668975,-23.6795649],[-64.5628192,-23.6730675],[-64.5619619,-23.6717016],[-64.5615147,-23.6709606],[-64.5532448,-23.657512],[-64.5528644,-23.6569098],[-64.5524678,-23.6563077],[-64.5519897,-23.6557453],[-64.5514627,-23.655188],[-64.5508977,-23.6547252],[-64.5502946,-23.6542723],[-64.5489907,-23.6534561],[-64.5451767,-23.6512067],[-64.5446008,-23.6508185],[-64.5440412,-23.6504054],[-64.5434653,-23.6499177],[-64.5429437,-23.6493802],[-64.5424765,-23.6488029],[-64.5420527,-23.6481858],[-64.5413301,-23.6468819],[-64.5397311,-23.6438551],[-64.5396319,-23.643661],[-64.5387459,-23.6419278],[-64.5385453,-23.6414122],[-64.5383728,-23.6408815],[-64.5382003,-23.640334],[-64.5380832,-23.6397751],[-64.53804,-23.6391824],[-64.5380154,-23.6385953],[-64.5380462,-23.6374268],[-64.538151,-23.6364389],[-64.5381818,-23.6356994],[-64.5381818,-23.6349881],[-64.538114,-23.6342824],[-64.5380031,-23.6335937],[-64.5378244,-23.6328711],[-64.5375841,-23.6321598],[-64.5372513,-23.6315049],[-64.5368877,-23.6308726],[-64.5265476,-23.6139719],[-64.5249088,-23.6112394],[-64.524608,-23.6107368],[-64.524339,-23.6102276],[-64.5241054,-23.6096926],[-64.5239072,-23.6091542],[-64.5237197,-23.6085932],[-64.5233763,-23.6073576],[-64.5231144,-23.6065436],[-64.5229516,-23.6061577],[-64.5227711,-23.6057685],[-64.5225517,-23.6053794],[-64.5223252,-23.6049967],[-64.5218474,-23.6042281],[-64.5207149,-23.6024444],[-64.5203928,-23.6020098],[-64.520046,-23.6015784],[-64.5192815,-23.6008033],[-64.5180605,-23.5996552],[-64.5177561,-23.5993374],[-64.5174694,-23.5990034],[-64.517204,-23.5986563],[-64.5169562,-23.5983061],[-64.5067617,-23.5817471],[-64.5058704,-23.5803116],[-64.5036829,-23.5767393],[-64.5030685,-23.5759172],[-64.5027366,-23.5755308],[-64.5023464,-23.575165],[-64.5019293,-23.5748485],[-64.5014898,-23.5745525],[-64.5010189,-23.5742976],[-64.5005112,-23.574041],[-64.4999694,-23.5738496],[-64.4993415,-23.5736769],[-64.4987001,-23.5735618],[-64.4980095,-23.5734796],[-64.4974085,-23.5735002],[-64.4967492,-23.5735577],[-64.4963242,-23.5735929],[-64.4951726,-23.5736884],[-64.4942459,-23.5737964],[-64.4925289,-23.5739811],[-64.4918427,-23.574014],[-64.491137,-23.5739996],[-64.4906362,-23.5739606],[-64.4901519,-23.5738989],[-64.4896271,-23.5738085],[-64.4891113,-23.5736893],[-64.4887526,-23.5735906],[-64.4883982,-23.5734796],[-64.488035,-23.573344],[-64.4876717,-23.5732042],[-64.4871021,-23.572937],[-64.4865191,-23.5726287],[-64.4674864,-23.5618777],[-64.4563391,-23.5556082],[-64.4556396,-23.5551576],[-64.4549526,-23.5546297],[-64.4492367,-23.5501448],[-64.4447306,-23.5466606],[-64.4303825,-23.5355664],[-64.4297218,-23.5350536],[-64.4014066,-23.5131062],[-64.3999888,-23.511985],[-64.3994737,-23.5114497],[-64.3989345,-23.5108619],[-64.3984799,-23.5102359],[-64.398099,-23.5095977],[-64.3949193,-23.5028649],[-64.3946828,-23.5023483],[-64.3931625,-23.4991615],[-64.3869196,-23.4858871],[-64.3844575,-23.4806163],[-64.3824497,-23.476318],[-64.3705426,-23.4504175],[-64.3689391,-23.446883],[-64.3686126,-23.4461872],[-64.3679609,-23.4449927],[-64.3671919,-23.4439194],[-64.3669007,-23.4435535],[-64.3653278,-23.4419656],[-64.3546593,-23.4322572]]]},"geometry_name":"geom","properties":{"gid":947,"rtn":"34","typ":40,"rst":1,"hct":1,"fdc":"Dirección Nacional de Vialidad","sag":"IGN"},"bbox":[-64.7837472,-23.7883375,-64.3546593,-23.4322572]},{"type":"Feature","id":"vial_nacional.949","geometry":{"type":"MultiLineString","coordinates":[[[-64.484686,-27.1772788],[-64.48534,-27.1779083],[-64.48615,-27.178785],[-64.4869783,-27.1798833],[-64.4871718,-27.1801949],[-64.4875933,-27.1808733],[-64.4880406,-27.181798],[-64.4883306,-27.1825098],[-64.4885562,-27.1831608],[-64.4887267,-27.1837433],[-64.4888753,-27.1843453],[-64.4890294,-27.1852949],[-64.4890844,-27.185799],[-64.4891394,-27.1863179],[-64.4891394,-27.1871989],[-64.4890954,-27.1879526],[-64.4890129,-27.1887211],[-64.4886717,-27.1903417],[-64.4884133,-27.19113],[-64.4879883,-27.1921483],[-64.4871867,-27.1936117],[-64.4861683,-27.1950167],[-64.4502117,-27.2359567],[-64.4318717,-27.25692],[-64.4308367,-27.2579983],[-64.4294683,-27.2591683],[-64.42217,-27.2648267],[-64.3845323,-27.2938174],[-64.3828383,-27.2951262],[-64.3821329,-27.2956712],[-64.3802721,-27.2971089],[-64.3774533,-27.2992617],[-64.3749067,-27.3012667],[-64.3592583,-27.3133],[-64.3482517,-27.3218333],[-64.3472733,-27.3227033],[-64.3461517,-27.3239217],[-64.34519,-27.3252483],[-64.3445433,-27.32637],[-64.33291,-27.3485967],[-64.325755,-27.3623783],[-64.3162567,-27.3804467],[-64.3081031,-27.3958749],[-64.2948833,-27.4213467],[-64.2808417,-27.4482283],[-64.2789233,-27.4518067],[-64.2772233,-27.455205],[-64.276895,-27.4560233],[-64.27655,-27.45716],[-64.2762717,-27.4586417],[-64.276175,-27.4601233],[-64.2762283,-27.4612233],[-64.2789581,-27.4899347],[-64.2857167,-27.5603967],[-64.286085,-27.5646067],[-64.2874317,-27.5777817],[-64.2886633,-27.590625],[-64.2911619,-27.6170994],[-64.2923333,-27.6295083],[-64.2923683,-27.6303983],[-64.2923233,-27.6315667],[-64.29211,-27.6329967],[-64.2919083,-27.6338233],[-64.29143,-27.6351783],[-64.2910683,-27.635965],[-64.2903433,-27.6372233],[-64.2894867,-27.6384],[-64.2886457,-27.6392439],[-64.288342,-27.6395429],[-64.2880129,-27.6398518],[-64.2877233,-27.6401209],[-64.2874139,-27.6403825],[-64.2871833,-27.6405644],[-64.2870427,-27.640669],[-64.2866321,-27.6409754],[-64.2828194,-27.6436411],[-64.28239,-27.6439348],[-64.2818505,-27.6443048],[-64.26947,-27.6529033],[-64.2649547,-27.6560554],[-64.2559917,-27.6623683],[-64.2505767,-27.6660833],[-64.2362567,-27.6761067],[-64.2229121,-27.68534],[-64.2220903,-27.6859104],[-64.2220221,-27.6859576],[-64.2218809,-27.6860553],[-64.2212634,-27.6864707],[-64.2181675,-27.6886176],[-64.209303,-27.6947828],[-64.2031573,-27.6990506],[-64.2027287,-27.6993483],[-64.2019868,-27.6998984],[-64.2013093,-27.7004327],[-64.2008807,-27.7008271],[-64.2003866,-27.7012914],[-64.200125,-27.7015855],[-64.1996034,-27.7021855],[-64.1990417,-27.7029483],[-64.1984633,-27.7038317],[-64.1980458,-27.7045657],[-64.197555,-27.7056156],[-64.1970658,-27.7069976]]]},"geometry_name":"geom","properties":{"gid":949,"rtn":"34","typ":40,"rst":1,"hct":1,"fdc":"Dirección Nacional de Vialidad","sag":"IGN"},"bbox":[-64.4891394,-27.7069976,-64.1970658,-27.1772788]},{"type":"Feature","id":"vial_nacional.950","geometry":{"type":"MultiLineString","coordinates":[[[-64.3546593,-23.4322572],[-64.3545856,-23.4322412],[-64.3542731,-23.4320001],[-64.35415802,-23.43197468],[-64.3540301,-23.4319719],[-64.3539297,-23.4319608],[-64.3538378,-23.4319218],[-64.3537637,-23.4318586],[-64.3537144,-23.4317775],[-64.3536949,-23.4317117],[-64.35369164,-23.43164632],[-64.3536964,-23.43157255],[-64.35368451,-23.43148214],[-64.3536112,-23.431342],[-64.35316,-23.4309163],[-64.3530205,-23.4307277],[-64.3532302,-23.430846],[-64.3537045,-23.4312765],[-64.3538386,-23.4313479],[-64.35393435,-23.43136078],[-64.35402477,-23.43136554],[-64.35411043,-23.43136554],[-64.35421037,-23.43138934],[-64.35427937,-23.43142979],[-64.35433648,-23.43149641],[-64.35437217,-23.43156066],[-64.35438407,-23.43163442],[-64.35438407,-23.4317177],[-64.35438883,-23.43180574],[-64.35442452,-23.43189378],[-64.3546418,-23.4321983],[-64.3546593,-23.4322572]]]},"geometry_name":"geom","properties":{"gid":950,"rtn":"34","typ":40,"rst":1,"hct":1,"fdc":"Dirección Nacional de Vialidad","sag":"IGN"},"bbox":[-64.3546593,-23.4322572,-64.3530205,-23.4307277]},{"type":"Feature","id":"vial_nacional.951","geometry":{"type":"MultiLineString","coordinates":[[[-64.3530205,-23.4307277],[-64.3476007,-23.4257994],[-64.3137332,-23.3948883],[-64.3129797,-23.3942005],[-64.2998701,-23.3820859],[-64.2907155,-23.373543],[-64.2703726,-23.3542965],[-64.2645156,-23.3487054],[-64.2526136,-23.3372655],[-64.2392578,-23.3243664],[-64.2375973,-23.322782],[-64.2365397,-23.3217592],[-64.2342214,-23.3195005],[-64.2327483,-23.3180662],[-64.229407,-23.3148484],[-64.2293467,-23.3147892],[-64.2279493,-23.3134154]]]},"geometry_name":"geom","properties":{"gid":951,"rtn":"34","typ":40,"rst":1,"hct":1,"fdc":"Dirección Nacional de Vialidad","sag":"IGN"},"bbox":[-64.3530205,-23.4307277,-64.2279493,-23.3134154]},{"type":"Feature","id":"vial_nacional.952","geometry":{"type":"MultiLineString","coordinates":[[[-64.2279493,-23.3134154],[-64.2274461,-23.3129694],[-64.2273498,-23.3128841],[-64.22727835,-23.31283502],[-64.22721248,-23.31280684],[-64.22715309,-23.31280684],[-64.22707371,-23.31280342],[-64.2270166,-23.31278514],[-64.2269637,-23.3127613],[-64.22691495,-23.31273375],[-64.2268699,-23.3126895],[-64.22683843,-23.31264809],[-64.2268164,-23.3125895],[-64.2268147,-23.3125492],[-64.22679674,-23.31247905],[-64.2267382,-23.3123534],[-64.2266824,-23.3122634],[-64.226608,-23.3121687],[-64.2261111,-23.3116532],[-64.2263107,-23.3117761],[-64.2264712,-23.3118894],[-64.2265759,-23.3119701],[-64.2266875,-23.3120632],[-64.2268159,-23.3121718],[-64.22698063,-23.31225862],[-64.22707371,-23.31226661],[-64.22714681,-23.31227346],[-64.2272062,-23.31228603],[-64.22726788,-23.31231572],[-64.22731813,-23.31235798],[-64.22736039,-23.3123991],[-64.22738437,-23.31245849],[-64.22739009,-23.3125293],[-64.22738666,-23.31257956],[-64.22739751,-23.31264809],[-64.2274478,-23.3127397],[-64.2275272,-23.3128546],[-64.2279493,-23.3134154]]]},"geometry_name":"geom","properties":{"gid":952,"rtn":"34","typ":40,"rst":1,"hct":1,"fdc":"Dirección Nacional de Vialidad","sag":"IGN"},"bbox":[-64.2279493,-23.3134154,-64.2261111,-23.3116532]},{"type":"Feature","id":"vial_nacional.953","geometry":{"type":"MultiLineString","coordinates":[[[-64.2261111,-23.3116532],[-64.2259566,-23.3115244],[-64.2255066,-23.3111331],[-64.2252242,-23.3109171],[-64.225008,-23.3107744],[-64.2245224,-23.310459],[-64.2235098,-23.3099203],[-64.2226972,-23.3095934],[-64.221848,-23.3093477],[-64.2207529,-23.3090487],[-64.2200457,-23.3089069],[-64.2198958,-23.3088743],[-64.2196373,-23.3088182],[-64.2194647,-23.308774],[-64.2179186,-23.3083727],[-64.2174978,-23.3082471],[-64.2165952,-23.3080312],[-64.2160694,-23.307905]]]},"geometry_name":"geom","properties":{"gid":953,"rtn":"34","typ":40,"rst":1,"hct":1,"fdc":"Dirección Nacional de Vialidad","sag":"IGN"},"bbox":[-64.2261111,-23.3116532,-64.2160694,-23.307905]},{"type":"Feature","id":"vial_nacional.954","geometry":{"type":"MultiLineString","coordinates":[[[-64.2160694,-23.307905],[-64.2157879,-23.307897],[-64.2156646,-23.307897],[-64.21556066,-23.307904],[-64.21545901,-23.30792113],[-64.21537449,-23.30793141],[-64.21529911,-23.30793027],[-64.21522487,-23.30791952],[-64.21514397,-23.30789334],[-64.21505355,-23.30783623],[-64.21498198,-23.30778598],[-64.21490279,-23.30772659],[-64.21478096,-23.30766872],[-64.21467522,-23.30763398],[-64.21440872,-23.30754118],[-64.21460431,-23.30755765],[-64.21472081,-23.30755422],[-64.21482121,-23.30754059],[-64.2148948,-23.3075201],[-64.2150406,-23.3074578],[-64.2151137,-23.30740917],[-64.21515263,-23.30738832]]]},"geometry_name":"geom","properties":{"gid":954,"rtn":"34","typ":40,"rst":1,"hct":1,"fdc":"Dirección Nacional de Vialidad","sag":"IGN"},"bbox":[-64.2160694,-23.30793141,-64.21440872,-23.30738832]},{"type":"Feature","id":"vial_nacional.955","geometry":{"type":"MultiLineString","coordinates":[[[-64.21440872,-23.30754118],[-64.1943663,-23.3024301],[-64.1924514,-23.3019553],[-64.1914334,-23.3016544],[-64.1906901,-23.3013892],[-64.1899674,-23.3010343],[-64.1892987,-23.3006376],[-64.1887123,-23.3002401],[-64.1480219,-23.2736243],[-64.1470441,-23.2730067],[-64.1463337,-23.2724319],[-64.1457797,-23.2718823],[-64.1452044,-23.2712106],[-64.1447655,-23.2705604],[-64.1443877,-23.269866],[-64.1440439,-23.2690135],[-64.1436999,-23.267994],[-64.142878,-23.2651408],[-64.1385968,-23.2509652],[-64.1376686,-23.2479036],[-64.1375186,-23.2474424],[-64.1373274,-23.2468543],[-64.1371548,-23.2464083],[-64.1370492,-23.2462013],[-64.1369295,-23.2459668],[-64.1367143,-23.2456403],[-64.136454,-23.2453276],[-64.1361938,-23.2450747],[-64.1358985,-23.2448401],[-64.135423,-23.2445044],[-64.1348974,-23.2441595],[-64.1334259,-23.2433409],[-64.133074,-23.2431321],[-64.1327352,-23.2429132],[-64.1324291,-23.2426797],[-64.1321346,-23.2424441],[-64.1216013,-23.2337993],[-64.1213094,-23.2335471],[-64.1210436,-23.2332908],[-64.1207778,-23.2330186],[-64.120512,-23.2327303],[-64.120268,-23.232434],[-64.1200327,-23.2321337],[-64.1195578,-23.2314971],[-64.1172005,-23.2282979],[-64.1155658,-23.2261171],[-64.1153966,-23.2258914],[-64.1140182,-23.2240166],[-64.1128656,-23.2224663],[-64.1103134,-23.2190286],[-64.1094868,-23.2179471],[-64.109265,-23.2176574],[-64.1089638,-23.2172969],[-64.1084011,-23.2166552],[-64.1066329,-23.2146904],[-64.1064583,-23.2144964],[-64.105536,-23.2134385],[-64.1050947,-23.2129063],[-64.1048822,-23.212638],[-64.1046692,-23.2123528],[-64.1043428,-23.2119234],[-64.1040159,-23.2114814],[-64.1035536,-23.2108418],[-64.1030166,-23.210095],[-64.1021036,-23.2088375],[-64.1015314,-23.2080608],[-64.1013447,-23.2078074],[-64.1009892,-23.2073787],[-64.1005605,-23.2068808],[-64.1001999,-23.2064989],[-64.1001252,-23.2064323],[-64.0999758,-23.206295],[-64.0987522,-23.2052863],[-64.0978393,-23.2045202],[-64.0968936,-23.2037497],[-64.0950629,-23.2022431],[-64.0941399,-23.2014512],[-64.0931716,-23.2006872],[-64.092282,-23.1999532],[-64.0913666,-23.1992055],[-64.0904256,-23.1984422],[-64.0893122,-23.1974851],[-64.0891205,-23.1973117],[-64.0878128,-23.1962345],[-64.0861228,-23.1948424],[-64.0844113,-23.1934302],[-64.0837271,-23.1927863],[-64.0834002,-23.1924515],[-64.0830786,-23.1921121],[-64.0828165,-23.1918054],[-64.0825552,-23.1914881],[-64.0820483,-23.1908396],[-64.0810681,-23.1895026],[-64.0454207,-23.1417239],[-64.0349583,-23.1279558],[-64.0341421,-23.1269259],[-64.0337104,-23.1264246],[-64.0332432,-23.1259299],[-64.0327902,-23.1254742],[-64.0322805,-23.1250186],[-64.0312506,-23.1241348],[-64.0149487,-23.1106426],[-64.007894,-23.1047567],[-64.0019277,-23.0997786],[-63.9994491,-23.0977105],[-63.932189,-23.0416119],[-63.9249449,-23.0355685],[-63.9242441,-23.0349822],[-63.9235504,-23.0343048],[-63.9218676,-23.0325006],[-63.9213289,-23.0319192],[-63.9199904,-23.0304747],[-63.91623142,-23.02641557],[-63.9133003,-23.023356],[-63.9109078,-23.0207714],[-63.910425,-23.0202703],[-63.9102292,-23.0200825],[-63.9099117,-23.019784],[-63.90975042,-23.01964449],[-63.9096494,-23.0195571],[-63.909336,-23.0192927],[-63.9047242,-23.0157262],[-63.8963661,-23.0092685],[-63.8955241,-23.0086366],[-63.8950888,-23.0083433],[-63.8946302,-23.0080571],[-63.8942597,-23.0078496],[-63.8938659,-23.0076493],[-63.8934592,-23.0074585],[-63.8930337,-23.0072876],[-63.8909121,-23.006428],[-63.885469,-23.0045947],[-63.8849125,-23.0043826],[-63.8846301,-23.0042658],[-63.8843581,-23.0041394],[-63.8840705,-23.0039891],[-63.8838036,-23.0038484],[-63.8835368,-23.0036958],[-63.8832722,-23.0035359],[-63.8830289,-23.0033739],[-63.8827802,-23.0032021],[-63.8825445,-23.0030257],[-63.8823087,-23.0028444],[-63.8820833,-23.0026465],[-63.8818657,-23.0024414],[-63.8816506,-23.0022363],[-63.8814408,-23.0020145],[-63.8812102,-23.0017569],[-63.8809925,-23.001497],[-63.8807905,-23.0012346],[-63.8805858,-23.0009604],[-63.8804044,-23.0006861],[-63.880236,-23.0004143],[-63.880078,-23.0001257],[-63.8799303,-22.9998276],[-63.8736449,-22.9855724],[-63.8540434,-22.9410215]]]},"geometry_name":"geom","properties":{"gid":955,"rtn":"34","typ":40,"rst":1,"hct":1,"fdc":"Dirección Nacional de Vialidad","sag":"IGN"},"bbox":[-64.21440872,-23.30754118,-63.8540434,-22.9410215]},{"type":"Feature","id":"vial_nacional.956","geometry":{"type":"MultiLineString","coordinates":[[[-64.1951981,-27.7122445],[-64.1954058,-27.7113022],[-64.195422,-27.7112],[-64.195418,-27.7110906],[-64.1953871,-27.7107536],[-64.1954038,-27.7105433],[-64.1954485,-27.7103622],[-64.1955097,-27.7102238],[-64.1956285,-27.7100175],[-64.1956805,-27.7099175],[-64.1957164,-27.7098175],[-64.195725,-27.7097207],[-64.1956791,-27.7095094],[-64.19565229,-27.70939145],[-64.19565229,-27.70930817],[-64.19568322,-27.70920824],[-64.19574509,-27.70910354],[-64.19583313,-27.70902026],[-64.19592831,-27.70897505],[-64.19608059,-27.7089227],[-64.19620129,-27.70887766],[-64.19630519,-27.70880646],[-64.19638279,-27.7087371],[-64.1965669,-27.7085219],[-64.1967595,-27.7081267],[-64.1968082,-27.7079817],[-64.1968891,-27.7076619],[-64.1970658,-27.7069976],[-64.1969195,-27.70774683],[-64.19687429,-27.70797526],[-64.19682194,-27.70813707],[-64.1967384,-27.7083886],[-64.1966004,-27.7087144],[-64.1965431,-27.7089062],[-64.1965028,-27.709127],[-64.19650795,-27.70922667],[-64.19650547,-27.7093268],[-64.19649833,-27.70940056],[-64.19647692,-27.70946243],[-64.19643647,-27.70953857],[-64.19639678,-27.70958454],[-64.19633177,-27.70964327],[-64.1962214,-27.7097331],[-64.1961128,-27.7098301],[-64.1959879,-27.7099439],[-64.1958865,-27.7100567],[-64.1958377,-27.7101695],[-64.1957518,-27.7105518],[-64.1954944,-27.7114233],[-64.1951981,-27.7122445]]]},"geometry_name":"geom","properties":{"gid":956,"rtn":"34","typ":40,"rst":1,"hct":1,"fdc":"Dirección Nacional de Vialidad","sag":"IGN"},"bbox":[-64.1970658,-27.7122445,-64.1951981,-27.7069976]},{"type":"Feature","id":"vial_nacional.957","geometry":{"type":"MultiLineString","coordinates":[[[-64.1951981,-27.7122445],[-64.1935201,-27.7168964],[-64.1912602,-27.723161],[-64.1911358,-27.7235088],[-64.1911108,-27.7235785],[-64.1910929,-27.7236284],[-64.1859653,-27.73794],[-64.1856633,-27.7389017],[-64.185245,-27.7403883],[-64.1849467,-27.74197],[-64.1848233,-27.7433933],[-64.1848417,-27.7450583],[-64.1849617,-27.7463033],[-64.1853217,-27.7480467],[-64.1863308,-27.7515166]]]},"geometry_name":"geom","properties":{"gid":957,"rtn":"34","typ":40,"rst":1,"hct":1,"fdc":"Dirección Nacional de Vialidad","sag":"IGN"},"bbox":[-64.1951981,-27.7515166,-64.1848233,-27.7122445]},{"type":"Feature","id":"vial_nacional.958","geometry":{"type":"MultiLineString","coordinates":[[[-64.1852053,-27.7532565],[-64.1855446,-27.7530227],[-64.1859579,-27.7527936],[-64.18605993,-27.75272214],[-64.18614321,-27.75264362],[-64.18622412,-27.75255082],[-64.18632405,-27.75242709],[-64.18639782,-27.7523105],[-64.18642875,-27.75221294],[-64.18643351,-27.75211538],[-64.18642161,-27.75200831],[-64.1863783,-27.7518075],[-64.1863308,-27.7515166],[-64.1865039,-27.7520207],[-64.1865842,-27.7522975],[-64.1865963,-27.7523581],[-64.1866126,-27.7524257],[-64.18659769,-27.75247944],[-64.186562,-27.75252227],[-64.18649299,-27.75257462],[-64.18628836,-27.75270073],[-64.1858517,-27.7529456],[-64.1856103,-27.7530761],[-64.1852053,-27.7532565]]]},"geometry_name":"geom","properties":{"gid":958,"rtn":"34","typ":40,"rst":1,"hct":1,"fdc":"Dirección Nacional de Vialidad","sag":"IGN"},"bbox":[-64.1866126,-27.7532565,-64.1852053,-27.7515166]},{"type":"Feature","id":"vial_nacional.961","geometry":{"type":"MultiLineString","coordinates":[[[-63.85175,-22.9357838],[-63.8509335,-22.9339118],[-63.8494838,-22.9305881],[-63.8391825,-22.9069856],[-63.8273701,-22.8797929],[-63.8269355,-22.87876],[-63.8267424,-22.8782237],[-63.8265708,-22.8776776],[-63.8264635,-22.8772847],[-63.8263696,-22.8768918],[-63.8262838,-22.8764889],[-63.8262113,-22.8760738],[-63.8261631,-22.8756635],[-63.8261228,-22.8752459],[-63.8260611,-22.8744254],[-63.8234176,-22.8335527],[-63.8191684,-22.7682129],[-63.8179809,-22.7491757],[-63.8177341,-22.7454205],[-63.8177082,-22.7450261],[-63.8176421,-22.7440208],[-63.8175278,-22.7422812],[-63.8174268,-22.7407434],[-63.8172686,-22.7383372],[-63.8171576,-22.7366467],[-63.8170596,-22.7351555],[-63.8169533,-22.7335385],[-63.814493,-22.6960915],[-63.8144256,-22.6950658],[-63.813551,-22.6698021],[-63.8134504,-22.6683213],[-63.8133837,-22.6675999],[-63.8133002,-22.6668663],[-63.8070672,-22.6147666],[-63.8062757,-22.6084185],[-63.8060393,-22.6065226],[-63.805977,-22.6061025],[-63.8058956,-22.6056779],[-63.8057972,-22.6053401],[-63.8057758,-22.6052667],[-63.805613,-22.6048466],[-63.8051914,-22.604024],[-63.8047412,-22.6032103],[-63.8045016,-22.6026974],[-63.8043296,-22.6022972],[-63.8042717,-22.6021623],[-63.8041376,-22.6017643],[-63.8040302,-22.6013603],[-63.8039661,-22.6010269],[-63.8039268,-22.6008223],[-63.8038502,-22.6002828],[-63.8031223,-22.5941593],[-63.8029374,-22.592604],[-63.8027559,-22.5910538],[-63.8026191,-22.5899208],[-63.8025664,-22.589253],[-63.8025664,-22.5889213],[-63.8025808,-22.5886073],[-63.8026766,-22.5879704],[-63.8027963,-22.5873512],[-63.8028778,-22.5870681],[-63.803361,-22.5853413],[-63.8034478,-22.5849452],[-63.8035053,-22.5845604],[-63.8035532,-22.5841225],[-63.8035723,-22.5836891],[-63.8035723,-22.5832556],[-63.8035436,-22.5828222],[-63.8033002,-22.5807589],[-63.8029305,-22.5778419],[-63.8026329,-22.5754482],[-63.8025675,-22.5748868],[-63.8024217,-22.5736365],[-63.8023508,-22.5727553],[-63.8023418,-22.5719009],[-63.8023633,-22.5713375],[-63.8023666,-22.5712504],[-63.802581,-22.5656449],[-63.8026735,-22.5636024],[-63.8027571,-22.5616991],[-63.802769,-22.5614512],[-63.8027896,-22.5609933],[-63.8027978,-22.5607681],[-63.8028114,-22.5604732],[-63.8030537,-22.5552032],[-63.8030646,-22.5548044],[-63.8031035,-22.5533781],[-63.8031468,-22.5517939],[-63.8032419,-22.5497113],[-63.803337,-22.5476293],[-63.8033463,-22.5474263],[-63.8033795,-22.5466974],[-63.8034078,-22.546077],[-63.8034533,-22.5450801],[-63.8035089,-22.543863],[-63.8035814,-22.541945],[-63.8035959,-22.5415801],[-63.8036144,-22.5410733],[-63.8036445,-22.5402772]]]},"geometry_name":"geom","properties":{"gid":961,"rtn":"34","typ":40,"rst":1,"hct":1,"fdc":"Dirección Nacional de Vialidad","sag":"IGN"},"bbox":[-63.85175,-22.9357838,-63.8023418,-22.5402772]},{"type":"Feature","id":"vial_nacional.962","geometry":{"type":"MultiLineString","coordinates":[[[-63.8036445,-22.5402772],[-63.8035473,-22.539765],[-63.8034912,-22.5395127],[-63.8034285,-22.5393161],[-63.8034142,-22.5392711],[-63.8031303,-22.5386768],[-63.8031145,-22.5386533],[-63.8029518,-22.5383826],[-63.8027616,-22.5381271],[-63.8025923,-22.5379512],[-63.8029612,-22.5381259],[-63.803106,-22.5381691],[-63.8032577,-22.5381906],[-63.8033705,-22.5381884],[-63.8034426,-22.53819],[-63.803523,-22.5382263],[-63.8035753,-22.5382618],[-63.803643,-22.5383179],[-63.8036894,-22.5383757],[-63.8037154,-22.5384969],[-63.8037297,-22.5386917],[-63.8036978,-22.5392442],[-63.8036941,-22.539315],[-63.8036445,-22.5402772]]]},"geometry_name":"geom","properties":{"gid":962,"rtn":"34","typ":40,"rst":1,"hct":1,"fdc":"Dirección Nacional de Vialidad","sag":"IGN"},"bbox":[-63.8037297,-22.5402772,-63.8025923,-22.5379512]},{"type":"Feature","id":"vial_nacional.971","geometry":{"type":"MultiLineString","coordinates":[[[-61.5297051,-31.4784445],[-61.5289172,-31.4750705],[-61.5288989,-31.4749911],[-61.526589,-31.4649472],[-61.5259101,-31.4620959],[-61.5257955,-31.4615219],[-61.5257002,-31.4609279],[-61.5256764,-31.4606283],[-61.5256883,-31.4603338],[-61.525724,-31.460016],[-61.5257836,-31.4597601],[-61.5258609,-31.4594402],[-61.5259562,-31.4591407],[-61.5260752,-31.458836],[-61.5262121,-31.4585517],[-61.5265395,-31.457978],[-61.5269154,-31.4574196],[-61.5361238,-31.4440993],[-61.5422685,-31.4352649],[-61.5442936,-31.4322617],[-61.5443981,-31.4321018],[-61.5444339,-31.4320545],[-61.5447491,-31.4316385],[-61.5449926,-31.4313503],[-61.5452439,-31.4310555],[-61.545511,-31.430774],[-61.5457858,-31.4304791],[-61.5460607,-31.4301776],[-61.5462885,-31.4298827],[-61.5468499,-31.4289859],[-61.5469402,-31.4288243],[-61.5470168,-31.4286665],[-61.5470845,-31.4285087],[-61.5471386,-31.4283624],[-61.5472018,-31.4281815],[-61.5472514,-31.4280083],[-61.5472875,-31.4278274],[-61.5473055,-31.4276618],[-61.5473191,-31.427454],[-61.5473101,-31.4272808],[-61.5472965,-31.4270922],[-61.5472785,-31.4269074],[-61.5471132,-31.4261364],[-61.5447163,-31.4178652],[-61.5423982,-31.4087908],[-61.5399741,-31.3993008],[-61.5376522,-31.3902097],[-61.5356224,-31.3806918],[-61.5347709,-31.376607],[-61.5342197,-31.3741932],[-61.5335698,-31.3716321],[-61.5312081,-31.3619294],[-61.5297697,-31.3559533],[-61.5296578,-31.3554973],[-61.5295341,-31.3549808],[-61.5292719,-31.3539005],[-61.5291552,-31.3534198],[-61.5290173,-31.3528301],[-61.5289588,-31.3525797],[-61.5279813,-31.3479807],[-61.5269037,-31.3433202],[-61.5247812,-31.3344434],[-61.5224081,-31.324717],[-61.5213297,-31.3201963],[-61.5206041,-31.3169186],[-61.52048,-31.3163582],[-61.520328,-31.3156717],[-61.5183537,-31.3066908],[-61.5182309,-31.3060586],[-61.5161108,-31.2966867],[-61.5140829,-31.2878714],[-61.5139261,-31.2872576],[-61.5137987,-31.2866708]]]},"geometry_name":"geom","properties":{"gid":971,"rtn":"34","typ":40,"rst":1,"hct":1,"fdc":"Dirección Nacional de Vialidad","sag":"IGN"},"bbox":[-61.5473191,-31.4784445,-61.5137987,-31.2866708]},{"type":"Feature","id":"vial_nacional.959","geometry":{"type":"MultiLineString","coordinates":[[[-62.650684,-29.1390531],[-62.651677,-29.1383702],[-62.6523995,-29.1379949],[-62.6531257,-29.1376882],[-62.6534065,-29.1376136],[-62.6541113,-29.1373991],[-62.6558891,-29.1369505],[-62.6567777,-29.1367262],[-62.6637136,-29.1349438],[-62.6648525,-29.1346159],[-62.6658689,-29.13423],[-62.666898,-29.1337705],[-62.66779,-29.1332671],[-62.6685119,-29.1328381],[-62.669694,-29.131995],[-62.6707888,-29.1310507],[-62.6946879,-29.1093462],[-62.69984,-29.1047179],[-62.7027396,-29.1010039],[-62.7537918,-29.0214456],[-62.7959229,-28.9562364],[-62.7982816,-28.9521729],[-62.7990333,-28.9509071],[-62.7995679,-28.9500709],[-62.8000724,-28.9492874],[-62.8006771,-28.9483519],[-62.8011883,-28.9475216],[-62.8017365,-28.9466512],[-62.8023275,-28.9457353],[-62.8027547,-28.9450826],[-62.8045137,-28.9425756],[-62.8069636,-28.9391424],[-62.8097754,-28.9347734],[-62.8104994,-28.9335135],[-62.8108867,-28.932622],[-62.8119765,-28.929476],[-62.8442593,-28.8227745],[-62.844434,-28.8219764],[-62.8446464,-28.8204633],[-62.8447193,-28.8200372],[-62.8448642,-28.8194693],[-62.8454372,-28.8176606],[-62.845628,-28.8169517],[-62.8459714,-28.8158061],[-62.8462842,-28.814764],[-62.8469194,-28.8125919],[-62.8473038,-28.8112632],[-62.8476618,-28.8102425],[-62.8480299,-28.8093494],[-62.8491199,-28.8069925],[-62.8494091,-28.8062937],[-62.8496038,-28.8056734],[-62.8633137,-28.7600246],[-62.8828078,-28.6950824],[-62.8829664,-28.69438],[-62.8830272,-28.6935749],[-62.8829877,-28.6927859],[-62.8828778,-28.6921779],[-62.8828109,-28.6919082],[-62.8827326,-28.6915927],[-62.8816402,-28.6880854],[-62.8814814,-28.6873029],[-62.8814481,-28.6867103],[-62.8814528,-28.6861285],[-62.8815051,-28.6854062],[-62.8817152,-28.6845619],[-62.8820021,-28.6835652],[-62.8823348,-28.6824489],[-62.8826575,-28.6814252],[-62.8829803,-28.6803452],[-62.8833336,-28.6792758],[-62.8836299,-28.6782232],[-62.8839615,-28.6771463],[-62.8842774,-28.6761161],[-62.8845306,-28.6755657],[-62.8847979,-28.6749975],[-62.8850028,-28.6746892],[-62.8851245,-28.6745468],[-62.8854151,-28.6741749],[-62.8856302,-28.6739395],[-62.8860651,-28.6735455],[-62.886867,-28.6729971],[-62.8874681,-28.6726404],[-62.8883837,-28.672085],[-62.8899292,-28.6711554],[-62.890637,-28.6706565],[-62.8914091,-28.6700261],[-62.8921906,-28.6692435],[-62.921288,-28.6371191],[-62.9276329,-28.6301141],[-62.9278583,-28.6298665],[-62.9342582,-28.6228189],[-62.9385753,-28.6180646],[-62.9428284,-28.613361],[-62.9431294,-28.6129482],[-62.9431553,-28.6129125],[-62.9434292,-28.6124191],[-62.9436914,-28.6118955],[-62.9439071,-28.6113924],[-62.9441158,-28.6106484],[-62.9443948,-28.6094993],[-62.9446239,-28.6081136],[-62.944781,-28.6071634],[-62.9449527,-28.606504],[-62.9452745,-28.6057128],[-62.9457037,-28.6049216],[-62.9461558,-28.6043726],[-62.9468834,-28.6035157],[-62.9476783,-28.6026663],[-62.9484609,-28.6018278],[-62.9492743,-28.6009622],[-62.9500444,-28.6000935],[-62.9507778,-28.5992634],[-62.9515054,-28.5984619],[-62.9522656,-28.5976109],[-62.9529089,-28.5968907],[-62.9543567,-28.5952754],[-62.9551192,-28.5944248],[-62.9555527,-28.593941],[-62.9563941,-28.5930021],[-62.9572008,-28.592102],[-62.9586701,-28.5904623],[-62.958821,-28.5902862],[-62.9614663,-28.5873362],[-62.9624755,-28.5862415],[-62.9628128,-28.5859255],[-62.9631481,-28.5856475],[-62.9634545,-28.5854195],[-62.9637274,-28.5852259],[-62.964009,-28.585054],[-62.964514,-28.5847553],[-62.9649505,-28.5845547],[-62.9653697,-28.5843879],[-62.9660341,-28.5841519],[-62.9667349,-28.5839074],[-62.9688102,-28.5832169],[-62.9696169,-28.5829229],[-62.9700802,-28.5827234],[-62.9705302,-28.5825013],[-62.9709908,-28.5822276],[-62.9714247,-28.5819278],[-62.9717821,-28.5816565],[-62.9721341,-28.5813496],[-62.9725546,-28.5809299],[-62.9731594,-28.5802751],[-62.9741505,-28.5791704],[-62.9761487,-28.5769681],[-62.9801372,-28.5725633],[-62.9881221,-28.5637555],[-63.0040289,-28.5461897],[-63.0047625,-28.5453815],[-63.0054733,-28.5446039],[-63.0068868,-28.5430347],[-63.0078218,-28.5420004],[-63.0097219,-28.5398985],[-63.0153975,-28.5336471],[-63.018165,-28.5305807],[-63.023206,-28.5249949],[-63.0266936,-28.5211302],[-63.0277061,-28.5200238],[-63.0286986,-28.5189208],[-63.0307102,-28.5167008],[-63.0346718,-28.5123265],[-63.0425254,-28.5036433],[-63.0583322,-28.4861525],[-63.0592543,-28.485155],[-63.0601632,-28.4841495],[-63.0609505,-28.4832784],[-63.0616473,-28.4824942],[-63.0626515,-28.4813895],[-63.0634007,-28.4805588],[-63.0641493,-28.4797422],[-63.0649519,-28.4788385],[-63.065483,-28.4782671],[-63.0657655,-28.4779652],[-63.0661824,-28.4775477],[-63.0666783,-28.4771428],[-63.0672044,-28.4767856],[-63.0676492,-28.4765393],[-63.0683041,-28.4762103],[-63.0687196,-28.4760424],[-63.0692253,-28.4758547],[-63.0699563,-28.4756656],[-63.0707056,-28.4755018],[-63.0713097,-28.4753779],[-63.072719,-28.4750739],[-63.0740571,-28.4747895],[-63.0749452,-28.4745929],[-63.0757815,-28.4743654],[-63.0764553,-28.4741331],[-63.0773142,-28.4737582],[-63.0776918,-28.4735578],[-63.0780223,-28.4733668],[-63.0785313,-28.473058],[-63.0789805,-28.4727347],[-63.0826203,-28.4699017],[-63.0852573,-28.4678494],[-63.0898288,-28.4642914],[-63.0970359,-28.4586746],[-63.1052887,-28.4522273],[-63.1114345,-28.4474258],[-63.1120804,-28.4469377],[-63.1126791,-28.4465273],[-63.1133035,-28.4461524],[-63.1138861,-28.4458646],[-63.1146875,-28.4455274],[-63.1154847,-28.4452702],[-63.1177539,-28.4446004],[-63.1195477,-28.4440699],[-63.1213662,-28.443544],[-63.1249791,-28.442478],[-63.1322426,-28.4403506],[-63.1392971,-28.4382875],[-63.1466782,-28.4361288],[-63.1552345,-28.4336145],[-63.1596172,-28.432322],[-63.1625167,-28.4314893],[-63.1634962,-28.4311662],[-63.1642923,-28.4308572],[-63.1649933,-28.4305682],[-63.1655931,-28.4302888],[-63.1661671,-28.4300081],[-63.1673178,-28.4294726],[-63.1685603,-28.4289725],[-63.1691578,-28.428765],[-63.169786,-28.4285692],[-63.1704533,-28.4283782],[-63.1711566,-28.4282035],[-63.1720358,-28.4280291],[-63.1728705,-28.4278687],[-63.1741923,-28.4276894],[-63.1754643,-28.4275148],[-63.1764883,-28.427312],[-63.1774914,-28.4270761],[-63.1787795,-28.4267128],[-63.1814343,-28.4259345],[-63.184075,-28.4251699],[-63.1878662,-28.424038],[-63.1917769,-28.422901],[-63.1994318,-28.420636],[-63.2019961,-28.4199004],[-63.2046193,-28.4191455],[-63.2098335,-28.4175886],[-63.2202405,-28.4145313],[-63.2410437,-28.4084211],[-63.2827312,-28.3961572],[-63.2839354,-28.3957985],[-63.2851586,-28.3953997],[-63.2858205,-28.3951237],[-63.286137,-28.3949798],[-63.2864406,-28.3948193],[-63.2869175,-28.3945457],[-63.2873848,-28.3942483],[-63.2877651,-28.3939723],[-63.2881493,-28.393675],[-63.2887253,-28.3931465],[-63.2892543,-28.3925942],[-63.3133453,-28.3668625],[-63.3254153,-28.3539659],[-63.3314717,-28.3475029],[-63.3336577,-28.345147],[-63.3340305,-28.3447174],[-63.3343685,-28.3442995],[-63.3352268,-28.3432585],[-63.3357364,-28.342673],[-63.3362728,-28.342097],[-63.3373544,-28.340952],[-63.3381148,-28.3401425],[-63.3383866,-28.3398523],[-63.3388825,-28.3393372],[-63.3396031,-28.3385697],[-63.3404175,-28.3376899],[-63.3411281,-28.336936],[-63.341828,-28.336194],[-63.3424784,-28.3354976],[-63.342603,-28.3353592],[-63.3433756,-28.3345494],[-63.3442256,-28.3336501],[-63.3450651,-28.332753],[-63.3454621,-28.3323587],[-63.3458859,-28.331955],[-63.3467925,-28.3311051],[-63.3493996,-28.328338],[-63.3552843,-28.3220482],[-63.3670592,-28.3094626],[-63.3906412,-28.2842373],[-63.4378012,-28.2337826],[-63.4389424,-28.2325731],[-63.4400877,-28.2313443],[-63.4423542,-28.2289031],[-63.442727,-28.2284683],[-63.443352,-28.2276648],[-63.4437811,-28.2270433],[-63.4441996,-28.2263981],[-63.4446126,-28.2257837],[-63.4450311,-28.2251929],[-63.4456614,-28.2244106],[-63.4462703,-28.2237181],[-63.4470534,-28.2229194],[-63.4474531,-28.2225412],[-63.4478903,-28.2221678],[-63.4483677,-28.2217826],[-63.4487647,-28.221473],[-63.4496713,-28.2207616],[-63.44991,-28.2205678],[-63.4501863,-28.2203409],[-63.4505216,-28.2200455],[-63.4510392,-28.2195728],[-63.4513557,-28.2192491],[-63.451758,-28.2188402],[-63.4521657,-28.2184124],[-63.452965,-28.2175545],[-63.4588766,-28.2112202],[-63.4650108,-28.2046587],[-63.4711303,-28.1980869],[-63.4723426,-28.1968061],[-63.4727302,-28.1964231],[-63.473087,-28.1961087],[-63.4738635,-28.195435],[-63.4743583,-28.195052],[-63.4749001,-28.194662],[-63.4759958,-28.1939008],[-63.4775689,-28.1928157],[-63.4791373,-28.1917292],[-63.479484,-28.1914895],[-63.4798461,-28.1912342],[-63.4805891,-28.1907306],[-63.482016,-28.1897259],[-63.4848779,-28.1877424],[-63.4867555,-28.1864516],[-63.4885459,-28.1852042],[-63.528206,-28.1577951],[-63.5295931,-28.1568438],[-63.530792,-28.1560066],[-63.5315409,-28.1554491],[-63.5316796,-28.1553421],[-63.5323128,-28.1548361],[-63.5328962,-28.1543737],[-63.5335842,-28.1538688],[-63.5342943,-28.1533761],[-63.5355268,-28.152521],[-63.5368238,-28.1516246],[-63.5380417,-28.1507839],[-63.539323,-28.1499015],[-63.5405931,-28.1490211],[-63.5412338,-28.1485809],[-63.5418204,-28.1481988],[-63.5419852,-28.1481041],[-63.5426125,-28.1477791],[-63.5431955,-28.1474711],[-63.5435808,-28.1472186],[-63.5440217,-28.1469139],[-63.5448137,-28.146366],[-63.5456917,-28.1457594],[-63.5465607,-28.1451563],[-63.5482988,-28.1439572],[-63.551791,-28.1415425],[-63.5587513,-28.1367222],[-63.572664,-28.1270976],[-63.6004772,-28.1078359],[-63.6032546,-28.1059153],[-63.6060199,-28.1039918],[-63.6115667,-28.1001541],[-63.6226475,-28.0924747],[-63.6253721,-28.0905878],[-63.6259079,-28.09021452],[-63.6281267,-28.0886687],[-63.6336252,-28.0848731],[-63.6445968,-28.0772431],[-63.6448932,-28.0769857],[-63.645207,-28.0766567],[-63.6457174,-28.0761132],[-63.6460707,-28.0757953],[-63.6464408,-28.075516],[-63.6468146,-28.0752802],[-63.647173,-28.0751043],[-63.6475298,-28.0749457],[-63.6481863,-28.0746703],[-63.6486858,-28.074399],[-63.6490962,-28.0741363],[-63.6495736,-28.0738026],[-63.6508651,-28.0729104],[-63.65344,-28.0711224],[-63.6585698,-28.0675569],[-63.6688386,-28.0604232],[-63.6893159,-28.0461983],[-63.7303318,-28.0176973],[-63.7333417,-28.0156081],[-63.7363263,-28.013516],[-63.737475,-28.0127216],[-63.738631,-28.0119212],[-63.7396447,-28.011196],[-63.7404705,-28.0104946],[-63.7407178,-28.0102897],[-63.7409565,-28.0101144],[-63.7414334,-28.0097791]]]},"geometry_name":"geom","properties":{"gid":959,"rtn":"34","typ":40,"rst":1,"hct":1,"fdc":"Dirección Nacional de Vialidad","sag":"IGN"},"bbox":[-63.7414334,-29.1390531,-62.650684,-28.0097791]},{"type":"Feature","id":"vial_nacional.960","geometry":{"type":"MultiLineString","coordinates":[[[-63.8540434,-22.9410215],[-63.8533692,-22.9396428],[-63.8531467,-22.9391389],[-63.8527498,-22.9382397],[-63.8523645,-22.9373314],[-63.8522313,-22.9370175],[-63.85175,-22.9357838],[-63.8522968,-22.9369903],[-63.8523973,-22.9372205],[-63.8528404,-22.9382369],[-63.8533158,-22.9393249],[-63.8534469,-22.9396253],[-63.8540434,-22.9410215]]]},"geometry_name":"geom","properties":{"gid":960,"rtn":"34","typ":40,"rst":1,"hct":1,"fdc":"Dirección Nacional de Vialidad","sag":"IGN"},"bbox":[-63.8540434,-22.9410215,-63.85175,-22.9357838]},{"type":"Feature","id":"vial_nacional.969","geometry":{"type":"MultiLineString","coordinates":[[[-61.5413228,-30.9415485],[-61.541363,-30.9413042],[-61.5413554,-30.9411389],[-61.5413046,-30.9409642],[-61.5412552,-30.9408841],[-61.5412327,-30.9407956],[-61.5412371,-30.9407134],[-61.5412648,-30.9406345],[-61.5413283,-30.9405493],[-61.5414186,-30.9404843],[-61.5416312,-30.9403286],[-61.5417846,-30.9401736],[-61.541958,-30.9398654],[-61.5418819,-30.9402016],[-61.5418786,-30.940372],[-61.5419526,-30.9405903],[-61.541981,-30.9406431],[-61.5420094,-30.9407515],[-61.5419947,-30.9408619],[-61.5419387,-30.9409621],[-61.5418457,-30.941042],[-61.5417269,-30.9410907],[-61.541564,-30.94119],[-61.541458,-30.9413024],[-61.5413228,-30.9415485]]]},"geometry_name":"geom","properties":{"gid":969,"rtn":"34","typ":40,"rst":1,"hct":1,"fdc":"Dirección Nacional de Vialidad","sag":"IGN"},"bbox":[-61.5420094,-30.9415485,-61.5412327,-30.9398654]},{"type":"Feature","id":"vial_nacional.963","geometry":{"type":"MultiLineString","coordinates":[[[-63.68382936,-22.05302651],[-63.6845925,-22.053654],[-63.6848171,-22.0538571],[-63.684858,-22.0538987],[-63.6850252,-22.0540178],[-63.6851758,-22.0540685],[-63.6852501,-22.0540666],[-63.6854247,-22.0540238],[-63.686198,-22.0538393],[-63.6863973,-22.0544669],[-63.6866995,-22.0554188],[-63.6867578,-22.0556024],[-63.6870333,-22.0564699],[-63.6872971,-22.0573009],[-63.6876499,-22.0584121],[-63.687972,-22.0594542],[-63.6880683,-22.0599467],[-63.6881455,-22.0607105],[-63.6881696,-22.060946],[-63.6881829,-22.0610754],[-63.6883445,-22.0626553],[-63.6884117,-22.063312],[-63.688576,-22.0651842],[-63.6886359,-22.0654707],[-63.689057,-22.0674866],[-63.6893185,-22.0687157],[-63.68951,-22.0695294],[-63.6898282,-22.0708112],[-63.6900646,-22.0718987],[-63.690211,-22.0725718],[-63.6904205,-22.0735356],[-63.6906265,-22.0744829],[-63.6907585,-22.0750877],[-63.691068,-22.0765054],[-63.6914339,-22.0781817],[-63.6916476,-22.0791609],[-63.6916664,-22.0792457],[-63.6921612,-22.0814822],[-63.6924466,-22.0828221],[-63.6924601,-22.0828739],[-63.692677,-22.0837071],[-63.6927002,-22.0837962],[-63.6927558,-22.0839565],[-63.693274,-22.085602],[-63.6933113,-22.0856928],[-63.6936803,-22.08674],[-63.6940307,-22.0877553],[-63.6953067,-22.091593],[-63.6966224,-22.0954247],[-63.6981596,-22.1000309],[-63.6989458,-22.1023266],[-63.699327,-22.1034578],[-63.6997789,-22.1045369],[-63.7002204,-22.1052954],[-63.7007743,-22.1060293],[-63.7014057,-22.1066308],[-63.7017547,-22.1069341],[-63.702119,-22.107211],[-63.7026046,-22.1075182],[-63.703115,-22.1078006],[-63.7035807,-22.108033],[-63.7040657,-22.1082137],[-63.7058548,-22.1087718],[-63.7075852,-22.1092792],[-63.7078257,-22.1093786],[-63.7080249,-22.109461],[-63.70817637,-22.10960753],[-63.70834198,-22.10971603],[-63.70848475,-22.10987022],[-63.70860468,-22.11004725],[-63.70875315,-22.11030995],[-63.7088331,-22.11062404],[-63.70885024,-22.1108696],[-63.70883881,-22.11107518],[-63.70880455,-22.11128648],[-63.70868463,-22.11158343],[-63.70843907,-22.11204029],[-63.70804503,-22.11278839],[-63.70778233,-22.11324525],[-63.70761101,-22.11354792],[-63.70746825,-22.11389056],[-63.70736545,-22.11429031],[-63.70729692,-22.11461582],[-63.70725695,-22.11495275],[-63.7072605,-22.1151788],[-63.7072368,-22.1157994],[-63.7072593,-22.1161409],[-63.7073151,-22.1169912],[-63.7073992,-22.1179025],[-63.7083925,-22.1295033],[-63.7084951,-22.130288],[-63.7086088,-22.1310466],[-63.7087509,-22.1317964],[-63.7092279,-22.1343141],[-63.7096474,-22.136472],[-63.7098409,-22.1374671],[-63.7098659,-22.1375956],[-63.7113193,-22.1453818],[-63.7117239,-22.147532],[-63.7118174,-22.1484195],[-63.7118667,-22.1488872],[-63.7119412,-22.1496498],[-63.7121548,-22.1518378],[-63.7121781,-22.1521622],[-63.7122015,-22.1524347],[-63.7122952,-22.1537663],[-63.7123306,-22.1541703],[-63.7123994,-22.1549538],[-63.7124722,-22.1557828],[-63.7126285,-22.1575618],[-63.7128499,-22.1600828],[-63.7136352,-22.1692936],[-63.7137472,-22.1702753],[-63.7138873,-22.1712224],[-63.7141395,-22.1723771],[-63.7151763,-22.1773201],[-63.7160636,-22.1816186],[-63.7164091,-22.1831321],[-63.7170583,-22.1862932],[-63.7178709,-22.189999],[-63.7187208,-22.1941155],[-63.7187908,-22.1945004],[-63.7188562,-22.1948722],[-63.7189123,-22.1952398],[-63.7189496,-22.1956159],[-63.718973,-22.1959316],[-63.718987,-22.1962429],[-63.7189776,-22.196658],[-63.718959,-22.1970558],[-63.7189263,-22.1975185],[-63.7188562,-22.1980114],[-63.7186274,-22.1994772],[-63.7182502,-22.2017223],[-63.7182024,-22.2020066],[-63.7179895,-22.2034382],[-63.7177953,-22.2047439],[-63.717738,-22.2051613],[-63.7164888,-22.2133904],[-63.7164425,-22.2136945],[-63.7163777,-22.2141614],[-63.7163361,-22.2146455],[-63.7163268,-22.2150781],[-63.7163407,-22.2155279],[-63.7163962,-22.2160033],[-63.7164795,-22.2164831],[-63.7165628,-22.2168386],[-63.7166692,-22.2171984],[-63.7177003,-22.2206761],[-63.7191817,-22.2259151],[-63.719339,-22.226412],[-63.7195222,-22.2269009],[-63.7199223,-22.2276963],[-63.7211402,-22.2300067],[-63.7244919,-22.2363349],[-63.7259973,-22.2392354],[-63.7261594,-22.2396289],[-63.7261784,-22.2396749],[-63.7261989,-22.2397273],[-63.7263007,-22.2401299],[-63.7264442,-22.2406695],[-63.7264627,-22.2407552],[-63.726583,-22.241359],[-63.7267033,-22.242207],[-63.7267329,-22.2424008],[-63.726991,-22.244089],[-63.7270105,-22.2442418],[-63.727028,-22.2443573],[-63.7271334,-22.2451461],[-63.7273233,-22.2465668],[-63.7275917,-22.2482413],[-63.7277027,-22.2489864],[-63.7281125,-22.2514401],[-63.7281776,-22.251947],[-63.7283412,-22.253221],[-63.7285113,-22.2542259],[-63.7290483,-22.2580069],[-63.7295641,-22.2615151],[-63.7300322,-22.2648478],[-63.7301791,-22.2659206],[-63.730307,-22.2666567],[-63.7304345,-22.2672207],[-63.7306459,-22.2678935],[-63.7342685,-22.2762507],[-63.7354168,-22.2788852],[-63.7356237,-22.2794012],[-63.7357956,-22.2799041],[-63.7358902,-22.2802903],[-63.736013,-22.2808841],[-63.7361778,-22.2817407],[-63.7376849,-22.2906945],[-63.7397599,-22.3026162],[-63.7398074,-22.3029025],[-63.7404342,-22.3066849],[-63.7405838,-22.3075387],[-63.7407125,-22.3080529],[-63.7408963,-22.3086074],[-63.7411366,-22.3091716],[-63.7414614,-22.3098138],[-63.7419364,-22.3105644],[-63.7429155,-22.3119863],[-63.7449066,-22.3148781],[-63.7450572,-22.3151008],[-63.747384,-22.3184766],[-63.7479303,-22.3192692],[-63.7493234,-22.3213225],[-63.7495757,-22.3216944],[-63.7505003,-22.3230571],[-63.7512826,-22.3242102],[-63.7513362,-22.3242881],[-63.7522671,-22.32564],[-63.7570419,-22.332574],[-63.7619994,-22.3397839],[-63.7645044,-22.3434361],[-63.7645515,-22.3435048],[-63.7664797,-22.3463161],[-63.7670313,-22.3472224],[-63.7672846,-22.3477518],[-63.7674982,-22.3483349],[-63.7677608,-22.3493865],[-63.7701934,-22.3616656],[-63.7711121,-22.3663024],[-63.7713719,-22.3676136],[-63.7716127,-22.3688291],[-63.7719179,-22.3702544],[-63.7720095,-22.3706807],[-63.7721163,-22.3712594],[-63.7744449,-22.3829339],[-63.7754732,-22.388052],[-63.7760088,-22.3906862],[-63.7764317,-22.3932235],[-63.7775454,-22.4003096],[-63.7775814,-22.4005223],[-63.7776807,-22.4011331],[-63.7780581,-22.4036196],[-63.7783095,-22.4051097],[-63.7784925,-22.4062648],[-63.7785093,-22.4063703],[-63.7788122,-22.4082819],[-63.7794026,-22.4120074],[-63.7813606,-22.4243627],[-63.7821136,-22.4290761],[-63.7821591,-22.4293615],[-63.7829895,-22.4345089],[-63.7846908,-22.4451058],[-63.7880227,-22.465759],[-63.7884111,-22.4681647],[-63.788646,-22.4694527],[-63.7886656,-22.4695539],[-63.7888358,-22.4703312],[-63.7889049,-22.4706843],[-63.7896326,-22.4743809],[-63.7908674,-22.4808423],[-63.7923078,-22.4881862],[-63.7933943,-22.4936212],[-63.7938119,-22.4957103],[-63.7938308,-22.4958048],[-63.7941534,-22.4974189],[-63.7942348,-22.4979071],[-63.7942917,-22.4984255],[-63.7943036,-22.4986207],[-63.7943242,-22.4989588],[-63.7943161,-22.4994471],[-63.7942835,-22.5001007],[-63.7942613,-22.5003733],[-63.7941644,-22.5015658],[-63.7940625,-22.5028394],[-63.7940414,-22.5030644],[-63.7940361,-22.5031206],[-63.7939563,-22.5039694],[-63.7938623,-22.5051675],[-63.793779,-22.5062301],[-63.7936828,-22.5074559],[-63.7935935,-22.5085634],[-63.7934969,-22.5098259],[-63.7933852,-22.5109553],[-63.7933591,-22.511219],[-63.7932898,-22.5118961],[-63.793185,-22.5131677],[-63.7931773,-22.5132615],[-63.7930808,-22.5143121],[-63.7929789,-22.515437],[-63.7929172,-22.516212],[-63.7928814,-22.5166611]]]},"geometry_name":"geom","properties":{"gid":963,"rtn":"34","typ":40,"rst":1,"hct":1,"fdc":"Dirección Nacional de Vialidad","sag":"IGN"},"bbox":[-63.7943242,-22.5166611,-63.68382936,-22.05302651]},{"type":"Feature","id":"vial_nacional.964","geometry":{"type":"MultiLineString","coordinates":[[[-61.9361851,-29.877472],[-61.9363213,-29.877274],[-61.9365895,-29.8769608],[-61.9371517,-29.8763731],[-61.9372554,-29.8762462],[-61.9373219,-29.8760974],[-61.9373674,-29.875982],[-61.9373705,-29.87593062],[-61.9373793,-29.8758225],[-61.93739118,-29.87578826],[-61.937408,-29.875758],[-61.93743915,-29.87571802],[-61.93746771,-29.87569175],[-61.93751143,-29.87566165],[-61.93753571,-29.87564638],[-61.93757093,-29.8756283],[-61.93760567,-29.87561402],[-61.93771125,-29.8755939],[-61.9377611,-29.875591],[-61.93796335,-29.8754653],[-61.93810992,-29.87534348],[-61.9392748,-29.8741149],[-61.9389056,-29.8745967],[-61.9388101,-29.8747061],[-61.9381873,-29.8754511],[-61.9380572,-29.8756474],[-61.938019,-29.8757816],[-61.9380258,-29.8758513],[-61.93802521,-29.87590075],[-61.93801807,-29.87593644],[-61.93799428,-29.87598403],[-61.93796335,-29.87601972],[-61.93790386,-29.87606255],[-61.9378182,-29.8761149],[-61.93775871,-29.87614107],[-61.9376843,-29.876158],[-61.9375278,-29.8762162],[-61.9374282,-29.8762708],[-61.9373448,-29.8763484],[-61.9371619,-29.8765388],[-61.936796,-29.8769001],[-61.9363776,-29.8773147],[-61.9361851,-29.877472]]]},"geometry_name":"geom","properties":{"gid":964,"rtn":"34","typ":40,"rst":1,"hct":1,"fdc":"Dirección Nacional de Vialidad","sag":"IGN"},"bbox":[-61.9392748,-29.877472,-61.9361851,-29.8741149]},{"type":"Feature","id":"vial_nacional.970","geometry":{"type":"MultiLineString","coordinates":[[[-61.4977821,-31.2192882],[-61.4975266,-31.2180875],[-61.4974277,-31.2175973],[-61.4973639,-31.2171671],[-61.497323,-31.2166493],[-61.4972962,-31.2160235],[-61.4973215,-31.2129253],[-61.497351,-31.2093035],[-61.4974131,-31.2061746],[-61.4974227,-31.204304],[-61.497385,-31.203764],[-61.4973386,-31.2032433],[-61.4972507,-31.2025295],[-61.4963315,-31.1987888],[-61.4960798,-31.1977238],[-61.4959269,-31.1973098],[-61.4957171,-31.1969312],[-61.4952932,-31.1963125],[-61.4946697,-31.1957135],[-61.4933652,-31.1946304],[-61.4930211,-31.1943371],[-61.4929312,-31.1942478],[-61.4928152,-31.1941411],[-61.4919424,-31.1933414],[-61.4916798,-31.1929503],[-61.4914302,-31.1924859],[-61.4911939,-31.1915808],[-61.4897788,-31.1849437],[-61.4897627,-31.1848681],[-61.4877883,-31.1754477],[-61.4876253,-31.1748112],[-61.4873892,-31.1741319],[-61.4868277,-31.1733045],[-61.4862385,-31.1725749],[-61.4847478,-31.1707528],[-61.4845139,-31.1703315],[-61.4842417,-31.1698102],[-61.4838514,-31.1685754],[-61.4834929,-31.1669368],[-61.4826482,-31.1633106],[-61.4818497,-31.1596049],[-61.4807362,-31.1544366],[-61.4799245,-31.1512897],[-61.4798382,-31.1509551],[-61.4791403,-31.1482492],[-61.4783643,-31.1451453],[-61.4766174,-31.1381579],[-61.4760946,-31.1358177],[-61.4759458,-31.1351514],[-61.4748571,-31.1287284],[-61.4746049,-31.1273783],[-61.4743561,-31.1263445],[-61.4741215,-31.1254541],[-61.4719086,-31.1170582],[-61.4694418,-31.1077403],[-61.467077,-31.0983467],[-61.4648139,-31.0892237],[-61.4645377,-31.0881249],[-61.4645114,-31.0880102],[-61.463187,-31.0826866],[-61.4626025,-31.0796979],[-61.4621734,-31.077504],[-61.4608746,-31.0706287],[-61.4604061,-31.0681486],[-61.4599756,-31.0660643],[-61.4598505,-31.0650272],[-61.4598529,-31.0638447],[-61.4599165,-31.0631435],[-61.4604398,-31.060078],[-61.4605303,-31.0591769],[-61.4605366,-31.0582895],[-61.4604656,-31.0574021],[-61.4577054,-31.0449629],[-61.4549329,-31.0327412],[-61.4548654,-31.0324368],[-61.454484,-31.0307157],[-61.4540595,-31.0289003],[-61.4539851,-31.0282103],[-61.4540054,-31.0276014],[-61.4541423,-31.026983],[-61.4544554,-31.0264069],[-61.4548242,-31.0259053],[-61.4551297,-31.0255369],[-61.4559751,-31.024702],[-61.4570467,-31.0236254],[-61.458169,-31.02249],[-61.45889,-31.0217832],[-61.4633607,-31.017212],[-61.4639688,-31.0165921],[-61.4644479,-31.0161375],[-61.4647916,-31.0158861],[-61.4652661,-31.0155987],[-61.4747574,-31.010289],[-61.4767002,-31.0091373],[-61.4773962,-31.0087284],[-61.4786357,-31.0079653],[-61.4794935,-31.0073205],[-61.4883374,-31.000335],[-61.501529,-30.9899188],[-61.5025457,-30.9891159],[-61.5035477,-30.9882856],[-61.5044707,-30.9874282],[-61.5137498,-30.9779971],[-61.5235226,-30.9680531],[-61.5236719,-30.9678968],[-61.5250454,-30.9664865],[-61.5284553,-30.963014],[-61.5286428,-30.9628157],[-61.5287739,-30.9626847],[-61.5293149,-30.9621485],[-61.5301108,-30.9613388],[-61.5307467,-30.9606807],[-61.5309887,-30.9604345],[-61.5318126,-30.9596065],[-61.5326382,-30.9587598],[-61.5334685,-30.9579244],[-61.5345554,-30.9566155],[-61.5349552,-30.9561007],[-61.5352878,-30.9556499],[-61.5356902,-30.9549871],[-61.53726512,-30.95137617],[-61.5387165,-30.9482716],[-61.5391512,-30.9472685],[-61.5401338,-30.9450646],[-61.54032,-30.944596],[-61.5403995,-30.9444283],[-61.5405406,-30.9440978],[-61.5406686,-30.9437435],[-61.541095,-30.9424537],[-61.5411804,-30.9421371],[-61.5412383,-30.9419136],[-61.5413228,-30.9415485]]]},"geometry_name":"geom","properties":{"gid":970,"rtn":"34","typ":40,"rst":1,"hct":1,"fdc":"Dirección Nacional de Vialidad","sag":"IGN"},"bbox":[-61.5413228,-31.2192882,-61.4539851,-30.9415485]},{"type":"Feature","id":"vial_nacional.965","geometry":{"type":"MultiLineString","coordinates":[[[-61.541958,-30.9398654],[-61.5422599,-30.9391476],[-61.543581,-30.9361251],[-61.5437188,-30.9358098],[-61.5442178,-30.9347903],[-61.5445336,-30.9342299],[-61.5448152,-30.9337698],[-61.545073,-30.9333487],[-61.5458211,-30.9320089],[-61.5467725,-30.9299789],[-61.5473063,-30.928767],[-61.5484362,-30.9262017],[-61.5495151,-30.9237512],[-61.5540707,-30.9136525],[-61.554198,-30.9133691],[-61.5588074,-30.902984],[-61.5630552,-30.8934126],[-61.5634051,-30.8925659],[-61.5638881,-30.8914788],[-61.5673571,-30.8823006],[-61.5715728,-30.8711938],[-61.5768359,-30.8569657],[-61.5771754,-30.8560927],[-61.577515,-30.8551874],[-61.5814893,-30.8464165],[-61.5817415,-30.8459006],[-61.5819975,-30.8454007],[-61.582191,-30.8450731],[-61.5824423,-30.8446521],[-61.5827721,-30.8441769],[-61.5831334,-30.8436354],[-61.5918833,-30.8309096],[-61.5925364,-30.8300985],[-61.6038345,-30.8182546],[-61.6042224,-30.8177842],[-61.6045176,-30.8173596],[-61.6048943,-30.816689],[-61.6051992,-30.8159681],[-61.6054439,-30.8153519],[-61.608615,-30.8046452],[-61.6123043,-30.792195],[-61.6197168,-30.7673789],[-61.6209347,-30.7633236],[-61.6211481,-30.7624937],[-61.6212585,-30.7619784],[-61.6213408,-30.7614752],[-61.6213928,-30.7609781],[-61.6214252,-30.7605572],[-61.6215654,-30.7576658],[-61.6215706,-30.7575442],[-61.6222257,-30.743496],[-61.6229737,-30.7279669],[-61.6230119,-30.7267652],[-61.6229737,-30.7257442],[-61.6228704,-30.7249641],[-61.622743,-30.724307],[-61.6225672,-30.7236333],[-61.6203222,-30.7178568],[-61.6199399,-30.7168345],[-61.6197295,-30.7159341],[-61.6196634,-30.7155409],[-61.6196183,-30.7152066],[-61.6195954,-30.7149448],[-61.6195751,-30.7146123],[-61.6195652,-30.7142953],[-61.619566,-30.7138985],[-61.6196204,-30.7119608],[-61.6196584,-30.7108632],[-61.6197047,-30.709797],[-61.6197402,-30.7086895],[-61.6197767,-30.7075895],[-61.6198248,-30.7064319],[-61.6199116,-30.7056795],[-61.6200783,-30.7048139],[-61.6202688,-30.7041776],[-61.6205727,-30.7033626],[-61.6214532,-30.7013287],[-61.6219408,-30.7002673],[-61.6238677,-30.6959124],[-61.6242036,-30.6950458],[-61.624361,-30.6945605],[-61.6244915,-30.6940107],[-61.6245869,-30.6935487],[-61.6246448,-30.6930821],[-61.6247122,-30.692221],[-61.6252373,-30.6809467],[-61.6253767,-30.6782653],[-61.6253789,-30.6781352],[-61.6257135,-30.6712649],[-61.6258137,-30.6693685],[-61.6261699,-30.6619836],[-61.6266258,-30.6524578],[-61.6267652,-30.6500363],[-61.6268073,-30.6490354],[-61.6267969,-30.6481598],[-61.62675,-30.6475096],[-61.6266496,-30.6468035],[-61.6238041,-30.634889],[-61.6235211,-30.6337167],[-61.6230415,-30.6317465],[-61.622956,-30.6312608],[-61.622871,-30.6306763],[-61.6228494,-30.6301253],[-61.6228731,-30.6295579],[-61.6228735,-30.6293682],[-61.6229226,-30.6290208],[-61.6229997,-30.6286005],[-61.6231141,-30.6280693],[-61.6232386,-30.6276465],[-61.6233551,-30.6272883],[-61.623604,-30.6266544],[-61.6237803,-30.6262055],[-61.6278354,-30.6163242],[-61.6280653,-30.61568],[-61.6282502,-30.6150124],[-61.6284537,-30.6141419],[-61.6285563,-30.613277],[-61.6289231,-30.6061254],[-61.6289283,-30.6060122],[-61.6304921,-30.5760147],[-61.6317627,-30.550226],[-61.6323206,-30.5387909],[-61.6332504,-30.5197911],[-61.6342051,-30.5019303],[-61.6342266,-30.5013086],[-61.6342042,-30.5006474],[-61.6341539,-30.5001325],[-61.6340281,-30.4994136],[-61.6338866,-30.4988321],[-61.6323159,-30.4929701],[-61.632161,-30.4921737],[-61.6321381,-30.491992],[-61.6320789,-30.4915235],[-61.6321021,-30.490842],[-61.6320996,-30.4904374],[-61.6321301,-30.4896813],[-61.6321728,-30.4886244],[-61.6322024,-30.4878893],[-61.6322313,-30.4871753],[-61.6322869,-30.4860726],[-61.6323429,-30.4849605],[-61.6323954,-30.4842386],[-61.6324209,-30.4840754],[-61.6324937,-30.4836089],[-61.6325669,-30.4832279],[-61.6327156,-30.4826597],[-61.6329299,-30.4820274],[-61.633143,-30.4814284],[-61.6341198,-30.4789495],[-61.6352574,-30.4758502],[-61.6353622,-30.4754731],[-61.6354947,-30.4748226],[-61.63556,-30.47436],[-61.6377003,-30.432319],[-61.6378249,-30.4297997],[-61.6378733,-30.4292483],[-61.6379605,-30.4285878],[-61.6380847,-30.4279508],[-61.6382818,-30.4272812],[-61.6384683,-30.4267523],[-61.6386928,-30.4262838],[-61.6449036,-30.4133058],[-61.6450937,-30.412848],[-61.6452358,-30.4124414],[-61.6453645,-30.412044],[-61.6454509,-30.4116431],[-61.6454747,-30.4114903],[-61.6455368,-30.410893],[-61.6458958,-30.403765],[-61.6459808,-30.4031275],[-61.6461273,-30.4025459],[-61.6462846,-30.4020013],[-61.6465181,-30.4013911],[-61.6484426,-30.3973752],[-61.6489049,-30.3963783],[-61.6491795,-30.3958025],[-61.649491,-30.3951531],[-61.6497991,-30.3945386],[-61.6500907,-30.3939002],[-61.6507136,-30.3925915],[-61.6515128,-30.3908881],[-61.6520885,-30.3896881],[-61.6525284,-30.3888826],[-61.653037,-30.3881434],[-61.6533323,-30.3877835],[-61.6537545,-30.3873491],[-61.6541634,-30.3869352],[-61.6592934,-30.382118],[-61.6597939,-30.3816307],[-61.6602553,-30.381115],[-61.6607199,-30.3805037],[-61.6611464,-30.3798757],[-61.6615196,-30.3791793],[-61.6659352,-30.3698749],[-61.6690728,-30.363307],[-61.6693512,-30.3626387],[-61.6695551,-30.3618796],[-61.6696684,-30.3612534],[-61.6698812,-30.3598805],[-61.6700142,-30.3593305],[-61.6702465,-30.358658],[-61.6705512,-30.3580527],[-61.670908,-30.3574961],[-61.6734888,-30.3539888],[-61.6738944,-30.3533273],[-61.6742661,-30.3525727],[-61.6750484,-30.3509292],[-61.6750891,-30.3508437],[-61.68621,-30.3274775],[-61.6956877,-30.3076829],[-61.7068538,-30.2843006],[-61.718153,-30.2606013],[-61.7187098,-30.259434],[-61.7190048,-30.2587204],[-61.7192632,-30.257838],[-61.7192882,-30.2577278],[-61.7193076,-30.2576424],[-61.7225622,-30.2433087],[-61.7239403,-30.2373201],[-61.7242903,-30.235979],[-61.724439,-30.2353923],[-61.7246214,-30.2348084],[-61.7248937,-30.2341076],[-61.7253277,-30.2331419],[-61.7257874,-30.2321189],[-61.725894,-30.2318818],[-61.7266599,-30.230083],[-61.7271146,-30.2290666],[-61.727432,-30.2283927],[-61.727616,-30.228079],[-61.7278012,-30.2277812],[-61.7279765,-30.2275105],[-61.72813,-30.2272687],[-61.7285789,-30.2267017],[-61.7289533,-30.2262447],[-61.7295043,-30.2256824],[-61.7300291,-30.2252075],[-61.7308532,-30.2245763],[-61.7316743,-30.2239948],[-61.736135,-30.2208229],[-61.736708,-30.2203616],[-61.7371434,-30.2199554],[-61.737623,-30.2193918],[-61.7380257,-30.2188348],[-61.7384436,-30.2181009],[-61.7387167,-30.2175314],[-61.7507928,-30.1921525],[-61.7508441,-30.1920444],[-61.7658138,-30.160736],[-61.7752525,-30.1408529],[-61.7829011,-30.124707],[-61.7846993,-30.1204576],[-61.786772,-30.1153977],[-61.7876984,-30.1133696],[-61.7878066,-30.1131448],[-61.789899,-30.1088265],[-61.7908784,-30.1067981],[-61.7918666,-30.1047693],[-61.7919374,-30.1046193],[-61.7927042,-30.1031674],[-61.795241,-30.0988476],[-61.8066871,-30.074848],[-61.8210682,-30.0444437],[-61.8228561,-30.0406731],[-61.8237076,-30.0388772],[-61.8271831,-30.03155],[-61.8273387,-30.0311731],[-61.8274501,-30.0308765],[-61.827538,-30.0306009],[-61.827621,-30.0303373],[-61.8276821,-30.0300835],[-61.8277393,-30.0298254],[-61.8291025,-30.0215013],[-61.8295468,-30.018783],[-61.8295941,-30.0184984],[-61.829989,-30.0160597],[-61.8305552,-30.012593],[-61.83086,-30.0107265],[-61.8308721,-30.0106469],[-61.8309647,-30.0099379],[-61.8310831,-30.0090778],[-61.8311897,-30.0083729],[-61.8312139,-30.0081504],[-61.8312293,-30.0079113],[-61.8312345,-30.0076486],[-61.8312344,-30.0073903],[-61.8312056,-30.006461],[-61.8310614,-30.0031498],[-61.8310614,-30.0030548],[-61.8310492,-30.002723],[-61.8310463,-30.0024964],[-61.8310505,-30.002222],[-61.8310655,-30.0019666],[-61.8310955,-30.0017291],[-61.8311424,-30.0014738],[-61.831209,-30.0011405],[-61.8312359,-30.0010349],[-61.8312544,-30.0009663],[-61.831297,-30.0007951],[-61.8313517,-30.0005889],[-61.83147,-30.0002359],[-61.8315678,-29.9999809],[-61.8316835,-29.9997291],[-61.8318229,-29.9994862],[-61.8319176,-29.9993277],[-61.8320671,-29.9990695],[-61.8324255,-29.9983002],[-61.8326945,-29.9977283],[-61.8328366,-29.9974474],[-61.8329944,-29.9971643],[-61.8331756,-29.9968362],[-61.8334037,-29.9964771],[-61.8335996,-29.996199],[-61.8337727,-29.9959779],[-61.8339651,-29.9957567],[-61.8343153,-29.9953778],[-61.8345335,-29.9951637],[-61.8347725,-29.994939],[-61.8350439,-29.9947107],[-61.8352887,-29.9945147],[-61.8355988,-29.9942832],[-61.8358626,-29.9940946],[-61.8361418,-29.9939061],[-61.8370636,-29.9933232],[-61.8385973,-29.9923148],[-61.8448887,-29.9882128],[-61.8470089,-29.9868381],[-61.8472239,-29.986698],[-61.8486922,-29.9857407],[-61.8498964,-29.9849487],[-61.8499551,-29.9849085],[-61.8503518,-29.9846365],[-61.8507847,-29.9843143],[-61.851122,-29.9840437],[-61.8513947,-29.983792],[-61.8518075,-29.9833866],[-61.8522574,-29.9829086],[-61.8558824,-29.9790265],[-61.8740076,-29.9595682],[-61.8776507,-29.9556614],[-61.8827044,-29.9502416],[-61.8849199,-29.9478655],[-61.8859195,-29.9466817],[-61.8863009,-29.9461842],[-61.8863839,-29.9460965],[-61.8865192,-29.9459536],[-61.8866051,-29.9458628],[-61.8877007,-29.9448592],[-61.8880214,-29.9445384],[-61.8891632,-29.9433078],[-61.8904098,-29.9419704],[-61.8915442,-29.9407201],[-61.8951537,-29.9368713],[-61.8971016,-29.934781],[-61.8994699,-29.9322396],[-61.9018957,-29.9296336],[-61.9024261,-29.9290637],[-61.9081426,-29.9229209],[-61.9148258,-29.9157388],[-61.9249854,-29.9048198],[-61.9251924,-29.9045973],[-61.9262278,-29.9034844],[-61.9264138,-29.9032753],[-61.9266186,-29.9030337],[-61.9268265,-29.9027701],[-61.9270112,-29.9025195],[-61.9271976,-29.9022447],[-61.9273516,-29.901996],[-61.927497,-29.9017384],[-61.9276525,-29.9014549],[-61.9277529,-29.9012624],[-61.9278542,-29.9010442],[-61.9279999,-29.900704],[-61.9281236,-29.9003871],[-61.9282342,-29.9000637],[-61.9283226,-29.8997536],[-61.9284142,-29.8993648],[-61.928526,-29.8988323],[-61.9292346,-29.8954079],[-61.9296996,-29.8931532],[-61.9300149,-29.8916356],[-61.9304205,-29.8896635],[-61.9307706,-29.8879718],[-61.9310458,-29.8866169],[-61.9312172,-29.8858199],[-61.9314359,-29.8847345],[-61.9314801,-29.8845224],[-61.9315503,-29.884199],[-61.9316271,-29.8838876],[-61.9316995,-29.883633],[-61.9318037,-29.8833138],[-61.9320998,-29.8826838],[-61.932593,-29.8817254],[-61.9331357,-29.8809085],[-61.9337276,-29.8802042],[-61.9345903,-29.8792639],[-61.9349054,-29.8789205],[-61.9353119,-29.8784773],[-61.9361851,-29.877472]]]},"geometry_name":"geom","properties":{"gid":965,"rtn":"34","typ":40,"rst":1,"hct":1,"fdc":"Dirección Nacional de Vialidad","sag":"IGN"},"bbox":[-61.9361851,-30.9398654,-61.541958,-29.877472]},{"type":"Feature","id":"vial_nacional.966","geometry":{"type":"MultiLineString","coordinates":[[[-61.5675109,-31.7939606],[-61.5672809,-31.792853],[-61.56713,-31.7921414],[-61.5667014,-31.7904732],[-61.5670865,-31.7915736],[-61.5671937,-31.7919338],[-61.567242,-31.7921094],[-61.5672796,-31.7922051],[-61.5673548,-31.7925585],[-61.5673977,-31.7928823],[-61.5675109,-31.7939606]]]},"geometry_name":"geom","properties":{"gid":966,"rtn":"34","typ":40,"rst":1,"hct":1,"fdc":"Dirección Nacional de Vialidad","sag":"IGN"},"bbox":[-61.5675109,-31.7939606,-61.5667014,-31.7904732]},{"type":"Feature","id":"vial_nacional.967","geometry":{"type":"MultiLineString","coordinates":[[[-61.5675109,-31.7939606],[-61.5696924,-31.8032251],[-61.5697383,-31.8034276],[-61.5717319,-31.8116633],[-61.5718349,-31.8120809],[-61.5719459,-31.8124667],[-61.5720585,-31.8128214],[-61.5721894,-31.8131742],[-61.5723915,-31.8136191],[-61.5726115,-31.8140477],[-61.5728342,-31.8144465],[-61.5730706,-31.8148518],[-61.5735782,-31.8156262],[-61.5739615,-31.8162789],[-61.5741807,-31.8166672],[-61.5743263,-31.8169415],[-61.5746258,-31.817597],[-61.5748414,-31.8181252],[-61.5750057,-31.8185836],[-61.5751597,-31.8190865],[-61.5752975,-31.819614],[-61.5771306,-31.8273232],[-61.5779395,-31.8307114],[-61.5815364,-31.8458785],[-61.5826791,-31.8506526],[-61.5835382,-31.8542751],[-61.5837611,-31.8552098],[-61.5838064,-31.8554147],[-61.5839208,-31.8559091],[-61.5839571,-31.8560808],[-61.5840138,-31.856299],[-61.5840597,-31.8564924],[-61.5848214,-31.8597219],[-61.5855096,-31.8625687],[-61.585701,-31.8633996],[-61.5859688,-31.8645247],[-61.5861089,-31.8650925],[-61.5864347,-31.8664789],[-61.5904023,-31.8831076],[-61.5953892,-31.9040284],[-61.5954816,-31.9044121],[-61.5955382,-31.904774],[-61.5955683,-31.9050266],[-61.595593,-31.9052701],[-61.5955947,-31.9054773],[-61.595588,-31.905693],[-61.5955734,-31.9058842],[-61.5955539,-31.9060991],[-61.5955221,-31.9063138],[-61.5954831,-31.9065331],[-61.5953859,-31.9069416],[-61.595246,-31.9073925],[-61.5925076,-31.9161166],[-61.5924208,-31.9164589],[-61.5923597,-31.916717],[-61.592328,-31.916994],[-61.5923014,-31.9174169],[-61.5923085,-31.917816],[-61.5923413,-31.9181277],[-61.5923979,-31.9184508],[-61.5924537,-31.9187338],[-61.5946346,-31.9275484],[-61.5969585,-31.9369358],[-61.5992904,-31.9463541],[-61.6016185,-31.9557534],[-61.6038776,-31.9651785],[-61.6061502,-31.9746527],[-61.6085728,-31.9843462],[-61.6109375,-31.9937072],[-61.6132557,-32.0030695],[-61.6149654,-32.0099229],[-61.6151014,-32.0104863],[-61.6151696,-32.0108945],[-61.6152037,-32.0112652],[-61.615199,-32.0117093],[-61.615143,-32.0121584],[-61.6150673,-32.0125206],[-61.6150127,-32.0127664],[-61.6148896,-32.0131167],[-61.6147301,-32.0134919],[-61.6145205,-32.013874],[-61.6141226,-32.0145101],[-61.6087555,-32.0224675],[-61.6086227,-32.0226643],[-61.6011964,-32.0336113],[-61.6011192,-32.0337196],[-61.601022,-32.0338911],[-61.6007899,-32.034216],[-61.5940463,-32.0447206],[-61.5937771,-32.0451124],[-61.5937482,-32.0451663],[-61.5934635,-32.0456437],[-61.5924238,-32.0472182],[-61.5921788,-32.0475794],[-61.5918855,-32.0480412],[-61.5911575,-32.0491786],[-61.5910432,-32.0493426],[-61.5908528,-32.0496333],[-61.5903426,-32.0504164],[-61.5901668,-32.0506909],[-61.5890883,-32.0523635],[-61.5880183,-32.0540241],[-61.5873504,-32.0550132],[-61.5869906,-32.0555172],[-61.5868765,-32.0556946],[-61.5867062,-32.0559542],[-61.58645245,-32.056346],[-61.5864304,-32.0563835],[-61.5862601,-32.0566466],[-61.5858496,-32.057287],[-61.58516,-32.0583673],[-61.5792131,-32.0673026],[-61.5788591,-32.0678297],[-61.576827,-32.0709557],[-61.5718167,-32.078708],[-61.5693415,-32.0823041],[-61.5643893,-32.0899842],[-61.5583808,-32.0992549],[-61.5571012,-32.1011257],[-61.5568433,-32.1014552],[-61.5508847,-32.1090673],[-61.5505202,-32.1095469],[-61.5501769,-32.1100236],[-61.5500106,-32.1103114],[-61.5498527,-32.1105964],[-61.5496001,-32.111254],[-61.5494522,-32.1118804],[-61.5493967,-32.1124127],[-61.5494152,-32.1129555],[-61.5494891,-32.1135244],[-61.5496185,-32.1140464],[-61.5497805,-32.1144842],[-61.5499752,-32.1149009],[-61.5504671,-32.1157342],[-61.5510064,-32.1165815],[-61.5511705,-32.1168921],[-61.5513131,-32.1171314],[-61.5519324,-32.1181563],[-61.5529992,-32.1199053],[-61.5532206,-32.1202785],[-61.5534055,-32.1206251],[-61.553571,-32.1209376],[-61.5537031,-32.121254],[-61.5538492,-32.1218354],[-61.5539426,-32.1224484],[-61.5539612,-32.1230259],[-61.5539099,-32.1236072],[-61.5537931,-32.124157],[-61.5535876,-32.1247186],[-61.5533308,-32.1252446],[-61.5529992,-32.1257667],[-61.550693,-32.128918],[-61.5502494,-32.1294795],[-61.5502291,-32.1295079],[-61.5502109,-32.129534],[-61.5497778,-32.1300915],[-61.5495459,-32.1303966],[-61.5491809,-32.1308544],[-61.5488261,-32.1312723],[-61.5484679,-32.1315985],[-61.5482178,-32.1318074],[-61.5479542,-32.1320106],[-61.5476602,-32.1322023],[-61.5473696,-32.132374],[-61.5467951,-32.1326602],[-61.5462071,-32.1328891],[-61.5456292,-32.1330465],[-61.5450175,-32.133181],[-61.5437334,-32.1334243],[-61.5427179,-32.1335886],[-61.5420137,-32.1337156],[-61.5414083,-32.1338383],[-61.5408245,-32.1339926],[-61.5405023,-32.1341112],[-61.5401707,-32.1342417],[-61.5397971,-32.1344236],[-61.5394469,-32.1345976],[-61.539176,-32.1347637],[-61.5389005,-32.1349535],[-61.5384755,-32.1353134],[-61.5381953,-32.1355744],[-61.5378357,-32.1359817],[-61.5374995,-32.1363969],[-61.5305931,-32.145489],[-61.5193429,-32.1602978],[-61.5192374,-32.1604344],[-61.5095139,-32.1732078],[-61.5094281,-32.173319],[-61.5023339,-32.1827363],[-61.4960986,-32.1909334],[-61.4959193,-32.1911742],[-61.4956656,-32.1915453],[-61.495513,-32.1917848],[-61.4953075,-32.1921756],[-61.4951336,-32.1926293],[-61.4950103,-32.1930973],[-61.4949515,-32.1935002],[-61.4949149,-32.1939363],[-61.4949168,-32.1943323],[-61.4949588,-32.1948242],[-61.495082,-32.1953928],[-61.4952214,-32.1959565],[-61.4955052,-32.1970153],[-61.4959945,-32.1989465],[-61.4961107,-32.1994451],[-61.496176,-32.199814],[-61.4962099,-32.2001852],[-61.4962163,-32.2005422],[-61.4962119,-32.2008748],[-61.4961629,-32.2012212],[-61.496095,-32.2015611],[-61.4959931,-32.2019466],[-61.4958333,-32.2023616],[-61.4956405,-32.2027602],[-61.4954208,-32.2031141],[-61.4952314,-32.2033879],[-61.4950833,-32.2035649],[-61.495049,-32.2036059],[-61.4948409,-32.2038196],[-61.494617,-32.2040511],[-61.4945724,-32.2040908],[-61.4944782,-32.204175],[-61.4942654,-32.2043521],[-61.4940385,-32.2045255],[-61.4938023,-32.2047003],[-61.493317,-32.2050257],[-61.4825461,-32.2116987],[-61.4795225,-32.2135719],[-61.4789216,-32.2139625],[-61.4786431,-32.2141733],[-61.478383,-32.2143872],[-61.4781338,-32.2146228],[-61.4778993,-32.2148708],[-61.4774544,-32.2154098],[-61.4763778,-32.2168232],[-61.4647586,-32.2320772],[-61.4644059,-32.2325402],[-61.4602163,-32.2380302],[-61.4588491,-32.2398216],[-61.4584912,-32.2403056],[-61.4506155,-32.2506595],[-61.4427045,-32.2609736],[-61.4365304,-32.269137],[-61.4322311,-32.2747653],[-61.4318371,-32.2752811],[-61.4267293,-32.2819829],[-61.4195027,-32.2914534],[-61.4193743,-32.2916508],[-61.4192482,-32.2918581],[-61.4190287,-32.2922647],[-61.4189026,-32.2925706],[-61.4187929,-32.2928746],[-61.4187135,-32.2931845],[-61.4186668,-32.2934134],[-61.4186271,-32.2936424],[-61.4186014,-32.2939049],[-61.4185874,-32.2941694],[-61.4185859,-32.2944739],[-61.4186197,-32.2947682],[-61.4187214,-32.2953542],[-61.4189664,-32.2963217],[-61.4191303,-32.2969732],[-61.4195823,-32.2987702],[-61.4196352,-32.2989747],[-61.4197957,-32.2996757],[-61.4198384,-32.2999575],[-61.4198689,-32.3002358],[-61.4198832,-32.3005331],[-61.4198771,-32.300832],[-61.4198689,-32.3010193],[-61.4198425,-32.30121],[-61.4198018,-32.3014626],[-61.419749,-32.3017152],[-61.4196799,-32.301978],[-61.4195925,-32.3022478],[-61.4194868,-32.3025158],[-61.4194055,-32.3027083],[-61.4192998,-32.302911],[-61.4190497,-32.3032821],[-61.4188891,-32.3035055],[-61.4187062,-32.3037323],[-61.4184704,-32.3040054],[-61.4182311,-32.3042663],[-61.4181104,-32.3043974],[-61.4177264,-32.3046463],[-61.4174906,-32.3048164],[-61.4172182,-32.3049916],[-61.4166491,-32.3053267],[-61.4158145,-32.3057569],[-61.4148215,-32.3063263],[-61.4144736,-32.3065205],[-61.4144044,-32.3065547],[-61.4140419,-32.3067511],[-61.4112224,-32.308253],[-61.4085092,-32.3097297],[-61.4068473,-32.3106279],[-61.405124,-32.3115741],[-61.4041791,-32.3121616],[-61.4037139,-32.3124767],[-61.4033041,-32.3127944],[-61.4026971,-32.3133022],[-61.4021241,-32.3138568],[-61.401816,-32.3141901],[-61.4015356,-32.3145286],[-61.4009841,-32.3152264],[-61.3960914,-32.3216317],[-61.3947973,-32.3233449],[-61.3938798,-32.3245422],[-61.3909751,-32.3283323],[-61.3882543,-32.3318824],[-61.3881856,-32.3319735],[-61.386043,-32.3348076],[-61.3855226,-32.3355169],[-61.3851874,-32.3359634],[-61.3848977,-32.336326],[-61.3764673,-32.3473495],[-61.3758766,-32.3481133],[-61.3753126,-32.3488804],[-61.3751441,-32.3491522],[-61.3749315,-32.3495166],[-61.374759,-32.3498758],[-61.3746172,-32.350248],[-61.3745063,-32.350602],[-61.3744831,-32.3506909],[-61.3744139,-32.350956],[-61.3743245,-32.3513256],[-61.3742691,-32.3517004],[-61.3742459,-32.3520961],[-61.3742567,-32.3525199],[-61.3742654,-32.3527534],[-61.3747165,-32.3574187],[-61.374946,-32.3595766],[-61.3750423,-32.3606287],[-61.375077,-32.3611583],[-61.3750893,-32.3615985],[-61.3750692,-32.3620358],[-61.3750161,-32.3625376],[-61.3749422,-32.3629191],[-61.3748575,-32.3633483],[-61.3747373,-32.3637661],[-61.3745956,-32.3641839],[-61.3744153,-32.3646243],[-61.3742044,-32.3650284],[-61.3729269,-32.367282],[-61.3715447,-32.3696776],[-61.3713564,-32.3700068],[-61.3702861,-32.3718506],[-61.3700716,-32.37222],[-61.369438,-32.3733115],[-61.3689789,-32.374126],[-61.3684736,-32.3748858],[-61.3679221,-32.3756066],[-61.3672269,-32.3763579],[-61.3667368,-32.3767927],[-61.3663563,-32.3771162],[-61.3658973,-32.3774655],[-61.3655137,-32.3777441],[-61.3650897,-32.3780291],[-61.3645347,-32.378333],[-61.3639768,-32.3786207],[-61.3633411,-32.3789175],[-61.3626813,-32.3791825],[-61.3597089,-32.3803677],[-61.3580894,-32.3810218],[-61.3564968,-32.3816354],[-61.3559299,-32.3818671]]]},"geometry_name":"geom","properties":{"gid":967,"rtn":"34","typ":40,"rst":1,"hct":1,"fdc":"Dirección Nacional de Vialidad","sag":"IGN"},"bbox":[-61.6152037,-32.3818671,-61.3559299,-31.7939606]},{"type":"Feature","id":"vial_nacional.968","geometry":{"type":"MultiLineString","coordinates":[[[-61.5272921,-31.5335927],[-61.5276485,-31.5349035],[-61.5277552,-31.5353083],[-61.5279325,-31.5360461],[-61.5280659,-31.5365207],[-61.5284076,-31.5379687],[-61.5284709,-31.5382564],[-61.529386,-31.5421501],[-61.5302084,-31.5457366],[-61.5316369,-31.5513369],[-61.5316621,-31.5514392],[-61.5327187,-31.5558824],[-61.5338223,-31.5605258],[-61.5359823,-31.5697184],[-61.5381774,-31.578919],[-61.5403634,-31.5880985],[-61.5425587,-31.5972527],[-61.544742,-31.6064636],[-61.5469444,-31.6156104],[-61.5471639,-31.6165514],[-61.5472941,-31.6173625],[-61.5488577,-31.628445],[-61.5505284,-31.6402858],[-61.5505992,-31.6406534],[-61.553377,-31.6519],[-61.5543054,-31.6557507],[-61.5544063,-31.6563221],[-61.554473,-31.6568149],[-61.5545299,-31.6575118],[-61.5545452,-31.6582498],[-61.5545087,-31.658982],[-61.554447,-31.6597497],[-61.5543176,-31.6604897],[-61.5537236,-31.6629643],[-61.553674,-31.6631621],[-61.5511765,-31.6732657],[-61.5500507,-31.6777675],[-61.54996,-31.6782469],[-61.549905,-31.6785951],[-61.5498603,-31.6789229],[-61.5498143,-31.6792275],[-61.5497853,-31.6795517],[-61.5497657,-31.6799042],[-61.5497525,-31.6802192],[-61.5497632,-31.6805409],[-61.5497764,-31.680908],[-61.5497946,-31.6812439],[-61.5498527,-31.6818927],[-61.5500764,-31.6830438],[-61.5522633,-31.692218],[-61.5523232,-31.6924103],[-61.5533701,-31.6968387],[-61.5542293,-31.7004347],[-61.5543455,-31.7009218],[-61.5544574,-31.7013894],[-61.5544975,-31.7015535],[-61.5546247,-31.7020572],[-61.5547197,-31.7024961],[-61.5551315,-31.704237],[-61.5556147,-31.7062427],[-61.5558268,-31.7070742],[-61.5561546,-31.7085225],[-61.5565465,-31.7101227],[-61.5566545,-31.710621],[-61.55885,-31.7198177],[-61.5599531,-31.7244074],[-61.5610356,-31.7290074],[-61.5627005,-31.7359789],[-61.5628031,-31.736468],[-61.5628773,-31.7368646],[-61.5629392,-31.7372826],[-61.5629906,-31.7377538],[-61.563017,-31.7381754],[-61.5630331,-31.7386368],[-61.5630314,-31.7391384],[-61.5630035,-31.7396983],[-61.5622512,-31.750768],[-61.5622367,-31.7509871],[-61.5615194,-31.7618001],[-61.5614786,-31.7623179],[-61.5614627,-31.7627992],[-61.5614431,-31.7633109],[-61.5614466,-31.7637952],[-61.5614694,-31.7640503],[-61.5614716,-31.764121],[-61.5615,-31.7643085],[-61.5615583,-31.7648003],[-61.5616361,-31.765268],[-61.5617211,-31.7657782],[-61.5638824,-31.7766055],[-61.566385,-31.7891451],[-61.5665463,-31.7898732],[-61.5667014,-31.7904732]]]},"geometry_name":"geom","properties":{"gid":968,"rtn":"34","typ":40,"rst":1,"hct":1,"fdc":"Dirección Nacional de Vialidad","sag":"IGN"},"bbox":[-61.5667014,-31.7904732,-61.5272921,-31.5335927]},{"type":"Feature","id":"vial_nacional.972","geometry":{"type":"MultiLineString","coordinates":[[[-61.52693156,-31.53247612],[-61.526928,-31.5324623],[-61.5268912,-31.5323194],[-61.5267525,-31.5316997],[-61.5261212,-31.5292461],[-61.525771,-31.5279104],[-61.5256745,-31.5274852],[-61.5256045,-31.5270208],[-61.5255771,-31.5268407],[-61.5255577,-31.5265962],[-61.525562,-31.5263585],[-61.5255654,-31.5260739],[-61.5255832,-31.5258123],[-61.5256203,-31.5255436],[-61.5257046,-31.5251136],[-61.5257685,-31.5248832],[-61.5258329,-31.5246849],[-61.526039,-31.5241158],[-61.5262209,-31.5236294],[-61.5297,-31.5146259],[-61.5320724,-31.5084954],[-61.5339412,-31.5037068],[-61.5342844,-31.5027054],[-61.5343819,-31.5024238],[-61.5344414,-31.5021739],[-61.5344936,-31.5018592],[-61.5345311,-31.5014865],[-61.5345338,-31.5012212],[-61.5344896,-31.5007264],[-61.5342904,-31.4997407],[-61.5322405,-31.4905178],[-61.5318838,-31.4890013],[-61.5315914,-31.4880178],[-61.5312347,-31.4870389],[-61.5310308,-31.4864419],[-61.5307197,-31.4853371],[-61.5304474,-31.4841391],[-61.5299325,-31.4815512],[-61.5297192,-31.4792493],[-61.5297051,-31.4784445],[-61.5309525,-31.4840417],[-61.5344843,-31.499722],[-61.5346729,-31.5007182],[-61.5347055,-31.5009572],[-61.5347118,-31.5012149],[-61.5347031,-31.5014779],[-61.5346821,-31.5017423],[-61.534658,-31.5019702],[-61.5346331,-31.5022006],[-61.5345793,-31.5024442],[-61.5344989,-31.502726],[-61.5341413,-31.5037361],[-61.5323191,-31.508374],[-61.5322597,-31.5085349],[-61.5299027,-31.5146496],[-61.5264408,-31.5235959],[-61.5262367,-31.524136],[-61.5260265,-31.5247026],[-61.5259635,-31.5249039],[-61.5258942,-31.5251316],[-61.5258072,-31.5255475],[-61.5257598,-31.5258152],[-61.5257514,-31.5260719],[-61.5257408,-31.5263554],[-61.5257457,-31.5266003],[-61.5257672,-31.5268319],[-61.5257845,-31.5270052],[-61.5258258,-31.5271874],[-61.5258856,-31.5274549],[-61.5261116,-31.528414],[-61.526291,-31.5292046],[-61.5268395,-31.5316807],[-61.5270169,-31.5322956],[-61.52705554,-31.53244183],[-61.52705978,-31.53245317]]]},"geometry_name":"geom","properties":{"gid":972,"rtn":"34","typ":40,"rst":1,"hct":1,"fdc":"Dirección Nacional de Vialidad","sag":"IGN"},"bbox":[-61.5347118,-31.53247612,-61.5255577,-31.4784445]},{"type":"Feature","id":"vial_nacional.973","geometry":{"type":"MultiLineString","coordinates":[[[-61.3525037,-32.3832046],[-61.352703,-32.3830834],[-61.3532371,-32.3828537],[-61.353289,-32.3828335],[-61.3540844,-32.3825234],[-61.3541971,-32.3824795],[-61.3549606,-32.3821818],[-61.3556916,-32.3819285],[-61.3559299,-32.3818671],[-61.3557085,-32.3819785],[-61.3550582,-32.3822466],[-61.3547929,-32.3823507],[-61.3542048,-32.382574],[-61.3540931,-32.3826215],[-61.3533098,-32.3829245],[-61.3527307,-32.3831392],[-61.3525037,-32.3832046]]]},"geometry_name":"geom","properties":{"gid":973,"rtn":"34","typ":40,"rst":1,"hct":1,"fdc":"Dirección Nacional de Vialidad","sag":"IGN"},"bbox":[-61.3559299,-32.3832046,-61.3525037,-32.3818671]},{"type":"Feature","id":"vial_nacional.974","geometry":{"type":"MultiLineString","coordinates":[[[-61.3525037,-32.3832046],[-61.3508105,-32.3838811],[-61.3502794,-32.3841138],[-61.3498298,-32.3843259],[-61.3493647,-32.3845753],[-61.3489085,-32.3848378],[-61.3486044,-32.3850369],[-61.3483068,-32.3852379],[-61.347714,-32.3856548],[-61.3471894,-32.3860512],[-61.3467068,-32.3864793],[-61.3464291,-32.3867529],[-61.34618,-32.387032],[-61.345931,-32.3873224],[-61.3456886,-32.3876239],[-61.3445155,-32.3891025],[-61.3433091,-32.3907018]]]},"geometry_name":"geom","properties":{"gid":974,"rtn":"34","typ":40,"rst":1,"hct":1,"fdc":"Dirección Nacional de Vialidad","sag":"IGN"},"bbox":[-61.3525037,-32.3907018,-61.3433091,-32.3832046]},{"type":"Feature","id":"vial_nacional.975","geometry":{"type":"MultiLineString","coordinates":[[[-61.3414959,-32.3930653],[-61.3416873,-32.3928005],[-61.3421646,-32.3921402],[-61.3422557,-32.3920169],[-61.3423435,-32.3918981],[-61.342794,-32.3913184],[-61.3433091,-32.3907018],[-61.3428883,-32.3913506],[-61.3427269,-32.391554],[-61.3423523,-32.392026],[-61.3422358,-32.3921728],[-61.3419332,-32.3925378],[-61.3419151,-32.3925596],[-61.3414959,-32.3930653]]]},"geometry_name":"geom","properties":{"gid":975,"rtn":"34","typ":40,"rst":1,"hct":1,"fdc":"Dirección Nacional de Vialidad","sag":"IGN"},"bbox":[-61.3433091,-32.3930653,-61.3414959,-32.3907018]},{"type":"Feature","id":"vial_nacional.976","geometry":{"type":"MultiLineString","coordinates":[[[-61.3414959,-32.3930653],[-61.3402788,-32.3946411],[-61.3338003,-32.4031282],[-61.3333827,-32.4036752],[-61.3314817,-32.4061836],[-61.3313447,-32.4063631],[-61.3250429,-32.4145608],[-61.313966,-32.4290656],[-61.3078724,-32.4369873],[-61.3077844,-32.4371018],[-61.3045712,-32.4412786],[-61.3045104,-32.4413577],[-61.3020723,-32.4445748],[-61.2992052,-32.448313],[-61.2989852,-32.4485984],[-61.2984886,-32.449241],[-61.2982592,-32.4495703],[-61.2980417,-32.4498976],[-61.2975947,-32.4506599],[-61.2974268,-32.451049],[-61.2972825,-32.4514541],[-61.2971596,-32.4518273],[-61.2970555,-32.4522005],[-61.2969704,-32.4525796],[-61.2969136,-32.4529468],[-61.2968521,-32.4533379],[-61.2968143,-32.4537271],[-61.2967954,-32.4541142],[-61.2968025,-32.4545033],[-61.2969964,-32.4564789],[-61.2970721,-32.4574028],[-61.2971146,-32.4583306],[-61.2971123,-32.4588734],[-61.2970602,-32.4594201],[-61.2969704,-32.4599429],[-61.2968521,-32.4604737],[-61.2967835,-32.4607331],[-61.2967031,-32.4609905],[-61.2966085,-32.4612459],[-61.2964927,-32.4615073],[-61.2962996,-32.4618952],[-61.2960007,-32.4624665],[-61.2959143,-32.4626103],[-61.2957508,-32.4628566],[-61.2954846,-32.4632506],[-61.2953745,-32.4634026],[-61.2951274,-32.4637254],[-61.2948472,-32.464082],[-61.294588,-32.4644406],[-61.2932897,-32.4660954],[-61.2916938,-32.4682226],[-61.2911815,-32.4688291],[-61.2906316,-32.4694174],[-61.2903822,-32.4696709],[-61.290122,-32.4699289],[-61.2898377,-32.4701778],[-61.2895454,-32.4704312],[-61.289253,-32.4706779],[-61.2889392,-32.4709177],[-61.2886227,-32.4711553],[-61.2883035,-32.4713748],[-61.2879763,-32.4715898],[-61.2876383,-32.4718025],[-61.2869517,-32.4721872],[-61.2796507,-32.4760634],[-61.2790552,-32.4764051],[-61.2784893,-32.4767626],[-61.2779448,-32.4771337],[-61.2774218,-32.4775161],[-61.2770436,-32.477817],[-61.2766815,-32.4781157],[-61.2763221,-32.4784551],[-61.2760002,-32.4787854],[-61.2756622,-32.4791384],[-61.2753431,-32.4795004],[-61.2747422,-32.4802403],[-61.2715799,-32.4843583],[-61.2715209,-32.4844352],[-61.2636701,-32.4946885],[-61.2634153,-32.4950255],[-61.2508495,-32.5114264],[-61.2507036,-32.5116168],[-61.2406295,-32.5247366],[-61.2405583,-32.5248293],[-61.2379992,-32.5281617],[-61.2379265,-32.5282564],[-61.2238721,-32.546556],[-61.2235905,-32.5469381],[-61.2233223,-32.5473202],[-61.2230701,-32.5477113],[-61.2228341,-32.548107],[-61.2226314,-32.5484981],[-61.2224403,-32.5489111],[-61.2222801,-32.5493188],[-61.2221199,-32.5497421],[-61.2215191,-32.5514199],[-61.2213004,-32.5519574],[-61.2211124,-32.5523548],[-61.2208967,-32.5527417],[-61.2207273,-32.5530014],[-61.2206641,-32.5530855],[-61.2205301,-32.5532637],[-61.220373,-32.5534507],[-61.2198831,-32.5539623],[-61.2193624,-32.554482],[-61.2191679,-32.5546536],[-61.2173999,-32.5562134],[-61.2167658,-32.5567728],[-61.2155662,-32.5578428],[-61.2152439,-32.5581426],[-61.2149263,-32.5584536],[-61.2146274,-32.5587567],[-61.2143426,-32.5590755],[-61.2140764,-32.5593864],[-61.2137962,-32.5597092],[-61.2132545,-32.5603823],[-61.2105554,-32.563897],[-61.2014027,-32.575814]]]},"geometry_name":"geom","properties":{"gid":976,"rtn":"34","typ":40,"rst":1,"hct":1,"fdc":"Dirección Nacional de Vialidad","sag":"IGN"},"bbox":[-61.3414959,-32.575814,-61.2014027,-32.3930653]},{"type":"Feature","id":"vial_nacional.977","geometry":{"type":"MultiLineString","coordinates":[[[-61.1977173,-32.5793195],[-61.1982082,-32.5788946],[-61.198397,-32.5787352],[-61.1991503,-32.5780991],[-61.1995466,-32.5777645],[-61.1997502,-32.5775776],[-61.199779,-32.5775508],[-61.2000589,-32.5772899],[-61.2010578,-32.5761927],[-61.2014027,-32.575814],[-61.2010833,-32.5762101],[-61.200488,-32.5769486],[-61.2003612,-32.5770795],[-61.2002735,-32.5771701],[-61.1998738,-32.5775747],[-61.1997905,-32.5776497],[-61.1997369,-32.5776981],[-61.1995251,-32.5778889],[-61.199045,-32.5782889],[-61.1984281,-32.5787861],[-61.1977173,-32.5793195]]]},"geometry_name":"geom","properties":{"gid":977,"rtn":"34","typ":40,"rst":1,"hct":1,"fdc":"Dirección Nacional de Vialidad","sag":"IGN"},"bbox":[-61.2014027,-32.5793195,-61.1977173,-32.575814]},{"type":"Feature","id":"vial_nacional.986","geometry":{"type":"MultiLineString","coordinates":[[[-61.5099065,-31.2703943],[-61.5102088,-31.2715956],[-61.5104683,-31.2726545],[-61.5105923,-31.2731453],[-61.5106538,-31.2733888],[-61.5106659,-31.2734461],[-61.510687,-31.2735328],[-61.5107903,-31.2739561],[-61.5110189,-31.2748968],[-61.5112487,-31.2759008],[-61.5113056,-31.2761058]]]},"geometry_name":"geom","properties":{"gid":986,"rtn":"34","typ":40,"rst":1,"hct":1,"fdc":"Dirección Nacional de Vialidad","sag":"IGN"},"bbox":[-61.5113056,-31.2761058,-61.5099065,-31.2703943]},{"type":"Feature","id":"vial_nacional.978","geometry":{"type":"MultiLineString","coordinates":[[[-61.1977173,-32.5793195],[-61.1900442,-32.5853494],[-61.1895335,-32.5857494],[-61.1887312,-32.5863778],[-61.1876912,-32.5871924],[-61.1866839,-32.5879857],[-61.1861928,-32.5883904],[-61.1856982,-32.5888585],[-61.1850099,-32.5895713],[-61.1843653,-32.590302],[-61.1836266,-32.5911012],[-61.1833539,-32.5913893],[-61.1830026,-32.5917004],[-61.1827302,-32.5919118],[-61.1817885,-32.5926656],[-61.1803927,-32.5937307],[-61.1782884,-32.5953932],[-61.1782065,-32.595457],[-61.1777588,-32.5958044],[-61.1773543,-32.5960922],[-61.1768443,-32.5964125],[-61.1757253,-32.5970302],[-61.1751598,-32.5973173],[-61.1746137,-32.5976207],[-61.1740166,-32.5979875],[-61.173466,-32.5983471],[-61.1731732,-32.5985589],[-61.172322,-32.5992247],[-61.1709214,-32.6003374],[-61.1663364,-32.6039169],[-61.165975,-32.6041983],[-61.1658633,-32.6042936],[-61.1656758,-32.6044534],[-61.1656371,-32.6044838],[-61.1654101,-32.6046616],[-61.1653145,-32.6047366],[-61.1650326,-32.6049578],[-61.1609478,-32.6081217],[-61.1602432,-32.6086758],[-61.156529,-32.6115889],[-61.1564054,-32.611691],[-61.1540608,-32.6135118],[-61.1509082,-32.6160003],[-61.1500938,-32.6166214],[-61.1483871,-32.6179515],[-61.1437059,-32.6216267],[-61.1257994,-32.6356582],[-61.103207,-32.6533363],[-61.1021009,-32.6542271],[-61.1013037,-32.6549115],[-61.1009228,-32.6552586],[-61.1005576,-32.6556322],[-61.0999254,-32.656386],[-61.099568,-32.6569283],[-61.099246,-32.6574804],[-61.0989476,-32.6580325],[-61.0986727,-32.6585946],[-61.097762,-32.6605455],[-61.0968404,-32.6625058],[-61.095021,-32.6664492],[-61.0942724,-32.6680301],[-61.0940737,-32.6684521],[-61.0938232,-32.6689841],[-61.0936691,-32.6693114],[-61.0936234,-32.6694085],[-61.0934897,-32.6696924],[-61.0931238,-32.6703636],[-61.0927233,-32.6709421],[-61.0922638,-32.6715272],[-61.0920352,-32.6717697],[-61.0917808,-32.6720396],[-61.0912546,-32.6725222],[-61.0908972,-32.6728131],[-61.0905163,-32.6730908],[-61.0901433,-32.6733552],[-61.0897191,-32.6736131],[-61.089134,-32.6739238],[-61.0888455,-32.6740553],[-61.0885175,-32.6742048],[-61.0878816,-32.6744446],[-61.0874872,-32.6745736],[-61.0871705,-32.6746688],[-61.0867161,-32.6748015],[-61.086237,-32.6749207],[-61.0857647,-32.6750179],[-61.0852659,-32.6750906],[-61.0832121,-32.6753187],[-61.0789278,-32.6757286],[-61.0782092,-32.6758178],[-61.0777575,-32.675884],[-61.0773256,-32.6759633],[-61.0768897,-32.6760625],[-61.0764342,-32.6761781],[-61.0760179,-32.6762905],[-61.0756056,-32.6764128],[-61.0747521,-32.6767043],[-61.0741015,-32.6769549],[-61.0734575,-32.6772161],[-61.0728567,-32.6775069],[-61.0722558,-32.6778243],[-61.0715411,-32.6782341],[-61.0708539,-32.6786936],[-61.0695577,-32.6796383],[-61.0611921,-32.6861838],[-61.0565675,-32.6898071],[-61.046809,-32.6974365],[-61.0466715,-32.6975389],[-61.0424625,-32.7008755],[-61.0415782,-32.7015309],[-61.0411188,-32.7018514],[-61.0406318,-32.7021621],[-61.0400947,-32.7024783],[-61.0397561,-32.7026776],[-61.0388136,-32.7031997],[-61.0369487,-32.7042147],[-61.0322324,-32.7068113],[-61.0314292,-32.7072516],[-61.030994,-32.7075067],[-61.0305639,-32.7077705],[-61.0301753,-32.7080648],[-61.0297979,-32.708366],[-61.0294135,-32.7087253],[-61.0290249,-32.7091134],[-61.02867,-32.7095058],[-61.0283202,-32.7099112],[-61.026986,-32.7115135],[-61.0267189,-32.7118419],[-61.0264812,-32.712103],[-61.0262035,-32.712392],[-61.0259962,-32.7125882],[-61.0257686,-32.7127884],[-61.0255406,-32.7129763],[-61.0252959,-32.713165],[-61.0247749,-32.7135376],[-61.0247179,-32.7135742],[-61.0246841,-32.7135959],[-61.0243938,-32.7137702],[-61.024072,-32.7139462],[-61.0238506,-32.7140573],[-61.023616,-32.7141606],[-61.0231144,-32.7143682],[-61.0226209,-32.7145352],[-61.0221301,-32.7146774],[-61.0211055,-32.7149324],[-61.0181771,-32.7156412],[-61.0173745,-32.7158441],[-61.0165698,-32.716063],[-61.0159476,-32.7162729],[-61.0153425,-32.7165133],[-61.0150544,-32.7166385],[-61.0147781,-32.7167784],[-61.0142167,-32.7170746],[-61.0138447,-32.7173019],[-61.0134934,-32.7175241],[-61.0130857,-32.7178029],[-61.0122971,-32.7183896],[-61.010272,-32.7198429],[-61.0092233,-32.7206011],[-61.0086976,-32.7209599],[-61.0081397,-32.721321],[-60.9932141,-32.7302936],[-60.9898208,-32.7323334],[-60.9840534,-32.7358002],[-60.9655357,-32.7468982],[-60.9608913,-32.7496815],[-60.9562309,-32.7524742],[-60.931745,-32.7671649],[-60.9311683,-32.7675461],[-60.9308786,-32.767749],[-60.930597,-32.767961],[-60.9303422,-32.7681753],[-60.9300874,-32.7684054],[-60.9271155,-32.7712764],[-60.9268956,-32.7714884],[-60.9266461,-32.7717049],[-60.9263832,-32.7719034],[-60.9260882,-32.7720951],[-60.9257207,-32.772289],[-60.9253452,-32.7724672],[-60.9249159,-32.7726165],[-60.9244869,-32.7727266],[-60.9240444,-32.7728055],[-60.9237654,-32.772828],[-60.9234918,-32.7728438],[-60.9232209,-32.7728416],[-60.92295,-32.7728303],[-60.9225396,-32.7727852],[-60.9224372,-32.772771],[-60.922148,-32.7727311],[-60.921971,-32.7726995],[-60.9194685,-32.7722868],[-60.9129373,-32.7712223],[-60.9126718,-32.7711975],[-60.9123928,-32.7711839],[-60.9120817,-32.7711794],[-60.9118892,-32.7711901],[-60.9117047,-32.771205],[-60.9114571,-32.7712404],[-60.9111408,-32.7713042],[-60.9107912,-32.7713984],[-60.910525,-32.7714841],[-60.9102518,-32.7716036],[-60.9100165,-32.7717125],[-60.9097709,-32.77185],[-60.909558,-32.771991],[-60.9093423,-32.7721614],[-60.9091249,-32.7723488],[-60.9089194,-32.7725537],[-60.9085779,-32.7729352],[-60.9078124,-32.7739252],[-60.9071322,-32.7748081],[-60.9055462,-32.7768506],[-60.9041839,-32.7786035],[-60.9040025,-32.7788434],[-60.9038521,-32.7790384],[-60.9032466,-32.7798147],[-60.9024906,-32.780792],[-60.9017241,-32.7817789],[-60.9009238,-32.7828115],[-60.9001606,-32.7837781],[-60.8993734,-32.7847689],[-60.8990998,-32.7851184],[-60.8988906,-32.7853484],[-60.8986787,-32.7855874],[-60.8982254,-32.7860655],[-60.8976518,-32.7866032],[-60.8973832,-32.7868411],[-60.8969487,-32.7872064],[-60.896469,-32.7875809],[-60.8962164,-32.7877657],[-60.8957095,-32.7881061],[-60.8951731,-32.7884354],[-60.8902583,-32.7914078],[-60.8901243,-32.7914889],[-60.8899718,-32.7915802],[-60.8852033,-32.7944151],[-60.884538,-32.7948144],[-60.8749573,-32.8005635],[-60.8589629,-32.8101675],[-60.8421985,-32.8202283],[-60.8410792,-32.820901]]]},"geometry_name":"geom","properties":{"gid":978,"rtn":"34","typ":40,"rst":1,"hct":1,"fdc":"Dirección Nacional de Vialidad","sag":"IGN"},"bbox":[-61.1977173,-32.820901,-60.8410792,-32.5793195]},{"type":"Feature","id":"vial_nacional.979","geometry":{"type":"MultiLineString","coordinates":[[[-60.78318515,-32.85117895],[-60.7832274,-32.8511178],[-60.7833441,-32.8509709],[-60.7834132,-32.8508789],[-60.7835332,-32.8507362],[-60.783945,-32.8503328],[-60.7843671,-32.8498962],[-60.7846767,-32.8496472],[-60.7850014,-32.8494106],[-60.7853943,-32.8491515],[-60.7858074,-32.8489025],[-60.7862392,-32.8486862],[-60.7866858,-32.8484833],[-60.7871512,-32.8483076],[-60.787388,-32.8482249],[-60.7876407,-32.8481421],[-60.7879056,-32.8480722],[-60.7881597,-32.8480113],[-60.7886804,-32.8479062],[-60.7892755,-32.847813],[-60.7898735,-32.8477465],[-60.7932374,-32.8474924],[-60.7946734,-32.8473668],[-60.7950136,-32.8473228],[-60.7953386,-32.8472733],[-60.7956745,-32.8472167],[-60.7960134,-32.847152],[-60.7963431,-32.8470718],[-60.7966543,-32.8469894],[-60.7969855,-32.8468932],[-60.797309,-32.8467922],[-60.7976418,-32.8466757],[-60.7979618,-32.84655],[-60.7982797,-32.8464159],[-60.7985935,-32.8462739],[-60.7989087,-32.8461151],[-60.7992117,-32.8459506],[-60.7995729,-32.8457485],[-60.800906,-32.8449432],[-60.8052308,-32.8423556],[-60.8059193,-32.8419437],[-60.80608,-32.8418474],[-60.80644,-32.8416316],[-60.8183131,-32.8345147],[-60.8299291,-32.8275513],[-60.8300387,-32.827486],[-60.8356293,-32.8241445],[-60.8396374,-32.821765],[-60.8399937,-32.8215535],[-60.8410792,-32.820901]]]},"geometry_name":"geom","properties":{"gid":979,"rtn":"34","typ":40,"rst":1,"hct":1,"fdc":"Dirección Nacional de Vialidad","sag":"IGN"},"bbox":[-60.8410792,-32.85117895,-60.78318515,-32.820901]},{"type":"Feature","id":"vial_nacional.980","geometry":{"type":"MultiLineString","coordinates":[[[-60.7810327,-32.8555436],[-60.7808707,-32.8557944],[-60.7807177,-32.8560312],[-60.7805513,-32.856272],[-60.7803726,-32.8565098],[-60.7801178,-32.856819],[-60.7798417,-32.8571193],[-60.7795494,-32.8574169],[-60.7792666,-32.8576768],[-60.7786154,-32.8582282],[-60.7783057,-32.8584572],[-60.778019,-32.858643],[-60.7778209,-32.8587708],[-60.7776018,-32.8588992],[-60.7772682,-32.8590957],[-60.7763531,-32.8596511],[-60.775021,-32.8604595],[-60.774818,-32.8605759],[-60.7747237,-32.8606297],[-60.7744971,-32.860759],[-60.7713474,-32.8626511],[-60.7711555,-32.8627664],[-60.7707764,-32.8629784],[-60.7705665,-32.8631202],[-60.7694937,-32.8637646],[-60.7689255,-32.864106],[-60.768309,-32.8644763],[-60.7678065,-32.8647782],[-60.76775,-32.8648121],[-60.7675351,-32.8649412],[-60.7641989,-32.8669452],[-60.7640207,-32.8670522],[-60.7637957,-32.8671874],[-60.7635762,-32.8673187],[-60.7632616,-32.8675067],[-60.7609079,-32.8689141],[-60.758777,-32.8701882],[-60.7573529,-32.8710397],[-60.7563129,-32.8716614],[-60.7540335,-32.8730243],[-60.7536556,-32.8732509],[-60.7534498,-32.8733743],[-60.7532774,-32.8734777],[-60.7527043,-32.8738226],[-60.7523163,-32.8740561],[-60.7450594,-32.8784091],[-60.7448217,-32.878545],[-60.7443673,-32.8788149],[-60.7413317,-32.880637],[-60.7408357,-32.8809343],[-60.737816,-32.8827343],[-60.7369982,-32.8832206],[-60.7354337,-32.8841535],[-60.7343351,-32.8848081],[-60.733015,-32.8855948],[-60.7322368,-32.886081],[-60.7319377,-32.886259],[-60.7317294,-32.8863752]]]},"geometry_name":"geom","properties":{"gid":980,"rtn":"34","typ":40,"rst":1,"hct":1,"fdc":"Dirección Nacional de Vialidad","sag":"IGN"},"bbox":[-60.7810327,-32.8863752,-60.7317294,-32.8555436]},{"type":"Feature","id":"vial_nacional.981","geometry":{"type":"MultiLineString","coordinates":[[[-64.7852554,-23.7912948],[-64.7848138,-23.7905185],[-64.7842922,-23.7895123],[-64.7842141,-23.7893658],[-64.7840236,-23.7889936],[-64.7838725,-23.7886725],[-64.7837472,-23.7883375]]]},"geometry_name":"geom","properties":{"gid":981,"rtn":"34","typ":40,"rst":1,"hct":1,"fdc":"Dirección Nacional de Vialidad","sag":"IGN"},"bbox":[-64.7852554,-23.7912948,-64.7837472,-23.7883375]},{"type":"Feature","id":"vial_nacional.982","geometry":{"type":"MultiLineString","coordinates":[[[-64.7837472,-23.7883375],[-64.7839132,-23.7886594],[-64.7841882,-23.7891753],[-64.7843359,-23.7894582],[-64.7843535,-23.7894965],[-64.7845075,-23.7897801],[-64.7848957,-23.790516],[-64.7852554,-23.7912948]]]},"geometry_name":"geom","properties":{"gid":982,"rtn":"34","typ":40,"rst":1,"hct":1,"fdc":"Dirección Nacional de Vialidad","sag":"IGN"},"bbox":[-64.7852554,-23.7912948,-64.7837472,-23.7883375]},{"type":"Feature","id":"vial_nacional.983","geometry":{"type":"MultiLineString","coordinates":[[[-61.5137987,-31.2866708],[-61.5135358,-31.2858903],[-61.5133893,-31.2851919],[-61.513273,-31.2847327],[-61.5131912,-31.284029],[-61.5133172,-31.2844324],[-61.5133278,-31.2844756],[-61.5134681,-31.2850492],[-61.5134983,-31.285173],[-61.5136297,-31.2857585],[-61.5137987,-31.2866708]]]},"geometry_name":"geom","properties":{"gid":983,"rtn":"34","typ":40,"rst":1,"hct":1,"fdc":"Dirección Nacional de Vialidad","sag":"IGN"},"bbox":[-61.5137987,-31.2866708,-61.5131912,-31.284029]},{"type":"Feature","id":"vial_nacional.984","geometry":{"type":"MultiLineString","coordinates":[[[-61.5118703,-31.278514],[-61.5120184,-31.2790986],[-61.5120465,-31.2792096],[-61.5131912,-31.284029]]]},"geometry_name":"geom","properties":{"gid":984,"rtn":"34","typ":40,"rst":1,"hct":1,"fdc":"Dirección Nacional de Vialidad","sag":"IGN"},"bbox":[-61.5131912,-31.284029,-61.5118703,-31.278514]},{"type":"Feature","id":"vial_nacional.985","geometry":{"type":"MultiLineString","coordinates":[[[-61.5118703,-31.278514],[-61.5116867,-31.2781325],[-61.5115218,-31.2773978],[-61.5114332,-31.2769878],[-61.5113689,-31.2767124],[-61.5113407,-31.2765702],[-61.5113056,-31.2761058],[-61.5114563,-31.276754],[-61.5115058,-31.2769748],[-61.5117109,-31.2778104],[-61.5118703,-31.278514]]]},"geometry_name":"geom","properties":{"gid":985,"rtn":"34","typ":40,"rst":1,"hct":1,"fdc":"Dirección Nacional de Vialidad","sag":"IGN"},"bbox":[-61.5118703,-31.278514,-61.5113056,-31.2761058]},{"type":"Feature","id":"vial_nacional.987","geometry":{"type":"MultiLineString","coordinates":[[[-61.5095366,-31.2689088],[-61.5097683,-31.2697636],[-61.5099065,-31.2703943],[-61.5096574,-31.2697519],[-61.5094012,-31.2689315],[-61.5092057,-31.2682782],[-61.5089899,-31.2675777],[-61.5085712,-31.2661903],[-61.5084396,-31.2657558],[-61.5075904,-31.2628992],[-61.5073588,-31.2621388],[-61.5069991,-31.2609665],[-61.5069062,-31.2607353],[-61.506717,-31.2599123],[-61.5066985,-31.2598097],[-61.5066809,-31.2597131],[-61.5066133,-31.2593537],[-61.5064557,-31.2585148],[-61.5060027,-31.2561032],[-61.5058694,-31.2553608],[-61.5058183,-31.2551037],[-61.5057508,-31.2547645],[-61.5057076,-31.2543872],[-61.5056551,-31.2540539],[-61.5054942,-31.2534101],[-61.5054288,-31.2528931],[-61.5054171,-31.2526655],[-61.5054125,-31.2524539],[-61.5054171,-31.2523242],[-61.5054451,-31.2521445],[-61.5054807,-31.2519526],[-61.5055172,-31.2517264],[-61.5056245,-31.2512588],[-61.5057564,-31.250744],[-61.5058138,-31.25049],[-61.5058586,-31.2503228],[-61.5058933,-31.2501888],[-61.5060283,-31.2496966],[-61.5060662,-31.2495122],[-61.5061028,-31.2492741],[-61.5061333,-31.2488223],[-61.5061333,-31.2485077],[-61.506119,-31.2482001],[-61.5060743,-31.2478891],[-61.5060514,-31.2477434],[-61.5060257,-31.2475778],[-61.5059869,-31.2474074],[-61.5057457,-31.2463928],[-61.5055898,-31.24566255],[-61.5055233,-31.2453741],[-61.5053901,-31.2447967],[-61.5053813,-31.2447594],[-61.5051422,-31.2437441],[-61.5049505,-31.2429371],[-61.5049397,-31.2428873],[-61.504757,-31.2420443],[-61.5045896,-31.2415034],[-61.5044631,-31.2409484],[-61.504428,-31.2407942],[-61.5044122,-31.2407248],[-61.504406,-31.2406967],[-61.5043402,-31.2403868],[-61.5042152,-31.2398313],[-61.5039848,-31.238849],[-61.503898,-31.2385691],[-61.5037807,-31.2382948],[-61.503617,-31.2379967],[-61.5034031,-31.2376827],[-61.5030709,-31.2372305],[-61.5026917,-31.2367583],[-61.5023132,-31.2363189],[-61.5018414,-31.2357744],[-61.5017618,-31.2356637],[-61.5016617,-31.2355244],[-61.501544,-31.2353513],[-61.5014498,-31.2351781],[-61.5013712,-31.2349835],[-61.5013161,-31.234784],[-61.501246,-31.2344924],[-61.5008445,-31.2327992],[-61.5006076,-31.2317999],[-61.5005392,-31.2315115],[-61.5003441,-31.2306365],[-61.4998244,-31.2283068],[-61.4997198,-31.2278848],[-61.4995608,-31.227227],[-61.4995291,-31.2270952],[-61.499495,-31.2269553],[-61.49933,-31.226273],[-61.499245,-31.2259215],[-61.4991472,-31.2254296],[-61.4990151,-31.2248317],[-61.4988557,-31.2241658],[-61.4985845,-31.2229674],[-61.4984749,-31.2224848],[-61.4983358,-31.221872],[-61.4981663,-31.2211053],[-61.497978,-31.2202354],[-61.4977821,-31.2192882],[-61.4980119,-31.2199745],[-61.4982228,-31.2206961],[-61.4982982,-31.2209603],[-61.4986241,-31.2224575],[-61.4986636,-31.2226388],[-61.4987653,-31.2230769],[-61.4988557,-31.2235215],[-61.499029,-31.2243978],[-61.49913,-31.224889],[-61.4992875,-31.2256139],[-61.499365,-31.2258889],[-61.4995575,-31.2267115],[-61.4996141,-31.2269243],[-61.4996529,-31.2270807],[-61.4996896,-31.2272279],[-61.4997751,-31.2276437],[-61.4999047,-31.2281908],[-61.4999762,-31.2285041],[-61.5001327,-31.2291788],[-61.500529,-31.2308784],[-61.500739,-31.2317815],[-61.5009194,-31.232565],[-61.5013747,-31.2345428],[-61.5014322,-31.2347611],[-61.5015014,-31.2349795],[-61.5016026,-31.2352003],[-61.5017449,-31.2354212],[-61.5018977,-31.2356452],[-61.5020746,-31.2358694],[-61.5024364,-31.236297],[-61.5031336,-31.2371104],[-61.5033512,-31.2373858],[-61.5035285,-31.2376415],[-61.5037658,-31.238002],[-61.5039041,-31.2382592],[-61.5039783,-31.2384303],[-61.504048,-31.2386454],[-61.5041723,-31.2390926],[-61.504377,-31.2399277],[-61.5045593,-31.2406949],[-61.5045826,-31.2408207],[-61.504597,-31.2408888],[-61.5046046,-31.2409247],[-61.5046501,-31.2411402],[-61.5046675,-31.2412138],[-61.5047063,-31.2413798],[-61.50474,-31.2415331],[-61.504896,-31.2420619],[-61.5049624,-31.2423487],[-61.5050902,-31.2429078],[-61.5050984,-31.2429429],[-61.5053419,-31.2439816],[-61.5055282,-31.2447766],[-61.5055364,-31.2448132],[-61.5057335,-31.2456507],[-61.5057399,-31.2456808],[-61.5061145,-31.2474339],[-61.5061861,-31.2477747],[-61.5062023,-31.247891],[-61.5062216,-31.2480198],[-61.5062376,-31.2481776],[-61.5062671,-31.2487129],[-61.50626,-31.2488305],[-61.5062262,-31.2492592],[-61.5061949,-31.2494693],[-61.5061523,-31.2496912],[-61.5059697,-31.2504619],[-61.5056906,-31.2516142],[-61.5056297,-31.2519496],[-61.5055849,-31.2522729],[-61.505571,-31.2524415],[-61.505571,-31.2526697],[-61.5055785,-31.2527889],[-61.5065792,-31.2584958],[-61.5066428,-31.2588587],[-61.506673,-31.2590346],[-61.5066983,-31.259182],[-61.5067899,-31.259694],[-61.5068112,-31.2597918],[-61.5068332,-31.2598929],[-61.506928,-31.2602601],[-61.5070918,-31.2608668],[-61.507473,-31.262127],[-61.5076969,-31.2628883],[-61.5081811,-31.2644931],[-61.508382,-31.2651888],[-61.5085344,-31.2657153],[-61.5088597,-31.2667078],[-61.5091178,-31.2675535],[-61.5093371,-31.2682691],[-61.5095366,-31.2689088]]]},"geometry_name":"geom","properties":{"gid":987,"rtn":"34","typ":40,"rst":1,"hct":1,"fdc":"Dirección Nacional de Vialidad","sag":"IGN"},"bbox":[-61.5099065,-31.2703943,-61.4977821,-31.2192882]},{"type":"Feature","id":"vial_nacional.988","geometry":{"type":"MultiLineString","coordinates":[[[-60.71960237,-32.89318892],[-60.7196985,-32.8931554],[-60.7197802,-32.8931423],[-60.7198633,-32.8931412],[-60.7199454,-32.893152],[-60.7200076,-32.8931687],[-60.7200667,-32.8931922],[-60.7201667,-32.89321471],[-60.72028092,-32.89321014],[-60.72039513,-32.89317207],[-60.72051087,-32.89312791],[-60.72067381,-32.89304415],[-60.7208445,-32.8929085],[-60.7210145,-32.8927793],[-60.7215825,-32.8922892],[-60.7220201,-32.8919564],[-60.722208,-32.891829],[-60.7224239,-32.8917006],[-60.7229554,-32.8913884],[-60.7240588,-32.8907256],[-60.724258,-32.8906082],[-60.724391,-32.8905279],[-60.7248671,-32.8902389],[-60.7263467,-32.889355],[-60.7264963,-32.8892698],[-60.7280459,-32.8883452],[-60.7281018,-32.8883122],[-60.7292952,-32.8876088],[-60.7295888,-32.8874326],[-60.7296934,-32.8873702],[-60.7301336,-32.8871058],[-60.7303132,-32.8870026],[-60.730397,-32.8869542],[-60.7305846,-32.8868615],[-60.731013,-32.8866829],[-60.7312873,-32.8865642],[-60.7315528,-32.8864437],[-60.7317294,-32.8863752],[-60.73164,-32.8864493],[-60.731357,-32.8866014],[-60.7311532,-32.8866948],[-60.73097,-32.8867754],[-60.7307741,-32.8868556],[-60.7304834,-32.8870037],[-60.7301999,-32.8871719],[-60.7297443,-32.8874421],[-60.729551,-32.8875566],[-60.7281824,-32.8883741],[-60.7281182,-32.8884125],[-60.7267174,-32.8892472],[-60.7265622,-32.8893388],[-60.7252525,-32.8901296],[-60.7250466,-32.8902536],[-60.7249329,-32.8903196],[-60.7244507,-32.8905971],[-60.7243234,-32.8906708],[-60.7230274,-32.891455],[-60.7224999,-32.8917668],[-60.7222456,-32.8919191],[-60.7220161,-32.8920791],[-60.7216482,-32.8923811],[-60.7212404,-32.8927159],[-60.7211592,-32.8927825],[-60.720969,-32.8929363],[-60.720762,-32.8930739],[-60.7205401,-32.893194],[-60.72037533,-32.89328933],[-60.72028092,-32.89337309],[-60.72023218,-32.89344466],[-60.72022305,-32.89352233],[-60.72022305,-32.8935939],[-60.72020173,-32.89365938],[-60.72015452,-32.89372182],[-60.72009727,-32.89377197]]]},"geometry_name":"geom","properties":{"gid":988,"rtn":"34","typ":40,"rst":1,"hct":1,"fdc":"Dirección Nacional de Vialidad","sag":"IGN"},"bbox":[-60.7317294,-32.89377197,-60.71960237,-32.8863752]},{"type":"Feature","id":"vial_nacional.2347","geometry":{"type":"MultiLineString","coordinates":[[[-60.69899461,-32.87224941],[-60.69896829,-32.87232474]]]},"geometry_name":"geom","properties":{"gid":2347,"rtn":"11","typ":40,"rst":1,"hct":1,"fdc":"Dirección Nacional de Vialidad","sag":"IGN"},"bbox":[-60.69899461,-32.87232474,-60.69896829,-32.87224941]},{"type":"Feature","id":"vial_nacional.989","geometry":{"type":"MultiLineString","coordinates":[[[-61.9392748,-29.8741149],[-61.9400476,-29.8732711],[-61.940643,-29.8726127],[-61.9408011,-29.8724378],[-61.9411007,-29.8721267],[-61.9415549,-29.8716341],[-61.9416963,-29.8714698],[-61.9420624,-29.8710829],[-61.9424093,-29.8706849],[-61.9425018,-29.8705769],[-61.9427357,-29.8703264],[-61.9430415,-29.8699996],[-61.9432831,-29.8697254],[-61.9435366,-29.8694546],[-61.9439588,-29.8690379],[-61.9440294,-29.8689458],[-61.9441416,-29.8688545],[-61.9445794,-29.8684748],[-61.9451647,-29.8680332],[-61.9455206,-29.8677821],[-61.9459275,-29.8675439],[-61.946438,-29.8672518],[-61.9470637,-29.8669614],[-61.9476074,-29.8667401],[-61.948197,-29.86655],[-61.9488144,-29.8663726],[-61.9503579,-29.8660075],[-61.9512227,-29.8658118],[-61.9519251,-29.8656594],[-61.9533661,-29.8653209],[-61.9552153,-29.8649015],[-61.959643,-29.8638855],[-61.9605611,-29.8636779],[-61.960965,-29.8635771],[-61.9613405,-29.8634709],[-61.9616798,-29.8633653],[-61.9619821,-29.8632597],[-61.9623138,-29.8631319],[-61.9626198,-29.8630024],[-61.9628777,-29.8628853],[-61.9631283,-29.8627658],[-61.9634206,-29.8626169],[-61.9636724,-29.862476],[-61.9639042,-29.8623377],[-61.9641367,-29.8621937],[-61.9642506,-29.8621171],[-61.964485,-29.8619579],[-61.964599,-29.8618804],[-61.9648418,-29.8616962],[-61.9650677,-29.8615181],[-61.9653074,-29.8613153],[-61.9655071,-29.8611389],[-61.9657601,-29.8608975],[-61.9660381,-29.8606164],[-61.9664579,-29.8601729],[-61.9723649,-29.8538206],[-61.973085,-29.8530452],[-61.9776472,-29.848132],[-61.9802825,-29.8452939],[-61.9897846,-29.8350601],[-61.9907621,-29.8340073],[-61.9914668,-29.833258],[-61.9952356,-29.8291987],[-61.9976063,-29.826652],[-61.9996544,-29.8244438],[-62.0017845,-29.8221487],[-62.0046765,-29.8190411],[-62.0048475,-29.8189161],[-62.0052145,-29.8185287],[-62.0062192,-29.8174452],[-62.0106715,-29.8126293],[-62.0161171,-29.8067336],[-62.0165055,-29.8063108],[-62.0168493,-29.805921],[-62.0171512,-29.8055454],[-62.0173812,-29.8052566],[-62.0179772,-29.8044495],[-62.0190487,-29.8029694],[-62.0194678,-29.8024131],[-62.0196422,-29.8021841],[-62.0198151,-29.8019772],[-62.0204683,-29.8011773],[-62.0245206,-29.7967734],[-62.0286769,-29.7923227],[-62.0338176,-29.7867862],[-62.0367563,-29.7836191],[-62.0386236,-29.7815535],[-62.0391029,-29.780961],[-62.0396159,-29.780244],[-62.0401601,-29.7793328],[-62.0407164,-29.7781978],[-62.0410253,-29.7773876],[-62.0412079,-29.7768511],[-62.0413971,-29.776117],[-62.041629,-29.7748743],[-62.0416936,-29.7743611],[-62.0419379,-29.7729208],[-62.0421056,-29.7719318],[-62.0423602,-29.770397],[-62.0424324,-29.7699285],[-62.0426051,-29.7690826],[-62.0428342,-29.7683208],[-62.0429938,-29.767952],[-62.0434175,-29.7669786],[-62.0440286,-29.766038],[-62.0446327,-29.765362],[-62.0452363,-29.7647845],[-62.0457143,-29.7643696],[-62.0463082,-29.7638864],[-62.0470457,-29.7634546],[-62.0476929,-29.7631054],[-62.0479133,-29.7629825],[-62.0488154,-29.7626335],[-62.0497276,-29.7623429],[-62.0512837,-29.761853],[-62.0515876,-29.7617556],[-62.0544108,-29.7608546],[-62.0563305,-29.7602366],[-62.0577507,-29.7597526],[-62.0584747,-29.759426],[-62.0592425,-29.7590616],[-62.0598339,-29.7587221],[-62.0606237,-29.7581849],[-62.0612788,-29.7576858],[-62.0618723,-29.7571921],[-62.0624774,-29.7565842],[-62.0693049,-29.7492237],[-62.0705881,-29.7478629],[-62.0859213,-29.7313106],[-62.102395,-29.713524],[-62.1190567,-29.6955313],[-62.1274985,-29.6864041],[-62.128066,-29.6855527],[-62.1285882,-29.6843395],[-62.1304689,-29.6793188],[-62.1305207,-29.6791805],[-62.1309687,-29.6782044],[-62.1316743,-29.6769673],[-62.1324235,-29.6756996],[-62.133592,-29.6741556],[-62.1338788,-29.6737766],[-62.1344459,-29.6732366],[-62.1352426,-29.672478],[-62.1352728,-29.6724493],[-62.136189,-29.6716456],[-62.1371312,-29.6709411],[-62.1381787,-29.6702702],[-62.1383312,-29.6701725],[-62.1455515,-29.6657682],[-62.1472865,-29.6644433],[-62.148882,-29.6627145],[-62.1495738,-29.6619649],[-62.1509736,-29.6604481],[-62.2552276,-29.5473449],[-62.2570515,-29.5451608],[-62.2586608,-29.5430327],[-62.2621369,-29.5378989],[-62.262845,-29.5368908],[-62.2637892,-29.535752],[-62.2648982,-29.5345172],[-62.2657957,-29.5335179],[-62.2658777,-29.5334266],[-62.2674799,-29.5319807],[-62.2690463,-29.5307485],[-62.2730374,-29.5277799],[-62.2745609,-29.5265476],[-62.2760415,-29.5250913],[-62.2842831,-29.5162563],[-62.3192855,-29.4780415],[-62.3427578,-29.452415],[-62.3798407,-29.4119287],[-62.4263034,-29.3610673],[-62.4269013,-29.3600305],[-62.4273886,-29.3588119],[-62.4288831,-29.3535298],[-62.4293235,-29.3518143],[-62.4299895,-29.3504063],[-62.4304905,-29.3495694],[-62.4314842,-29.3481231],[-62.4320619,-29.3474356],[-62.4329046,-29.346526],[-62.4337276,-29.3456517],[-62.4345069,-29.3447728],[-62.4353477,-29.343862],[-62.4361521,-29.3429605],[-62.4369565,-29.3421366],[-62.4380945,-29.341064],[-62.4391846,-29.3402482],[-62.4404707,-29.339405],[-62.4420112,-29.3385497],[-62.4458128,-29.3363429],[-62.4490027,-29.3345557],[-62.450612,-29.3336017],[-62.4522857,-29.332498],[-62.4536227,-29.3313649],[-62.479897,-29.3030729],[-62.5024069,-29.2823478],[-62.5061264,-29.27901161],[-62.5792771,-29.2133773],[-62.6408767,-29.1580746],[-62.642493,-29.1564837],[-62.6434538,-29.1551918],[-62.6436951,-29.154821],[-62.6440876,-29.1541803],[-62.6446925,-29.1529075],[-62.6451944,-29.1514492],[-62.6452642,-29.1512098],[-62.6458539,-29.1491873],[-62.6462941,-29.1476533],[-62.6464652,-29.1470573],[-62.6467194,-29.1462256],[-62.6473725,-29.1439045],[-62.6476621,-29.1429968],[-62.6479195,-29.1424433],[-62.648257,-29.1417708],[-62.6486774,-29.1411696],[-62.6489716,-29.1407488],[-62.6493591,-29.140322],[-62.6494896,-29.1401783],[-62.6500569,-29.1396339],[-62.650684,-29.1390531]]]},"geometry_name":"geom","properties":{"gid":989,"rtn":"34","typ":40,"rst":1,"hct":1,"fdc":"Dirección Nacional de Vialidad","sag":"IGN"},"bbox":[-62.650684,-29.8741149,-61.9392748,-29.1390531]},{"type":"Feature","id":"vial_nacional.990","geometry":{"type":"MultiLineString","coordinates":[[[-65.02851815,-24.7358162],[-65.0285467,-24.7359579],[-65.0285767,-24.7361482],[-65.0286225,-24.7363691],[-65.0286626,-24.7365607],[-65.0287072,-24.736744],[-65.0287488,-24.7368756],[-65.0287904,-24.7370043],[-65.0288305,-24.7371162],[-65.0288721,-24.7372212],[-65.0289245,-24.7373191],[-65.0289676,-24.7374002],[-65.0290184,-24.7374772],[-65.0290754,-24.7375611],[-65.029134,-24.7376381],[-65.0294244,-24.737939],[-65.02977876,-24.73823375]]]},"geometry_name":"geom","properties":{"gid":990,"rtn":"34","typ":40,"rst":1,"hct":1,"fdc":"Dirección Nacional de Vialidad","sag":"IGN"},"bbox":[-65.02977876,-24.73823375,-65.02851815,-24.7358162]},{"type":"Feature","id":"vial_nacional.991","geometry":{"type":"MultiLineString","coordinates":[[[-65.02891454,-24.73874391],[-65.0288223,-24.7382503],[-65.0288159,-24.738211],[-65.0287929,-24.7380662],[-65.0286811,-24.7373292],[-65.0285933,-24.7366595],[-65.0285593,-24.7363998],[-65.0285393,-24.7362529],[-65.0285224,-24.7361018],[-65.0285182,-24.7360334],[-65.0285136,-24.7359621],[-65.02851815,-24.7358162]]]},"geometry_name":"geom","properties":{"gid":991,"rtn":"34","typ":40,"rst":1,"hct":1,"fdc":"Dirección Nacional de Vialidad","sag":"IGN"},"bbox":[-65.02891454,-24.73874391,-65.0285136,-24.7358162]},{"type":"Feature","id":"vial_nacional.992","geometry":{"type":"MultiLineString","coordinates":[[[-65.0391204,-24.4782288],[-65.0390604,-24.4781215],[-65.0388083,-24.4777177],[-65.0385234,-24.4773267],[-65.0382852,-24.4770207],[-65.0379303,-24.4766466],[-65.03772818,-24.47642362],[-65.036783,-24.4753809],[-65.0358615,-24.4743642],[-65.0373185,-24.4766084],[-65.0385888,-24.478589],[-65.0394312,-24.4799216],[-65.0409202,-24.4822772],[-65.0412074,-24.4827438],[-65.0404183,-24.4810851],[-65.0399666,-24.4801467],[-65.0398019,-24.4797277],[-65.0397515,-24.4795995],[-65.03956,-24.4791127],[-65.039399,-24.4787275],[-65.0391204,-24.4782288]]]},"geometry_name":"geom","properties":{"gid":992,"rtn":"34","typ":40,"rst":1,"hct":1,"fdc":"Dirección Nacional de Vialidad","sag":"IGN"},"bbox":[-65.0412074,-24.4827438,-65.0358615,-24.4743642]},{"type":"Feature","id":"vial_nacional.993","geometry":{"type":"MultiLineString","coordinates":[[[-65.0105406,-24.4359726],[-65.0098813,-24.4348227],[-65.0098268,-24.4347248],[-65.0094538,-24.4340545],[-65.0093649,-24.4338948],[-65.0083983,-24.4321694],[-65.0086162,-24.4324268],[-65.0087462,-24.4325623],[-65.0089099,-24.4327101],[-65.0092478,-24.4329811],[-65.009732,-24.4333438],[-65.0099947,-24.433548],[-65.0101401,-24.4336945],[-65.0102206,-24.4337983],[-65.0103011,-24.4339448],[-65.0103574,-24.4340999],[-65.0103802,-24.4342122],[-65.0103855,-24.434294],[-65.0103773,-24.4343945],[-65.0103708,-24.4344735],[-65.0103413,-24.4346307],[-65.0103287,-24.4348297],[-65.0103234,-24.4350031],[-65.0103355,-24.435185],[-65.0103609,-24.4353999],[-65.0103891,-24.4355477],[-65.0105406,-24.4359726]]]},"geometry_name":"geom","properties":{"gid":993,"rtn":"34","typ":40,"rst":1,"hct":1,"fdc":"Dirección Nacional de Vialidad","sag":"IGN"},"bbox":[-65.0105406,-24.4359726,-65.0083983,-24.4321694]},{"type":"Feature","id":"vial_nacional.994","geometry":{"type":"MultiLineString","coordinates":[[[-65.0083983,-24.4321694],[-64.9859102,-24.3921277],[-64.9776272,-24.3774291],[-64.977313,-24.3769235]]]},"geometry_name":"geom","properties":{"gid":994,"rtn":"34","typ":40,"rst":1,"hct":1,"fdc":"Dirección Nacional de Vialidad","sag":"IGN"},"bbox":[-65.0083983,-24.4321694,-64.977313,-24.3769235]},{"type":"Feature","id":"vial_nacional.995","geometry":{"type":"MultiLineString","coordinates":[[[-64.8001333,-23.8260709],[-64.7997916,-23.8253665],[-64.7995704,-23.8248501],[-64.7993368,-23.8242948],[-64.7987369,-23.8229253],[-64.7983547,-23.8220269],[-64.797937,-23.8210669],[-64.7972699,-23.8195403],[-64.7956029,-23.815676],[-64.795472,-23.8153717],[-64.7954224,-23.8152632],[-64.794727,-23.8136508],[-64.7938734,-23.8116756],[-64.7938333,-23.8115866],[-64.7928353,-23.8093249],[-64.7918691,-23.8070858],[-64.791678,-23.8066389],[-64.7915859,-23.8064333],[-64.7909022,-23.8048332],[-64.7908532,-23.8047402],[-64.7908207,-23.8046721],[-64.7905242,-23.8039972],[-64.7901693,-23.8031828],[-64.7900027,-23.8027013],[-64.7902498,-23.8031778],[-64.7905919,-23.8039656],[-64.7908791,-23.804627],[-64.7909473,-23.8047841],[-64.7916453,-23.8063914],[-64.7917368,-23.8065987],[-64.7919104,-23.8069993],[-64.7919368,-23.8070602],[-64.7929053,-23.8093033],[-64.7938886,-23.8115662],[-64.7939275,-23.8116557],[-64.7947829,-23.8136244],[-64.7954849,-23.8152398],[-64.7955314,-23.8153467],[-64.7973419,-23.819513],[-64.7984233,-23.8220015],[-64.7998735,-23.8253385],[-64.8001333,-23.8260709]]]},"geometry_name":"geom","properties":{"gid":995,"rtn":"34","typ":40,"rst":1,"hct":1,"fdc":"Dirección Nacional de Vialidad","sag":"IGN"},"bbox":[-64.8001333,-23.8260709,-64.7900027,-23.8027013]},{"type":"Feature","id":"vial_nacional.996","geometry":{"type":"MultiLineString","coordinates":[[[-64.8591538,-24.2127852],[-64.8589112,-24.2127059],[-64.8583642,-24.2124949],[-64.8573856,-24.2121366],[-64.8572949,-24.2121118],[-64.8571913,-24.2121071],[-64.8571226,-24.2121094],[-64.8570112,-24.212115],[-64.8569348,-24.2121189],[-64.8568415,-24.2121283],[-64.8567392,-24.2121248],[-64.8566342,-24.2121071],[-64.8565552,-24.2120799],[-64.8564891,-24.2120456],[-64.8564218,-24.2120019],[-64.8563622,-24.2119511],[-64.856265,-24.2118152],[-64.8561653,-24.2115364],[-64.8558583,-24.2106586],[-64.8555836,-24.2099556],[-64.8552391,-24.2092361],[-64.8559201,-24.210114],[-64.8568532,-24.2111229],[-64.8571679,-24.2114537],[-64.8573454,-24.2116451],[-64.8575333,-24.2118247],[-64.8579024,-24.2121271],[-64.8581654,-24.2122961],[-64.8584413,-24.2124544],[-64.8587924,-24.2126234],[-64.8591538,-24.2127852]]]},"geometry_name":"geom","properties":{"gid":996,"rtn":"34","typ":40,"rst":1,"hct":1,"fdc":"Dirección Nacional de Vialidad","sag":"IGN"},"bbox":[-64.8591538,-24.2127852,-64.8552391,-24.2092361]},{"type":"Feature","id":"vial_nacional.1242","geometry":{"type":"MultiLineString","coordinates":[[[-60.4510988,-35.1357295],[-60.4516482,-35.1362279],[-60.4520324,-35.1365638],[-60.4528961,-35.1373189],[-60.4536513,-35.1379791],[-60.4543955,-35.1386365]]]},"geometry_name":"geom","properties":{"gid":1242,"rtn":"5","typ":40,"rst":1,"hct":1,"fdc":"Dirección Nacional de Vialidad","sag":"IGN"},"bbox":[-60.4543955,-35.1386365,-60.4510988,-35.1357295]},{"type":"Feature","id":"vial_nacional.1228","geometry":{"type":"MultiLineString","coordinates":[[[-61.90547093,-35.8472086],[-61.9043153,-35.8468532],[-61.902231,-35.8462283],[-61.9017291,-35.8460721],[-61.9005154,-35.8456957],[-61.8998421,-35.8454493],[-61.8990708,-35.8451532],[-61.8993524,-35.8452218],[-61.8997028,-35.8453227],[-61.9005851,-35.8455913],[-61.9024415,-35.8461499],[-61.9029621,-35.8463145],[-61.90559251,-35.84710915]]]},"geometry_name":"geom","properties":{"gid":1228,"rtn":"5","typ":40,"rst":1,"hct":1,"fdc":"Dirección Nacional de Vialidad","sag":"IGN"},"bbox":[-61.90559251,-35.8472086,-61.8990708,-35.8451532]},{"type":"Feature","id":"vial_nacional.1229","geometry":{"type":"MultiLineString","coordinates":[[[-61.8772265,-35.8385485],[-61.8780281,-35.8387927],[-61.879121,-35.8391231],[-61.8799966,-35.8393877],[-61.8808612,-35.8396491],[-61.8824,-35.8401142],[-61.8834861,-35.8404425],[-61.8862252,-35.8412705],[-61.8888406,-35.842061],[-61.8909469,-35.8426977],[-61.8925132,-35.8431711],[-61.8932872,-35.8434051],[-61.8949795,-35.8439166],[-61.8961486,-35.84427],[-61.8970545,-35.8445438],[-61.8990326,-35.8451417],[-61.8990708,-35.8451532]]]},"geometry_name":"geom","properties":{"gid":1229,"rtn":"5","typ":40,"rst":1,"hct":1,"fdc":"Dirección Nacional de Vialidad","sag":"IGN"},"bbox":[-61.8990708,-35.8451532,-61.8772265,-35.8385485]},{"type":"Feature","id":"vial_nacional.1230","geometry":{"type":"MultiLineString","coordinates":[[[-61.8772265,-35.8385485],[-61.8768343,-35.8385013],[-61.8764609,-35.8384791],[-61.8761492,-35.838512],[-61.8760614,-35.8385394],[-61.8759681,-35.838549],[-61.8758747,-35.8385402],[-61.8757761,-35.8385091],[-61.8756914,-35.8384576],[-61.8756269,-35.8383896],[-61.8755872,-35.8383101],[-61.87556152,-35.83822664],[-61.87546406,-35.83809568],[-61.8751591,-35.8379254],[-61.8755469,-35.8379628],[-61.8757835,-35.8379521],[-61.8758898,-35.8379215],[-61.8760025,-35.8379169],[-61.8761023,-35.8379354],[-61.8761928,-35.8379743],[-61.8762677,-35.8380309],[-61.8763218,-35.8381014],[-61.8763467,-35.8381609],[-61.8765225,-35.8382785],[-61.8767237,-35.8383741],[-61.8772265,-35.8385485]]]},"geometry_name":"geom","properties":{"gid":1230,"rtn":"5","typ":40,"rst":1,"hct":1,"fdc":"Dirección Nacional de Vialidad","sag":"IGN"},"bbox":[-61.8772265,-35.838549,-61.8751591,-35.8379169]},{"type":"Feature","id":"vial_nacional.1231","geometry":{"type":"MultiLineString","coordinates":[[[-61.8616468,-35.8338391],[-61.8623737,-35.8340543],[-61.8635352,-35.8343981],[-61.8660238,-35.8351558],[-61.8664017,-35.8352698],[-61.8670629,-35.8354686],[-61.8676652,-35.8356489],[-61.8679383,-35.8357307],[-61.8681279,-35.8357855],[-61.8685652,-35.8359186],[-61.8687817,-35.8359845],[-61.8713843,-35.836768],[-61.8717051,-35.8368666],[-61.8727954,-35.8372018],[-61.8738633,-35.8375301],[-61.8741529,-35.8376191],[-61.8743634,-35.8376838],[-61.8745374,-35.8377469],[-61.8751591,-35.8379254]]]},"geometry_name":"geom","properties":{"gid":1231,"rtn":"5","typ":40,"rst":1,"hct":1,"fdc":"Dirección Nacional de Vialidad","sag":"IGN"},"bbox":[-61.8751591,-35.8379254,-61.8616468,-35.8338391]},{"type":"Feature","id":"vial_nacional.1232","geometry":{"type":"MultiLineString","coordinates":[[[-61.8609845,-35.8338569],[-61.8608861,-35.8339058],[-61.8607739,-35.8339281],[-61.8606626,-35.8339197],[-61.8605564,-35.8338893],[-61.8604701,-35.8338344],[-61.8604072,-35.8337615],[-61.8603797,-35.8337118],[-61.8603717,-35.833677],[-61.8603133,-35.8335645],[-61.8602222,-35.8334661],[-61.8601358,-35.8334074],[-61.8599744,-35.8333242],[-61.8602102,-35.833364],[-61.8603573,-35.8333696],[-61.8605587,-35.8333611],[-61.8606705,-35.8333278],[-61.86079,-35.8333247],[-61.8609045,-35.8333523],[-61.8610025,-35.8334078],[-61.86108045,-35.83349665],[-61.8611792,-35.8336025],[-61.86131,-35.8336858],[-61.8614384,-35.8337407],[-61.8616468,-35.8338391],[-61.8614805,-35.8337975],[-61.8613427,-35.8337785],[-61.861254,-35.8337842],[-61.8611372,-35.8338069],[-61.8609845,-35.8338569]]]},"geometry_name":"geom","properties":{"gid":1232,"rtn":"5","typ":40,"rst":1,"hct":1,"fdc":"Dirección Nacional de Vialidad","sag":"IGN"},"bbox":[-61.8616468,-35.8339281,-61.8599744,-35.8333242]},{"type":"Feature","id":"vial_nacional.1219","geometry":{"type":"MultiLineString","coordinates":[[[-59.06301856,-34.56815268],[-59.0631737,-34.5682279],[-59.0649293,-34.5690766],[-59.0650705,-34.5691466],[-59.066191,-34.5696963],[-59.0665484,-34.5698686],[-59.0670264,-34.5700852],[-59.0678311,-34.5704739],[-59.0689612,-34.5708875],[-59.0723799,-34.5721386],[-59.0732855,-34.572447],[-59.0743067,-34.57285],[-59.0747471,-34.573036],[-59.0754649,-34.5733728],[-59.0775078,-34.5743502],[-59.0789274,-34.5750124],[-59.0791357,-34.5751096],[-59.0795909,-34.5753632],[-59.0800013,-34.5756268],[-59.0808237,-34.5761457],[-59.0815197,-34.5765803],[-59.0818123,-34.5767839],[-59.0823048,-34.5771265],[-59.0830596,-34.5776601],[-59.0837162,-34.5781469],[-59.0845186,-34.5788133],[-59.0851513,-34.5793531],[-59.0858472,-34.5800123],[-59.086398,-34.5805247],[-59.0871237,-34.5812621],[-59.0878411,-34.5820161],[-59.0883035,-34.5825021],[-59.0890722,-34.5833101],[-59.0899384,-34.5841204],[-59.0909163,-34.5849269],[-59.0917887,-34.5856059],[-59.0926154,-34.586188],[-59.0935381,-34.5867489],[-59.0947158,-34.5873881],[-59.095818,-34.5879247],[-59.0971554,-34.5884408],[-59.0982057,-34.5887984],[-59.0995762,-34.5891852],[-59.1000468,-34.5892897],[-59.101049,-34.5895123],[-59.1020278,-34.5896849],[-59.1032965,-34.589878],[-59.1060174,-34.5903244],[-59.1069651,-34.5904558],[-59.1083443,-34.5907355],[-59.1098287,-34.591158],[-59.1107656,-34.591435],[-59.1118291,-34.591842],[-59.1121668,-34.5919782],[-59.1128696,-34.5922719],[-59.1139639,-34.5927601],[-59.1150491,-34.5933146],[-59.1164719,-34.5941315],[-59.1178686,-34.5949877],[-59.1184084,-34.5953371],[-59.1186606,-34.5955093],[-59.121123,-34.5971604],[-59.1221278,-34.5977872],[-59.1237411,-34.5987048],[-59.1253323,-34.5995053],[-59.1266274,-34.600089],[-59.1280918,-34.6006859],[-59.1297659,-34.601276],[-59.1304616,-34.6014997],[-59.1322111,-34.6020364],[-59.1342494,-34.6025483],[-59.136449,-34.6029983],[-59.1388644,-34.6033187],[-59.1407834,-34.6035252],[-59.1409456,-34.6035387],[-59.144834,-34.6038629],[-59.1465372,-34.6040049],[-59.1488484,-34.6041976],[-59.1493934,-34.604243],[-59.15188,-34.6044503],[-59.154966,-34.6047076],[-59.1556008,-34.6047643],[-59.1559005,-34.6047983],[-59.1573166,-34.6049587],[-59.159634,-34.605206],[-59.1614365,-34.6054533],[-59.1626486,-34.6056637],[-59.1628097,-34.6056917],[-59.1650444,-34.6061403],[-59.166549,-34.606525],[-59.1682803,-34.607049],[-59.1693232,-34.6074011],[-59.1715417,-34.6080575],[-59.1717316,-34.6081204],[-59.1735113,-34.6086867],[-59.1753543,-34.6092797],[-59.1776815,-34.6100512],[-59.1781848,-34.6102151],[-59.1797392,-34.610726],[-59.1925398,-34.6147866],[-59.192771,-34.6148613],[-59.1991991,-34.6168961],[-59.2022224,-34.6178664],[-59.2247968,-34.625036],[-59.2309622,-34.6269965],[-59.2360396,-34.6286372],[-59.245671,-34.6317015],[-59.2488744,-34.6327221],[-59.2493008,-34.6328566],[-59.2494956,-34.632918],[-59.2508595,-34.6333481],[-59.2531728,-34.6340356],[-59.2695197,-34.6387337],[-59.2817178,-34.6423552],[-59.2820441,-34.6424468],[-59.2828835,-34.6426935],[-59.283904,-34.6429596],[-59.2840776,-34.6429935],[-59.2842912,-34.6430353],[-59.2863306,-34.6433867],[-59.2890255,-34.6438857],[-59.2917443,-34.6444704],[-59.293082,-34.6447581],[-59.2942574,-34.6449558],[-59.2970933,-34.6454502],[-59.2982146,-34.6456391],[-59.300103,-34.6459962],[-59.3004684,-34.6460578],[-59.3015669,-34.6462702],[-59.3143716,-34.6486673],[-59.3158148,-34.6489271],[-59.3278048,-34.6511674],[-59.3288067,-34.6513505],[-59.3423129,-34.6538652],[-59.3506285,-34.6554125],[-59.3585528,-34.6568926],[-59.3651709,-34.65812],[-59.3654759,-34.6581797],[-59.3662431,-34.6583238],[-59.3818227,-34.6612323],[-59.3825714,-34.6613762],[-59.3876722,-34.6623241],[-59.3888846,-34.6625498],[-59.3968823,-34.6640396],[-59.3999948,-34.664614],[-59.4004315,-34.6647019],[-59.40312,-34.6652013],[-59.4044992,-34.665471],[-59.404833,-34.6655417],[-59.4050228,-34.6655842],[-59.4056753,-34.6657536],[-59.4057691,-34.6657878],[-59.4058516,-34.6658191],[-59.4059332,-34.6658499],[-59.4061003,-34.6659246],[-59.4062862,-34.6660078],[-59.4063961,-34.6660547],[-59.4065117,-34.6660973],[-59.4066469,-34.6661288],[-59.4067559,-34.6661485],[-59.4068797,-34.6661594],[-59.4070279,-34.6661634],[-59.407208,-34.6661576],[-59.40768139,-34.66622021],[-59.40798596,-34.66631158],[-59.40828292,-34.66641818],[-59.40845043,-34.66650956],[-59.4086208,-34.66663614],[-59.40877071,-34.66680746],[-59.408828,-34.6668994],[-59.4089008,-34.6669746],[-59.4090055,-34.6670726],[-59.4090943,-34.6671452],[-59.4092152,-34.6672238],[-59.4093423,-34.667294],[-59.4094806,-34.6673685],[-59.4095987,-34.6674253],[-59.4096778,-34.6674708],[-59.4097517,-34.6675189],[-59.4098394,-34.6675785],[-59.4099384,-34.6676484],[-59.4100312,-34.6677157],[-59.4106404,-34.6682026],[-59.4101171,-34.6678472],[-59.4100121,-34.6677855],[-59.4098954,-34.6677258],[-59.4097892,-34.6676778],[-59.4096547,-34.6676225],[-59.4094937,-34.6675599],[-59.4091344,-34.6674289],[-59.4090697,-34.6674084],[-59.4089943,-34.6673909],[-59.4089164,-34.6673794],[-59.4088369,-34.6673682],[-59.4086953,-34.6673565],[-59.4085856,-34.6673507],[-59.4085229,-34.6673505],[-59.4084582,-34.6673536],[-59.40810018,-34.66734713],[-59.40770423,-34.66725575],[-59.40737682,-34.66710347],[-59.40717123,-34.66695118],[-59.40699611,-34.66675321],[-59.40680575,-34.6665324],[-59.40647072,-34.66635727],[-59.40596056,-34.66612884],[-59.40546758,-34.66597511],[-59.40536258,-34.66594322],[-59.40435404,-34.66574483],[-59.40054326,-34.66503016],[-59.39971301,-34.66486433],[-59.39863541,-34.66466492],[-59.39497294,-34.66398717],[-59.38728291,-34.66256542],[-59.38211151,-34.66155978],[-59.36680263,-34.65872412],[-59.35746905,-34.65698631],[-59.35701418,-34.65690162],[-59.35040321,-34.65567815],[-59.34048683,-34.65380392],[-59.33832383,-34.65339511],[-59.33249879,-34.65232051],[-59.32472767,-34.65085736],[-59.32177531,-34.65030149],[-59.31504615,-34.64908206],[-59.30909091,-34.64796367],[-59.30651527,-34.64744218],[-59.30242982,-34.64667442],[-59.29779705,-34.64584864],[-59.29383255,-34.6450317],[-59.29126978,-34.64460398],[-59.28938201,-34.64443649],[-59.28682877,-34.64402866],[-59.28586647,-34.64381529],[-59.28394237,-34.64329788],[-59.28306282,-34.64302612],[-59.27964336,-34.64202201],[-59.27370438,-34.64027728],[-59.26368313,-34.63735435],[-59.25673078,-34.63532653],[-59.25515223,-34.6348712],[-59.2538765,-34.63450322],[-59.24971035,-34.63328408],[-59.24897414,-34.6330535],[-59.24221118,-34.63089496],[-59.23654924,-34.62907276],[-59.23108587,-34.62733298],[-59.22215835,-34.62448022],[-59.21926565,-34.62356673],[-59.21353689,-34.62174859],[-59.21224855,-34.62133969],[-59.2086638,-34.62019579],[-59.19737543,-34.61659724],[-59.1925174,-34.61504232],[-59.18834679,-34.61371153],[-59.18366741,-34.61227403],[-59.17739144,-34.61026877],[-59.17559295,-34.60969413],[-59.17231796,-34.60863377],[-59.16920264,-34.60763024],[-59.16775412,-34.60720042],[-59.16659372,-34.60685897],[-59.16468856,-34.606393],[-59.16342983,-34.6061251],[-59.16209603,-34.60585854],[-59.16113245,-34.60570556],[-59.16036879,-34.60557805],[-59.15940963,-34.60544778],[-59.15834102,-34.60532376],[-59.15704806,-34.60522323],[-59.15469878,-34.6050218],[-59.14696679,-34.60436874],[-59.14322804,-34.60406037],[-59.13944046,-34.60374026],[-59.13729383,-34.60346188],[-59.13589821,-34.60322612],[-59.13450311,-34.60294246],[-59.13361644,-34.60273737],[-59.1327398,-34.60252452],[-59.13154886,-34.60220269],[-59.13028989,-34.60179777],[-59.12932401,-34.60148119],[-59.12801278,-34.60100094],[-59.12690494,-34.60054214],[-59.1260812,-34.60019525],[-59.1253325,-34.59985865],[-59.12423626,-34.59932246],[-59.1231812,-34.59875699],[-59.12189286,-34.59801824],[-59.1207524,-34.59732327],[-59.11907614,-34.59621491],[-59.11733385,-34.59503065],[-59.11691213,-34.594744],[-59.11578063,-34.59406856],[-59.11477428,-34.5935028],[-59.11397737,-34.59313433],[-59.1129812,-34.59263699],[-59.11201463,-34.59224516],[-59.11079896,-34.5917791],[-59.10945393,-34.59134885],[-59.1078176,-34.59091937],[-59.10608576,-34.59050923],[-59.10347445,-34.59007781],[-59.10152441,-34.58978921],[-59.09983309,-34.58942891],[-59.09898406,-34.58921253],[-59.0981805,-34.58895079],[-59.09756553,-34.58876441],[-59.09686594,-34.58851931],[-59.09619833,-34.58825508],[-59.09549075,-34.58795459],[-59.09461682,-34.58753622],[-59.09356552,-34.58695848],[-59.09281367,-34.58652708],[-59.09192127,-34.5859158],[-59.09132046,-34.58547468],[-59.0906033,-34.58491217],[-59.09009436,-34.58448025],[-59.08947912,-34.58391138],[-59.08911503,-34.5835599],[-59.08874224,-34.583185],[-59.08683269,-34.58126103],[-59.08640163,-34.58082672],[-59.08544716,-34.579902],[-59.08489108,-34.57938563],[-59.08444246,-34.57900382],[-59.08382819,-34.57850816],[-59.08312092,-34.5779476],[-59.08241364,-34.57738705],[-59.08165888,-34.57688445],[-59.08010759,-34.57592094],[-59.07915907,-34.57537781],[-59.07764148,-34.57460818],[-59.07584927,-34.57375674],[-59.07525122,-34.57347248],[-59.07477721,-34.57325195],[-59.07422629,-34.5730135],[-59.0735768,-34.57275635],[-59.07303955,-34.57255139],[-59.0724626,-34.5723379],[-59.07147997,-34.57198939],[-59.07028731,-34.57156532],[-59.06919117,-34.57116872],[-59.06871433,-34.5709962],[-59.06789246,-34.57072331],[-59.06679818,-34.57032067],[-59.06571185,-34.56993462],[-59.06486756,-34.56965416],[-59.06436595,-34.569535],[-59.06425994,-34.56951732],[-59.06380896,-34.56944208],[-59.06318119,-34.56937141],[-59.06224533,-34.5693057],[-59.06137262,-34.56925154],[-59.06119178,-34.56924031],[-59.06050432,-34.56919786],[-59.06003032,-34.56916707],[-59.05958709,-34.56914187],[-59.05911596,-34.56915614],[-59.05872572,-34.56917994],[-59.05833549,-34.56923705],[-59.05784057,-34.56932271],[-59.0567257,-34.56950736]]]},"geometry_name":"geom","properties":{"gid":1219,"rtn":"5","typ":41,"rst":1,"hct":1,"fdc":"Dirección Nacional de Vialidad","sag":"IGN"},"bbox":[-59.4106404,-34.6682026,-59.0567257,-34.56815268]},{"type":"Feature","id":"vial_nacional.1220","geometry":{"type":"MultiLineString","coordinates":[[[-64.2702266,-36.6202256],[-64.269536,-36.6200289],[-64.267578,-36.6194639],[-64.2683454,-36.6196114],[-64.269477,-36.6199416],[-64.2702105,-36.6201394]]]},"geometry_name":"geom","properties":{"gid":1220,"rtn":"5","typ":40,"rst":1,"hct":1,"fdc":"Dirección Nacional de Vialidad","sag":"IGN"},"bbox":[-64.2702266,-36.6202256,-64.267578,-36.6194639]},{"type":"Feature","id":"vial_nacional.1221","geometry":{"type":"MultiLineString","coordinates":[[[-64.2541006,-36.6168559],[-64.2565342,-36.6168877],[-64.2571621,-36.6168953],[-64.2577577,-36.6169256],[-64.2584606,-36.6169995],[-64.2589971,-36.6170928],[-64.2596876,-36.6172447],[-64.2608896,-36.6175685],[-64.2619785,-36.6178848],[-64.2646021,-36.6185895],[-64.2652245,-36.6187558],[-64.267578,-36.6194639]]]},"geometry_name":"geom","properties":{"gid":1221,"rtn":"5","typ":40,"rst":1,"hct":1,"fdc":"Dirección Nacional de Vialidad","sag":"IGN"},"bbox":[-64.267578,-36.6194639,-64.2541006,-36.6168559]},{"type":"Feature","id":"vial_nacional.1222","geometry":{"type":"MultiLineString","coordinates":[[[-64.2541006,-36.6168559],[-64.2535145,-36.6168866],[-64.2519485,-36.6168821],[-64.2505815,-36.6168748],[-64.2499042,-36.6168409],[-64.2505668,-36.6167925],[-64.2519498,-36.6167929],[-64.2525556,-36.6167973],[-64.2531994,-36.6168005],[-64.2535414,-36.6168199],[-64.2541006,-36.6168559]]]},"geometry_name":"geom","properties":{"gid":1222,"rtn":"5","typ":40,"rst":1,"hct":1,"fdc":"Dirección Nacional de Vialidad","sag":"IGN"},"bbox":[-64.2541006,-36.6168866,-64.2499042,-36.6167925]},{"type":"Feature","id":"vial_nacional.1241","geometry":{"type":"MultiLineString","coordinates":[[[-60.4563383,-35.140349],[-60.4560883,-35.1401561],[-60.4558951,-35.1400098],[-60.4557691,-35.1399184],[-60.4556431,-35.1398336],[-60.4555295,-35.1397707],[-60.455391,-35.1397057],[-60.4552613,-35.1396479],[-60.4551817,-35.1396309],[-60.4551024,-35.1395976],[-60.4550353,-35.1395561],[-60.4549702,-35.1395029],[-60.4549213,-35.1394327],[-60.4548889,-35.1393599],[-60.4548703,-35.1393011],[-60.4547812,-35.1391372],[-60.4547324,-35.1390574],[-60.4546745,-35.1389743],[-60.4546365,-35.1389282],[-60.4546021,-35.1388865],[-60.454535,-35.1388097],[-60.4543955,-35.1386365],[-60.4546287,-35.1387931],[-60.4547243,-35.1388573],[-60.4547649,-35.1388845],[-60.4548971,-35.1389593],[-60.4550251,-35.1390191],[-60.4551548,-35.139071],[-60.4552162,-35.1390765],[-60.4552874,-35.1391072],[-60.4553809,-35.1391588],[-60.4554601,-35.1392286],[-60.4555326,-35.1393256],[-60.4555496,-35.1393732],[-60.4555984,-35.1394862],[-60.4556451,-35.1395677],[-60.4557102,-35.1396662],[-60.4557285,-35.139694],[-60.4558016,-35.1397921],[-60.4559175,-35.1399184],[-60.4561289,-35.1401378],[-60.4563383,-35.140349]]]},"geometry_name":"geom","properties":{"gid":1241,"rtn":"5","typ":40,"rst":1,"hct":1,"fdc":"Dirección Nacional de Vialidad","sag":"IGN"},"bbox":[-60.4563383,-35.140349,-60.4543955,-35.1386365]},{"type":"Feature","id":"vial_nacional.1223","geometry":{"type":"MultiLineString","coordinates":[[[-62.7502902,-36.0153424],[-62.750546,-36.015467],[-62.7513975,-36.0159161],[-62.7533563,-36.016899],[-62.7550425,-36.0177558],[-62.7552672,-36.017851],[-62.762325,-36.0215078],[-62.7693961,-36.0250984],[-62.7736065,-36.0272248],[-62.8007198,-36.0410025],[-62.8014007,-36.0413879],[-62.802136,-36.0418435],[-62.8030273,-36.0424596],[-62.8429104,-36.0717153],[-62.8695992,-36.0911841],[-62.87024,-36.0915725],[-62.8708439,-36.0918912],[-62.8717066,-36.0922896],[-62.8723721,-36.0925684],[-62.8730006,-36.0927676],[-62.8745165,-36.093146],[-62.8823789,-36.0949328],[-62.8826506,-36.0949947],[-62.9028881,-36.0995486],[-62.9038461,-36.0998273],[-62.9043187,-36.0999787],[-62.9050595,-36.1002711],[-62.9057663,-36.1005669],[-62.9065497,-36.1009454],[-62.907082,-36.1012825],[-62.9078247,-36.101792],[-62.9369613,-36.1229079],[-62.9370311,-36.1229584],[-62.9708661,-36.1474192],[-62.9763752,-36.1510584],[-62.9912826,-36.16077],[-63.0081853,-36.1716361],[-63.0095798,-36.1723257],[-63.0109569,-36.1728892],[-63.0122572,-36.1732202],[-63.0191435,-36.17438],[-63.0227169,-36.1750195],[-63.0233755,-36.1751659],[-63.0240748,-36.1753452],[-63.0251508,-36.1757123],[-63.0261116,-36.1761208],[-63.0269301,-36.1765631],[-63.0275512,-36.1769284],[-63.0282531,-36.1773851],[-63.0289909,-36.1779506],[-63.0670136,-36.2087152],[-63.0738103,-36.2141926],[-63.1063612,-36.2404694],[-63.1065162,-36.2405858],[-63.1457077,-36.2721619],[-63.146916,-36.2731614],[-63.1478511,-36.2738902],[-63.1504126,-36.2759724],[-63.1506296,-36.2761488],[-63.1508263,-36.276301],[-63.1509505,-36.2763971],[-63.1515951,-36.2768736],[-63.1532499,-36.2782003],[-63.1534851,-36.2783935],[-63.1535644,-36.2784587],[-63.1538168,-36.278666],[-63.1564139,-36.2807494],[-63.1595435,-36.28326],[-63.160421,-36.283926],[-63.1611704,-36.2844062],[-63.1619275,-36.2848318],[-63.1626916,-36.2852192],[-63.1913773,-36.2974473],[-63.1924505,-36.2979302],[-63.1930683,-36.2982526],[-63.1936768,-36.2986604],[-63.1942724,-36.2991611],[-63.2026953,-36.3074735],[-63.2101854,-36.3148386],[-63.2232742,-36.3276286],[-63.2238126,-36.3280768],[-63.2245424,-36.3285992],[-63.2294869,-36.3319543],[-63.2417811,-36.3402982],[-63.2467354,-36.3436959],[-63.2522715,-36.3474115],[-63.2528694,-36.3478166],[-63.2578856,-36.3512266],[-63.265175,-36.3561727],[-63.2692654,-36.3589839],[-63.2724327,-36.3611606],[-63.2727689,-36.3613783],[-63.3197202,-36.3931659],[-63.3204142,-36.3935763],[-63.3211669,-36.3939737],[-63.3218778,-36.3942701],[-63.3227048,-36.3945822],[-63.3457931,-36.4015665],[-63.368894,-36.4085203],[-63.3692725,-36.4086107],[-63.3696766,-36.4086921],[-63.3701918,-36.4087594],[-63.3708595,-36.408844],[-63.3854156,-36.4105286],[-63.3858257,-36.4105709],[-63.386398,-36.4106388],[-63.3872251,-36.410737],[-63.3885156,-36.4108902],[-63.4057622,-36.4129374],[-63.4128203,-36.4137421],[-63.4131823,-36.4137977],[-63.4135819,-36.4138749],[-63.4139226,-36.4139489],[-63.4142687,-36.4140402],[-63.42376,-36.4168333],[-63.4296554,-36.4186519],[-63.4300576,-36.4187734],[-63.4310391,-36.4190203],[-63.4311836,-36.419051],[-63.4318971,-36.4192027],[-63.4323429,-36.4192758],[-63.432698,-36.4193204],[-63.4332567,-36.4193532],[-63.4337199,-36.4193688],[-63.4341614,-36.4193691],[-63.4350599,-36.4193302],[-63.4352066,-36.4193172],[-63.4361556,-36.4192328],[-63.4365678,-36.4191962],[-63.4376069,-36.4191112],[-63.4384484,-36.4190294],[-63.4385675,-36.4190193],[-63.4394988,-36.4189321],[-63.4426961,-36.4186503],[-63.4435205,-36.4186586],[-63.4445066,-36.4187254],[-63.4452715,-36.4188292],[-63.4459995,-36.4190146],[-63.4573634,-36.4223109],[-63.474015,-36.4273338],[-63.5521998,-36.4505689],[-63.5526504,-36.4507028],[-63.584821,-36.4602613],[-63.5856877,-36.4605758],[-63.5867173,-36.4610108],[-63.5877729,-36.4616292],[-63.5887178,-36.4622476],[-63.6090155,-36.4777178],[-63.6095905,-36.478125],[-63.6101897,-36.4784272],[-63.6114613,-36.4789697],[-63.6116606,-36.4790253],[-63.6171303,-36.4805523],[-63.6223132,-36.4819997],[-63.637034,-36.486074],[-63.6372008,-36.4861202],[-63.6504069,-36.4897804],[-63.6615661,-36.4926867],[-63.6630927,-36.49308],[-63.663768,-36.4932666],[-63.66454593,-36.49347053],[-63.6645523,-36.4934722],[-63.6646022,-36.4934853],[-63.66463618,-36.49349422],[-63.6646426,-36.4934959],[-63.6655463,-36.493733],[-63.6664715,-36.4939787],[-63.6839326,-36.4985527],[-63.7208304,-36.5082173],[-63.7241774,-36.5090938],[-63.7331067,-36.5120342],[-63.7396756,-36.5142093],[-63.7423685,-36.5150943],[-63.7451038,-36.5159923],[-63.7538488,-36.5188945],[-63.7650599,-36.522615],[-63.7654818,-36.5227958],[-63.7769134,-36.527956],[-63.7967656,-36.5369164],[-63.7977795,-36.5372736],[-63.7980003,-36.5373438],[-63.7989877,-36.5376019],[-63.8001785,-36.5377676],[-63.8009754,-36.5378128],[-63.83258031,-36.53776181],[-63.8325866,-36.5377618],[-63.8584687,-36.5376754],[-63.8592733,-36.5376864],[-63.859412,-36.5376851],[-63.8597515,-36.5376821],[-63.8602081,-36.5376779],[-63.8609497,-36.5376659],[-63.942727,-36.537384],[-63.9429577,-36.5373888],[-63.9435065,-36.5373864],[-63.9442556,-36.5373831],[-63.94432394,-36.53738282],[-63.9443283,-36.5373828],[-63.9447382,-36.537381],[-63.9452215,-36.5373789],[-63.9458156,-36.5373978],[-63.9901069,-36.5373318],[-64.0013187,-36.5373116],[-64.006775,-36.5373068],[-64.0084196,-36.5372973],[-64.0089469,-36.5372993],[-64.0095183,-36.5372939],[-64.01168,-36.5372934],[-64.0291955,-36.5372987],[-64.0338299,-36.5372922],[-64.0348509,-36.5373615],[-64.035905,-36.537516],[-64.0368929,-36.537729],[-64.0572314,-36.5439414],[-64.0783494,-36.5503854],[-64.1239714,-36.5643368],[-64.1495818,-36.5721172],[-64.1606386,-36.5755491],[-64.1693325,-36.5781408],[-64.2172379,-36.5927459],[-64.2178719,-36.5929544],[-64.2184122,-36.5931696],[-64.2189044,-36.5933859],[-64.219635,-36.5937572],[-64.2202264,-36.5941237],[-64.2207994,-36.5945045],[-64.2212737,-36.5948768],[-64.2218805,-36.5953947],[-64.2222566,-36.5957113],[-64.222444,-36.5958691],[-64.2254698,-36.5984883],[-64.2269344,-36.5997587],[-64.2304179,-36.60278],[-64.2399438,-36.6109311],[-64.2449628,-36.6153185],[-64.2454601,-36.6156826],[-64.2459032,-36.6159818],[-64.2463229,-36.6162097],[-64.2467077,-36.616375],[-64.2471346,-36.6165217],[-64.2474359,-36.6166125],[-64.2475282,-36.6166362],[-64.2476727,-36.6166732],[-64.2478935,-36.616721],[-64.2481105,-36.6167592],[-64.2483873,-36.6167966],[-64.24872,-36.6168231],[-64.2499042,-36.6168409]]]},"geometry_name":"geom","properties":{"gid":1223,"rtn":"5","typ":40,"rst":1,"hct":1,"fdc":"Dirección Nacional de Vialidad","sag":"IGN"},"bbox":[-64.2499042,-36.6168409,-62.7502902,-36.0153424]},{"type":"Feature","id":"vial_nacional.1224","geometry":{"type":"MultiLineString","coordinates":[[[-62.74839857,-36.01405187],[-62.74814603,-36.01406998],[-62.74802801,-36.01406046],[-62.74789095,-36.01403572],[-62.74775008,-36.01400336],[-62.74756925,-36.01394434],[-62.74698866,-36.01368165],[-62.7475662,-36.01402544],[-62.74769374,-36.01413013],[-62.74778892,-36.0142215],[-62.74787648,-36.0143262],[-62.74792978,-36.01440996],[-62.74797166,-36.01449371],[-62.74802436,-36.0146442]]]},"geometry_name":"geom","properties":{"gid":1224,"rtn":"5","typ":40,"rst":1,"hct":1,"fdc":"Dirección Nacional de Vialidad","sag":"IGN"},"bbox":[-62.74839857,-36.0146442,-62.74698866,-36.01368165]},{"type":"Feature","id":"vial_nacional.1225","geometry":{"type":"MultiLineString","coordinates":[[[-62.7169284,-35.998491],[-62.717678,-35.9988713],[-62.7199069,-36.000002],[-62.7207918,-36.0004477],[-62.7215482,-36.0008286],[-62.7232718,-36.0016914],[-62.7234774,-36.0017943],[-62.7243029,-36.002214],[-62.72701,-36.0036108],[-62.7295119,-36.0048319],[-62.730657,-36.0054083],[-62.7309016,-36.0055314],[-62.7310055,-36.0055837],[-62.7311918,-36.0056792],[-62.7340405,-36.0071392],[-62.7369174,-36.0086005],[-62.7410903,-36.0107183],[-62.7421843,-36.0112742],[-62.74492226,-36.01266583],[-62.74587507,-36.013122],[-62.7466403,-36.01351033],[-62.74698866,-36.01368165]]]},"geometry_name":"geom","properties":{"gid":1225,"rtn":"5","typ":40,"rst":1,"hct":1,"fdc":"Dirección Nacional de Vialidad","sag":"IGN"},"bbox":[-62.74698866,-36.01368165,-62.7169284,-35.998491]},{"type":"Feature","id":"vial_nacional.1226","geometry":{"type":"MultiLineString","coordinates":[[[-62.7169284,-35.998491],[-62.7161731,-35.9981077],[-62.7159062,-35.9979764],[-62.7158311,-35.9979417],[-62.7157466,-35.9979037],[-62.7156742,-35.9978755],[-62.7156031,-35.9978527],[-62.7154985,-35.9978245],[-62.7153886,-35.9978007],[-62.7152974,-35.9977866],[-62.7151605,-35.9977667],[-62.7150975,-35.9977577],[-62.7150263,-35.9977404],[-62.7149471,-35.9977125],[-62.7149064,-35.9976952],[-62.7148607,-35.9976672],[-62.7147994,-35.99762325],[-62.7147661,-35.9975891],[-62.7147326,-35.9975447],[-62.7146796,-35.9974809],[-62.7146259,-35.9974185],[-62.7145652,-35.9973628],[-62.7145022,-35.9973127],[-62.714424,-35.9972608],[-62.7143329,-35.9972013],[-62.714222,-35.9971361],[-62.7141006,-35.9970672],[-62.714013,-35.9970171],[-62.7132868,-35.996626],[-62.7139336,-35.9969217],[-62.7140399,-35.9969642],[-62.7141461,-35.9969963],[-62.7142827,-35.9970341],[-62.7144858,-35.9970804],[-62.7150284,-35.9971903],[-62.7150595,-35.9971956],[-62.7150914,-35.997201],[-62.7151788,-35.9972322],[-62.7152581,-35.9972676],[-62.7153292,-35.9973079],[-62.7153943,-35.9973515],[-62.7154522,-35.9974115],[-62.7156057,-35.9975422],[-62.7157988,-35.9977107],[-62.7159167,-35.9978144],[-62.7160135,-35.9978961],[-62.7161114,-35.9979775],[-62.7161699,-35.9980217],[-62.7162308,-35.9980632],[-62.7169284,-35.998491]]]},"geometry_name":"geom","properties":{"gid":1226,"rtn":"5","typ":40,"rst":1,"hct":1,"fdc":"Dirección Nacional de Vialidad","sag":"IGN"},"bbox":[-62.7169284,-35.998491,-62.7132868,-35.996626]},{"type":"Feature","id":"vial_nacional.1227","geometry":{"type":"MultiLineString","coordinates":[[[-61.9115995,-35.8489829],[-61.9118208,-35.8490495],[-61.913655,-35.8495955],[-61.9166709,-35.8505017],[-61.9211233,-35.851876],[-61.9298449,-35.8544783],[-61.9330567,-35.8554307],[-61.9347283,-35.8559207],[-61.9354045,-35.8560997],[-61.9358836,-35.8562098],[-61.9363275,-35.8562959],[-61.9363903,-35.8563061],[-61.936808,-35.8563743],[-61.9375841,-35.8564638],[-61.9381379,-35.856511],[-61.9387221,-35.856539],[-61.9451755,-35.8567301],[-61.9489419,-35.8568205],[-61.956217,-35.856995],[-61.9712581,-35.8573557],[-61.9994406,-35.8580575],[-62.015161,-35.858418],[-62.046117,-35.8592061],[-62.0540223,-35.859377],[-62.0616806,-35.8595757],[-62.0629691,-35.8595982],[-62.064177,-35.8596203],[-62.0654854,-35.8596572],[-62.066894,-35.859684],[-62.0696423,-35.8597598],[-62.0921399,-35.860271],[-62.1029431,-35.8605501],[-62.1145038,-35.8607917],[-62.1368697,-35.8612899],[-62.1591546,-35.8617996],[-62.181433,-35.8623207],[-62.203813,-35.8628266],[-62.2259295,-35.8633266],[-62.2263108,-35.8633355],[-62.2484479,-35.8638526],[-62.2708134,-35.8643458],[-62.2804821,-35.8645635],[-62.2916934,-35.8647955],[-62.2935121,-35.8648466],[-62.2953357,-35.8648979],[-62.2971948,-35.8649502],[-62.2989868,-35.8649826],[-62.2997867,-35.8650047],[-62.3008749,-35.8649817],[-62.3015648,-35.8649321],[-62.3022497,-35.8648563],[-62.3028812,-35.8647733],[-62.3038201,-35.8646225],[-62.3046335,-35.8644127],[-62.3052867,-35.864213],[-62.316939,-35.8595813],[-62.3181626,-35.8591489],[-62.3188186,-35.8589893],[-62.3194927,-35.8588932],[-62.3202113,-35.8588394],[-62.3209122,-35.858858],[-62.3253688,-35.8589516],[-62.3476007,-35.8594183],[-62.3660121,-35.8598048],[-62.3667435,-35.8598202],[-62.3675782,-35.8599036],[-62.3683936,-35.8600427],[-62.3698839,-35.8604344],[-62.3841023,-35.8642311],[-62.4135183,-35.8720855],[-62.4146619,-35.8723849],[-62.4410784,-35.8794088],[-62.4637016,-35.8854235],[-62.4643508,-35.885596],[-62.4799447,-35.8897199],[-62.4804,-35.8898404],[-62.4808678,-35.8899642],[-62.4983764,-35.8946792],[-62.5194766,-35.9003252],[-62.5209514,-35.9007542],[-62.5218534,-35.9010819],[-62.5234048,-35.9018138],[-62.5392588,-35.9097591],[-62.548739,-35.9145035],[-62.5560982,-35.9181792],[-62.5760393,-35.9281383],[-62.5761652,-35.9282012],[-62.5764459,-35.9283455],[-62.5888223,-35.9345139],[-62.6060832,-35.9431521],[-62.6130555,-35.9466168],[-62.6271655,-35.9536618],[-62.6342656,-35.9572066],[-62.6414386,-35.9607782],[-62.655475,-35.9677685],[-62.6625859,-35.9713119],[-62.6696834,-35.9748484],[-62.6767919,-35.978372],[-62.6839266,-35.9818991],[-62.6892446,-35.9845487],[-62.6908931,-35.98537],[-62.6910192,-35.9854328],[-62.6960437,-35.9879411],[-62.6981578,-35.9890016],[-62.6992763,-35.9895637],[-62.7009768,-35.9903927],[-62.7023126,-35.9910785],[-62.7024816,-35.9911609],[-62.7052845,-35.9925802],[-62.7091461,-35.9945331],[-62.7125805,-35.9962699],[-62.7132868,-35.996626]]]},"geometry_name":"geom","properties":{"gid":1227,"rtn":"5","typ":40,"rst":1,"hct":1,"fdc":"Dirección Nacional de Vialidad","sag":"IGN"},"bbox":[-62.7132868,-35.996626,-61.9115995,-35.8489829]},{"type":"Feature","id":"vial_nacional.1233","geometry":{"type":"MultiLineString","coordinates":[[[-61.35370505,-35.63696813],[-61.35469333,-35.63736431],[-61.3559042,-35.6379144],[-61.3570221,-35.6384132],[-61.3578188,-35.638779],[-61.3590215,-35.6393155],[-61.3599788,-35.6397402],[-61.3602388,-35.6398553],[-61.3602694,-35.6398729],[-61.36049,-35.6399705],[-61.3620623,-35.6406669],[-61.3653407,-35.6421272],[-61.3666427,-35.6427167],[-61.3762064,-35.6469687],[-61.3763478,-35.6470302],[-61.376984,-35.6473208],[-61.3954149,-35.6554955],[-61.396195,-35.6558394],[-61.3971794,-35.6563035],[-61.3982004,-35.6567361],[-61.3996805,-35.6573983],[-61.401022,-35.6579984],[-61.4105939,-35.6622805],[-61.4261514,-35.6692398],[-61.426335,-35.6693218],[-61.4290763,-35.6705451],[-61.4382456,-35.6746369],[-61.4466367,-35.6783556],[-61.4570006,-35.6829483],[-61.463855,-35.6859856],[-61.4651314,-35.6864983],[-61.4660414,-35.6867959],[-61.4669704,-35.6870557],[-61.4962305,-35.6940446],[-61.5009339,-35.6951821],[-61.5239387,-35.7006873],[-61.5712226,-35.7120217],[-61.5773334,-35.7134864],[-61.5963822,-35.71799],[-61.5976156,-35.7182506],[-61.5986056,-35.7184006],[-61.5993241,-35.7184937],[-61.6001913,-35.7185595],[-61.6014093,-35.7186083],[-61.6298765,-35.7197583],[-61.6338668,-35.7199131],[-61.6350846,-35.7199604],[-61.6424208,-35.7202779],[-61.6433788,-35.7203079],[-61.6505775,-35.7205852],[-61.6512305,-35.7206273],[-61.6518536,-35.720676],[-61.6523247,-35.7207257],[-61.6528912,-35.7207962],[-61.6534636,-35.7208871],[-61.6539573,-35.7209871],[-61.6545459,-35.7211328],[-61.655332,-35.7213499],[-61.6560908,-35.7215949],[-61.6569527,-35.7218983],[-61.6617196,-35.7236069],[-61.6689206,-35.726224],[-61.6700345,-35.7266215],[-61.6748219,-35.7283321],[-61.6852614,-35.7320622],[-61.6962348,-35.7360025],[-61.7124544,-35.7418679],[-61.7207154,-35.7447849],[-61.7351885,-35.7499717],[-61.7496128,-35.7551055],[-61.7624109,-35.7596187],[-61.7639883,-35.7602389],[-61.7646388,-35.760516],[-61.7654193,-35.7609119],[-61.7662162,-35.7614661],[-61.7671756,-35.7622315],[-61.7748368,-35.7683066],[-61.7851667,-35.7767644],[-61.7955855,-35.7852149],[-61.8059533,-35.7936233],[-61.8163533,-35.8020568],[-61.8177612,-35.8031985],[-61.8267446,-35.8104922],[-61.8371243,-35.8189186],[-61.8475365,-35.8273706],[-61.8497869,-35.8291972],[-61.850822,-35.8300178],[-61.8511157,-35.8302402],[-61.8515505,-35.8305345],[-61.8520022,-35.8307878],[-61.8525552,-35.8310376],[-61.8530744,-35.8312224],[-61.8545337,-35.8316795],[-61.8599744,-35.8333242]]]},"geometry_name":"geom","properties":{"gid":1233,"rtn":"5","typ":40,"rst":1,"hct":1,"fdc":"Dirección Nacional de Vialidad","sag":"IGN"},"bbox":[-61.8599744,-35.8333242,-61.35370505,-35.63696813]},{"type":"Feature","id":"vial_nacional.1234","geometry":{"type":"MultiLineString","coordinates":[[[-61.35194044,-35.63617149],[-61.35230878,-35.63628571],[-61.35247439,-35.63633425],[-61.35267141,-35.63635423],[-61.35279704,-35.63636851],[-61.35294267,-35.63640849],[-61.35308258,-35.63648558],[-61.35316824,-35.63656839],[-61.35331672,-35.63668831],[-61.35345663,-35.63679967],[-61.35370505,-35.63696813],[-61.35340523,-35.63690246],[-61.35325961,-35.63687391],[-61.353094,-35.63687105],[-61.35290555,-35.63685392],[-61.35276278,-35.6368168],[-61.35262287,-35.63674256],[-61.3525058,-35.63665976],[-61.35238302,-35.63655125],[-61.35216316,-35.63634567],[-61.35194044,-35.63617149]]]},"geometry_name":"geom","properties":{"gid":1234,"rtn":"5","typ":40,"rst":1,"hct":1,"fdc":"Dirección Nacional de Vialidad","sag":"IGN"},"bbox":[-61.35370505,-35.63696813,-61.35194044,-35.63617149]},{"type":"Feature","id":"vial_nacional.1235","geometry":{"type":"MultiLineString","coordinates":[[[-60.9013104,-35.4948436],[-60.9121981,-35.500471],[-60.9132701,-35.5010496],[-60.9137647,-35.5013474],[-60.9142224,-35.5017075],[-60.9197967,-35.5064332],[-60.9262218,-35.5119102],[-60.926681,-35.5122564],[-60.9270998,-35.5125313],[-60.9275497,-35.5127962],[-60.9281132,-35.513085],[-60.9368703,-35.5170182],[-60.9429223,-35.5197363],[-60.9574353,-35.5262657],[-60.9590901,-35.5268075],[-60.9647958,-35.5286758],[-60.9801402,-35.5336599],[-61.0005571,-35.5402029],[-61.0090844,-35.5429355],[-61.0233227,-35.5475347],[-61.0249422,-35.5481265],[-61.0261653,-35.5485979],[-61.027839,-35.549366],[-61.0332034,-35.5518145],[-61.0409533,-35.5555115],[-61.041853,-35.5558524],[-61.042765,-35.556103],[-61.0440097,-35.5564038],[-61.0596737,-35.5592512],[-61.0738712,-35.5618679],[-61.1080027,-35.5680467],[-61.1097086,-35.568483],[-61.1106742,-35.5687623],[-61.1116076,-35.5691812],[-61.1129702,-35.5698881],[-61.1294399,-35.5797984],[-61.1304562,-35.580301],[-61.1314238,-35.5806977],[-61.1330093,-35.5812268],[-61.1358003,-35.5819892],[-61.1739198,-35.5929901],[-61.1801306,-35.5946714],[-61.1987014,-35.5992184],[-61.2173077,-35.6037738],[-61.2176207,-35.6038508],[-61.2359293,-35.6083572],[-61.2404359,-35.6094434],[-61.2484504,-35.611375],[-61.2641851,-35.6142339],[-61.3113275,-35.6230224],[-61.3114953,-35.6230534],[-61.3270802,-35.6259449],[-61.3273836,-35.6260012],[-61.3288635,-35.6263052],[-61.3297254,-35.6265299],[-61.3304734,-35.6267546],[-61.3311416,-35.6269905],[-61.3320833,-35.627323],[-61.3340374,-35.6281329],[-61.3402539,-35.6308962],[-61.3465268,-35.6336977],[-61.3499217,-35.63524921],[-61.35194044,-35.63617149]]]},"geometry_name":"geom","properties":{"gid":1235,"rtn":"5","typ":40,"rst":1,"hct":1,"fdc":"Dirección Nacional de Vialidad","sag":"IGN"},"bbox":[-61.35194044,-35.63617149,-60.9013104,-35.4948436]},{"type":"Feature","id":"vial_nacional.1236","geometry":{"type":"MultiLineString","coordinates":[[[-60.9013104,-35.4948436],[-60.9004844,-35.494481],[-60.8982812,-35.4933477],[-60.89685,-35.4926017],[-60.8963025,-35.4923188],[-60.8940033,-35.4911132],[-60.8926788,-35.4904186],[-60.8923954,-35.4902394],[-60.8927167,-35.490371],[-60.8949694,-35.4915303],[-60.8951067,-35.4916084],[-60.8973744,-35.492773],[-60.8996248,-35.4939226],[-60.9005809,-35.494422],[-60.9013104,-35.4948436]]]},"geometry_name":"geom","properties":{"gid":1236,"rtn":"5","typ":40,"rst":1,"hct":1,"fdc":"Dirección Nacional de Vialidad","sag":"IGN"},"bbox":[-60.9013104,-35.4948436,-60.8923954,-35.4902394]},{"type":"Feature","id":"vial_nacional.1237","geometry":{"type":"MultiLineString","coordinates":[[[-60.850851,-35.4687884],[-60.8513211,-35.4690296],[-60.8534557,-35.4701603],[-60.85595,-35.4714193],[-60.8574575,-35.4721803],[-60.8595164,-35.4732813],[-60.8614262,-35.4742644],[-60.8653365,-35.4762771],[-60.8660888,-35.4766644],[-60.867273,-35.4772739],[-60.8682371,-35.4777701],[-60.869226,-35.4782791],[-60.8723902,-35.4799077],[-60.8729092,-35.4801748],[-60.8730842,-35.4802649],[-60.8809324,-35.4843043],[-60.8848064,-35.4862981],[-60.8886838,-35.4882936],[-60.8923954,-35.4902394]]]},"geometry_name":"geom","properties":{"gid":1237,"rtn":"5","typ":40,"rst":1,"hct":1,"fdc":"Dirección Nacional de Vialidad","sag":"IGN"},"bbox":[-60.8923954,-35.4902394,-60.850851,-35.4687884]},{"type":"Feature","id":"vial_nacional.1238","geometry":{"type":"MultiLineString","coordinates":[[[-60.850851,-35.4687884],[-60.8502625,-35.4685475],[-60.8500961,-35.4685131],[-60.8499559,-35.4684873],[-60.8497983,-35.4684651],[-60.8496509,-35.4684634],[-60.8495431,-35.4684396],[-60.8494398,-35.4684044],[-60.8493382,-35.4683618],[-60.849235,-35.4682939],[-60.8491533,-35.4682137],[-60.8490932,-35.4681385],[-60.8490408,-35.4680506],[-60.8489114,-35.46789],[-60.8487035,-35.4676931],[-60.8484564,-35.4674814],[-60.8486711,-35.467609],[-60.8487759,-35.4676667],[-60.8488899,-35.4677106],[-60.8489792,-35.4677307],[-60.8490732,-35.4677432],[-60.8493027,-35.4677583],[-60.8494029,-35.4677633],[-60.8494845,-35.4677771],[-60.8496725,-35.4678424],[-60.8498188,-35.4679214],[-60.849895,-35.467983],[-60.8499559,-35.4680356],[-60.8500083,-35.4681146],[-60.8501623,-35.4683053],[-60.8503087,-35.4684459],[-60.8504258,-35.4685374],[-60.8505675,-35.4686215],[-60.850851,-35.4687884]]]},"geometry_name":"geom","properties":{"gid":1238,"rtn":"5","typ":40,"rst":1,"hct":1,"fdc":"Dirección Nacional de Vialidad","sag":"IGN"},"bbox":[-60.850851,-35.4687884,-60.8484564,-35.4674814]},{"type":"Feature","id":"vial_nacional.1239","geometry":{"type":"MultiLineString","coordinates":[[[-60.7037916,-35.3612604],[-60.7045844,-35.3619384],[-60.7137366,-35.3698319],[-60.7294773,-35.3834661],[-60.7425391,-35.394778],[-60.7432925,-35.3953764],[-60.7436807,-35.3956577],[-60.7438779,-35.3957883],[-60.744075,-35.3959113],[-60.7442753,-35.3960244],[-60.7444725,-35.3961323],[-60.7446697,-35.3962403],[-60.7448761,-35.3963458],[-60.745289,-35.3965468],[-60.7457296,-35.3967427],[-60.7460531,-35.3968833],[-60.7464043,-35.3970114],[-60.7467525,-35.3971269],[-60.7471037,-35.3972274],[-60.7473256,-35.3972877],[-60.7475474,-35.3973429],[-60.7477846,-35.3973982],[-60.7480188,-35.3974459],[-60.7484748,-35.3975338],[-60.7489493,-35.3976167],[-60.7604821,-35.3993259],[-60.7611163,-35.3994452],[-60.7617098,-35.3995778],[-60.7622993,-35.3997435],[-60.7628156,-35.3999158],[-60.7632507,-35.4000815],[-60.7636613,-35.4002472],[-60.7640637,-35.4004294],[-60.7644334,-35.4006159],[-60.7648972,-35.4008801],[-60.7653159,-35.4011519],[-60.7657347,-35.4014468],[-60.7661127,-35.4017417],[-60.7676388,-35.4030462],[-60.7773578,-35.4114075],[-60.8175798,-35.4460455],[-60.8178074,-35.4462244],[-60.8180432,-35.4463999],[-60.8182831,-35.4465688],[-60.8185148,-35.4467245],[-60.8195367,-35.4473446],[-60.8208277,-35.4481418],[-60.821198,-35.4483904],[-60.8215196,-35.448645],[-60.8217509,-35.4488574],[-60.8219573,-35.4490705],[-60.8222388,-35.4493806],[-60.8224949,-35.449692],[-60.8235461,-35.4511634],[-60.8238244,-35.4515704],[-60.8244299,-35.4524177],[-60.8248776,-35.4529421],[-60.825123,-35.4532082],[-60.8253562,-35.4534288],[-60.825393,-35.4534637],[-60.8256648,-35.4536888],[-60.8259598,-35.4539204],[-60.8262495,-35.4541127],[-60.8265538,-35.4543033],[-60.8360569,-35.4600424],[-60.8418417,-35.4634921],[-60.8484564,-35.4674814]]]},"geometry_name":"geom","properties":{"gid":1239,"rtn":"5","typ":40,"rst":1,"hct":1,"fdc":"Dirección Nacional de Vialidad","sag":"IGN"},"bbox":[-60.8484564,-35.4674814,-60.7037916,-35.3612604]},{"type":"Feature","id":"vial_nacional.1240","geometry":{"type":"MultiLineString","coordinates":[[[-60.4563383,-35.140349],[-60.4576378,-35.14153],[-60.4605487,-35.1440493],[-60.4612111,-35.1446161],[-60.4666462,-35.149416],[-60.4686311,-35.1511665],[-60.4722881,-35.1544001],[-60.4800027,-35.1611252],[-60.4850367,-35.1655869],[-60.4876661,-35.1678792],[-60.4896168,-35.1695849],[-60.5107249,-35.188211],[-60.5260075,-35.2016902],[-60.5332652,-35.2081202],[-60.539172,-35.2132995],[-60.5397599,-35.2139259],[-60.5402194,-35.2146181],[-60.5406706,-35.2154272],[-60.5410602,-35.2163148],[-60.5412398,-35.2169152],[-60.5413699,-35.217606],[-60.5416333,-35.2191443],[-60.5435385,-35.2358623],[-60.5436724,-35.2367137],[-60.5438627,-35.2374694],[-60.5440133,-35.2380433],[-60.5442681,-35.2387024],[-60.5445072,-35.2391836],[-60.5448073,-35.2397114],[-60.545179,-35.2402302],[-60.5456565,-35.2408159],[-60.5461647,-35.2413131],[-60.5466801,-35.2417832],[-60.5496472,-35.24437],[-60.5502816,-35.2449193],[-60.5594254,-35.2528439],[-60.5862016,-35.275996],[-60.590437,-35.2796522],[-60.6025435,-35.2901949],[-60.6388613,-35.321716],[-60.6396591,-35.3223611],[-60.6406981,-35.3230039],[-60.6418653,-35.3236758],[-60.6443795,-35.32509],[-60.6745427,-35.3421548],[-60.6756017,-35.3427539],[-60.6765877,-35.3433796],[-60.6771202,-35.3437147],[-60.6779562,-35.344093],[-60.6939803,-35.3531498],[-60.6942984,-35.3533328],[-60.6945992,-35.3535175],[-60.6949001,-35.353708],[-60.6951867,-35.3538985],[-60.695484,-35.3541063],[-60.6957495,-35.3543084],[-60.6962726,-35.3547229],[-60.6978687,-35.356113],[-60.6989213,-35.3570297],[-60.7012823,-35.3590859],[-60.7013396,-35.3591356],[-60.701421,-35.3592063],[-60.70195547,-35.35964861]]]},"geometry_name":"geom","properties":{"gid":1240,"rtn":"5","typ":40,"rst":1,"hct":1,"fdc":"Dirección Nacional de Vialidad","sag":"IGN"},"bbox":[-60.70195547,-35.35964861,-60.4563383,-35.140349]},{"type":"Feature","id":"vial_nacional.1243","geometry":{"type":"MultiLineString","coordinates":[[[-60.4510988,-35.1357295],[-60.4507169,-35.1354364],[-60.4506189,-35.1353753],[-60.4505783,-35.1353549],[-60.450543,-35.1353371],[-60.4504566,-35.135296],[-60.4503725,-35.1352664],[-60.4502733,-35.13523951],[-60.4501709,-35.1352004],[-60.4501219,-35.1351832],[-60.4500583,-35.1351509],[-60.450008,-35.1351055],[-60.4499691,-35.1350373],[-60.44993256,-35.13496349],[-60.4499023,-35.1348509],[-60.4498361,-35.1347161],[-60.4498074,-35.1346692],[-60.4497883,-35.134638],[-60.4497174,-35.1345573],[-60.4495511,-35.134391],[-60.4491952,-35.1340458],[-60.449585,-35.1343621],[-60.4498776,-35.1345978],[-60.4499744,-35.1346566],[-60.4500923,-35.1347075],[-60.4502239,-35.1347602],[-60.4502833,-35.1347669],[-60.4503585,-35.1347893],[-60.4504224,-35.1348287],[-60.4504692,-35.1348819],[-60.4504948,-35.1349439],[-60.45051505,-35.13501298],[-60.4505316,-35.1350819],[-60.4505762,-35.1351724],[-60.450622,-35.1352456],[-60.4506543,-35.1352861],[-60.4506849,-35.1353221],[-60.4507619,-35.1354052],[-60.4510988,-35.1357295]]]},"geometry_name":"geom","properties":{"gid":1243,"rtn":"5","typ":40,"rst":1,"hct":1,"fdc":"Dirección Nacional de Vialidad","sag":"IGN"},"bbox":[-60.4510988,-35.1357295,-60.4491952,-35.1340458]},{"type":"Feature","id":"vial_nacional.1244","geometry":{"type":"MultiLineString","coordinates":[[[-60.4441703,-35.1296238],[-60.4455913,-35.1308688],[-60.44675,-35.1318998],[-60.4491952,-35.1340458]]]},"geometry_name":"geom","properties":{"gid":1244,"rtn":"5","typ":40,"rst":1,"hct":1,"fdc":"Dirección Nacional de Vialidad","sag":"IGN"},"bbox":[-60.4491952,-35.1340458,-60.4441703,-35.1296238]},{"type":"Feature","id":"vial_nacional.1245","geometry":{"type":"MultiLineString","coordinates":[[[-60.4441703,-35.1296238],[-60.443434,-35.129015],[-60.4369685,-35.1233003],[-60.4360158,-35.1224317],[-60.4369699,-35.1231553],[-60.4375318,-35.1236206],[-60.4379573,-35.1239889],[-60.4382532,-35.1242425],[-60.4399186,-35.1257226],[-60.4422458,-35.1277635],[-60.4428774,-35.128324],[-60.4433562,-35.1287759],[-60.4436338,-35.1290523],[-60.4441703,-35.1296238]]]},"geometry_name":"geom","properties":{"gid":1245,"rtn":"5","typ":40,"rst":1,"hct":1,"fdc":"Dirección Nacional de Vialidad","sag":"IGN"},"bbox":[-60.4441703,-35.1296238,-60.4360158,-35.1224317]},{"type":"Feature","id":"vial_nacional.1246","geometry":{"type":"MultiLineString","coordinates":[[[-60.26503702,-35.05432356],[-60.26711619,-35.05505072],[-60.27179421,-35.05671159],[-60.27544668,-35.05802029],[-60.2781066,-35.0590155],[-60.2824878,-35.0605707],[-60.2835487,-35.0609473],[-60.2842714,-35.0611894],[-60.2849786,-35.061368],[-60.2856903,-35.0615094],[-60.286427,-35.0616265],[-60.2924312,-35.0625755],[-60.2934295,-35.0627193],[-60.318101,-35.0665797],[-60.3196408,-35.0668207],[-60.3230443,-35.0673532],[-60.3380605,-35.0696915],[-60.3488754,-35.0713692],[-60.3541851,-35.0722005],[-60.3693917,-35.0745811],[-60.3702597,-35.0747691],[-60.3706845,-35.0748739],[-60.371087,-35.0749787],[-60.3715119,-35.0750951],[-60.3719143,-35.0752182],[-60.3723168,-35.075348],[-60.372699,-35.0754811],[-60.3731523,-35.0756408],[-60.3735832,-35.0758038],[-60.3739979,-35.0759785],[-60.3743943,-35.0761565],[-60.3752053,-35.0765325],[-60.3756078,-35.0767205],[-60.3760062,-35.0769118],[-60.3763315,-35.0770848],[-60.3766486,-35.0772578],[-60.3772218,-35.0775855],[-60.3777585,-35.0779249],[-60.3780329,-35.0780929],[-60.3783012,-35.0782659],[-60.3785573,-35.0784405],[-60.3787973,-35.0786189],[-60.3794029,-35.079091],[-60.3799782,-35.0795701],[-60.3811023,-35.0805449],[-60.3826177,-35.0818723],[-60.3897603,-35.0881284],[-60.3937571,-35.091623],[-60.39389755,-35.0917432],[-60.3952242,-35.0929025],[-60.4051435,-35.1015682],[-60.4100676,-35.1058696],[-60.4103519,-35.1061176],[-60.4179969,-35.1128089],[-60.4184414,-35.1131434],[-60.4189081,-35.1134549],[-60.4193641,-35.1137467],[-60.4195894,-35.1138828],[-60.4198415,-35.1140232],[-60.4201098,-35.1141592],[-60.4203914,-35.1142887],[-60.4206784,-35.1144093],[-60.4209707,-35.1145278],[-60.4212524,-35.1146353],[-60.4215635,-35.1147428],[-60.4218559,-35.1148372],[-60.4221482,-35.1149271],[-60.4227088,-35.115072],[-60.4232776,-35.1152065],[-60.4238543,-35.1153075],[-60.4244176,-35.1153864],[-60.4252491,-35.1155137],[-60.4256514,-35.1155905],[-60.4260188,-35.1156739],[-60.4263917,-35.1157836],[-60.4267511,-35.1158955],[-60.4274619,-35.116139],[-60.4280493,-35.1163386],[-60.4285991,-35.116569],[-60.4291168,-35.1168213],[-60.4295896,-35.1170896],[-60.4299563,-35.1172996],[-60.430305,-35.1175256],[-60.4306322,-35.1177669],[-60.4309395,-35.1180144],[-60.4312223,-35.1182496],[-60.4350717,-35.1216002],[-60.4357181,-35.1221684],[-60.4360158,-35.1224317]]]},"geometry_name":"geom","properties":{"gid":1246,"rtn":"5","typ":40,"rst":1,"hct":1,"fdc":"Dirección Nacional de Vialidad","sag":"IGN"},"bbox":[-60.4360158,-35.1224317,-60.26503702,-35.05432356]},{"type":"Feature","id":"vial_nacional.1247","geometry":{"type":"MultiLineString","coordinates":[[[-60.26503702,-35.05432356],[-60.26476338,-35.05418079],[-60.26468486,-35.05412368],[-60.26461585,-35.05403564],[-60.2645754,-35.05396902],[-60.2645064,-35.0538786],[-60.26440646,-35.05381435],[-60.26426131,-35.05375011],[-60.26364503,-35.0535431],[-60.26349037,-35.05352168],[-60.26337378,-35.05353834],[-60.26320959,-35.05355023],[-60.26302637,-35.05354547],[-60.26284982,-35.05354024],[-60.26299782,-35.05364065],[-60.26312155,-35.05374773],[-60.26319056,-35.05382863],[-60.26328574,-35.05394522],[-60.26340233,-35.05402375],[-60.2636022,-35.05411179],[-60.26398768,-35.05426169],[-60.26419707,-35.0543188],[-60.26432318,-35.05430928],[-60.26443977,-35.05428311],[-60.26456113,-35.05427121],[-60.26468486,-35.05426407],[-60.26503702,-35.05432356]]]},"geometry_name":"geom","properties":{"gid":1247,"rtn":"5","typ":40,"rst":1,"hct":1,"fdc":"Dirección Nacional de Vialidad","sag":"IGN"},"bbox":[-60.26503702,-35.05432356,-60.26284982,-35.05352168]},{"type":"Feature","id":"vial_nacional.1248","geometry":{"type":"MultiLineString","coordinates":[[[-60.1156086,-35.0135987],[-60.1159885,-35.0136849],[-60.1162942,-35.0137439],[-60.1165671,-35.0137948],[-60.1169132,-35.0138485],[-60.1513066,-35.0186951],[-60.1592328,-35.019812],[-60.1597585,-35.0198933],[-60.1742054,-35.021934],[-60.1744603,-35.0219713],[-60.1786,-35.0225494],[-60.1788522,-35.0225816],[-60.1793617,-35.0226555],[-60.1917793,-35.0244062],[-60.2015055,-35.0257833],[-60.2019614,-35.0258514],[-60.202412,-35.0259326],[-60.2028412,-35.0260249],[-60.2032811,-35.0261369],[-60.2037397,-35.0262731],[-60.204181,-35.0264262],[-60.2045673,-35.0265733],[-60.2049401,-35.0267293],[-60.2052032,-35.0268536],[-60.205549,-35.027017],[-60.2057415,-35.0271119],[-60.2062114,-35.0273435],[-60.2066534,-35.0275675],[-60.2111417,-35.0298416],[-60.2276044,-35.0380873],[-60.230683,-35.0396269],[-60.2308914,-35.0397321],[-60.2365159,-35.0425979],[-60.2467927,-35.0477059],[-60.2472514,-35.0479386],[-60.2474901,-35.0480528],[-60.2477235,-35.0481582],[-60.2479649,-35.0482614],[-60.2482063,-35.0483624],[-60.2487025,-35.0485491],[-60.2613884,-35.0530721],[-60.26284982,-35.05354024]]]},"geometry_name":"geom","properties":{"gid":1248,"rtn":"5","typ":40,"rst":1,"hct":1,"fdc":"Dirección Nacional de Vialidad","sag":"IGN"},"bbox":[-60.26284982,-35.05354024,-60.1156086,-35.0135987]},{"type":"Feature","id":"vial_nacional.1249","geometry":{"type":"MultiLineString","coordinates":[[[-60.1156086,-35.0135987],[-60.1154569,-35.0135752],[-60.1148627,-35.0133875],[-60.1145795,-35.0132933],[-60.1142999,-35.013189],[-60.1140398,-35.0130774],[-60.1137903,-35.0129643],[-60.113624,-35.0128875],[-60.1133674,-35.012744],[-60.1131532,-35.012602],[-60.1129391,-35.0124527],[-60.1126401,-35.0122092],[-60.1123573,-35.0119592],[-60.111404,-35.011064],[-60.1112902,-35.0109572],[-60.1110196,-35.0107067],[-60.1102012,-35.009949],[-60.1093024,-35.0091338],[-60.1089094,-35.0087732],[-60.1081029,-35.0080279],[-60.1072012,-35.0071933],[-60.1063125,-35.0064005],[-60.1060733,-35.0061504],[-60.1063525,-35.0063732],[-60.1068901,-35.0067969],[-60.1073052,-35.007139],[-60.1077939,-35.007567],[-60.1099376,-35.0095389],[-60.1118102,-35.0112552],[-60.11215,-35.0115727],[-60.1125266,-35.0119294],[-60.1128355,-35.0122094],[-60.1130721,-35.0123853],[-60.1133841,-35.0125952],[-60.1135555,-35.0126969],[-60.1138454,-35.0128593],[-60.1141774,-35.0130136],[-60.1146383,-35.0132125],[-60.1150659,-35.0133959],[-60.1155115,-35.0135511],[-60.1156086,-35.0135987]]]},"geometry_name":"geom","properties":{"gid":1249,"rtn":"5","typ":40,"rst":1,"hct":1,"fdc":"Dirección Nacional de Vialidad","sag":"IGN"},"bbox":[-60.1156086,-35.0135987,-60.1060733,-35.0061504]},{"type":"Feature","id":"vial_nacional.1250","geometry":{"type":"MultiLineString","coordinates":[[[-59.9877672,-34.9223806],[-59.9879506,-34.9225531],[-59.9885479,-34.9231152],[-59.989297,-34.92382],[-59.9919051,-34.9261875],[-59.9933177,-34.9275038],[-59.9968093,-34.9307467],[-60.0064585,-34.9397796],[-60.0161755,-34.9488275],[-60.0196761,-34.9520548],[-60.019959,-34.9523303],[-60.0221872,-34.9544377],[-60.0225975,-34.9547697],[-60.0231716,-34.9551281],[-60.0235945,-34.9553595],[-60.024054,-34.9555611],[-60.0245869,-34.9557223],[-60.0253199,-34.9559063],[-60.0304452,-34.9571962],[-60.036041,-34.9585953],[-60.0436074,-34.9604773],[-60.0478309,-34.9615278],[-60.0576349,-34.9639417],[-60.0584331,-34.9641542],[-60.0591728,-34.9643605],[-60.0598127,-34.9645754],[-60.0604132,-34.9647942],[-60.0609234,-34.96502],[-60.0614708,-34.9653038],[-60.0622813,-34.9658313],[-60.0629618,-34.9663051],[-60.0635617,-34.966813],[-60.0661432,-34.9692094],[-60.0778286,-34.9800561],[-60.0912249,-34.9924469],[-60.1036706,-35.0038819],[-60.1056533,-35.0057516],[-60.1060733,-35.0061504]]]},"geometry_name":"geom","properties":{"gid":1250,"rtn":"5","typ":40,"rst":1,"hct":1,"fdc":"Dirección Nacional de Vialidad","sag":"IGN"},"bbox":[-60.1060733,-35.0061504,-59.9877672,-34.9223806]},{"type":"Feature","id":"vial_nacional.1251","geometry":{"type":"MultiLineString","coordinates":[[[-59.9877672,-34.9223806],[-59.9874639,-34.9221796],[-59.9873344,-34.922097],[-59.9872316,-34.9220444],[-59.9871375,-34.922001],[-59.98692194,-34.92186344],[-59.98676966,-34.92172543],[-59.9866943,-34.9216023],[-59.9866529,-34.9214975],[-59.9866052,-34.9214184],[-59.9865316,-34.9213052],[-59.9862313,-34.9209402],[-59.9864442,-34.9210933],[-59.9865255,-34.9211651],[-59.9866105,-34.9212403],[-59.9867066,-34.921317],[-59.9869566,-34.9214346],[-59.9869959,-34.9214426],[-59.9870345,-34.921453],[-59.9871338,-34.921493],[-59.987223,-34.9215503],[-59.9872961,-34.9216221],[-59.9873527,-34.9217122],[-59.9873711,-34.9217604],[-59.9873843,-34.9218203],[-59.9874412,-34.9219129],[-59.9874932,-34.9220044],[-59.9875746,-34.9221122],[-59.9877672,-34.9223806]]]},"geometry_name":"geom","properties":{"gid":1251,"rtn":"5","typ":40,"rst":1,"hct":1,"fdc":"Dirección Nacional de Vialidad","sag":"IGN"},"bbox":[-59.9877672,-34.9223806,-59.9862313,-34.9209402]},{"type":"Feature","id":"vial_nacional.1253","geometry":{"type":"MultiLineString","coordinates":[[[-59.9587525,-34.8990229],[-59.9584816,-34.8988556],[-59.9583011,-34.8987567],[-59.9580521,-34.8986299],[-59.9577775,-34.8984827],[-59.95754,-34.8983573],[-59.9567593,-34.8977339],[-59.9565824,-34.8975472],[-59.9563406,-34.8972722],[-59.9562003,-34.8970959],[-59.9560489,-34.896913],[-59.9558229,-34.8966581],[-59.9560554,-34.8968368],[-59.9562915,-34.8969863],[-59.9564751,-34.897105],[-59.9566573,-34.8971951],[-59.9570664,-34.897397],[-59.957183,-34.8974745],[-59.957733,-34.8979014],[-59.9578419,-34.8980022],[-59.9578803,-34.8980378],[-59.9580821,-34.8982507],[-59.9585671,-34.8987926],[-59.9587525,-34.8990229]]]},"geometry_name":"geom","properties":{"gid":1253,"rtn":"5","typ":40,"rst":1,"hct":1,"fdc":"Dirección Nacional de Vialidad","sag":"IGN"},"bbox":[-59.9587525,-34.8990229,-59.9558229,-34.8966581]},{"type":"Feature","id":"vial_nacional.1254","geometry":{"type":"MultiLineString","coordinates":[[[-59.4592965,-34.6940353],[-59.4609385,-34.6947193],[-59.4619662,-34.6951739],[-59.4626727,-34.6954994],[-59.4632001,-34.6957597],[-59.463896,-34.6961086],[-59.4645528,-34.6964528],[-59.4651225,-34.6967583],[-59.465624,-34.6970445],[-59.4665473,-34.6975879],[-59.4670916,-34.6979241],[-59.4674883,-34.6981691],[-59.4688105,-34.6990009],[-59.4700566,-34.6997874],[-59.4708648,-34.7002651],[-59.4715559,-34.7006735],[-59.4722075,-34.7010333],[-59.4723469,-34.7011065],[-59.47303,-34.7014651],[-59.4738291,-34.7018681],[-59.4745834,-34.7022371],[-59.4754162,-34.7026278],[-59.476024,-34.7028849],[-59.4766596,-34.7031555],[-59.477006,-34.7033016],[-59.4773181,-34.7034229],[-59.477721,-34.7035791],[-59.4780123,-34.703684],[-59.4788743,-34.7039944],[-59.4805008,-34.7045705],[-59.4808835,-34.7047079],[-59.4815094,-34.7049325],[-59.4821589,-34.705185],[-59.4825456,-34.7053456],[-59.4869363,-34.7073544],[-59.4876403,-34.7076764],[-59.4893952,-34.7084767],[-59.4989407,-34.7127529],[-59.5024034,-34.7143223],[-59.5026724,-34.7144442],[-59.5086976,-34.7172099],[-59.5093771,-34.7174775],[-59.5100283,-34.7177335],[-59.5113591,-34.7181524],[-59.5162432,-34.7195953],[-59.5178297,-34.7200996],[-59.527485,-34.7238295],[-59.5354642,-34.7269005],[-59.5380552,-34.727899],[-59.5406584,-34.7289022],[-59.5473571,-34.7314837],[-59.5474316,-34.7315124],[-59.5531208,-34.7337445],[-59.5568397,-34.7351379],[-59.5570152,-34.7352044],[-59.5805584,-34.7442891],[-59.59729,-34.7507774],[-59.6189165,-34.7591115],[-59.6255472,-34.7616772],[-59.6273336,-34.7623597],[-59.6327329,-34.7644224],[-59.6339094,-34.7648718],[-59.6341346,-34.7649569],[-59.6435223,-34.7685667],[-59.6507997,-34.7713649],[-59.6630123,-34.7760605],[-59.6638817,-34.7763953],[-59.6668749,-34.7775481],[-59.6669299,-34.7775693],[-59.6692949,-34.7784802],[-59.6742555,-34.7803907],[-59.6747039,-34.7805634],[-59.6751416,-34.7807319],[-59.6756161,-34.7809147],[-59.6761577,-34.7811233],[-59.6765143,-34.7812606],[-59.6779871,-34.7818389],[-59.6801763,-34.7826738],[-59.6811355,-34.7829938],[-59.6817523,-34.7831533],[-59.6823389,-34.7832764],[-59.6885191,-34.7844419],[-59.690377,-34.7847897],[-59.6910339,-34.7849117],[-59.6917357,-34.7850924],[-59.6946705,-34.7861097],[-59.7007022,-34.7882701],[-59.7016623,-34.7886046],[-59.7021033,-34.7887583],[-59.7096721,-34.7913941],[-59.7175589,-34.7941524],[-59.7212484,-34.795481],[-59.7235827,-34.7962921],[-59.7244569,-34.7965958],[-59.7376976,-34.8011964],[-59.7693002,-34.8122595],[-59.7742501,-34.8139922],[-59.7774391,-34.8151126],[-59.7832009,-34.817137],[-59.7885989,-34.8186648],[-59.7955229,-34.8206003],[-59.7970552,-34.8210844],[-59.799092,-34.8217951],[-59.7995763,-34.82196],[-59.8202225,-34.829166],[-59.825853,-34.8311298],[-59.8279625,-34.831871],[-59.8337329,-34.833871],[-59.8376263,-34.8352283],[-59.8459818,-34.8381408],[-59.8477688,-34.8387649],[-59.8484674,-34.8390072],[-59.85536,-34.8414541],[-59.8576631,-34.8422405],[-59.8582343,-34.8424249],[-59.8586318,-34.8425753],[-59.8636183,-34.844322],[-59.8643885,-34.8445808],[-59.8793383,-34.8497833],[-59.8795435,-34.8498552],[-59.8911791,-34.8539689],[-59.9089196,-34.8601291],[-59.9128505,-34.861518],[-59.9242714,-34.8663492],[-59.9251797,-34.8667312],[-59.9259091,-34.8670916],[-59.926691,-34.8675853],[-59.9273824,-34.8680627],[-59.9279774,-34.8685956],[-59.9286687,-34.869313],[-59.9352112,-34.8770692],[-59.9427774,-34.8859324],[-59.943291,-34.8865151],[-59.9438602,-34.8871154],[-59.9448521,-34.8880225],[-59.9554941,-34.8963937],[-59.9558229,-34.8966581]]]},"geometry_name":"geom","properties":{"gid":1254,"rtn":"5","typ":40,"rst":1,"hct":1,"fdc":"Dirección Nacional de Vialidad","sag":"IGN"},"bbox":[-59.9558229,-34.8966581,-59.4592965,-34.6940353]},{"type":"Feature","id":"vial_nacional.1255","geometry":{"type":"MultiLineString","coordinates":[[[-59.4592965,-34.6940353],[-59.4590843,-34.6939766],[-59.4581935,-34.6936367],[-59.4562979,-34.6928751],[-59.4548065,-34.692226],[-59.4546517,-34.6921533],[-59.4544898,-34.6920637],[-59.4547265,-34.6921383],[-59.4554199,-34.6923901],[-59.4557176,-34.6925141],[-59.4563064,-34.6927847],[-59.4576971,-34.6933595],[-59.459094,-34.6939185],[-59.4592965,-34.6940353]]]},"geometry_name":"geom","properties":{"gid":1255,"rtn":"5","typ":40,"rst":1,"hct":1,"fdc":"Dirección Nacional de Vialidad","sag":"IGN"},"bbox":[-59.4592965,-34.6940353,-59.4544898,-34.6920637]},{"type":"Feature","id":"vial_nacional.1256","geometry":{"type":"MultiLineString","coordinates":[[[-59.4106404,-34.6682026],[-59.4112254,-34.6686973],[-59.4115799,-34.6689971],[-59.4120508,-34.6693953],[-59.412207,-34.6695111],[-59.4136715,-34.6705967],[-59.4160507,-34.6721034],[-59.4208717,-34.6751868],[-59.4236004,-34.6769203],[-59.4246957,-34.6775787],[-59.4253991,-34.6780015],[-59.4263771,-34.6785893],[-59.4276964,-34.6793223],[-59.4281672,-34.6795839],[-59.4319907,-34.681655],[-59.4325091,-34.6819319],[-59.4364347,-34.6840782],[-59.4404426,-34.6862517],[-59.4417644,-34.6868589],[-59.4431099,-34.6874103],[-59.4510961,-34.6906823],[-59.4511251,-34.6906942],[-59.4541552,-34.6919242],[-59.4544898,-34.6920637]]]},"geometry_name":"geom","properties":{"gid":1256,"rtn":"5","typ":40,"rst":1,"hct":1,"fdc":"Dirección Nacional de Vialidad","sag":"IGN"},"bbox":[-59.4544898,-34.6920637,-59.4106404,-34.6682026]},{"type":"Feature","id":"vial_nacional.2349","geometry":{"type":"MultiLineString","coordinates":[[[-60.69961817,-32.87122452],[-60.69958575,-32.87132597],[-60.69944145,-32.87198231],[-60.69934715,-32.87236639]]]},"geometry_name":"geom","properties":{"gid":2349,"rtn":"11","typ":40,"rst":1,"hct":1,"fdc":"Dirección Nacional de Vialidad","sag":"IGN"},"bbox":[-60.69961817,-32.87236639,-60.69934715,-32.87122452]},{"type":"Feature","id":"vial_nacional.1490","geometry":{"type":"MultiLineString","coordinates":[[[-59.66125949,-29.16530377],[-59.661185,-29.1652386],[-59.6607334,-29.164763],[-59.6603128,-29.1643279],[-59.6601657,-29.1641375],[-59.6597205,-29.1635164],[-59.6594673,-29.1631754],[-59.6593047,-29.1629055],[-59.6590131,-29.1622815],[-59.6588818,-29.1620001],[-59.6586162,-29.1612153],[-59.6585236,-29.1608834],[-59.6585266,-29.1611573],[-59.6585632,-29.1616728],[-59.6585567,-29.1621708],[-59.658555,-29.1624198],[-59.6585525,-29.1627981],[-59.6585517,-29.1631696],[-59.6585246,-29.1634925],[-59.6585164,-29.163554],[-59.6585021,-29.1637539],[-59.6585739,-29.1640083],[-59.6586406,-29.1641571],[-59.6587097,-29.164272],[-59.6588265,-29.164398],[-59.6589993,-29.1645371],[-59.6592758,-29.1646688],[-59.6594464,-29.1647238],[-59.659645,-29.1647681],[-59.6598671,-29.1647803],[-59.66027203,-29.16484963],[-59.66067559,-29.16498668],[-59.66125949,-29.16530377]]]},"geometry_name":"geom","properties":{"gid":1490,"rtn":"11","typ":40,"rst":1,"hct":1,"fdc":"Dirección Nacional de Vialidad","sag":"IGN"},"bbox":[-59.66125949,-29.16530377,-59.6585021,-29.1608834]},{"type":"Feature","id":"vial_nacional.1549","geometry":{"type":"MultiLineString","coordinates":[[[-60.73183481,-31.66345829],[-60.73185985,-31.66339943],[-60.73190398,-31.66329572],[-60.73215055,-31.66271621],[-60.73235147,-31.66224397],[-60.73268627,-31.6614999],[-60.73299739,-31.66094929],[-60.73312052,-31.66078115],[-60.7334286,-31.66036046],[-60.73387074,-31.65988084],[-60.73423675,-31.65954672],[-60.73465999,-31.65922859],[-60.73501626,-31.6589908],[-60.73542531,-31.65876744],[-60.73585555,-31.65855743],[-60.73714559,-31.65803718],[-60.73756895,-31.65783273],[-60.73788356,-31.6576361],[-60.73811734,-31.65746659],[-60.73833321,-31.65730436],[-60.73856832,-31.65709849],[-60.73878601,-31.65685388],[-60.73900808,-31.65658262],[-60.73925801,-31.65617376],[-60.73941337,-31.6558549],[-60.73953572,-31.65554864],[-60.73961697,-31.6552175],[-60.73987813,-31.65381648],[-60.74002918,-31.65302693],[-60.74012983,-31.65263179],[-60.74036728,-31.65194843],[-60.74110917,-31.65028096],[-60.74124008,-31.64993736],[-60.74138709,-31.64950199],[-60.7414861,-31.64907516],[-60.74167187,-31.64805579],[-60.74176516,-31.64745237],[-60.74182136,-31.64683965],[-60.74181935,-31.64631963],[-60.7418071,-31.64589983],[-60.74172309,-31.64516332],[-60.74141097,-31.64351427],[-60.74128712,-31.64310109],[-60.74098082,-31.64235947],[-60.74044869,-31.64147251],[-60.73987167,-31.64072138],[-60.73903518,-31.63974789],[-60.73852076,-31.63923255],[-60.73754212,-31.63840745],[-60.73660401,-31.63762543],[-60.73623056,-31.63725581],[-60.73567702,-31.63661312],[-60.73533364,-31.6361417],[-60.73500154,-31.63561073],[-60.73498388,-31.63558251],[-60.73451,-31.6347378],[-60.73208501,-31.63003551],[-60.73138909,-31.62868451],[-60.72882554,-31.62370778],[-60.72722116,-31.62058885],[-60.72708413,-31.62032496],[-60.72604591,-31.61832563],[-60.72559084,-31.61744928],[-60.72469948,-31.61573379],[-60.72447763,-31.61517747],[-60.72435316,-31.61477115],[-60.72425845,-31.61423782],[-60.72423613,-31.61390272],[-60.72431862,-31.61310994],[-60.72439569,-31.61278216],[-60.72462796,-31.61216111],[-60.72488615,-31.6115609],[-60.72528844,-31.61095745],[-60.72547197,-31.61071796],[-60.72574989,-31.61044053],[-60.72628985,-31.60997522],[-60.72715363,-31.60943833],[-60.72828257,-31.60874632],[-60.72941151,-31.60805431],[-60.73167149,-31.6066452],[-60.73373019,-31.6052426],[-60.73761214,-31.60235049],[-60.7462214,-31.59562382],[-60.74803175,-31.59423501],[-60.74878045,-31.593673],[-60.74934333,-31.59318664],[-60.74977445,-31.59273867],[-60.75019969,-31.59225425],[-60.75054845,-31.5918061],[-60.7509263,-31.59124031],[-60.75128649,-31.59055533],[-60.7515491,-31.58999063],[-60.75275199,-31.58679049],[-60.7530088,-31.58610922],[-60.7532002,-31.58557914],[-60.75328896,-31.58521631],[-60.75339157,-31.58482146],[-60.75346633,-31.58424413],[-60.75351708,-31.5837627],[-60.75352123,-31.5832377],[-60.75347183,-31.58239172],[-60.75320377,-31.57953233],[-60.75310566,-31.57850344],[-60.75305663,-31.57795114],[-60.75304632,-31.57744144],[-60.75305968,-31.57703453],[-60.75311719,-31.57641108],[-60.75320033,-31.57598324],[-60.7532909,-31.57555473],[-60.75341817,-31.57509972],[-60.75359802,-31.57458642],[-60.75381836,-31.57406097],[-60.75406798,-31.57359388],[-60.75480223,-31.57235368],[-60.75550415,-31.5712536],[-60.75606182,-31.57035941],[-60.75638952,-31.56977911],[-60.75661959,-31.56931262],[-60.75681377,-31.56880457],[-60.75696363,-31.56830685],[-60.75709922,-31.56775743],[-60.75723783,-31.56685043],[-60.75726858,-31.56631249],[-60.75725647,-31.56568577],[-60.75713869,-31.56475532],[-60.75697031,-31.56399896],[-60.75676691,-31.56343653],[-60.75629954,-31.56240308],[-60.75591673,-31.5617358],[-60.75556363,-31.56128658],[-60.75502743,-31.56065228],[-60.75461955,-31.56025341],[-60.75420719,-31.55987544],[-60.75317221,-31.55907573],[-60.75063721,-31.55723592],[-60.74920713,-31.55624779],[-60.7479479,-31.55531573],[-60.74744185,-31.5549386],[-60.74712022,-31.55467547],[-60.74676968,-31.55437136],[-60.74641303,-31.55400118],[-60.74609913,-31.55362753],[-60.74562926,-31.5530181],[-60.74536799,-31.55262538],[-60.74510032,-31.55216138],[-60.7448608,-31.55170538],[-60.74460884,-31.55105873],[-60.74442852,-31.55053421],[-60.74432164,-31.5501194],[-60.74421608,-31.54957112],[-60.7441408,-31.54892241],[-60.74411889,-31.54852406],[-60.74413259,-31.54807895],[-60.74415974,-31.54758984],[-60.7445013,-31.54521799],[-60.74557511,-31.53786662],[-60.74574137,-31.53669192],[-60.74606105,-31.53487992],[-60.74651132,-31.53172808],[-60.74673775,-31.52993409],[-60.74706797,-31.52757798],[-60.74721364,-31.52648261],[-60.74752117,-31.52383792],[-60.74764028,-31.52293555],[-60.74798256,-31.52104232],[-60.74965657,-31.51213443],[-60.74981666,-31.51135454],[-60.75009555,-31.50924511],[-60.75054233,-31.50556913],[-60.75072553,-31.50449338],[-60.75353279,-31.49067847],[-60.75369706,-31.48996369],[-60.75384759,-31.48938809],[-60.75447863,-31.48723562],[-60.75510902,-31.48434505],[-60.75521305,-31.48379401],[-60.75535405,-31.48312074]]]},"geometry_name":"geom","properties":{"gid":1549,"rtn":"11","typ":41,"rst":1,"hct":1,"fdc":"Dirección Nacional de Vialidad","sag":"IGN"},"bbox":[-60.75726858,-31.66345829,-60.72423613,-31.48312074]},{"type":"Feature","id":"vial_nacional.1585","geometry":{"type":"MultiLineString","coordinates":[[[-62.24597678,-38.77067756],[-62.24570876,-38.77071259],[-62.24558084,-38.77073695],[-62.24544139,-38.77076909],[-62.24534328,-38.77080091],[-62.24523363,-38.77084508],[-62.2451326,-38.7708879],[-62.24457119,-38.77127909],[-62.24425443,-38.77151666],[-62.24320671,-38.77234661],[-62.24286864,-38.7726192],[-62.24264782,-38.77279433],[-62.24254274,-38.77283545],[-62.24243462,-38.77286438],[-62.24229757,-38.77288266],[-62.24219706,-38.77287656],[-62.24210264,-38.77285068],[-62.24198843,-38.77281261],[-62.24188919,-38.77276087],[-62.24174781,-38.7726588],[-62.24153157,-38.77249585],[-62.24060263,-38.77178925],[-62.24018384,-38.77149229],[-62.23999044,-38.77136742],[-62.2397681,-38.77123493],[-62.23934018,-38.77101716],[-62.23920617,-38.77096538],[-62.23901734,-38.77090294],[-62.23884373,-38.77084355],[-62.23867774,-38.77079482],[-62.23834728,-38.77071411],[-62.2380754,-38.7706738],[-62.23780017,-38.77064754],[-62.23812951,-38.77071259],[-62.23830464,-38.77074457],[-62.23850261,-38.77079178],[-62.23868535,-38.77084203],[-62.23891683,-38.77090904],[-62.239095,-38.77097604],[-62.23927317,-38.77104305],[-62.23947115,-38.7711329],[-62.23959754,-38.77119686],[-62.23973003,-38.77126843],[-62.23988993,-38.7713598],[-62.24006506,-38.77147097],[-62.24035897,-38.77168874],[-62.24086304,-38.77208925],[-62.24148893,-38.77259331],[-62.24189553,-38.77292225],[-62.24203259,-38.77302124],[-62.24212548,-38.77307149],[-62.24221381,-38.77309586],[-62.24230975,-38.77310499],[-62.24240112,-38.77309586],[-62.24249706,-38.77306083],[-62.24258386,-38.77299839],[-62.24269808,-38.77288418],[-62.24306052,-38.7725857],[-62.24343971,-38.77229636],[-62.24414479,-38.77175422],[-62.24489099,-38.77122122],[-62.24518185,-38.77097756],[-62.24526713,-38.77091208],[-62.24537678,-38.77085574],[-62.24550013,-38.77081157],[-62.24564023,-38.77077655],[-62.24597678,-38.77067756]]]},"geometry_name":"geom","properties":{"gid":1585,"rtn":"3","typ":40,"rst":1,"hct":1,"fdc":"Dirección Nacional de Vialidad","sag":"IGN"},"bbox":[-62.24597678,-38.77310499,-62.23780017,-38.77064754]},{"type":"Feature","id":"vial_nacional.1580","geometry":{"type":"MultiLineString","coordinates":[[[-68.92881588,-49.98008132],[-68.92864408,-49.97982465],[-68.92816581,-49.97912985],[-68.92762091,-49.97835176],[-68.92753525,-49.97820899],[-68.92736155,-49.97799008],[-68.92714264,-49.97767837],[-68.92687376,-49.9772929],[-68.92646687,-49.97672421],[-68.92616706,-49.97630305],[-68.92606712,-49.97618407],[-68.92596005,-49.97606034],[-68.92581728,-49.9759604],[-68.92557219,-49.97576767],[-68.92542705,-49.97564393],[-68.92527714,-49.97546548],[-68.92511296,-49.97525037],[-68.9252847,-49.9758371],[-68.92535804,-49.97610317],[-68.92541277,-49.97628163],[-68.92549843,-49.97646247],[-68.92574589,-49.97681939],[-68.92593387,-49.97708827],[-68.92643832,-49.97779021],[-68.92672385,-49.97819234],[-68.92704746,-49.97866347],[-68.92734727,-49.97908464],[-68.92763519,-49.97947725],[-68.92811108,-49.98017205],[-68.92821876,-49.98032088]]]},"geometry_name":"geom","properties":{"gid":1580,"rtn":"3","typ":40,"rst":1,"hct":1,"fdc":"Dirección Nacional de Vialidad","sag":"IGN"},"bbox":[-68.92881588,-49.98032088,-68.92511296,-49.97525037]},{"type":"Feature","id":"vial_nacional.1735","geometry":{"type":"MultiLineString","coordinates":[[[-58.34748228,-26.39855837],[-58.34742091,-26.39856194],[-58.34736037,-26.39857262],[-58.34730148,-26.39859025],[-58.34724503,-26.3986146],[-58.34719179,-26.39864533],[-58.34714248,-26.39868204],[-58.34708895,-26.39873381],[-58.34705825,-26.39877132],[-58.34702447,-26.39882268],[-58.34699688,-26.39887762],[-58.34697586,-26.39893539],[-58.34696168,-26.3989952],[-58.34695454,-26.39905626],[-58.34695454,-26.39911774],[-58.34696168,-26.39917879],[-58.34697586,-26.39923861],[-58.34699688,-26.39929638],[-58.34702447,-26.39935131],[-58.34705825,-26.39940267],[-58.34709777,-26.39944977],[-58.34714248,-26.39949195],[-58.34719179,-26.39952866],[-58.34724503,-26.3995594],[-58.34730148,-26.39958375],[-58.34736037,-26.39960138],[-58.34742091,-26.39961205],[-58.34748228,-26.39961563],[-58.34754365,-26.39961205],[-58.34760419,-26.39960138],[-58.34766308,-26.39958375],[-58.34771953,-26.3995594],[-58.34777276,-26.39952866],[-58.34782207,-26.39949195],[-58.34785787,-26.3994595],[-58.34787698,-26.39943865],[-58.3479063,-26.39940267],[-58.34794008,-26.39935131],[-58.34796767,-26.39929638],[-58.34798976,-26.39923501],[-58.34800288,-26.39917879],[-58.34801001,-26.39911774],[-58.34801001,-26.39905626],[-58.34800288,-26.3989952],[-58.3479887,-26.39893539],[-58.34796767,-26.39887762],[-58.34794008,-26.39882268],[-58.3479063,-26.39877132],[-58.34786679,-26.39872423],[-58.34782207,-26.39868204],[-58.34777276,-26.39864533],[-58.34771953,-26.3986146],[-58.34766308,-26.39859025],[-58.34760419,-26.39857262],[-58.34754365,-26.39856194],[-58.34748228,-26.39855837]]]},"geometry_name":"geom","properties":{"gid":1735,"rtn":"11","typ":47,"rst":1,"hct":1,"fdc":"Dirección Nacional de Vialidad","sag":"IGN"},"bbox":[-58.34801001,-26.39961563,-58.34695454,-26.39855837]},{"type":"Feature","id":"vial_nacional.1733","geometry":{"type":"MultiLineString","coordinates":[[[-58.1933114,-26.1412121],[-58.1937392,-26.1407811],[-58.1942019,-26.1403416],[-58.1945626,-26.1400202],[-58.194961,-26.1396867],[-58.1953982,-26.1393231],[-58.1960446,-26.1388343],[-58.1977692,-26.1375581],[-58.2006593,-26.1353813],[-58.2011324,-26.1350298],[-58.2042371,-26.1327235],[-58.2043353,-26.1326506],[-58.2050335,-26.1321281],[-58.2066957,-26.1308841],[-58.2080273,-26.1298874],[-58.2101919,-26.1282752],[-58.2102619,-26.1282228],[-58.2114431,-26.1273372],[-58.2118279,-26.1270504],[-58.2134964,-26.1258068],[-58.2161571,-26.1238367],[-58.2174784,-26.1228487],[-58.2180798,-26.1223998],[-58.218401,-26.12216],[-58.2192564,-26.1215214],[-58.2194683,-26.1213613],[-58.2211031,-26.1201475],[-58.2227942,-26.118894],[-58.2228975,-26.1188097],[-58.2247737,-26.1174141],[-58.2252615,-26.1170526],[-58.2256025,-26.1167999],[-58.2260732,-26.1164509],[-58.2266177,-26.1160473],[-58.2286455,-26.1145325],[-58.2295281,-26.1138798]]]},"geometry_name":"geom","properties":{"gid":1733,"rtn":"11","typ":40,"rst":1,"hct":1,"fdc":"Dirección Nacional de Vialidad","sag":"IGN"},"bbox":[-58.2295281,-26.1412121,-58.1933114,-26.1138798]},{"type":"Feature","id":"vial_nacional.1734","geometry":{"type":"MultiLineString","coordinates":[[[-58.23140497,-26.21342286],[-58.2312714,-26.2132122],[-58.2311069,-26.2129592],[-58.2309811,-26.2127658],[-58.229316,-26.2102054],[-58.2269879,-26.206639],[-58.2263857,-26.2056969],[-58.2255086,-26.2043324],[-58.2246577,-26.2030166],[-58.2243539,-26.2025708],[-58.2240871,-26.2022615],[-58.223615,-26.2018536],[-58.2232127,-26.2015564],[-58.2226497,-26.2012299],[-58.2221564,-26.2009973],[-58.2215887,-26.2007599],[-58.2211022,-26.2005514],[-58.2207544,-26.2004024],[-58.2203741,-26.2002466],[-58.2200436,-26.2001112],[-58.2192736,-26.1998357],[-58.2189225,-26.199725],[-58.2176377,-26.199305],[-58.2173024,-26.1991967],[-58.2168232,-26.1990537],[-58.216369,-26.1988995],[-58.2156099,-26.1986516],[-58.21433115,-26.19820567]]]},"geometry_name":"geom","properties":{"gid":1734,"rtn":"11","typ":40,"rst":1,"hct":1,"fdc":"Dirección Nacional de Vialidad","sag":"IGN"},"bbox":[-58.23140497,-26.21342286,-58.21433115,-26.19820567]},{"type":"Feature","id":"vial_nacional.1708","geometry":{"type":"MultiLineString","coordinates":[[[-63.7928814,-22.5166611],[-63.7928635,-22.5170242],[-63.7927762,-22.5187978],[-63.7928625,-22.5200172],[-63.7929796,-22.5212967],[-63.7929845,-22.5213499],[-63.7930992,-22.5226627],[-63.7932219,-22.5239156],[-63.793269,-22.5246357],[-63.7933387,-22.525703],[-63.7934507,-22.526913],[-63.7937426,-22.5300619],[-63.7939636,-22.5324993],[-63.7940158,-22.5327708],[-63.7940882,-22.5330685],[-63.7941816,-22.5333683],[-63.7942937,-22.5336616],[-63.7944244,-22.5339463],[-63.7945902,-22.5342137],[-63.7947655,-22.5344684],[-63.7949428,-22.5346903],[-63.7951343,-22.5349017],[-63.7951997,-22.534975],[-63.7955055,-22.5352813],[-63.7958931,-22.5355767],[-63.7961645,-22.5357588],[-63.7964652,-22.5359197],[-63.7967758,-22.5360598],[-63.7970023,-22.5361483],[-63.7972358,-22.5362367],[-63.7974802,-22.5363078],[-63.7977197,-22.5363774],[-63.7979623,-22.5364411],[-63.8000448,-22.5369721],[-63.8003647,-22.5370627],[-63.8004114,-22.5370756],[-63.8004908,-22.5370972],[-63.801364,-22.5373258],[-63.8016116,-22.5374078],[-63.8018497,-22.5374962],[-63.8020225,-22.5375738],[-63.8021769,-22.5376619],[-63.8024031,-22.5378024],[-63.8025923,-22.5379512]]]},"geometry_name":"geom","properties":{"gid":1708,"rtn":"34","typ":40,"rst":1,"hct":1,"fdc":"Dirección Nacional de Vialidad","sag":"IGN"},"bbox":[-63.8025923,-22.5379512,-63.7927762,-22.5166611]},{"type":"Feature","id":"vial_nacional.1709","geometry":{"type":"MultiLineString","coordinates":[[[-64.97566164,-24.37241175],[-64.9755771,-24.3721667],[-64.9753934,-24.3717093],[-64.9751617,-24.371302],[-64.9749462,-24.371002],[-64.9748445,-24.370865],[-64.9744909,-24.3704651],[-64.9740813,-24.3701175],[-64.9734742,-24.3695687],[-64.9732603,-24.3693672],[-64.9730346,-24.3691273],[-64.9725963,-24.3684754],[-64.9736278,-24.3703716],[-64.9739525,-24.3709671],[-64.9740114,-24.3710713],[-64.977313,-24.3769235]]]},"geometry_name":"geom","properties":{"gid":1709,"rtn":"34","typ":40,"rst":1,"hct":1,"fdc":"Dirección Nacional de Vialidad","sag":"IGN"},"bbox":[-64.977313,-24.3769235,-64.9725963,-24.3684754]},{"type":"Feature","id":"vial_nacional.1714","geometry":{"type":"MultiLineString","coordinates":[[[-63.7414334,-28.0097791],[-63.7423292,-28.0091438],[-63.7431681,-28.0085682],[-63.7439952,-28.007983],[-63.7444004,-28.0077085],[-63.7448061,-28.0074263],[-63.7456201,-28.0068674],[-63.7464471,-28.0062995],[-63.7465194,-28.0062499],[-63.7470987,-28.0058424],[-63.747517,-28.0055943],[-63.7479571,-28.0053593],[-63.7483969,-28.0050988],[-63.7489031,-28.0047676],[-63.7503742,-28.0037499],[-63.7516451,-28.0028633],[-63.7529084,-28.001987],[-63.7554324,-28.0002346],[-63.7604722,-27.9967248],[-63.770554,-27.9897131],[-63.7716222,-27.9889659],[-63.7726414,-27.9882671],[-63.7733442,-27.9878124],[-63.7739772,-27.9874476],[-63.7746441,-27.9870788],[-63.7772065,-27.9856949],[-63.7797316,-27.9843238],[-63.7819272,-27.9831179],[-63.7840837,-27.981962],[-63.7883538,-27.9796312],[-63.7968189,-27.9750169],[-63.8136417,-27.9659014],[-63.8410378,-27.9510041],[-63.8709769,-27.9347204],[-63.8716096,-27.934363],[-63.872274,-27.9340021],[-63.8725135,-27.9338583],[-63.8727176,-27.9337058],[-63.8731626,-27.9333914],[-63.8735987,-27.9330375],[-63.8739297,-27.9327303],[-63.8742518,-27.9323988],[-63.8747638,-27.9318251],[-63.8766004,-27.9293345],[-63.8773684,-27.9282807],[-63.8775376,-27.9280496],[-63.8803234,-27.9242389],[-63.8829369,-27.9206592],[-63.8854756,-27.9171868],[-63.8861314,-27.9163186],[-63.8867006,-27.9156824],[-63.8874377,-27.9150262],[-63.8880137,-27.9145745],[-63.888588,-27.9142069],[-63.889178,-27.9138638],[-63.8901304,-27.9133426],[-63.8911144,-27.9128178],[-63.8919822,-27.9123378],[-63.8936508,-27.9114355],[-63.8942446,-27.9111066],[-63.8981273,-27.9089762],[-63.898817,-27.9086121],[-63.9002863,-27.907816],[-63.9013445,-27.9072338],[-63.9023906,-27.9066649],[-63.9044401,-27.9055534],[-63.9050178,-27.9052342],[-63.9058534,-27.9047803],[-63.9084971,-27.9033444],[-63.9091516,-27.9029889],[-63.914517,-27.9000746],[-63.9147667,-27.899939],[-63.9153046,-27.8996468],[-63.9161474,-27.8991858],[-63.9231665,-27.8953483],[-63.9318147,-27.89062],[-63.933398,-27.8897543],[-63.9335278,-27.8896825],[-63.933614,-27.8896316],[-63.940381,-27.8859454],[-63.9491211,-27.8811773],[-63.9576017,-27.8765507],[-63.9646328,-27.8727146],[-63.9662557,-27.8718292],[-63.9682111,-27.8707842],[-63.9700888,-27.8697612],[-63.9717379,-27.8688621],[-63.9723035,-27.8685538],[-63.9732163,-27.8680387],[-63.9741979,-27.8674848],[-63.9748763,-27.8671232],[-63.9755287,-27.8667755],[-63.9783221,-27.8653575],[-63.9830426,-27.862961],[-63.9936628,-27.8575694],[-64.0153083,-27.8465796],[-64.0353647,-27.8352744],[-64.0497482,-27.8271757],[-64.0561576,-27.8235667],[-64.0572816,-27.8229338],[-64.0593286,-27.8217812],[-64.0598694,-27.8214766],[-64.0603691,-27.8211952],[-64.060704,-27.8210066],[-64.061707,-27.8204418],[-64.0687496,-27.8164761],[-64.0698124,-27.8158776],[-64.0782962,-27.8121817],[-64.0795843,-27.8115293],[-64.1036717,-27.7982921],[-64.1148128,-27.7921862],[-64.1159028,-27.7915837],[-64.1460065,-27.7749427],[-64.169329,-27.7620404],[-64.1739631,-27.7594766],[-64.1787317,-27.7568382],[-64.1852053,-27.7532565]]]},"geometry_name":"geom","properties":{"gid":1714,"rtn":"34","typ":40,"rst":1,"hct":1,"fdc":"Dirección Nacional de Vialidad","sag":"IGN"},"bbox":[-64.1852053,-28.0097791,-63.7414334,-27.7532565]},{"type":"Feature","id":"vial_nacional.1736","geometry":{"type":"MultiLineString","coordinates":[[[-60.2117141,-29.4846265],[-60.2115032,-29.4834026],[-60.2110178,-29.4807308],[-60.2109076,-29.4802374],[-60.2107934,-29.4798087],[-60.2106669,-29.4794472],[-60.2104491,-29.4789289],[-60.2101948,-29.478433],[-60.2098489,-29.4779023],[-60.2095022,-29.477456],[-60.2092418,-29.4771571],[-60.2088579,-29.4767687],[-60.2081332,-29.4761481],[-60.2061584,-29.4747361],[-60.2057038,-29.4743853],[-60.2050687,-29.473843],[-60.2023097,-29.4714075],[-60.2015108,-29.4706805],[-60.2010764,-29.4703024],[-60.1997534,-29.4691508],[-60.1981607,-29.4677209],[-60.1977087,-29.4673151],[-60.1960334,-29.465811],[-60.1950621,-29.464939],[-60.1942142,-29.4641777],[-60.1929204,-29.4630947],[-60.1919558,-29.4623712],[-60.1915522,-29.4621136],[-60.191203,-29.4619232],[-60.1908063,-29.4617389],[-60.1852593,-29.4594465],[-60.1834687,-29.4587237],[-60.1823372,-29.4582392],[-60.1727249,-29.4542643],[-60.1319533,-29.437446],[-60.1315568,-29.4372731],[-60.1276329,-29.435625],[-60.1250635,-29.4345853],[-60.124578,-29.4343523],[-60.1240713,-29.434072],[-60.1235344,-29.4337096],[-60.1230062,-29.4332915],[-60.1224903,-29.4328366],[-60.1219712,-29.4323521],[-60.1068024,-29.4183033],[-60.104398,-29.41605],[-60.0974102,-29.4096163],[-60.096769,-29.4090612],[-60.0960154,-29.4084761],[-60.0903964,-29.4047047],[-60.0817818,-29.3988629],[-60.0804846,-29.3979832],[-60.0775862,-29.3960176],[-60.0767142,-29.3954602],[-60.0761314,-29.3951442],[-60.0756139,-29.3948993],[-60.0750964,-29.3946791],[-60.0744729,-29.394459],[-60.073662,-29.394246],[-60.0472025,-29.388869],[-60.0458045,-29.3885478],[-60.0446028,-29.3881738],[-60.039558,-29.3863201],[-60.0184068,-29.3783085],[-60.0179232,-29.3781253],[-59.9954005,-29.3696175],[-59.992727,-29.3686075],[-59.9838762,-29.365264],[-59.9830569,-29.3649501],[-59.9770834,-29.3625206],[-59.9722745,-29.3604384],[-59.9703509,-29.3595478],[-59.9697898,-29.3592789],[-59.9680394,-29.35844],[-59.9664872,-29.357696],[-59.9631809,-29.3562187],[-59.9623373,-29.3558417],[-59.9605253,-29.3550321],[-59.9542826,-29.3522811],[-59.9503459,-29.3505463],[-59.9499263,-29.3503627],[-59.944566,-29.347959],[-59.9417302,-29.3464283],[-59.9398946,-29.3454193],[-59.9310107,-29.3405359],[-59.9264923,-29.3380521],[-59.9111934,-29.3296166],[-59.8939271,-29.3200027],[-59.8929483,-29.3194355],[-59.8879562,-29.3154655],[-59.8839393,-29.312271],[-59.881055,-29.3099599],[-59.8791012,-29.3083943],[-59.8711583,-29.3020092],[-59.8516551,-29.2862696],[-59.8510161,-29.2857822],[-59.8504361,-29.2853785],[-59.8498501,-29.2850074],[-59.8491987,-29.28462],[-59.8483192,-29.2841669],[-59.8475215,-29.2838189],[-59.8467796,-29.2835325],[-59.8460447,-29.2832964],[-59.8450587,-29.2830255],[-59.8440343,-29.2827969],[-59.8431553,-29.2826672],[-59.842493,-29.2825967],[-59.8395894,-29.2824304],[-59.8204336,-29.2812407],[-59.8179197,-29.281081],[-59.8170806,-29.2810403],[-59.807351,-29.2804595],[-59.8011071,-29.2801272],[-59.7896656,-29.2794031],[-59.7885761,-29.279318],[-59.7875291,-29.279104],[-59.7864865,-29.2788815],[-59.7857012,-29.2787036],[-59.7761674,-29.2766449],[-59.7751159,-29.2764016],[-59.7740556,-29.276128],[-59.7613462,-29.2717916],[-59.7608131,-29.2716669],[-59.7583473,-29.2706453],[-59.7573827,-29.2702008],[-59.7567389,-29.2698451],[-59.7561548,-29.2694111],[-59.755318,-29.2686998],[-59.7546406,-29.2680055],[-59.7503899,-29.2630205],[-59.7476539,-29.2598118],[-59.7450308,-29.2567353],[-59.7434456,-29.2548761],[-59.7422664,-29.2534663],[-59.7408114,-29.2517268],[-59.7378705,-29.2482107],[-59.7338254,-29.2433744],[-59.7332879,-29.2427317],[-59.7328657,-29.242234],[-59.7325815,-29.2418989],[-59.7278878,-29.2363734],[-59.7246579,-29.2325255],[-59.7242089,-29.2320161],[-59.7229152,-29.2304151],[-59.7219151,-29.2293004],[-59.7192003,-29.2260188],[-59.7174546,-29.2240339],[-59.7163664,-29.222765],[-59.7151003,-29.221254],[-59.7116533,-29.2171378],[-59.7085323,-29.2134492],[-59.7078264,-29.2125977],[-59.7063262,-29.2108508],[-59.7051108,-29.2093829],[-59.7014566,-29.2050567],[-59.7002445,-29.2036377],[-59.6978109,-29.2007369],[-59.6896482,-29.1910606],[-59.689144,-29.1904691],[-59.6886337,-29.1899226],[-59.6879146,-29.189287],[-59.686664,-29.1881571],[-59.6864907,-29.1879878],[-59.6859133,-29.1874801],[-59.6853005,-29.1868613],[-59.6850068,-29.1866191],[-59.6836193,-29.1853603],[-59.6810728,-29.1830865],[-59.6806937,-29.182787],[-59.6806416,-29.182731],[-59.6782076,-29.1805192],[-59.6729715,-29.1757926],[-59.6725805,-29.1754396],[-59.6672622,-29.1706299],[-59.6660037,-29.1695634],[-59.6657652,-29.1692854],[-59.6651586,-29.1687407],[-59.6644498,-29.1681042],[-59.6633758,-29.1671396],[-59.6621221,-29.1660543],[-59.6616519,-29.1656471],[-59.66125949,-29.16530377]]]},"geometry_name":"geom","properties":{"gid":1736,"rtn":"11","typ":40,"rst":1,"hct":1,"fdc":"Dirección Nacional de Vialidad","sag":"IGN"},"bbox":[-60.2117141,-29.4846265,-59.66125949,-29.16530377]},{"type":"Feature","id":"vial_nacional.1737","geometry":{"type":"MultiLineString","coordinates":[[[-60.74283114,-31.43672416],[-60.74253799,-31.43659853],[-60.74242378,-31.43648051],[-60.74227911,-31.4362635],[-60.74222581,-31.43611502],[-60.74216279,-31.43589272],[-60.74204087,-31.43651731],[-60.74203926,-31.4365871],[-60.74208114,-31.43660995],[-60.74219154,-31.4366366],[-60.74244662,-31.43667848],[-60.74283114,-31.43672416]]]},"geometry_name":"geom","properties":{"gid":1737,"rtn":"11","typ":40,"rst":1,"hct":1,"fdc":"Dirección Nacional de Vialidad","sag":"IGN"},"bbox":[-60.74283114,-31.43672416,-60.74203926,-31.43589272]},{"type":"Feature","id":"vial_nacional.1738","geometry":{"type":"MultiLineString","coordinates":[[[-60.74283114,-31.43672416],[-60.74358115,-31.43684599],[-60.74825906,-31.43760372],[-60.74877292,-31.43770447],[-60.74920979,-31.4378392],[-60.74956647,-31.43796649],[-60.75011057,-31.43822769],[-60.75095383,-31.43868937],[-60.75250986,-31.43956832],[-60.75725939,-31.44214897],[-60.75772644,-31.44242704],[-60.7581759,-31.44273391],[-60.7585215,-31.44301279],[-60.75882173,-31.44325954],[-60.75910709,-31.44351315],[-60.75943018,-31.44385395],[-60.75977346,-31.44427437],[-60.76017593,-31.44481155],[-60.76042271,-31.44524714],[-60.76065752,-31.44573257],[-60.76084725,-31.44623623],[-60.76095394,-31.4465761],[-60.76104808,-31.44699857],[-60.76112348,-31.44744023],[-60.76118134,-31.44789167],[-60.76119329,-31.44818981],[-60.7611583,-31.44877042],[-60.76108964,-31.44928946],[-60.76101486,-31.44975498],[-60.76066197,-31.45141682],[-60.76047332,-31.45239213],[-60.76040358,-31.45289529],[-60.76035234,-31.45338348],[-60.76029883,-31.45433949],[-60.76028213,-31.45518742],[-60.76023052,-31.45622698],[-60.76016544,-31.45716948],[-60.76002483,-31.45828735],[-60.75986828,-31.45912783],[-60.7594727,-31.46107425],[-60.75912321,-31.4629657],[-60.75769773,-31.47010984],[-60.75749119,-31.47114498],[-60.75726251,-31.47229111],[-60.75653533,-31.47639848],[-60.75626965,-31.47772853],[-60.75622307,-31.47772646],[-60.75570733,-31.48048132],[-60.7555901,-31.48127627],[-60.75537397,-31.48302559],[-60.75535405,-31.48312074]]]},"geometry_name":"geom","properties":{"gid":1738,"rtn":"11","typ":41,"rst":1,"hct":1,"fdc":"Dirección Nacional de Vialidad","sag":"IGN"},"bbox":[-60.76119329,-31.48312074,-60.74283114,-31.43672416]},{"type":"Feature","id":"vial_nacional.1748","geometry":{"type":"MultiLineString","coordinates":[[[-62.2700311,-38.7647489],[-62.269986,-38.7647974],[-62.2699042,-38.764866],[-62.2691206,-38.765483],[-62.2690113,-38.7655924],[-62.2691588,-38.7655129],[-62.2694526,-38.7652951],[-62.269556,-38.7652135],[-62.26979163,-38.76504351],[-62.26994963,-38.7649331],[-62.2700448,-38.76487409],[-62.27015331,-38.76482079],[-62.27023707,-38.76478462],[-62.2703094,-38.76473513],[-62.27036841,-38.76467612],[-62.27043884,-38.76458856],[-62.2705207,-38.7645048],[-62.27057438,-38.76444775],[-62.2709156,-38.7641659],[-62.2712724,-38.763888],[-62.2713184,-38.763829],[-62.2712213,-38.763871],[-62.2708449,-38.764146],[-62.27036261,-38.76451668],[-62.27027894,-38.76454668],[-62.27021803,-38.76456952],[-62.27016473,-38.76459617],[-62.27010953,-38.76463995],[-62.27006765,-38.76468754],[-62.2700311,-38.7647489]]]},"geometry_name":"geom","properties":{"gid":1748,"rtn":"3","typ":40,"rst":1,"hct":1,"fdc":"Dirección Nacional de Vialidad","sag":"IGN"},"bbox":[-62.2713184,-38.7655924,-62.2690113,-38.763829]},{"type":"Feature","id":"vial_nacional.1749","geometry":{"type":"MultiLineString","coordinates":[[[-67.7579132,-53.85313468],[-67.7607792,-53.8515823],[-67.7626129,-53.8506087],[-67.7730389,-53.845129],[-67.7848053,-53.8388406],[-67.7874852,-53.8375084],[-67.7888258,-53.8369254],[-67.7900409,-53.8363969],[-67.7916203,-53.8357885],[-67.793057,-53.8352307],[-67.7950138,-53.8343772],[-67.7962154,-53.8337694],[-67.7965494,-53.8335815],[-67.8038692,-53.8294626],[-67.8056182,-53.8284581],[-67.8062151,-53.8280616],[-67.8067253,-53.827652],[-67.807009,-53.8272764],[-67.8072419,-53.8269168],[-67.8073309,-53.8264911],[-67.8073926,-53.8261135],[-67.8073094,-53.8256299],[-67.8071131,-53.82515],[-67.8069425,-53.824891],[-67.8064829,-53.8243916],[-67.8057641,-53.823866],[-67.8022582,-53.8220374],[-67.7989001,-53.8203274],[-67.7921195,-53.8168502],[-67.7839846,-53.8126559],[-67.7804529,-53.8108349]]]},"geometry_name":"geom","properties":{"gid":1749,"rtn":"3","typ":40,"rst":1,"hct":1,"fdc":"Dirección Nacional de Vialidad","sag":"IGN"},"bbox":[-67.8073926,-53.85313468,-67.7579132,-53.8108349]},{"type":"Feature","id":"vial_nacional.1750","geometry":{"type":"MultiLineString","coordinates":[[[-67.2060479,-54.2323512],[-67.2070789,-54.2304568],[-67.2074116,-54.2296832],[-67.2076153,-54.2290395],[-67.207735,-54.2280352],[-67.2080768,-54.2247913],[-67.2082699,-54.223587],[-67.2085059,-54.2222823],[-67.2086776,-54.2216551],[-67.2089243,-54.221099],[-67.2091711,-54.2207643],[-67.2094715,-54.2204382],[-67.209804,-54.2201204],[-67.2122717,-54.2186902],[-67.2128618,-54.218343],[-67.2132587,-54.2180001],[-67.2134841,-54.2177031],[-67.2137845,-54.2172891],[-67.2140205,-54.2168876],[-67.2141493,-54.2163481],[-67.2142887,-54.2157041],[-67.2145462,-54.214211],[-67.2157475,-54.206357],[-67.2158281,-54.2058294],[-67.2158795,-54.2054936],[-67.2159288,-54.2052504],[-67.2162413,-54.2037074],[-67.2164301,-54.2030856],[-67.2167519,-54.202458],[-67.2172025,-54.2018305],[-67.2387075,-54.1768276],[-67.238763,-54.1767633],[-67.23876784,-54.17675769],[-67.25117,-54.1623999],[-67.2516889,-54.161799],[-67.2551951,-54.157739],[-67.2598219,-54.1523808],[-67.2611522,-54.1507346],[-67.261543,-54.1501821],[-67.2618434,-54.1495914],[-67.2621393,-54.1488369],[-67.266581,-54.1305474],[-67.2668185,-54.1299856],[-67.2672677,-54.1294032],[-67.2677626,-54.128854],[-67.2683835,-54.1283722],[-67.2694148,-54.1277978],[-67.2705078,-54.1273663],[-67.2741931,-54.1261068],[-67.2749878,-54.1258328],[-67.2754455,-54.1256661],[-67.2763027,-54.1252579],[-67.2768807,-54.1248766],[-67.3067027,-54.1040824],[-67.308917,-54.102538],[-67.3107838,-54.1011415],[-67.3116666,-54.1002397],[-67.312245,-54.0995563],[-67.3126506,-54.0989144],[-67.312996,-54.0981974],[-67.31323,-54.0974297],[-67.3215556,-54.0533533],[-67.321678,-54.0529134],[-67.3218926,-54.0524599],[-67.3221993,-54.0520055],[-67.3224934,-54.0516663],[-67.3228796,-54.0512884],[-67.3234653,-54.0508466],[-67.3243387,-54.0504066],[-67.3253965,-54.0500277],[-67.3363523,-54.0464573],[-67.3365701,-54.0463916],[-67.3393513,-54.0454435],[-67.3401284,-54.0451303],[-67.3406434,-54.0448909],[-67.3412537,-54.0445097],[-67.3417377,-54.044072],[-67.3421669,-54.0436688],[-67.3425197,-54.0431742],[-67.3428106,-54.0424593],[-67.3430133,-54.0415237],[-67.3455308,-54.0290456],[-67.3463175,-54.0251454],[-67.3478462,-54.0175657],[-67.3479914,-54.0168457],[-67.3482621,-54.0160423],[-67.348541,-54.0154497],[-67.3489273,-54.0149328],[-67.349472,-54.0142863],[-67.3503864,-54.0135207],[-67.351489,-54.0127355],[-67.3623727,-54.0067348],[-67.367711,-54.0043121],[-67.3695564,-54.0036058],[-67.3708355,-54.0031679],[-67.3718226,-54.0029157],[-67.3732388,-54.0026382],[-67.3753285,-54.0022942],[-67.3837185,-54.0012096],[-67.3860573,-54.0008438],[-67.3875081,-54.0005446],[-67.3889327,-54.0001628],[-67.3970008,-53.9977789],[-67.3999619,-53.9969969],[-67.4142782,-53.9935977],[-67.4208402,-53.9920395],[-67.4231147,-53.9913457],[-67.4381351,-53.9863877],[-67.447555,-53.983246],[-67.4491838,-53.9826883],[-67.4503016,-53.9821988],[-67.4510506,-53.9818429],[-67.4517373,-53.9814644],[-67.4525547,-53.9809243],[-67.4534968,-53.9802026],[-67.4543786,-53.9793596],[-67.4559821,-53.9777196],[-67.4568462,-53.9768358],[-67.4783642,-53.9542307],[-67.4812865,-53.9511598],[-67.485279,-53.9469558],[-67.4862875,-53.9460592],[-67.4873161,-53.9453256],[-67.4883689,-53.9446952],[-67.4892836,-53.944231],[-67.4907507,-53.9436091],[-67.4919094,-53.9432428],[-67.4932393,-53.9429353],[-67.4946332,-53.9426229],[-67.4957693,-53.9424965],[-67.4959989,-53.942471],[-67.497424,-53.9423209],[-67.4989046,-53.9423082],[-67.500534,-53.9423955],[-67.5123357,-53.9432544],[-67.5137574,-53.9433526],[-67.5162345,-53.9435237],[-67.5215411,-53.943949],[-67.5231088,-53.943988],[-67.5244164,-53.9439869],[-67.5259627,-53.9439753],[-67.5273776,-53.9438985],[-67.5291599,-53.9436975],[-67.5305748,-53.9435448],[-67.5447368,-53.9414356],[-67.5465406,-53.9410705],[-67.5482358,-53.9406663],[-67.5497579,-53.9401726],[-67.551433,-53.9395169],[-67.5533414,-53.9387074],[-67.5561523,-53.9373938],[-67.5599718,-53.9355622],[-67.5648212,-53.9332378],[-67.5661959,-53.9326325],[-67.5676804,-53.9320067],[-67.5738123,-53.9297756],[-67.5766214,-53.9287535],[-67.5778065,-53.9283268],[-67.5822019,-53.9267441],[-67.5859597,-53.9253416],[-67.5897336,-53.9239896],[-67.5913508,-53.9233539],[-67.5925016,-53.9228398],[-67.5934107,-53.9223431],[-67.5941832,-53.9218376],[-67.5950415,-53.9211553],[-67.5957423,-53.920568],[-67.5963504,-53.9198158],[-67.596879,-53.9190362],[-67.5982523,-53.9166604],[-67.5983026,-53.9165752],[-67.5987322,-53.9158476],[-67.5992393,-53.9150806],[-67.5998051,-53.9143942],[-67.6004839,-53.9137157],[-67.6022434,-53.9121485],[-67.6054628,-53.9094182],[-67.6126074,-53.9033634],[-67.6129161,-53.9031116],[-67.6137232,-53.9024531],[-67.6145497,-53.9018693],[-67.6155116,-53.9012735],[-67.6163307,-53.9008453],[-67.6174354,-53.9002913],[-67.6193022,-53.8994189],[-67.6297706,-53.8949387],[-67.6380819,-53.8913189],[-67.6483327,-53.8868311],[-67.6560961,-53.883432],[-67.6597285,-53.8818415],[-67.662184,-53.880548],[-67.6697273,-53.8765741],[-67.6730537,-53.8749097],[-67.6767298,-53.8729481],[-67.6798343,-53.8712915],[-67.6809906,-53.8707974],[-67.6820659,-53.8703806],[-67.6836967,-53.8698872],[-67.6850917,-53.8695577],[-67.6868592,-53.8692852],[-67.689007,-53.8690804],[-67.6892263,-53.8690595],[-67.68922719,-53.86905943],[-67.7024936,-53.8680273],[-67.7039932,-53.8678875],[-67.7051948,-53.8677356],[-67.7068066,-53.8674074],[-67.709664,-53.8667395],[-67.7132021,-53.8659124],[-67.7476191,-53.8578662],[-67.7487782,-53.8575722],[-67.749658,-53.8572938],[-67.7506236,-53.8569268],[-67.7514815,-53.8565373],[-67.7526916,-53.8559022],[-67.7576849,-53.853253],[-67.757867,-53.8531597],[-67.7579132,-53.85313468]]]},"geometry_name":"geom","properties":{"gid":1750,"rtn":"3","typ":40,"rst":1,"hct":1,"fdc":"Dirección Nacional de Vialidad","sag":"IGN"},"bbox":[-67.7579132,-54.2323512,-67.2060479,-53.85313468]},{"type":"Feature","id":"vial_nacional.1751","geometry":{"type":"MultiLineString","coordinates":[[[-68.2253742,-54.7883748],[-68.2246028,-54.788079],[-68.2233944,-54.7876223],[-68.2228441,-54.7873879],[-68.2225368,-54.7872213],[-68.2222668,-54.7870385],[-68.2221241,-54.7869222],[-68.2219048,-54.7866506],[-68.2216611,-54.7862901],[-68.2208238,-54.7850193],[-68.2206906,-54.7848091],[-68.2206248,-54.7846704],[-68.2206059,-54.7845511],[-68.22061,-54.7844533],[-68.2206203,-54.7843462],[-68.2206482,-54.7842391],[-68.2207101,-54.7841165],[-68.2211964,-54.783433],[-68.2212857,-54.7832563],[-68.221324,-54.7831495],[-68.2213466,-54.7830866],[-68.2213603,-54.7829537],[-68.2213523,-54.7827391],[-68.2213066,-54.782584],[-68.2212827,-54.7825165],[-68.2212331,-54.7824112],[-68.2211692,-54.7823139],[-68.2210719,-54.7822005],[-68.2209572,-54.7820794],[-68.2207813,-54.7819566],[-68.2205346,-54.7818223],[-68.2202474,-54.7816977],[-68.2197921,-54.7815578],[-68.2179394,-54.7812806],[-68.2158161,-54.7810256],[-68.2152206,-54.7809481],[-68.2146483,-54.78086],[-68.2137768,-54.7807116],[-68.2132622,-54.780599],[-68.2129135,-54.7804999],[-68.2124437,-54.78034],[-68.2118817,-54.7800912],[-68.2108203,-54.779468],[-68.2098779,-54.7788225],[-68.2091246,-54.7783156],[-68.208095,-54.7777235],[-68.207675,-54.777527],[-68.2071892,-54.7772834],[-68.2053036,-54.7764237],[-68.2048302,-54.776197],[-68.2044145,-54.7759868],[-68.2042217,-54.7758714],[-68.2040299,-54.7757051],[-68.2039152,-54.7755281],[-68.2036286,-54.7748604],[-68.2035269,-54.7746554],[-68.203249,-54.7740948],[-68.2031621,-54.7739194],[-68.2025861,-54.7727577],[-68.2021289,-54.7719868],[-68.2019962,-54.7717712],[-68.2018217,-54.7715596],[-68.2014765,-54.7711892],[-68.2006706,-54.7703069],[-68.20005,-54.7697396],[-68.1997966,-54.7695148],[-68.1996707,-54.7694275],[-68.1995811,-54.769378],[-68.1993855,-54.7692796],[-68.1992673,-54.7692305],[-68.1991573,-54.7691848],[-68.1990252,-54.7691365],[-68.1986878,-54.7690321],[-68.1978204,-54.7688201],[-68.196564,-54.7685218],[-68.1951586,-54.7681668],[-68.1950002,-54.7681061],[-68.1948926,-54.7680523],[-68.1948053,-54.7679914],[-68.1946989,-54.767913],[-68.1946127,-54.7678229],[-68.1945201,-54.7677283],[-68.1944346,-54.7675912],[-68.1943936,-54.7674516],[-68.1943825,-54.7673371],[-68.1943884,-54.7672506],[-68.1944215,-54.767056],[-68.1944702,-54.7668383],[-68.1945819,-54.7664012],[-68.1947077,-54.7659385],[-68.1948185,-54.7656154],[-68.1948527,-54.7654383],[-68.1948598,-54.7653189],[-68.1948566,-54.7652019],[-68.1948304,-54.7651056],[-68.1947997,-54.7649668],[-68.1947429,-54.7648166],[-68.1946674,-54.7646744],[-68.1944329,-54.7644483],[-68.1942859,-54.7643021],[-68.1940233,-54.7640757],[-68.1939672,-54.7640228],[-68.1938241,-54.7638344],[-68.1935763,-54.7635153],[-68.1934261,-54.7632439],[-68.1932634,-54.7628561],[-68.193195,-54.7621484],[-68.1931233,-54.7614062],[-68.1931257,-54.7606069],[-68.1932735,-54.7597596],[-68.1942415,-54.7574248],[-68.1943917,-54.7569915],[-68.1944775,-54.7564962],[-68.1946492,-54.7548493],[-68.1947135,-54.7544035],[-68.1949496,-54.7538958],[-68.1959366,-54.7523108],[-68.196237,-54.7519269],[-68.196752,-54.7515554],[-68.1975865,-54.7511785],[-68.1981897,-54.7509238],[-68.1985521,-54.750584],[-68.1987047,-54.7502055],[-68.198698,-54.7498857],[-68.1983226,-54.7491451],[-68.1977196,-54.7481682],[-68.1970953,-54.7473323],[-68.1965565,-54.7467077],[-68.1956978,-54.7459416],[-68.1941919,-54.7446716],[-68.193748,-54.7442359],[-68.193397,-54.7437293],[-68.1925654,-54.7420134],[-68.1923317,-54.7417215],[-68.1919818,-54.7414263],[-68.1913662,-54.7409783],[-68.1905269,-54.7405022],[-68.187747,-54.7390413],[-68.1874013,-54.7387984],[-68.1870282,-54.7384833],[-68.1867653,-54.7382472],[-68.1858277,-54.7375292],[-68.1854867,-54.7372621],[-68.1851434,-54.7370267],[-68.1836669,-54.7361182],[-68.1830191,-54.735664],[-68.1823687,-54.7350652],[-68.1818068,-54.7345432],[-68.1810182,-54.7338106],[-68.1782745,-54.7312618],[-68.1776976,-54.7308817],[-68.1768608,-54.7304604],[-68.1763498,-54.7301899],[-68.1747191,-54.7287588],[-68.1717729,-54.7266635],[-68.1695066,-54.7252186],[-68.1690907,-54.7249534],[-68.1676125,-54.724302],[-68.1662131,-54.7237787],[-68.1623745,-54.7225741],[-68.1595485,-54.7217916],[-68.1572055,-54.7212783],[-68.1549501,-54.7208639],[-68.1519484,-54.7203736],[-68.1491565,-54.7200336],[-68.1484508,-54.7200266],[-68.1478326,-54.7200736],[-68.1426613,-54.7205817],[-68.1418781,-54.7206375],[-68.1298232,-54.7212357],[-68.127315,-54.7214518],[-68.1244373,-54.7217562],[-68.1234908,-54.7218723],[-68.1222957,-54.722019],[-68.1219837,-54.7220561],[-68.121623,-54.7221015],[-68.1208471,-54.7221967],[-68.1203888,-54.7222476],[-68.1199768,-54.722262],[-68.1196716,-54.7222519],[-68.1193843,-54.7222082],[-68.1191121,-54.7221325],[-68.1185629,-54.7219216],[-68.1167297,-54.7211146],[-68.1160712,-54.7209189],[-68.1154747,-54.7208167],[-68.114824,-54.7207963],[-68.1126423,-54.72076],[-68.1077613,-54.7206619],[-68.1071322,-54.7205542],[-68.1061221,-54.7201942],[-68.1056179,-54.7198517],[-68.1051571,-54.7194888],[-68.1038868,-54.7184522],[-68.1032238,-54.7181238],[-68.1022299,-54.7176315],[-68.1002545,-54.7168235],[-68.0997119,-54.7166986],[-68.0991658,-54.7166276],[-68.0979497,-54.7166601],[-68.0965689,-54.7167525],[-68.0951827,-54.7166883],[-68.0933744,-54.7165684],[-68.0916658,-54.7165374],[-68.0908155,-54.7165687],[-68.0899315,-54.7166527],[-68.0887047,-54.7168485],[-68.0860452,-54.7172354],[-68.0854015,-54.7172726],[-68.0848651,-54.7171982],[-68.0844617,-54.7171458],[-68.0838449,-54.7169556],[-68.0833834,-54.7168134],[-68.0822356,-54.7164054],[-68.0813033,-54.7161374],[-68.0804924,-54.715943],[-68.0796446,-54.7157865],[-68.0787968,-54.7156585],[-68.0776619,-54.7155436],[-68.0763936,-54.7154354],[-68.0755715,-54.7153799],[-68.0747247,-54.7153528],[-68.0730065,-54.7153129],[-68.0719856,-54.7152758],[-68.0712959,-54.7151631],[-68.0705995,-54.7149132],[-68.0701518,-54.7145607],[-68.0694413,-54.7138116],[-68.0689716,-54.7134451],[-68.0684533,-54.713201],[-68.0677239,-54.7129601],[-68.0670065,-54.7128254],[-68.065958,-54.7127898],[-68.0650324,-54.712875],[-68.0635591,-54.7130697],[-68.0628534,-54.7131213],[-68.0621079,-54.713072],[-68.0614197,-54.7128953],[-68.0604876,-54.7126904],[-68.0600199,-54.7126711],[-68.0593859,-54.71273],[-68.0587827,-54.7128294],[-68.0574143,-54.7132696],[-68.0560946,-54.7136629],[-68.0552183,-54.7139418],[-68.0544404,-54.7141068],[-68.0535695,-54.7141923],[-68.0522879,-54.7143],[-68.0514881,-54.7144274],[-68.0504322,-54.7146945],[-68.0495633,-54.7148375],[-68.0484581,-54.7149078],[-68.0463684,-54.7150181],[-68.0453658,-54.7150883],[-68.0406665,-54.7151875],[-68.0402398,-54.71523],[-68.039701,-54.7153486],[-68.0392098,-54.7155027],[-68.0374288,-54.716296],[-68.036375,-54.7165013],[-68.0356907,-54.7165315],[-68.0350017,-54.7164393],[-68.0327916,-54.7160303],[-68.032279,-54.7160233],[-68.0317616,-54.7160923],[-68.0310773,-54.7163208],[-68.0305171,-54.7166376],[-68.0298733,-54.717059],[-68.029468,-54.7172627],[-68.0289721,-54.7173689],[-68.027012,-54.7175918],[-68.0261156,-54.7177332],[-68.0257535,-54.7177903],[-68.024919,-54.7180931],[-68.0242323,-54.7184278],[-68.0231595,-54.7192829],[-68.0224275,-54.7197609],[-68.0176686,-54.7225523],[-68.0175725,-54.7226087],[-68.0174425,-54.7226894],[-68.0171489,-54.7228715],[-68.0166947,-54.7231133],[-68.016169,-54.7233426],[-68.0150461,-54.7238133],[-68.0133366,-54.72443],[-68.0115411,-54.7250409],[-68.0104112,-54.7254367],[-68.0082678,-54.7259997],[-68.0061197,-54.7264528],[-68.0037593,-54.7268245],[-68.0021929,-54.7270104],[-68.0004334,-54.7273698],[-67.9986524,-54.7277787],[-67.9963135,-54.7282743],[-67.9933434,-54.7287391],[-67.9913377,-54.728986],[-67.989254,-54.7291293],[-67.9867029,-54.7292338],[-67.9836535,-54.7293275],[-67.9817891,-54.7293577],[-67.9802847,-54.7293027],[-67.9788923,-54.7292214],[-67.9778409,-54.7291842],[-67.9765319,-54.7291966],[-67.9736113,-54.7293027],[-67.9720044,-54.7292957],[-67.9702639,-54.7292408],[-67.9674553,-54.7290479],[-67.9645776,-54.7287947],[-67.9615116,-54.7284284],[-67.958076,-54.727915],[-67.9571342,-54.7278956],[-67.9563808,-54.7280141],[-67.9556536,-54.7282177],[-67.9551792,-54.7284602],[-67.9533338,-54.7296001],[-67.9527783,-54.7298409],[-67.9521751,-54.7300214],[-67.9512119,-54.7301507],[-67.9501175,-54.7302002],[-67.9477357,-54.7303365],[-67.9456215,-54.7305775],[-67.9437875,-54.7308197],[-67.9436244,-54.7308403],[-67.9416041,-54.7310953],[-67.9407623,-54.7311875],[-67.9406976,-54.7311914],[-67.9399013,-54.7311736],[-67.9373635,-54.7306675],[-67.9367688,-54.7305555],[-67.9345369,-54.7301329],[-67.9336381,-54.7300268],[-67.9328441,-54.730002],[-67.9320264,-54.7300833],[-67.9224133,-54.7313471],[-67.9215838,-54.7315091],[-67.9203558,-54.731749],[-67.9193663,-54.7318675],[-67.918446,-54.73191],[-67.9170513,-54.73191],[-67.9162144,-54.731972],[-67.9154849,-54.7321207],[-67.9129934,-54.7327224],[-67.9122662,-54.7328145],[-67.9114914,-54.7327719],[-67.9088521,-54.7323383],[-67.9082751,-54.7322941],[-67.9075431,-54.7323135],[-67.9069232,-54.7324924],[-67.9058051,-54.7329949],[-67.905271,-54.7331614],[-67.904582,-54.7333047],[-67.9039406,-54.7333844],[-67.9032816,-54.7334109],[-67.9020953,-54.7334587],[-67.9008269,-54.7334781],[-67.9001775,-54.7334315],[-67.8995609,-54.7333418],[-67.8963422,-54.7328091],[-67.8957438,-54.7327278],[-67.8950548,-54.7327843],[-67.8932953,-54.7331064],[-67.8872871,-54.7344321],[-67.8816471,-54.7355327],[-67.8803587,-54.7356763],[-67.8785324,-54.7358444],[-67.8766894,-54.7360604],[-67.8751635,-54.7363028],[-67.8724408,-54.7369152],[-67.8702926,-54.7373558],[-67.8678894,-54.7378017],[-67.8569245,-54.7392387],[-67.8405111,-54.741521],[-67.8395829,-54.7415601],[-67.838653,-54.7415002],[-67.8379846,-54.7413975],[-67.8374624,-54.7412826],[-67.8361709,-54.7408204],[-67.835879,-54.74073],[-67.8355411,-54.7406247],[-67.8347686,-54.7404544],[-67.8340498,-54.7403429],[-67.8335187,-54.7403057],[-67.8331324,-54.7402995],[-67.8328535,-54.7403181],[-67.8325906,-54.7403305],[-67.8317806,-54.740473],[-67.8311303,-54.74063204]]]},"geometry_name":"geom","properties":{"gid":1751,"rtn":"3","typ":40,"rst":1,"hct":1,"fdc":"Dirección Nacional de Vialidad","sag":"IGN"},"bbox":[-68.2253742,-54.7883748,-67.8311303,-54.7126711]},{"type":"Feature","id":"vial_nacional.1753","geometry":{"type":"MultiLineString","coordinates":[[[-68.5767037,-54.8552156],[-68.5769115,-54.8552627],[-68.5770933,-54.8552789],[-68.5773284,-54.8552801],[-68.5780404,-54.8551408],[-68.5788563,-54.8549919],[-68.5796075,-54.8548852],[-68.5796514,-54.854879],[-68.5798573,-54.8548728],[-68.5800741,-54.854865],[-68.5802416,-54.8548669],[-68.5803025,-54.8548676],[-68.5805784,-54.8549058],[-68.5807562,-54.8549472],[-68.5808144,-54.8549607],[-68.5810871,-54.8551059],[-68.5814219,-54.8552906],[-68.5815446,-54.85533375],[-68.5817025,-54.8553674],[-68.5821724,-54.8553653],[-68.5822539,-54.8553654],[-68.5823534,-54.8553656],[-68.5825235,-54.855424],[-68.5826737,-54.8554703],[-68.582866,-54.8555165],[-68.5831518,-54.8555506],[-68.5833944,-54.8555796],[-68.5835025,-54.8556047],[-68.5835741,-54.8556629],[-68.5836632,-54.8558498],[-68.5838229,-54.8561167],[-68.5839075,-54.8561744],[-68.5840175,-54.8562006],[-68.5842054,-54.8562341],[-68.5845655,-54.8562648],[-68.5850305,-54.8562971],[-68.5857788,-54.8563192],[-68.5864683,-54.8562869],[-68.5867037,-54.8562528],[-68.5893137,-54.8555094],[-68.5896011,-54.8554682],[-68.5897976,-54.8554563],[-68.5900765,-54.8554719],[-68.5903802,-54.8555213],[-68.5906157,-54.8555923],[-68.5908317,-54.8556542],[-68.5913069,-54.8557432],[-68.5915388,-54.8557503],[-68.591773,-54.8557148],[-68.5918811,-54.855675],[-68.5919756,-54.8556109],[-68.5920119,-54.8555625],[-68.5920078,-54.8554858],[-68.5919455,-54.855424],[-68.5917062,-54.8552029],[-68.5916618,-54.855143],[-68.5916253,-54.8550377],[-68.5916233,-54.8549376],[-68.5916698,-54.8548311],[-68.5917261,-54.8547694],[-68.591958,-54.8546495],[-68.5921281,-54.8545418],[-68.5921901,-54.8544297],[-68.592234,-54.8542871],[-68.5922306,-54.8541134],[-68.592105,-54.8539858],[-68.591761,-54.8538043],[-68.5915054,-54.8536584],[-68.5913603,-54.8535526],[-68.5912532,-54.8534374],[-68.5911785,-54.8533324],[-68.5911414,-54.8531759],[-68.591177,-54.8529088],[-68.5911697,-54.8527709],[-68.591077,-54.8526278],[-68.5909657,-54.8524927],[-68.5907729,-54.8520898],[-68.5905468,-54.8518668],[-68.590317,-54.8516502],[-68.5900766,-54.8513617],[-68.5899612,-54.8512103],[-68.5898445,-54.8510346],[-68.5896837,-54.8508746],[-68.5892944,-54.8507136],[-68.5886467,-54.8505017],[-68.5883588,-54.8504576],[-68.5879737,-54.8503903],[-68.5870818,-54.8501426],[-68.5868556,-54.8499891],[-68.5867292,-54.8499317],[-68.5864875,-54.84989],[-68.5863429,-54.8498745],[-68.586202,-54.8498832],[-68.5858443,-54.8499953],[-68.5856761,-54.850051],[-68.5854062,-54.8500754],[-68.5850503,-54.8500397],[-68.5845025,-54.849889],[-68.5840471,-54.8496909],[-68.5831545,-54.8492348],[-68.5829291,-54.8490651],[-68.5825128,-54.8486668],[-68.5822606,-54.8484461],[-68.5819227,-54.848199],[-68.5814694,-54.8479149],[-68.5810268,-54.8476138],[-68.5809812,-54.8475412],[-68.5809758,-54.8474748],[-68.5810348,-54.8473003],[-68.5810214,-54.8472169],[-68.5809571,-54.8471412],[-68.5808471,-54.8470686],[-68.5804083,-54.8469397],[-68.5801616,-54.8468219],[-68.5800886,-54.8467012],[-68.5800885,-54.8465898],[-68.5801288,-54.8464478],[-68.580055,-54.8462426],[-68.5798338,-54.846027],[-68.5796562,-54.8459691],[-68.5794731,-54.8459548],[-68.5789105,-54.8459799],[-68.5786825,-54.8459529],[-68.578295,-54.8458296],[-68.5778698,-54.8456845],[-68.577721,-54.8456077],[-68.5775439,-54.8454872],[-68.5774528,-54.8453845],[-68.5771255,-54.8450865],[-68.5768466,-54.8449027],[-68.5764724,-54.8446841],[-68.5759306,-54.8444579],[-68.5754947,-54.8443343],[-68.5753566,-54.8443081],[-68.5752466,-54.8443011],[-68.5751393,-54.8443081],[-68.5750441,-54.8443351],[-68.5749449,-54.8443845],[-68.5745908,-54.8444834],[-68.574218,-54.8445336],[-68.5740051,-54.8445324],[-68.5737929,-54.8445235],[-68.5735723,-54.8444838],[-68.5731527,-54.8444389],[-68.5725559,-54.8444164],[-68.5720137,-54.8443953],[-68.5719019,-54.8443984],[-68.5710576,-54.8444833],[-68.5707183,-54.8444972],[-68.5706252,-54.8444849],[-68.5705372,-54.8444339],[-68.5704859,-54.8443337],[-68.5704696,-54.8442718],[-68.5704862,-54.8442224],[-68.5705689,-54.8441529],[-68.5706279,-54.8440834],[-68.5706552,-54.8440015],[-68.5706306,-54.8439042],[-68.5705733,-54.8438206],[-68.5704946,-54.8437419],[-68.5703494,-54.8436941],[-68.5698023,-54.8436664],[-68.569496,-54.8435583],[-68.5693607,-54.8434997],[-68.5689488,-54.8434888],[-68.5686263,-54.8434702],[-68.5684308,-54.8434792],[-68.5682112,-54.8434625],[-68.5679626,-54.8434229],[-68.567332,-54.8432725],[-68.5670796,-54.8432608],[-68.5669506,-54.8432772],[-68.566761,-54.8433213],[-68.5657548,-54.8438278],[-68.5653091,-54.8440123],[-68.5649031,-54.8441791],[-68.5647216,-54.8442409],[-68.5646055,-54.8443216],[-68.5643868,-54.8445692],[-68.5642322,-54.8446633],[-68.5641503,-54.844698],[-68.5640072,-54.8447404],[-68.5638097,-54.8447567],[-68.5636198,-54.8447428],[-68.5632625,-54.8445946],[-68.5630739,-54.8444644],[-68.5629955,-54.8444223],[-68.5626376,-54.8443397],[-68.5625249,-54.8442579],[-68.5624337,-54.8441328],[-68.5623592,-54.8440779],[-68.5620206,-54.8437931],[-68.5617235,-54.8435567],[-68.5616291,-54.8434656],[-68.5615588,-54.8433424],[-68.5616438,-54.843112],[-68.561666,-54.8430833],[-68.5617679,-54.8429514],[-68.5617688,-54.8427321],[-68.5612613,-54.8416167],[-68.5611168,-54.8414686],[-68.5609452,-54.8413746],[-68.560716,-54.8412896],[-68.5597816,-54.8410793],[-68.5568028,-54.8407361],[-68.5561176,-54.840721],[-68.555505,-54.8407204],[-68.5547014,-54.8408817],[-68.5544246,-54.8409002],[-68.5541434,-54.840887],[-68.553414,-54.8408322],[-68.5531823,-54.8408592],[-68.5529326,-54.8409548],[-68.5527541,-54.8410978],[-68.5524662,-54.8414466],[-68.5522658,-54.8416937],[-68.5520268,-54.8418979],[-68.5508734,-54.8424231],[-68.5487079,-54.8436173],[-68.5483179,-54.8437876],[-68.5477756,-54.8439295],[-68.5462967,-54.8441708],[-68.5455766,-54.8442177],[-68.5448548,-54.8442134],[-68.5429909,-54.8440509],[-68.5424405,-54.8440448],[-68.5421998,-54.8440279],[-68.5420007,-54.8440139],[-68.5415052,-54.8439236],[-68.5401138,-54.8437041],[-68.539586,-54.8436655],[-68.5388926,-54.8436405],[-68.5365504,-54.8435845],[-68.534254,-54.8434554],[-68.5298439,-54.8432554],[-68.5286762,-54.8432264],[-68.5281122,-54.8432355],[-68.526529,-54.8434694],[-68.5261493,-54.843485],[-68.5258752,-54.843464],[-68.5253695,-54.8433559],[-68.5233704,-54.842918],[-68.5216708,-54.8425538],[-68.5204159,-54.8422902],[-68.5195704,-54.8422088],[-68.5119861,-54.8422973],[-68.5115583,-54.8422995],[-68.5113657,-54.8422479],[-68.5111612,-54.8420952],[-68.5110429,-54.8419648],[-68.5108841,-54.8416418],[-68.5107929,-54.8413537],[-68.5107439,-54.841272],[-68.5106408,-54.8411874],[-68.5104987,-54.8411147],[-68.5101675,-54.8409281],[-68.5089702,-54.8402438],[-68.5086405,-54.8401369],[-68.5083002,-54.8401019],[-68.5075037,-54.8401223],[-68.5070002,-54.8401439],[-68.5062028,-54.8403599],[-68.499588,-54.8418999],[-68.4990533,-54.8419938],[-68.4987636,-54.8420182],[-68.4984255,-54.842003],[-68.4978797,-54.8418965],[-68.4975725,-54.8418454],[-68.4973988,-54.8418516],[-68.4968418,-54.8419792],[-68.4966445,-54.8420153],[-68.4964707,-54.8420184],[-68.4962368,-54.8419505],[-68.4960602,-54.8418764],[-68.4950722,-54.8414173],[-68.4940603,-54.8410625],[-68.4929538,-54.8407797],[-68.4923852,-54.8406561],[-68.4917948,-54.8405722],[-68.4915859,-54.8405295],[-68.4913779,-54.8403846],[-68.4912445,-54.8402038],[-68.4911089,-54.8400334],[-68.4909239,-54.8396707],[-68.4906486,-54.8394444],[-68.4902451,-54.8392025],[-68.4899959,-54.8390313],[-68.4898152,-54.8388616],[-68.4897512,-54.8387686],[-68.489778,-54.838676],[-68.4898853,-54.8384752],[-68.4899457,-54.838382],[-68.4898827,-54.8382419],[-68.489705,-54.838116],[-68.4895148,-54.8380131],[-68.4879917,-54.8371993],[-68.4872085,-54.8367915],[-68.4865379,-54.8364825],[-68.4860798,-54.8363682],[-68.4851322,-54.8361161],[-68.4843814,-54.8359316],[-68.4837249,-54.8357719],[-68.48302465,-54.83569884],[-68.482938,-54.8356898],[-68.4823369,-54.8356536],[-68.4821177,-54.83567],[-68.4819514,-54.835704],[-68.4815099,-54.8358494],[-68.48054,-54.8362164],[-68.4799696,-54.8363421],[-68.4795857,-54.8363898],[-68.4791571,-54.8363974],[-68.4784397,-54.8363357],[-68.4772689,-54.8361512],[-68.476209,-54.8360447],[-68.4751861,-54.8360092],[-68.4742298,-54.8360129],[-68.4734327,-54.83605],[-68.472047,-54.8362677],[-68.4709235,-54.836441],[-68.4707022,-54.8364485],[-68.4704857,-54.836424],[-68.4701551,-54.8363336],[-68.4679395,-54.8353704],[-68.467645,-54.8352464],[-68.467285,-54.8351571],[-68.4668029,-54.8350973],[-68.4651151,-54.8349378],[-68.4645626,-54.83491],[-68.4636277,-54.8349181],[-68.4633556,-54.8349023],[-68.4630799,-54.8348574],[-68.4628835,-54.8348003],[-68.4626276,-54.8347091],[-68.4612694,-54.8340201],[-68.4610596,-54.8339259],[-68.460927,-54.8339011],[-68.4607592,-54.8338765],[-68.4605694,-54.8338718],[-68.4524503,-54.8346597],[-68.4476267,-54.8349026],[-68.4475684,-54.8349049],[-68.4465562,-54.8349455],[-68.4456368,-54.8349415],[-68.4448006,-54.8349378],[-68.4441423,-54.8349581],[-68.4436608,-54.8349729],[-68.4424617,-54.8350399],[-68.4397191,-54.8353176],[-68.4394389,-54.8353396],[-68.4380522,-54.835491],[-68.4364965,-54.8358308],[-68.4356275,-54.8359635],[-68.4347504,-54.8360163],[-68.433825,-54.83601],[-68.4326019,-54.8359421],[-68.4311271,-54.8357537],[-68.4303137,-54.835633],[-68.4295496,-54.8355124],[-68.4276989,-54.8349501],[-68.4272203,-54.8348665],[-68.426752,-54.8348026],[-68.4234931,-54.8347619],[-68.422549,-54.834768],[-68.4216744,-54.83476],[-68.4207122,-54.8347027],[-68.4192835,-54.8346181],[-68.4187906,-54.8346251],[-68.4179402,-54.8346606],[-68.4173648,-54.8346841],[-68.4149084,-54.8346464],[-68.4139964,-54.8346535],[-68.4133544,-54.834635],[-68.4107542,-54.8343557],[-68.4106196,-54.8343412],[-68.4098925,-54.834249],[-68.4092753,-54.8341465],[-68.4073441,-54.833714],[-68.4058764,-54.833325],[-68.4049998,-54.8331558],[-68.4041124,-54.8330565],[-68.4004094,-54.8327574],[-68.4000455,-54.8326519],[-68.3997038,-54.8325054],[-68.39957324,-54.83244009],[-68.39945853,-54.83232827],[-68.39937622,-54.83220595],[-68.39933339,-54.8320689],[-68.39930941,-54.83202287],[-68.39928561,-54.83200098],[-68.399257,-54.8319849],[-68.3987434,-54.8317516],[-68.3972868,-54.831234],[-68.3967056,-54.8311328],[-68.3960271,-54.8310576],[-68.3953103,-54.8310347],[-68.3938227,-54.8311107],[-68.3927336,-54.831088],[-68.391861,-54.8310099],[-68.3911475,-54.8308462],[-68.3903625,-54.830538],[-68.389899,-54.830428],[-68.3892606,-54.8303539],[-68.3884774,-54.8302921],[-68.3880299,-54.8302283],[-68.3874367,-54.8301437],[-68.3867594,-54.8299965],[-68.3860352,-54.8297338],[-68.3847424,-54.82902],[-68.3829239,-54.8278952],[-68.3816163,-54.8269795],[-68.3803664,-54.8261637],[-68.3794705,-54.8256415],[-68.3790213,-54.8254104],[-68.3787618,-54.8253142],[-68.3782475,-54.8252305],[-68.3780684,-54.8252187],[-68.377751,-54.8251979],[-68.3772443,-54.8251965],[-68.3765872,-54.825229],[-68.37593,-54.8252614],[-68.3755613,-54.8252982],[-68.375002,-54.8253541],[-68.3744495,-54.8255055],[-68.3739977,-54.8257081],[-68.3736739,-54.8258721],[-68.3728435,-54.8260911],[-68.3724655,-54.826166],[-68.3720806,-54.8261934],[-68.3715626,-54.8262033],[-68.3710353,-54.8262063],[-68.370484,-54.8262271],[-68.3702076,-54.8262732],[-68.3699809,-54.8263275],[-68.3694754,-54.8265242],[-68.3691215,-54.8266404],[-68.3686778,-54.826708],[-68.3675249,-54.826772],[-68.3662895,-54.826836],[-68.3648099,-54.8268883],[-68.3637706,-54.8269088]]]},"geometry_name":"geom","properties":{"gid":1753,"rtn":"3","typ":40,"rst":2,"hct":1,"fdc":"Dirección Nacional de Vialidad","sag":"IGN"},"bbox":[-68.592234,-54.8563192,-68.3637706,-54.8251965]},{"type":"Feature","id":"vial_nacional.1778","geometry":{"type":"MultiLineString","coordinates":[[[-60.7575695,-32.7124094],[-60.7580835,-32.7117491],[-60.758701,-32.710974],[-60.7587962,-32.7108488],[-60.7592708,-32.7102437],[-60.7598317,-32.7095321],[-60.7604069,-32.7087938],[-60.7609696,-32.7080717],[-60.7613902,-32.7075169],[-60.761535,-32.7073286],[-60.7620796,-32.7066193],[-60.7624212,-32.7061766],[-60.7626375,-32.7058919],[-60.7628856,-32.7055727],[-60.763258,-32.7050886],[-60.7635717,-32.7046849],[-60.7639802,-32.7041961],[-60.7647099,-32.7032577],[-60.7648361,-32.7030953],[-60.7652141,-32.702624],[-60.76547235,-32.7022841],[-60.7657375,-32.7019169],[-60.765825,-32.7017992],[-60.769988,-32.6963775],[-60.7708855,-32.6952501],[-60.7723543,-32.6933405],[-60.7724423,-32.693195],[-60.7743325,-32.690776],[-60.7743814,-32.6907146],[-60.7744433,-32.6906369],[-60.7780043,-32.6860639],[-60.7797873,-32.6837614],[-60.7799515,-32.6835499],[-60.7804978,-32.6828445],[-60.7811963,-32.6819426],[-60.7819007,-32.6810353],[-60.7829453,-32.6796842],[-60.783513,-32.6789836],[-60.7879343,-32.6732828],[-60.7886515,-32.6723782],[-60.7899229,-32.6707423],[-60.7914495,-32.6687397],[-60.7915479,-32.6686106],[-60.7924609,-32.6674809],[-60.7926461,-32.6672578],[-60.7928416,-32.6669426],[-60.7941932,-32.6652162],[-60.7945134,-32.6648113],[-60.7953707,-32.6636745],[-60.7960247,-32.6628376],[-60.7971796,-32.6613081],[-60.798106,-32.6601814],[-60.7987786,-32.6592593],[-60.7989016,-32.6590774],[-60.8001788,-32.6574458],[-60.8056727,-32.6504218],[-60.805855,-32.650184],[-60.8087643,-32.6463914],[-60.8120738,-32.6421488],[-60.8128703,-32.6410835],[-60.8141614,-32.6390516],[-60.814455,-32.6386],[-60.8145882,-32.6383952],[-60.8151444,-32.6375727],[-60.8152456,-32.6374333],[-60.8157091,-32.6367511],[-60.8157793,-32.6366495],[-60.8160448,-32.6362654],[-60.8184686,-32.6330897],[-60.8190418,-32.6323721],[-60.8218498,-32.6288206],[-60.8339784,-32.6130798],[-60.8353273,-32.6113299],[-60.8363468,-32.6099987],[-60.8440807,-32.5999736],[-60.8446357,-32.5992535],[-60.8454051,-32.5982941],[-60.8467086,-32.5966079],[-60.8470393,-32.5960843],[-60.8472152,-32.595698],[-60.8472832,-32.5955382],[-60.8473862,-32.5951963],[-60.84745,-32.5948013],[-60.8475459,-32.5942018],[-60.8477762,-32.5928226],[-60.8482557,-32.5899506],[-60.8484221,-32.5889219],[-60.84858,-32.588003],[-60.848803,-32.5867046],[-60.8490916,-32.5850247],[-60.8492874,-32.5838854],[-60.8496563,-32.5817382],[-60.849807,-32.580861],[-60.849975,-32.5798832],[-60.850116,-32.5790626],[-60.8503464,-32.5777216],[-60.8505774,-32.5763768],[-60.8508078,-32.5750355],[-60.8509987,-32.5742011],[-60.8510934,-32.5738783],[-60.8511578,-32.5736866],[-60.8516549,-32.5724069],[-60.852137,-32.5711033],[-60.8526395,-32.5698188],[-60.8527874,-32.5695022],[-60.8532327,-32.5686285],[-60.8536992,-32.56763],[-60.854126,-32.5665109],[-60.8544185,-32.5657384],[-60.8547806,-32.564778],[-60.8552825,-32.5634194],[-60.8558133,-32.5620416],[-60.8562648,-32.5608694],[-60.856712,-32.5597084],[-60.8571058,-32.5587061],[-60.8575582,-32.5577242],[-60.8580301,-32.556842],[-60.8585197,-32.5559876],[-60.8591213,-32.5549378],[-60.8596306,-32.5540664],[-60.8597893,-32.5537999],[-60.8621486,-32.5497559],[-60.8643145,-32.5459972],[-60.8656965,-32.5436245],[-60.8672657,-32.5409134],[-60.8673441,-32.5407777],[-60.8750447,-32.5273766],[-60.8757092,-32.5261473],[-60.8760954,-32.5249713],[-60.8763917,-32.5238388],[-60.877739,-32.5166335],[-60.8797717,-32.5061794],[-60.8797917,-32.5060749],[-60.879932,-32.5053299],[-60.8830211,-32.4895904],[-60.8833604,-32.4877605],[-60.884818,-32.48023],[-60.8854676,-32.47685],[-60.8854822,-32.476767],[-60.8868959,-32.4696538],[-60.8870974,-32.4685971]]]},"geometry_name":"geom","properties":{"gid":1778,"rtn":"11","typ":40,"rst":1,"hct":1,"fdc":"Dirección Nacional de Vialidad","sag":"IGN"},"bbox":[-60.8870974,-32.7124094,-60.7575695,-32.4685971]},{"type":"Feature","id":"vial_nacional.1951","geometry":{"type":"MultiLineString","coordinates":[[[-63.4813837,-40.6917184],[-63.4814802,-40.691884],[-63.4816659,-40.6921455],[-63.4818968,-40.6924059],[-63.4822127,-40.6926724],[-63.4818304,-40.6924874],[-63.4815015,-40.6923828],[-63.4811142,-40.6922943],[-63.48084964,-40.69225165],[-63.48063931,-40.69222221]]]},"geometry_name":"geom","properties":{"gid":1951,"rtn":"3","typ":40,"rst":1,"hct":1,"fdc":"Dirección Nacional de Vialidad","sag":"IGN"},"bbox":[-63.4822127,-40.6926724,-63.48063931,-40.6917184]},{"type":"Feature","id":"vial_nacional.1952","geometry":{"type":"MultiLineString","coordinates":[[[-63.48012146,-40.69218719],[-63.4800002,-40.6921937],[-63.4796819,-40.6922219],[-63.4793265,-40.6922822],[-63.4789711,-40.6923667],[-63.4784921,-40.6925425],[-63.4791621,-40.6921254],[-63.479443,-40.6918807],[-63.4795902,-40.6916899],[-63.47970632,-40.69152769]]]},"geometry_name":"geom","properties":{"gid":1952,"rtn":"3","typ":40,"rst":1,"hct":1,"fdc":"Dirección Nacional de Vialidad","sag":"IGN"},"bbox":[-63.48012146,-40.6925425,-63.4784921,-40.69152769]},{"type":"Feature","id":"vial_nacional.1953","geometry":{"type":"MultiLineString","coordinates":[[[-63.48012146,-40.69218719],[-63.48015221,-40.69219582],[-63.48019388,-40.69220526],[-63.48022154,-40.69221114],[-63.48028005,-40.69222163],[-63.48035407,-40.69223065],[-63.48042993,-40.6922344],[-63.48050661,-40.69223283],[-63.48056852,-40.69222806],[-63.48059661,-40.69222478],[-63.48063931,-40.69222221],[-63.48069895,-40.69220747],[-63.48077718,-40.6921884],[-63.4808537,-40.6921639],[-63.48092742,-40.69213429],[-63.48097997,-40.69210968],[-63.48102876,-40.6920838],[-63.48109442,-40.69204405],[-63.48115525,-40.69200025],[-63.48118827,-40.6919729],[-63.48121104,-40.6919527],[-63.48124817,-40.69191677],[-63.48127273,-40.69188967],[-63.48129444,-40.69186435],[-63.48132402,-40.69182502],[-63.48134065,-40.69179965],[-63.48136615,-40.69175669],[-63.4813837,-40.6917184],[-63.48139962,-40.69168351],[-63.48141382,-40.6916386],[-63.48142197,-40.69160483],[-63.48142876,-40.69156302],[-63.48143273,-40.69151063],[-63.48143164,-40.69147437],[-63.48142843,-40.69144335],[-63.48142367,-40.69141263],[-63.48141872,-40.69138478],[-63.48140711,-40.69135219],[-63.48139127,-40.69131309],[-63.48137022,-40.69127247],[-63.48134885,-40.69123787],[-63.4813276,-40.69120871],[-63.4812989,-40.69117528],[-63.48126994,-40.69114686],[-63.48123099,-40.69111302],[-63.48120233,-40.69109168],[-63.4811592,-40.69106336],[-63.481133,-40.69104874],[-63.48110624,-40.69103461],[-63.48105767,-40.69101262],[-63.48102506,-40.69099968],[-63.48098259,-40.69098523],[-63.48093708,-40.69097248],[-63.48086546,-40.69095667],[-63.4808218,-40.69094841],[-63.48079361,-40.69094609],[-63.48076544,-40.69094361],[-63.48070959,-40.6909403],[-63.48065463,-40.69093979],[-63.4805899,-40.6909426],[-63.48053356,-40.69094785],[-63.48049727,-40.6909526],[-63.48043381,-40.69096338],[-63.48035826,-40.69098116],[-63.48028437,-40.69100393],[-63.4802292,-40.69102421],[-63.48019599,-40.69103785],[-63.48016475,-40.691052],[-63.48011259,-40.69107804],[-63.48004817,-40.69111495],[-63.47998787,-40.69115579],[-63.47993203,-40.69119999],[-63.47988132,-40.69124744],[-63.47984628,-40.69128489],[-63.47982522,-40.69130974],[-63.47980785,-40.69133231],[-63.4797862,-40.691363],[-63.47977111,-40.69138693],[-63.47974984,-40.69142365],[-63.47973461,-40.69145422],[-63.47972267,-40.69148026],[-63.47970632,-40.69152769]]]},"geometry_name":"geom","properties":{"gid":1953,"rtn":"3","typ":40,"rst":1,"hct":1,"fdc":"Dirección Nacional de Vialidad","sag":"IGN"},"bbox":[-63.48143273,-40.6922344,-63.47970632,-40.69093979]},{"type":"Feature","id":"vial_nacional.2252","geometry":{"type":"MultiLineString","coordinates":[[[-59.8999102,-36.8500245],[-59.89963875,-36.84975044],[-59.89951502,-36.8496624],[-59.89941032,-36.84959577],[-59.89930087,-36.84954581],[-59.89916334,-36.84950131],[-59.89896727,-36.84944611],[-59.8988681,-36.8494287],[-59.89880071,-36.84940232],[-59.89872932,-36.84938234],[-59.89866841,-36.84934998],[-59.89861701,-36.84931666],[-59.89857751,-36.84927455],[-59.89852754,-36.84921268],[-59.89847996,-36.8491413],[-59.89845854,-36.84906753],[-59.89845905,-36.84891782]]]},"geometry_name":"geom","properties":{"gid":2252,"rtn":"3","typ":40,"rst":1,"hct":1,"fdc":"Dirección Nacional de Vialidad","sag":"IGN"},"bbox":[-59.8999102,-36.8500245,-59.89845854,-36.84891782]},{"type":"Feature","id":"vial_nacional.2211","geometry":{"type":"MultiLineString","coordinates":[[[-67.61384951,-39.03888175],[-67.61396177,-39.03879959],[-67.61401064,-39.03876995],[-67.61406597,-39.03874032],[-67.6141247,-39.03871271],[-67.61418675,-39.03868715],[-67.61425136,-39.03866394],[-67.61431843,-39.03864302],[-67.61438721,-39.03862486],[-67.61445758,-39.03860937],[-67.61452869,-39.03859672],[-67.6146043,-39.0385865],[-67.61467945,-39.0385796],[-67.61475439,-39.03857601],[-67.61482778,-39.03857578],[-67.6148725,-39.03857773],[-67.61489985,-39.03857892],[-67.61496931,-39.03858537],[-67.61503638,-39.03859515],[-67.61509987,-39.03860809],[-67.61515998,-39.03862423],[-67.61520896,-39.03863896],[-67.61524749,-39.0386539],[-67.61528004,-39.03867026],[-67.61530619,-39.03868359],[-67.61534789,-39.03871279],[-67.61538413,-39.03874188],[-67.61541457,-39.0387731],[-67.61543899,-39.0388062],[-67.61545649,-39.03883953],[-67.61546866,-39.03887572],[-67.61547449,-39.0389264],[-67.61547122,-39.03896917],[-67.61546175,-39.03900639],[-67.61544559,-39.03904536],[-67.6154231,-39.03908439],[-67.61539572,-39.03912147],[-67.61536144,-39.03915949],[-67.61532269,-39.03919914],[-67.6152882,-39.0392257],[-67.61526454,-39.03924121],[-67.61522669,-39.03926629],[-67.61517214,-39.03929875],[-67.61511366,-39.03932913],[-67.61504259,-39.03936098],[-67.61497527,-39.03938705],[-67.61490615,-39.03941005],[-67.61483496,-39.03943022],[-67.61477648,-39.03944446],[-67.61474722,-39.0394506],[-67.61470348,-39.03945914],[-67.61467198,-39.03946437],[-67.61462932,-39.03947084],[-67.61459617,-39.03947492],[-67.61455533,-39.03947935],[-67.61452038,-39.03948214],[-67.61448124,-39.0394847],[-67.61444515,-39.03948601],[-67.61440837,-39.0394868],[-67.61437106,-39.03948648],[-67.61433645,-39.03948564],[-67.61429865,-39.03948355],[-67.61426678,-39.03948127],[-67.61422847,-39.03947724],[-67.61419909,-39.03947364],[-67.6141578,-39.03946735],[-67.61413002,-39.03946205],[-67.61408806,-39.03945315],[-67.61404586,-39.03944273],[-67.61400137,-39.03942991],[-67.61395085,-39.03941155]]]},"geometry_name":"geom","properties":{"gid":2211,"rtn":"22","typ":40,"rst":1,"hct":1,"fdc":"Dirección Nacional de Vialidad","sag":"IGN"},"bbox":[-67.61547449,-39.0394868,-67.61384951,-39.03857578]},{"type":"Feature","id":"vial_nacional.2283","geometry":{"type":"MultiLineString","coordinates":[[[-58.744125,-35.02561037],[-58.74405595,-35.02589863],[-58.74399313,-35.02628125],[-58.74393603,-35.02645828],[-58.74382752,-35.02669242],[-58.74361623,-35.0269494],[-58.7429678,-35.0275203]]]},"geometry_name":"geom","properties":{"gid":2283,"rtn":"3","typ":40,"rst":1,"hct":1,"fdc":"Dirección Nacional de Vialidad","sag":"IGN"},"bbox":[-58.744125,-35.0275203,-58.7429678,-35.02561037]},{"type":"Feature","id":"vial_nacional.2212","geometry":{"type":"MultiLineString","coordinates":[[[-67.61384951,-39.03888175],[-67.61356138,-39.03897792],[-67.61323396,-39.03913021],[-67.61286086,-39.03924442],[-67.6122752,-39.039376],[-67.61292939,-39.03932818],[-67.61347762,-39.03935102],[-67.61395085,-39.03941155]]]},"geometry_name":"geom","properties":{"gid":2212,"rtn":"22","typ":40,"rst":1,"hct":1,"fdc":"Dirección Nacional de Vialidad","sag":"IGN"},"bbox":[-67.61395085,-39.03941155,-67.6122752,-39.03888175]},{"type":"Feature","id":"vial_nacional.2213","geometry":{"type":"MultiLineString","coordinates":[[[-67.61532269,-39.03919914],[-67.61557916,-39.03911498],[-67.6160284,-39.03893224],[-67.6168641,-39.0387732],[-67.61608456,-39.0387809],[-67.61565625,-39.03875235],[-67.61530619,-39.03868359]]]},"geometry_name":"geom","properties":{"gid":2213,"rtn":"22","typ":40,"rst":1,"hct":1,"fdc":"Dirección Nacional de Vialidad","sag":"IGN"},"bbox":[-67.6168641,-39.03919914,-67.61530619,-39.03868359]},{"type":"Feature","id":"vial_nacional.2235","geometry":{"type":"MultiLineString","coordinates":[[[-68.45914764,-53.29638068],[-68.45868694,-53.29647728],[-68.45826054,-53.29653819],[-68.45783414,-53.29659911],[-68.45756764,-53.29667525],[-68.45729353,-53.29685038],[-68.45711079,-53.29708642],[-68.4566918,-53.2974489],[-68.45708794,-53.29735292],[-68.45756764,-53.29723871],[-68.45796358,-53.29717018],[-68.45827577,-53.29701789],[-68.45848897,-53.29682754],[-68.45876308,-53.29659911],[-68.45914764,-53.29638068]]]},"geometry_name":"geom","properties":{"gid":2235,"rtn":"3","typ":40,"rst":2,"hct":1,"fdc":"Dirección Nacional de Vialidad","sag":"IGN"},"bbox":[-68.45914764,-53.2974489,-68.4566918,-53.29638068]},{"type":"Feature","id":"vial_nacional.2216","geometry":{"type":"MultiLineString","coordinates":[[[-60.73183481,-31.66345829],[-60.73168249,-31.66376054],[-60.73153021,-31.6640023],[-60.73145055,-31.66409898],[-60.73137196,-31.66415577],[-60.73121833,-31.66421699],[-60.73110262,-31.66424602],[-60.7309936,-31.66424767],[-60.73086774,-31.66423425],[-60.73075199,-31.66419146],[-60.73065418,-31.66413917],[-60.73057068,-31.66408092],[-60.7305021,-31.66399994],[-60.73045374,-31.66389139],[-60.73043415,-31.663769],[-60.73045827,-31.66364842],[-60.73049541,-31.66355896],[-60.73054613,-31.66348657],[-60.73062662,-31.66341378],[-60.7307326,-31.66335531],[-60.73087351,-31.6633162],[-60.73104977,-31.66330615],[-60.73124679,-31.66331409],[-60.73151696,-31.66337289],[-60.73183481,-31.66345829]]]},"geometry_name":"geom","properties":{"gid":2216,"rtn":"11","typ":41,"rst":1,"hct":1,"fdc":"Dirección Nacional de Vialidad","sag":"IGN"},"bbox":[-60.73183481,-31.66424767,-60.73043415,-31.66330615]},{"type":"Feature","id":"vial_nacional.2217","geometry":{"type":"MultiLineString","coordinates":[[[-60.73192626,-31.66348286],[-60.7327394,-31.66370134],[-60.7346686,-31.6642012],[-60.73400383,-31.66394386],[-60.73388486,-31.66387723],[-60.73385155,-31.66381061],[-60.73381348,-31.66368687],[-60.73383814,-31.66353769],[-60.73392341,-31.66329469],[-60.73392608,-31.6631259],[-60.73389546,-31.66298427],[-60.73382113,-31.66285852],[-60.73339563,-31.66231371],[-60.73325577,-31.66211926],[-60.73315156,-31.66191834],[-60.73309562,-31.66171792],[-60.73307555,-31.66155963],[-60.73307508,-31.66141393],[-60.73310424,-31.66118954],[-60.73316089,-31.66102696],[-60.73322093,-31.66085468],[-60.73329187,-31.66069882],[-60.73354541,-31.66036359],[-60.73394455,-31.65993039],[-60.73428391,-31.65964192],[-60.73470601,-31.65930705],[-60.7350462,-31.6590793],[-60.73545508,-31.65885023],[-60.73589966,-31.65864417],[-60.73718273,-31.65812399],[-60.73763628,-31.657912],[-60.73794064,-31.65772899],[-60.73817888,-31.65755365],[-60.73836158,-31.65742029],[-60.73840991,-31.65738501],[-60.73863779,-31.65716116],[-60.73886167,-31.65691061],[-60.73909815,-31.65661189],[-60.73935975,-31.65619414],[-60.73951934,-31.65589183],[-60.73963223,-31.65557382],[-60.73972773,-31.65521114],[-60.73998113,-31.65382004],[-60.74013588,-31.65304701],[-60.740236,-31.65263557],[-60.74047097,-31.65199206],[-60.7412056,-31.65031077],[-60.74134045,-31.64994993],[-60.74145003,-31.64960522],[-60.74147898,-31.64951415],[-60.74158285,-31.64910002],[-60.74178507,-31.64806715],[-60.74182805,-31.64779249],[-60.741878,-31.64747332],[-60.74191984,-31.6468468],[-60.74193778,-31.64631753],[-60.74191547,-31.64587484],[-60.74182374,-31.64513395],[-60.74150261,-31.64347904],[-60.74137868,-31.64304431],[-60.74107744,-31.64230232],[-60.74058746,-31.64145795],[-60.74056692,-31.64142256],[-60.73996196,-31.64062234],[-60.73940353,-31.63997317],[-60.7391436,-31.63967099],[-60.73860608,-31.63915565],[-60.73764007,-31.63836954],[-60.73664864,-31.63753004],[-60.736291,-31.63717986],[-60.73605044,-31.63689654],[-60.73580808,-31.63661109],[-60.73542834,-31.63611456],[-60.73508105,-31.63553869],[-60.73462751,-31.63467441],[-60.73240483,-31.63040486],[-60.73219016,-31.62999248],[-60.73014907,-31.62602194],[-60.72893866,-31.62366733],[-60.72731212,-31.62053978],[-60.72616632,-31.61831055],[-60.7257,-31.61740329],[-60.72543448,-31.61674114],[-60.72531429,-31.61630697],[-60.72523959,-31.61598924],[-60.72517004,-31.61560172],[-60.72513717,-31.61528552],[-60.72510912,-31.61483431],[-60.72513257,-31.6141563],[-60.72516255,-31.61394197],[-60.72520412,-31.61364481],[-60.72531223,-31.61318714],[-60.72546772,-31.61266435],[-60.72580242,-31.61172329],[-60.72602659,-31.61124699],[-60.72632563,-31.61068821],[-60.72647686,-31.61049132],[-60.72657351,-31.61036549],[-60.72687629,-31.61000153],[-60.7271825,-31.60970101],[-60.7274277,-31.60949162],[-60.72792251,-31.60912653],[-60.72948516,-31.60814004],[-60.72952345,-31.60811595],[-60.73175094,-31.60671482],[-60.73379954,-31.60531342],[-60.7376944,-31.6024073],[-60.74288001,-31.59834142],[-60.74533325,-31.59641791],[-60.74632269,-31.59568121],[-60.74809225,-31.59431286],[-60.74883946,-31.59374472],[-60.74941254,-31.59323453],[-60.74983525,-31.59280542],[-60.75029743,-31.59228757],[-60.75061766,-31.59187312],[-60.75099598,-31.59128625],[-60.75139075,-31.59057813],[-60.75161361,-31.59006661],[-60.75177852,-31.58963836],[-60.7523036,-31.58827484],[-60.7528699,-31.58680427],[-60.75313191,-31.5861227],[-60.75330927,-31.58559406],[-60.75340874,-31.58522888],[-60.75348602,-31.58482967],[-60.75357121,-31.58426088],[-60.75361712,-31.58374989],[-60.75362771,-31.58323158],[-60.75356434,-31.58235577],[-60.75333198,-31.57969222],[-60.7533157,-31.57950554],[-60.75322288,-31.57850341],[-60.7532076,-31.5782947],[-60.75318163,-31.57794008],[-60.75315692,-31.57744267],[-60.75318064,-31.57703317],[-60.75322875,-31.57640026],[-60.75329507,-31.57599537],[-60.7533948,-31.57558905],[-60.75351858,-31.57511919],[-60.7536964,-31.57460546],[-60.75392129,-31.57409327],[-60.75414441,-31.57362743],[-60.75486619,-31.57244616],[-60.75559545,-31.57130211],[-60.7559958,-31.57065027],[-60.75616666,-31.57037207],[-60.75648065,-31.56982645],[-60.75671265,-31.5693429],[-60.75690705,-31.56883467],[-60.75706059,-31.56832236],[-60.75719066,-31.56778517],[-60.75729065,-31.56710578],[-60.75732479,-31.5668738],[-60.75735822,-31.5663342],[-60.75735539,-31.56564726],[-60.7572283,-31.56473668],[-60.75706353,-31.56398753],[-60.7568497,-31.56342209],[-60.75637087,-31.5623513],[-60.75596939,-31.56167902],[-60.75566565,-31.56124072],[-60.75511337,-31.56059113],[-60.75465041,-31.56013064],[-60.7542563,-31.55976046],[-60.75326055,-31.55902034],[-60.75262347,-31.5585626],[-60.75069657,-31.55717815],[-60.74924892,-31.55617733],[-60.74801807,-31.55524648],[-60.7475286,-31.55486308],[-60.74720209,-31.55459593],[-60.74685755,-31.5542727],[-60.74649571,-31.55391948],[-60.74621662,-31.55360532],[-60.74575063,-31.55299523],[-60.74547737,-31.55258937],[-60.745207,-31.55211082],[-60.74498257,-31.55167013],[-60.74470741,-31.55102281],[-60.74454857,-31.55049944],[-60.74443339,-31.55010102],[-60.74432415,-31.54952181],[-60.74424856,-31.54890933],[-60.74423779,-31.54852933],[-60.74422935,-31.54810498],[-60.74426811,-31.54759889],[-60.74459596,-31.54523886],[-60.74465904,-31.54480932],[-60.7453139,-31.54035004],[-60.74567583,-31.53788542],[-60.74584137,-31.53671974],[-60.74615953,-31.53488265],[-60.74649932,-31.53257889],[-60.74662729,-31.53171131],[-60.74684947,-31.5299497],[-60.74718077,-31.52759676],[-60.74732305,-31.52649305],[-60.74741906,-31.52563562],[-60.74761538,-31.52388244],[-60.74775114,-31.52293879],[-60.74808758,-31.52107318],[-60.74894778,-31.51649373],[-60.74976554,-31.51214022],[-60.74992091,-31.51137009],[-60.75017305,-31.50944689],[-60.75019994,-31.50924186],[-60.75064291,-31.50557247],[-60.75082822,-31.50453321],[-60.75150977,-31.50112242],[-60.75222143,-31.49756091],[-60.75292935,-31.49410788],[-60.7536283,-31.4906986],[-60.75380437,-31.48997675],[-60.75383921,-31.48984402],[-60.75395729,-31.48939414],[-60.75455085,-31.48725727],[-60.75469433,-31.48663135],[-60.75507862,-31.48495495],[-60.75516884,-31.48456137],[-60.75521723,-31.48435028],[-60.75523346,-31.48426019],[-60.75527469,-31.48403136],[-60.75535405,-31.48312074]]]},"geometry_name":"geom","properties":{"gid":2217,"rtn":"11","typ":41,"rst":1,"hct":1,"fdc":"Dirección Nacional de Vialidad","sag":"IGN"},"bbox":[-60.75735822,-31.6642012,-60.72510912,-31.48312074]},{"type":"Feature","id":"vial_nacional.2241","geometry":{"type":"MultiLineString","coordinates":[[[-67.49264898,-45.79449546],[-67.4926181,-45.7944519],[-67.4925819,-45.7943967],[-67.4925712,-45.7943359],[-67.4925591,-45.7942761],[-67.4925699,-45.7941957],[-67.4925967,-45.7940956],[-67.4928725,-45.7934934],[-67.4929396,-45.7933288],[-67.4930267,-45.7930895],[-67.4928336,-45.7934111],[-67.4924592,-45.7940886],[-67.492415,-45.7941615],[-67.4923546,-45.7942466],[-67.4922929,-45.7943065],[-67.4921952,-45.7943677],[-67.49213691,-45.79440938]]]},"geometry_name":"geom","properties":{"gid":2241,"rtn":"3","typ":40,"rst":1,"hct":1,"fdc":"Dirección Nacional de Vialidad","sag":"IGN"},"bbox":[-67.4930267,-45.79449546,-67.49213691,-45.7930895]},{"type":"Feature","id":"vial_nacional.2251","geometry":{"type":"MultiLineString","coordinates":[[[-59.8995086,-36.8491123],[-59.8995148,-36.8492408],[-59.8995266,-36.8493906],[-59.8995603,-36.8495294],[-59.8996435,-36.8496824],[-59.8999102,-36.8500245]]]},"geometry_name":"geom","properties":{"gid":2251,"rtn":"3","typ":40,"rst":1,"hct":1,"fdc":"Dirección Nacional de Vialidad","sag":"IGN"},"bbox":[-59.8999102,-36.8500245,-59.8995086,-36.8491123]},{"type":"Feature","id":"vial_nacional.2254","geometry":{"type":"MultiLineString","coordinates":[[[-59.89908185,-36.84854746],[-59.89928897,-36.84862091],[-59.89938891,-36.84869229],[-59.89944602,-36.84876368],[-59.89949836,-36.84884458],[-59.8995174,-36.84893976],[-59.8995086,-36.8491123]]]},"geometry_name":"geom","properties":{"gid":2254,"rtn":"3","typ":40,"rst":1,"hct":1,"fdc":"Dirección Nacional de Vialidad","sag":"IGN"},"bbox":[-59.8995174,-36.8491123,-59.89908185,-36.84854746]},{"type":"Feature","id":"vial_nacional.2242","geometry":{"type":"MultiLineString","coordinates":[[[-69.28835186,-51.71171924],[-69.2881795,-51.7114068],[-69.2880502,-51.711179],[-69.2879333,-51.71093322]]]},"geometry_name":"geom","properties":{"gid":2242,"rtn":"3","typ":40,"rst":1,"hct":1,"fdc":"Dirección Nacional de Vialidad","sag":"IGN"},"bbox":[-69.28835186,-51.71171924,-69.2879333,-51.71093322]},{"type":"Feature","id":"vial_nacional.2246","geometry":{"type":"MultiLineString","coordinates":[[[-64.4242032,-39.0524176],[-64.4234719,-39.0523018],[-64.4224629,-39.05210395]]]},"geometry_name":"geom","properties":{"gid":2246,"rtn":"22","typ":40,"rst":1,"hct":1,"fdc":"Dirección Nacional de Vialidad","sag":"IGN"},"bbox":[-64.4242032,-39.0524176,-64.4224629,-39.05210395]},{"type":"Feature","id":"vial_nacional.2248","geometry":{"type":"MultiLineString","coordinates":[[[-64.4242032,-39.0524176],[-64.4232115,-39.0522001],[-64.42245896,-39.05203587]]]},"geometry_name":"geom","properties":{"gid":2248,"rtn":"22","typ":40,"rst":1,"hct":1,"fdc":"Dirección Nacional de Vialidad","sag":"IGN"},"bbox":[-64.4242032,-39.0524176,-64.42245896,-39.05203587]},{"type":"Feature","id":"vial_nacional.2257","geometry":{"type":"MultiLineString","coordinates":[[[-62.7502902,-36.0153424],[-62.74965968,-36.0149856],[-62.74948455,-36.01486377],[-62.74935511,-36.01473813],[-62.7492409,-36.01457443],[-62.74916283,-36.01438707]]]},"geometry_name":"geom","properties":{"gid":2257,"rtn":"5","typ":40,"rst":1,"hct":1,"fdc":"Dirección Nacional de Vialidad","sag":"IGN"},"bbox":[-62.7502902,-36.0153424,-62.74916283,-36.01438707]},{"type":"Feature","id":"vial_nacional.2281","geometry":{"type":"MultiLineString","coordinates":[[[-58.74484135,-35.02668141],[-58.74503819,-35.02666958],[-58.7452038,-35.02660105],[-58.74535228,-35.0264697],[-58.74546035,-35.02620857]]]},"geometry_name":"geom","properties":{"gid":2281,"rtn":"3","typ":40,"rst":1,"hct":1,"fdc":"Dirección Nacional de Vialidad","sag":"IGN"},"bbox":[-58.74546035,-35.02668141,-58.74484135,-35.02620857]},{"type":"Feature","id":"vial_nacional.2279","geometry":{"type":"MultiLineString","coordinates":[[[-58.7429678,-35.0275203],[-58.7438507,-35.0268746],[-58.7441028,-35.0267717],[-58.7444173,-35.0267112],[-58.7447234,-35.0266885],[-58.74484135,-35.02668141]]]},"geometry_name":"geom","properties":{"gid":2279,"rtn":"3","typ":40,"rst":1,"hct":1,"fdc":"Dirección Nacional de Vialidad","sag":"IGN"},"bbox":[-58.74484135,-35.0275203,-58.7429678,-35.02668141]},{"type":"Feature","id":"vial_nacional.2285","geometry":{"type":"MultiLineString","coordinates":[[[-58.7448518,-35.0253709],[-58.744667,-35.02537325],[-58.74451852,-35.02537325],[-58.74435862,-35.02542465],[-58.74423298,-35.0255046],[-58.744125,-35.02561037]]]},"geometry_name":"geom","properties":{"gid":2285,"rtn":"3","typ":40,"rst":1,"hct":1,"fdc":"Dirección Nacional de Vialidad","sag":"IGN"},"bbox":[-58.7448518,-35.02561037,-58.744125,-35.0253709]},{"type":"Feature","id":"vial_nacional.2259","geometry":{"type":"MultiLineString","coordinates":[[[-61.9115995,-35.8489829],[-61.9113164,-35.8489487],[-61.91092,-35.8488674],[-61.9104979,-35.848763],[-61.9085355,-35.8481519],[-61.9080234,-35.8479936],[-61.90547093,-35.8472086]]]},"geometry_name":"geom","properties":{"gid":2259,"rtn":"5","typ":40,"rst":1,"hct":1,"fdc":"Dirección Nacional de Vialidad","sag":"IGN"},"bbox":[-61.9115995,-35.8489829,-61.90547093,-35.8472086]},{"type":"Feature","id":"vial_nacional.2260","geometry":{"type":"MultiLineString","coordinates":[[[-61.90559251,-35.84710915],[-61.9057681,-35.8471622],[-61.9087357,-35.8480774],[-61.9113346,-35.8488757],[-61.9114203,-35.8489066],[-61.9115995,-35.8489829]]]},"geometry_name":"geom","properties":{"gid":2260,"rtn":"5","typ":40,"rst":1,"hct":1,"fdc":"Dirección Nacional de Vialidad","sag":"IGN"},"bbox":[-61.9115995,-35.8489829,-61.90559251,-35.84710915]},{"type":"Feature","id":"vial_nacional.2239","geometry":{"type":"MultiLineString","coordinates":[[[-67.49187333,-45.79492102],[-67.49184296,-45.79488871],[-67.49181827,-45.79485441],[-67.49179957,-45.79481857],[-67.49178711,-45.79478163],[-67.49178104,-45.79474408],[-67.49178143,-45.79470639],[-67.4917883,-45.79466904],[-67.49180153,-45.79463251],[-67.49182098,-45.79459726],[-67.49184639,-45.79456375],[-67.49187743,-45.79453241],[-67.49191371,-45.79450362],[-67.49195477,-45.79447777],[-67.49200008,-45.79445517],[-67.49204906,-45.79443613],[-67.49210109,-45.79442087],[-67.49213691,-45.79440938]]]},"geometry_name":"geom","properties":{"gid":2239,"rtn":"3","typ":40,"rst":1,"hct":1,"fdc":"Dirección Nacional de Vialidad","sag":"IGN"},"bbox":[-67.49213691,-45.79492102,-67.49178104,-45.79440938]},{"type":"Feature","id":"vial_nacional.2240","geometry":{"type":"MultiLineString","coordinates":[[[-67.49264898,-45.79449546],[-67.492694,-45.794536],[-67.4927318,-45.79457681],[-67.49275942,-45.79461559],[-67.49277937,-45.79465627],[-67.49279132,-45.79469822],[-67.49279508,-45.79474073],[-67.49279058,-45.79478311],[-67.49277791,-45.79482469],[-67.49275726,-45.79486477],[-67.49273695,-45.79489357],[-67.49270321,-45.79492952],[-67.49266271,-45.79496227],[-67.49261612,-45.7949913],[-67.49256418,-45.79501612],[-67.49250124,-45.79504267],[-67.49244774,-45.79505163],[-67.49238512,-45.79506174],[-67.49232093,-45.7950665],[-67.4922562,-45.79506584],[-67.49219198,-45.79505976],[-67.49212932,-45.79504837],[-67.49206925,-45.79503185],[-67.49201273,-45.79501047],[-67.49196068,-45.79498458],[-67.49191397,-45.7949546],[-67.49187333,-45.79492102]]]},"geometry_name":"geom","properties":{"gid":2240,"rtn":"3","typ":40,"rst":1,"hct":1,"fdc":"Dirección Nacional de Vialidad","sag":"IGN"},"bbox":[-67.49279508,-45.7950665,-67.49187333,-45.79449546]},{"type":"Feature","id":"vial_nacional.2351","geometry":{"type":"MultiLineString","coordinates":[[[-60.69935748,-32.87116296],[-60.6993243,-32.8712778],[-60.6993048,-32.8713476],[-60.69913295,-32.8718534],[-60.69899461,-32.87224941]]]},"geometry_name":"geom","properties":{"gid":2351,"rtn":"11","typ":40,"rst":1,"hct":1,"fdc":"Dirección Nacional de Vialidad","sag":"IGN"},"bbox":[-60.69935748,-32.87224941,-60.69899461,-32.87116296]},{"type":"Feature","id":"vial_nacional.2361","geometry":{"type":"MultiLineString","coordinates":[[[-60.40357142,-31.76989278],[-60.40361262,-31.76981093],[-60.40366211,-31.7697148],[-60.40369257,-31.7696634],[-60.40372778,-31.76961676],[-60.40376395,-31.76957298],[-60.40380869,-31.76953396],[-60.40386008,-31.7695035],[-60.40391243,-31.769474],[-60.40396478,-31.76945496],[-60.40403711,-31.76943688],[-60.40410088,-31.76942831],[-60.40416751,-31.76941974],[-60.4042408,-31.7694207],[-60.40431504,-31.76942641],[-60.40438356,-31.76943688],[-60.40445875,-31.76945115],[-60.40457868,-31.76947876],[-60.40471878,-31.76952173]]]},"geometry_name":"geom","properties":{"gid":2361,"rtn":"18","typ":40,"rst":1,"hct":1,"fdc":"Dirección Nacional de Vialidad","sag":"IGN"},"bbox":[-60.40471878,-31.76989278,-60.40357142,-31.76941974]},{"type":"Feature","id":"vial_nacional.2362","geometry":{"type":"MultiLineString","coordinates":[[[-61.52710155,-31.53256511],[-61.52710161,-31.53256528],[-61.527127,-31.5327122],[-61.5272801,-31.5333437],[-61.5272921,-31.5335927],[-61.527191,-31.5333544],[-61.5269991,-31.5327384],[-61.52696127,-31.53259151],[-61.52696121,-31.53259127]]]},"geometry_name":"geom","properties":{"gid":2362,"rtn":"34","typ":40,"rst":1,"hct":1,"fdc":"Dirección Nacional de Vialidad","sag":"IGN"},"bbox":[-61.5272921,-31.5335927,-61.52696121,-31.53256511]},{"type":"Feature","id":"vial_nacional.2363","geometry":{"type":"MultiLineString","coordinates":[[[-61.52696121,-31.53259127],[-61.52693156,-31.53247612]]]},"geometry_name":"geom","properties":{"gid":2363,"rtn":"34","typ":40,"rst":1,"hct":1,"fdc":"Dirección Nacional de Vialidad","sag":"IGN"},"bbox":[-61.52696121,-31.53259127,-61.52693156,-31.53247612]},{"type":"Feature","id":"vial_nacional.2364","geometry":{"type":"MultiLineString","coordinates":[[[-61.52705978,-31.53245317],[-61.52710155,-31.53256511]]]},"geometry_name":"geom","properties":{"gid":2364,"rtn":"34","typ":40,"rst":1,"hct":1,"fdc":"Dirección Nacional de Vialidad","sag":"IGN"},"bbox":[-61.52710155,-31.53256511,-61.52705978,-31.53245317]},{"type":"Feature","id":"vial_nacional.2435","geometry":{"type":"MultiLineString","coordinates":[[[-64.977313,-24.3769235],[-64.9766452,-24.3750902],[-64.9765237,-24.3748179],[-64.9758904,-24.3730748],[-64.97566164,-24.37241175]]]},"geometry_name":"geom","properties":{"gid":2435,"rtn":"34","typ":40,"rst":1,"hct":1,"fdc":"Dirección Nacional de Vialidad","sag":"IGN"},"bbox":[-64.977313,-24.3769235,-64.97566164,-24.37241175]},{"type":"Feature","id":"vial_nacional.2420","geometry":{"type":"MultiLineString","coordinates":[[[-64.94873196,-25.7851297],[-64.94874884,-25.78509998],[-64.94876406,-25.78506267],[-64.94877615,-25.78501591]]]},"geometry_name":"geom","properties":{"gid":2420,"rtn":"34","typ":40,"rst":1,"hct":1,"fdc":"Dirección Nacional de Vialidad","sag":"IGN"},"bbox":[-64.94877615,-25.7851297,-64.94873196,-25.78501591]},{"type":"Feature","id":"vial_nacional.2430","geometry":{"type":"MultiLineString","coordinates":[[[-65.02977876,-24.73823375],[-65.03004012,-24.73845347],[-65.03023999,-24.73862003],[-65.03033993,-24.73876756],[-65.03042083,-24.73893888],[-65.0304589,-24.73909593],[-65.03047794,-24.73926249],[-65.03044938,-24.73943381],[-65.03039228,-24.73964796],[-65.03026854,-24.73985735],[-65.03013187,-24.74005834]]]},"geometry_name":"geom","properties":{"gid":2430,"rtn":"34","typ":40,"rst":1,"hct":1,"fdc":"Dirección Nacional de Vialidad","sag":"IGN"},"bbox":[-65.03047794,-24.74005834,-65.02977876,-24.73823375]},{"type":"Feature","id":"vial_nacional.2441","geometry":{"type":"MultiLineString","coordinates":[[[-65.0031422,-40.7120992],[-65.00321728,-40.71213341],[-65.00332692,-40.71219737],[-65.00348835,-40.71231767],[-65.0038423,-40.7125781],[-65.004142,-40.7127577],[-65.004312,-40.7128173],[-65.0044857,-40.7128735],[-65.0047251,-40.712923],[-65.0049021,-40.7129799],[-65.0055468,-40.7132957],[-65.0058009,-40.7134498]]]},"geometry_name":"geom","properties":{"gid":2441,"rtn":"3","typ":40,"rst":1,"hct":1,"fdc":"Dirección Nacional de Vialidad","sag":"IGN"},"bbox":[-65.0058009,-40.7134498,-65.0031422,-40.7120992]},{"type":"Feature","id":"vial_nacional.2442","geometry":{"type":"MultiLineString","coordinates":[[[-65.00199227,-40.71222152],[-65.00210559,-40.71215473],[-65.00228681,-40.71206945],[-65.00246651,-40.71201767],[-65.00263707,-40.71200092],[-65.0027787,-40.71200396],[-65.00288682,-40.71201767],[-65.00299646,-40.71204813],[-65.0031422,-40.7120992]]]},"geometry_name":"geom","properties":{"gid":2442,"rtn":"3","typ":40,"rst":1,"hct":1,"fdc":"Dirección Nacional de Vialidad","sag":"IGN"},"bbox":[-65.0031422,-40.71222152,-65.00199227,-40.71200092]},{"type":"Feature","id":"vial_nacional.2463","geometry":{"type":"MultiLineString","coordinates":[[[-60.70195547,-35.35964861],[-60.7022949,-35.3599122],[-60.7027894,-35.3603253],[-60.7028501,-35.360376],[-60.7028944,-35.3604122],[-60.7029373,-35.3604489],[-60.703383,-35.3608205],[-60.7037916,-35.3612604],[-60.7032872,-35.36087],[-60.7028682,-35.3605014],[-60.7028256,-35.3604643],[-60.7027827,-35.3604272],[-60.7027224,-35.3603768],[-60.7022365,-35.3599712],[-60.7021646,-35.359902],[-60.7021163,-35.3598473],[-60.7020654,-35.3597904],[-60.7020305,-35.3597467],[-60.7019929,-35.3597018],[-60.70195547,-35.35964861]]]},"geometry_name":"geom","properties":{"gid":2463,"rtn":"5","typ":40,"rst":1,"hct":1,"fdc":"Dirección Nacional de Vialidad","sag":"IGN"},"bbox":[-60.7037916,-35.3612604,-60.70195547,-35.35964861]},{"type":"Feature","id":"vial_nacional.2453","geometry":{"type":"MultiLineString","coordinates":[[[-58.42170889,-31.55221442],[-58.421633,-31.5521753],[-58.4215779,-31.5521441],[-58.4215483,-31.5521216],[-58.4215187,-31.5521008],[-58.4214731,-31.5520757],[-58.4214235,-31.552048],[-58.4213728,-31.5520261],[-58.4213098,-31.5520041],[-58.4212382,-31.551987],[-58.4211625,-31.5519733],[-58.4145769,-31.5508003],[-58.4139764,-31.550674],[-58.4134061,-31.5505453],[-58.4127659,-31.5503722],[-58.4112033,-31.5499218],[-58.4107942,-31.549813],[-58.4103821,-31.54972],[-58.4090495,-31.5494876],[-58.4070454,-31.5491381],[-58.4065597,-31.5490629],[-58.4060374,-31.5489951],[-58.4054605,-31.5489451],[-58.4047432,-31.5488925],[-58.4040773,-31.5488494],[-58.4034851,-31.5487883],[-58.4028668,-31.5486987],[-58.4022665,-31.5486008],[-58.4008049,-31.5483332],[-58.399245,-31.5480475],[-58.3978769,-31.547797],[-58.3970827,-31.5476476],[-58.3964182,-31.5475064],[-58.3959026,-31.5473837],[-58.3952395,-31.5472027],[-58.3940259,-31.5468465],[-58.3934291,-31.546685],[-58.3927162,-31.5465287],[-58.3885136,-31.545778],[-58.3877081,-31.5456341],[-58.387227,-31.545558],[-58.3868319,-31.5455014],[-58.38645,-31.5454609],[-58.38547,-31.5453934],[-58.3844333,-31.5453381],[-58.383876,-31.545294],[-58.3833524,-31.5452389],[-58.3827609,-31.5451553],[-58.3820537,-31.5450416],[-58.3686144,-31.5426416],[-58.3684167,-31.5426104],[-58.3553539,-31.5402612],[-58.3547577,-31.5401533],[-58.3542535,-31.5400439],[-58.3537394,-31.5399133],[-58.3532472,-31.5397722],[-58.3526029,-31.5395744],[-58.3513015,-31.5391865],[-58.3506307,-31.5390166],[-58.3500698,-31.5388983],[-58.3490481,-31.5387137],[-58.3464433,-31.5382529],[-58.3456349,-31.538097],[-58.3451699,-31.5380257],[-58.3447695,-31.5379698],[-58.3443356,-31.537914],[-58.3439424,-31.5378772],[-58.343498,-31.5378457],[-58.3423052,-31.5377766],[-58.341795,-31.5377464],[-58.3413626,-31.5377108],[-58.3409828,-31.5376613],[-58.3405685,-31.5376059],[-58.3398511,-31.5374827],[-58.3262306,-31.5350443],[-58.3185247,-31.5336603],[-58.3108488,-31.5322751],[-58.3105542,-31.5322069],[-58.3102766,-31.532135],[-58.3096487,-31.5319427],[-58.3090858,-31.5317722],[-58.3086031,-31.5316212],[-58.3080337,-31.5314369],[-58.3074152,-31.5312702],[-58.3069076,-31.5311519],[-58.3065464,-31.5310724],[-58.3061358,-31.5309971],[-58.3055343,-31.530902],[-58.3054025,-31.530878],[-58.3028416,-31.5304121],[-58.3023306,-31.5303191],[-58.3018632,-31.5302377],[-58.3014916,-31.5301798],[-58.301201,-31.5301372],[-58.3008577,-31.5300911],[-58.3005668,-31.5300582],[-58.3002697,-31.5300301],[-58.2999659,-31.5300115],[-58.2995278,-31.529993],[-58.2991225,-31.5299749],[-58.2987907,-31.5299527],[-58.2983349,-31.5299125],[-58.2978004,-31.529864],[-58.2974554,-31.5298303],[-58.2970782,-31.5297815],[-58.2967561,-31.5297355],[-58.2963769,-31.5296925],[-58.2580536,-31.5227704],[-58.2576466,-31.5226837],[-58.2572922,-31.5225991],[-58.256919,-31.5225058],[-58.2565971,-31.5224174],[-58.2562113,-31.5223046],[-58.2557152,-31.5221454],[-58.2552525,-31.5219978],[-58.2547888,-31.5218496],[-58.2543636,-31.5217278],[-58.2539696,-31.5216285],[-58.2535814,-31.5215384],[-58.253123,-31.5214523],[-58.2525025,-31.5213431],[-58.2522476,-31.5213013],[-58.2474828,-31.520439],[-58.2462853,-31.5202144],[-58.2459736,-31.5201558],[-58.2455345,-31.520073],[-58.245281,-31.52003],[-58.2449807,-31.5199832],[-58.2445918,-31.5199303],[-58.2442854,-31.5198982],[-58.2439159,-31.5198587],[-58.2433641,-31.5198172],[-58.2421712,-31.5197487],[-58.241641,-31.5197113],[-58.2413089,-31.5196761],[-58.2409822,-31.5196358],[-58.2406528,-31.5195907],[-58.24039,-31.5195499],[-58.2401106,-31.5194956],[-58.2398279,-31.5194456],[-58.2340852,-31.5184063],[-58.2283415,-31.5173719],[-58.2168456,-31.5152776],[-58.193865,-31.5110941],[-58.1932889,-31.5109956],[-58.1930075,-31.5109536],[-58.1927447,-31.5109171],[-58.1924872,-31.5108908],[-58.192223,-31.5108759],[-58.1919467,-31.5108713],[-58.1916731,-31.510877],[-58.1913995,-31.510893],[-58.1911394,-31.5109205],[-58.1908698,-31.5109605],[-58.1906137,-31.5110074],[-58.1903562,-31.5110657],[-58.1901201,-31.5111297],[-58.1898948,-31.5111983],[-58.1887361,-31.511571],[-58.1858707,-31.51241395]]]},"geometry_name":"geom","properties":{"gid":2453,"rtn":"18","typ":47,"rst":1,"hct":1,"fdc":"Dirección Nacional de Vialidad","sag":"IGN"},"bbox":[-58.42170889,-31.55221442,-58.1858707,-31.5108713]},{"type":"Feature","id":"vial_nacional.2454","geometry":{"type":"MultiLineString","coordinates":[[[-58.18589143,-31.51250832],[-58.1887643,-31.5116396],[-58.1899933,-31.5112522],[-58.1901389,-31.5112063],[-58.1903924,-31.5111389],[-58.1906365,-31.5110817],[-58.1908939,-31.5110337],[-58.1911608,-31.5109948],[-58.1914518,-31.5109662],[-58.1916919,-31.5109548],[-58.191944,-31.5109514],[-58.1922082,-31.5109594],[-58.1924764,-31.5109708],[-58.1927366,-31.5109959],[-58.1929847,-31.5110302],[-58.1932564,-31.5110727],[-58.193841,-31.5111814],[-58.2199963,-31.51594],[-58.2330825,-31.5183102],[-58.2461541,-31.5207073],[-58.249084,-31.5212141],[-58.2506169,-31.521506],[-58.2521018,-31.5217704],[-58.2583464,-31.5228974],[-58.2757702,-31.5260417],[-58.289207,-31.5284797],[-58.3026606,-31.5308736],[-58.3052793,-31.5313441],[-58.3104925,-31.5323158],[-58.3157167,-31.5332484],[-58.3261625,-31.5351168],[-58.3462142,-31.5387168],[-58.3488799,-31.5391851],[-58.3503321,-31.5394648],[-58.3517649,-31.5397188],[-58.3546628,-31.5402425],[-58.3606983,-31.5413025],[-58.3745417,-31.5437956],[-58.3883623,-31.5462619],[-58.3904888,-31.5466167],[-58.3980579,-31.5480066],[-58.3982256,-31.5480378],[-58.3992312,-31.5482247],[-58.3997993,-31.5483303],[-58.4020693,-31.5487507],[-58.4026576,-31.5488596],[-58.4088479,-31.5499515],[-58.4139943,-31.5508592],[-58.42170889,-31.55221442]]]},"geometry_name":"geom","properties":{"gid":2454,"rtn":"18","typ":47,"rst":1,"hct":1,"fdc":"Dirección Nacional de Vialidad","sag":"IGN"},"bbox":[-58.42170889,-31.55221442,-58.18589143,-31.5109514]},{"type":"Feature","id":"vial_nacional.2456","geometry":{"type":"MultiLineString","coordinates":[[[-62.70243105,-38.8226181],[-62.7022735,-38.8226123],[-62.7021997,-38.8226092],[-62.7021139,-38.8226082],[-62.7020179,-38.8226161],[-62.7019682,-38.8226234],[-62.7019111,-38.8226362],[-62.7018528,-38.8226608],[-62.7017555,-38.8226802],[-62.7016551,-38.8226768],[-62.7015603,-38.8226508],[-62.7014793,-38.8226046],[-62.701419,-38.822542],[-62.7013851,-38.8224704],[-62.7013786,-38.8223942],[-62.7013924,-38.8222947],[-62.7013857,-38.8222289],[-62.7013584,-38.8221408],[-62.7013186,-38.8220544],[-62.7012638,-38.8219688],[-62.7011738,-38.8218496],[-62.701336,-38.8219729],[-62.7014157,-38.8220357],[-62.7014928,-38.8220789],[-62.7015698,-38.8221101],[-62.7016222,-38.8221269],[-62.7016734,-38.8221394],[-62.7017198,-38.822148],[-62.7018208,-38.8221598],[-62.7019128,-38.8221942],[-62.7019877,-38.8222483],[-62.7020388,-38.8223172],[-62.7020951,-38.8223898],[-62.7021756,-38.8224587],[-62.702362,-38.8225726],[-62.70243105,-38.8226181]]]},"geometry_name":"geom","properties":{"gid":2456,"rtn":"22","typ":40,"rst":1,"hct":1,"fdc":"Dirección Nacional de Vialidad","sag":"IGN"},"bbox":[-62.70243105,-38.8226802,-62.7011738,-38.8218496]},{"type":"Feature","id":"vial_nacional.2459","geometry":{"type":"MultiLineString","coordinates":[[[-62.68031197,-39.58951801],[-62.6802506,-39.5889458],[-62.6802314,-39.5884547],[-62.6802235,-39.5882646],[-62.6802039,-39.5877923],[-62.6801954,-39.5876997],[-62.6801588,-39.5870301],[-62.6801556,-39.5869908],[-62.6802236,-39.5864029],[-62.6802656,-39.5869713],[-62.68027,-39.5870272],[-62.6802936,-39.5873238],[-62.6803017,-39.5874835],[-62.6803229,-39.5877922],[-62.6803207,-39.5883168],[-62.6803205,-39.5883521],[-62.68031197,-39.58951801]]]},"geometry_name":"geom","properties":{"gid":2459,"rtn":"3","typ":40,"rst":1,"hct":1,"fdc":"Dirección Nacional de Vialidad","sag":"IGN"},"bbox":[-62.6803229,-39.58951801,-62.6801556,-39.5864029]},{"type":"Feature","id":"vial_nacional.2460","geometry":{"type":"MultiLineString","coordinates":[[[-60.78318515,-32.85117895],[-60.7830351,-32.8514309],[-60.7828031,-32.851856],[-60.7826952,-32.8520567],[-60.7820986,-32.8534437],[-60.7814621,-32.8548322],[-60.7813506,-32.8550405],[-60.7810327,-32.8555436],[-60.7813934,-32.85481],[-60.7815428,-32.8544741],[-60.7816736,-32.8541359],[-60.78173,-32.8539995],[-60.7820229,-32.8532912],[-60.7820431,-32.8532387],[-60.7822689,-32.8527214],[-60.7824575,-32.8523039],[-60.7825995,-32.8520337],[-60.7829341,-32.8515035],[-60.783036,-32.8513466],[-60.78318515,-32.85117895]]]},"geometry_name":"geom","properties":{"gid":2460,"rtn":"34","typ":40,"rst":1,"hct":1,"fdc":"Dirección Nacional de Vialidad","sag":"IGN"},"bbox":[-60.78318515,-32.8555436,-60.7810327,-32.85117895]},{"type":"Feature","id":"vial_nacional.2470","geometry":{"type":"MultiLineString","coordinates":[[[-62.74916283,-36.01438707],[-62.74914572,-36.014346],[-62.7491084,-36.01428434],[-62.74905933,-36.0142046],[-62.7490007,-36.01413531],[-62.74893598,-36.01409496],[-62.74886669,-36.01406831],[-62.74878023,-36.01404904],[-62.7486946,-36.01403404],[-62.74859749,-36.01403001],[-62.74839857,-36.01405187]]]},"geometry_name":"geom","properties":{"gid":2470,"rtn":"5","typ":40,"rst":1,"hct":1,"fdc":"Dirección Nacional de Vialidad","sag":"IGN"},"bbox":[-62.74916283,-36.01438707,-62.74839857,-36.01403001]},{"type":"Feature","id":"vial_nacional.2475","geometry":{"type":"MultiLineString","coordinates":[[[-59.0545834,-34.5698502],[-59.0550429,-34.5696959],[-59.0557692,-34.5694521],[-59.0559751,-34.5693759],[-59.0561428,-34.5692972],[-59.0562904,-34.5692198],[-59.0563902,-34.569163],[-59.056495,-34.5691033],[-59.0567611,-34.568931],[-59.0575393,-34.568392],[-59.0584345,-34.5678046],[-59.0585312,-34.5677523],[-59.0586792,-34.5676722],[-59.0589543,-34.5675498],[-59.0590211,-34.5675264],[-59.0591873,-34.567468],[-59.0594446,-34.5673929],[-59.0597433,-34.5673357],[-59.0600664,-34.5673001],[-59.0603086,-34.5672906],[-59.0605304,-34.5672945],[-59.0607191,-34.5673057],[-59.0609038,-34.5673235],[-59.0610942,-34.567356],[-59.0612725,-34.5673985],[-59.0614967,-34.5674669],[-59.0617047,-34.567542],[-59.0621459,-34.5677359],[-59.062509,-34.5679056],[-59.06282843,-34.56806048]]]},"geometry_name":"geom","properties":{"gid":2475,"rtn":"5","typ":41,"rst":1,"hct":1,"fdc":"Dirección Nacional de Vialidad","sag":"IGN"},"bbox":[-59.06282843,-34.5698502,-59.0545834,-34.5672906]},{"type":"Feature","id":"vial_nacional.2603","geometry":{"type":"MultiLineString","coordinates":[[[-59.00165591,-27.4115983],[-59.00165591,-27.41178126],[-59.00167875,-27.41205537],[-59.00176251,-27.41227619],[-59.00187672,-27.4124437],[-59.00202779,-27.41259318]]]},"geometry_name":"geom","properties":{"gid":2603,"rtn":"11","typ":40,"rst":1,"hct":1,"fdc":"Dirección Nacional de Vialidad","sag":"IGN"},"bbox":[-59.00202779,-27.41259318,-59.00165591,-27.4115983]},{"type":"Feature","id":"vial_nacional.2556","geometry":{"type":"MultiLineString","coordinates":[[[-60.73183481,-31.66345829],[-60.73192626,-31.66348286]]]},"geometry_name":"geom","properties":{"gid":2556,"rtn":"11","typ":41,"rst":1,"hct":1,"fdc":"Dirección Nacional de Vialidad","sag":"IGN"},"bbox":[-60.73192626,-31.66348286,-60.73183481,-31.66345829]},{"type":"Feature","id":"vial_nacional.2601","geometry":{"type":"MultiLineString","coordinates":[[[-59.00202779,-27.41259318],[-59.0022683,-27.4128334],[-59.0023488,-27.4129251],[-59.0024534,-27.4130447],[-59.002493,-27.4131025],[-59.0025815,-27.4132394],[-59.0026457,-27.4133442],[-59.0027084,-27.4134651],[-59.0028795,-27.4137974],[-59.0027498,-27.4132691],[-59.0027357,-27.413165],[-59.0027263,-27.413081],[-59.0027189,-27.4130102],[-59.002715,-27.4129022],[-59.0027129,-27.4127828],[-59.0027149,-27.4125947],[-59.00271056,-27.41240065]]]},"geometry_name":"geom","properties":{"gid":2601,"rtn":"11","typ":40,"rst":1,"hct":1,"fdc":"Dirección Nacional de Vialidad","sag":"IGN"},"bbox":[-59.0028795,-27.4137974,-59.00202779,-27.41240065]},{"type":"Feature","id":"vial_nacional.2605","geometry":{"type":"MultiLineString","coordinates":[[[-59.00271056,-27.41240065],[-59.00268384,-27.41205537],[-59.00262292,-27.41178126],[-59.00249348,-27.41156806],[-59.00227211,-27.41130901]]]},"geometry_name":"geom","properties":{"gid":2605,"rtn":"11","typ":40,"rst":1,"hct":1,"fdc":"Dirección Nacional de Vialidad","sag":"IGN"},"bbox":[-59.00271056,-27.41240065,-59.00227211,-27.41130901]},{"type":"Feature","id":"vial_nacional.2613","geometry":{"type":"MultiLineString","coordinates":[[[-67.49213691,-45.79440938],[-67.49219214,-45.79440459],[-67.49224136,-45.79440055],[-67.49228188,-45.79439953],[-67.49235896,-45.79440361],[-67.49242235,-45.79441295],[-67.49248354,-45.7944275],[-67.49254156,-45.79444703],[-67.49259544,-45.79447122],[-67.49264898,-45.79449546]]]},"geometry_name":"geom","properties":{"gid":2613,"rtn":"3","typ":40,"rst":1,"hct":1,"fdc":"Dirección Nacional de Vialidad","sag":"IGN"},"bbox":[-67.49264898,-45.79449546,-67.49213691,-45.79439953]},{"type":"Feature","id":"vial_nacional.2614","geometry":{"type":"MultiLineString","coordinates":[[[-63.47970632,-40.69152769],[-63.47969475,-40.6915813],[-63.47969073,-40.69160943],[-63.47968758,-40.69163881],[-63.47968725,-40.69168397],[-63.47969414,-40.69175063],[-63.47970306,-40.69179228],[-63.47971683,-40.69183301],[-63.47973818,-40.6918819],[-63.47975285,-40.69190811],[-63.47977692,-40.69194497],[-63.47980518,-40.69198135],[-63.47982487,-40.69200262],[-63.47985028,-40.6920281],[-63.47987887,-40.69205325],[-63.47992344,-40.69208648],[-63.4799937,-40.69212913],[-63.48004423,-40.69215372],[-63.48008383,-40.69217],[-63.48012146,-40.69218719]]]},"geometry_name":"geom","properties":{"gid":2614,"rtn":"3","typ":40,"rst":1,"hct":1,"fdc":"Dirección Nacional de Vialidad","sag":"IGN"},"bbox":[-63.48012146,-40.69218719,-63.47968725,-40.69152769]},{"type":"Feature","id":"vial_nacional.2615","geometry":{"type":"MultiLineString","coordinates":[[[-67.61395085,-39.03941155],[-67.61390727,-39.03938714],[-67.61386624,-39.03936324],[-67.61382655,-39.03933526],[-67.61379542,-39.03930676],[-67.61376743,-39.03927509],[-67.61374589,-39.03924065],[-67.61373106,-39.03920823],[-67.61372196,-39.03917165],[-67.61371946,-39.03912081],[-67.6137259,-39.03907746],[-67.61373901,-39.03903739],[-67.61375668,-39.03900125],[-67.61378315,-39.03896018],[-67.61381299,-39.03892368],[-67.61384951,-39.03888175]]]},"geometry_name":"geom","properties":{"gid":2615,"rtn":"22","typ":40,"rst":1,"hct":1,"fdc":"Dirección Nacional de Vialidad","sag":"IGN"},"bbox":[-67.61395085,-39.03941155,-67.61371946,-39.03888175]},{"type":"Feature","id":"vial_nacional.2628","geometry":{"type":"MultiLineString","coordinates":[[[-64.21551391,-23.30736103],[-64.21553894,-23.30738743],[-64.21558483,-23.30743768],[-64.21564366,-23.30751501],[-64.21572951,-23.30761732],[-64.21583154,-23.3077224],[-64.2160694,-23.307905]]]},"geometry_name":"geom","properties":{"gid":2628,"rtn":"34","typ":40,"rst":1,"hct":1,"fdc":"Dirección Nacional de Vialidad","sag":"IGN"},"bbox":[-64.2160694,-23.307905,-64.21551391,-23.30736103]},{"type":"Feature","id":"vial_nacional.2629","geometry":{"type":"MultiLineString","coordinates":[[[-64.21515263,-23.30738832],[-64.21519156,-23.30736748],[-64.21526532,-23.30733655],[-64.21532957,-23.30732941],[-64.21543189,-23.30733655],[-64.21547485,-23.30734632],[-64.21551391,-23.30736103]]]},"geometry_name":"geom","properties":{"gid":2629,"rtn":"34","typ":40,"rst":1,"hct":1,"fdc":"Dirección Nacional de Vialidad","sag":"IGN"},"bbox":[-64.21551391,-23.30738832,-64.21515263,-23.30732941]},{"type":"Feature","id":"vial_nacional.2678","geometry":{"type":"MultiLineString","coordinates":[[[-62.74802436,-36.0146442],[-62.74808778,-36.01474118],[-62.74815821,-36.01481161],[-62.74822483,-36.01487443],[-62.74831049,-36.01491631],[-62.74840187,-36.01495438],[-62.74849514,-36.0149658],[-62.74859793,-36.0149677],[-62.7487247,-36.0149614]]]},"geometry_name":"geom","properties":{"gid":2678,"rtn":"5","typ":40,"rst":1,"hct":1,"fdc":"Dirección Nacional de Vialidad","sag":"IGN"},"bbox":[-62.7487247,-36.0149677,-62.74802436,-36.0146442]},{"type":"Feature","id":"vial_nacional.2679","geometry":{"type":"MultiLineString","coordinates":[[[-62.74883357,-36.01494171],[-62.74890118,-36.01494012],[-62.7489701,-36.0149344],[-62.7490895,-36.0149441],[-62.7491968,-36.0149561],[-62.7493041,-36.0149767],[-62.7494181,-36.015006],[-62.7495146,-36.0150385],[-62.7496098,-36.0150786],[-62.7502902,-36.0153424]]]},"geometry_name":"geom","properties":{"gid":2679,"rtn":"5","typ":40,"rst":1,"hct":1,"fdc":"Dirección Nacional de Vialidad","sag":"IGN"},"bbox":[-62.7502902,-36.0153424,-62.74883357,-36.0149344]},{"type":"Feature","id":"vial_nacional.2724","geometry":{"type":"MultiLineString","coordinates":[[[-68.01878107,-38.94718156],[-68.01852511,-38.94698429],[-68.0172134,-38.94597335],[-68.01550726,-38.94473156],[-68.01457483,-38.94403209],[-68.0142275,-38.94380807],[-68.01418944,-38.94378649],[-68.01355882,-38.94342891],[-68.01328682,-38.94330543],[-68.01289834,-38.94319008],[-68.01240608,-38.94309271],[-68.01200565,-38.94305578],[-68.01172877,-38.94303023],[-68.0114969,-38.94299161],[-68.01130454,-38.94292321],[-68.01121211,-38.94287371],[-68.011111,-38.94280318],[-68.01102809,-38.94270747],[-68.01098106,-38.94265318],[-68.01089286,-38.94258231],[-68.01075757,-38.94251976],[-68.01060627,-38.94249885],[-68.01052662,-38.94251037],[-68.0104709,-38.94251842],[-68.01043609,-38.94253688],[-68.01036057,-38.94257693],[-68.01026746,-38.94265313],[-68.01019874,-38.94274164],[-68.01015744,-38.94284632],[-68.01007287,-38.9429778],[-68.00987415,-38.94320016],[-68.0091701,-38.9435989],[-68.0095718,-38.9434638],[-68.0097537,-38.9434021],[-68.0099031,-38.9433563],[-68.0100566,-38.9433144],[-68.0101897,-38.9432844],[-68.0103645,-38.9432504],[-68.0105998,-38.9432083],[-68.01073328,-38.94319156],[-68.01101937,-38.94316635],[-68.01126294,-38.94315945],[-68.01158728,-38.94316562],[-68.01185968,-38.94318609],[-68.01192038,-38.94319065],[-68.01242041,-38.94328779],[-68.01281344,-38.94338746],[-68.0131441,-38.94349784],[-68.01345392,-38.94362728],[-68.013747,-38.94378176],[-68.01407507,-38.94399621],[-68.01440754,-38.94426183],[-68.01522947,-38.94494174],[-68.01691779,-38.94636846],[-68.0184414,-38.94746981]]]},"geometry_name":"geom","properties":{"gid":2724,"rtn":"22","typ":47,"rst":1,"hct":1,"fdc":"Dirección Nacional de Vialidad","sag":"IGN"},"bbox":[-68.01878107,-38.94746981,-68.0091701,-38.94249885]},{"type":"Feature","id":"vial_nacional.2725","geometry":{"type":"MultiLineString","coordinates":[[[-68.24315924,-38.95578802],[-68.2433773,-38.95575269],[-68.24406198,-38.95565648],[-68.24485782,-38.9555949],[-68.24550528,-38.95557216],[-68.24611507,-38.9555716],[-68.24890142,-38.95555731],[-68.24982319,-38.95553728],[-68.25056615,-38.95552953],[-68.25133371,-38.95552185],[-68.25268127,-38.95549999],[-68.25428497,-38.95548516],[-68.26035317,-38.95547669],[-68.26728921,-38.9554239],[-68.2727775,-38.95536282],[-68.28636164,-38.95531341],[-68.28778758,-38.95539606],[-68.28870849,-38.95547643],[-68.28976379,-38.95559003],[-68.2906503,-38.95572344],[-68.29165088,-38.95588687],[-68.29279577,-38.95609542],[-68.2936928,-38.95629845],[-68.29537254,-38.95670709],[-68.29899485,-38.95754624],[-68.30331606,-38.95856568],[-68.30895048,-38.95987305],[-68.31472428,-38.9612054],[-68.31556375,-38.96141572],[-68.31644186,-38.9616615],[-68.31732615,-38.96194682],[-68.31815039,-38.96224008],[-68.31913246,-38.96263564],[-68.32011942,-38.96309299],[-68.32435656,-38.96516552],[-68.32566088,-38.96583875],[-68.32661927,-38.96629783],[-68.32702949,-38.96651239],[-68.32740471,-38.96675535],[-68.32770814,-38.9669805],[-68.32804905,-38.96729152],[-68.32832242,-38.96752739],[-68.32870082,-38.96779571],[-68.32906043,-38.96800684],[-68.32979727,-38.96836197],[-68.33021585,-38.96851748],[-68.33070269,-38.96865543],[-68.33119769,-38.96875259],[-68.33159327,-38.96883681],[-68.33194518,-38.9689446],[-68.33233784,-38.96910045],[-68.33306512,-38.96945567],[-68.33477565,-38.97026341],[-68.33653018,-38.9711203],[-68.33927993,-38.97246323],[-68.34048209,-38.9730449],[-68.34129994,-38.97344062],[-68.34230186,-38.97388551],[-68.34312329,-38.97421621],[-68.34331569,-38.97429367],[-68.347385,-38.97581088],[-68.35102087,-38.97716308],[-68.3554751,-38.97881965],[-68.3559283,-38.978992],[-68.35603948,-38.97903094],[-68.35649142,-38.97919469]]]},"geometry_name":"geom","properties":{"gid":2725,"rtn":"22","typ":47,"rst":1,"hct":1,"fdc":"Dirección Nacional de Vialidad","sag":"IGN"},"bbox":[-68.35649142,-38.97919469,-68.24315924,-38.95531341]},{"type":"Feature","id":"vial_nacional.1936","geometry":{"type":"MultiLineString","coordinates":[[[-68.35649142,-38.97919469],[-68.3576524,-38.9796076],[-68.3600723,-38.9805496],[-68.3647262,-38.9822741],[-68.3670268,-38.9831345],[-68.3786655,-38.9874501],[-68.3794562,-38.9877519],[-68.3801982,-38.9880568],[-68.3809462,-38.9883728],[-68.381678,-38.9886825],[-68.3880236,-38.9914106],[-68.3956523,-38.9946493],[-68.4023315,-38.9975275],[-68.4049694,-38.9986642],[-68.405557,-38.9989174],[-68.4062109,-38.9991991],[-68.4095082,-39.0006199],[-68.4104249,-39.001018],[-68.410658,-39.0011149],[-68.4108806,-39.0012108],[-68.4110965,-39.0013077],[-68.4113112,-39.0014081],[-68.4115471,-39.0015235],[-68.4119334,-39.0017256],[-68.4120742,-39.0018059],[-68.4123384,-39.0019674],[-68.415159,-39.0037321],[-68.4161262,-39.0043455],[-68.4162528,-39.0044259],[-68.419523,-39.0064545],[-68.4198696,-39.00665],[-68.4202377,-39.0068425],[-68.4197847,-39.0064564],[-68.419433,-39.0062202],[-68.4191851,-39.0060697],[-68.4183639,-39.0055711],[-68.4173638,-39.0049721],[-68.4163803,-39.0043461],[-68.4151464,-39.0035003],[-68.4128995,-39.0021029],[-68.4121961,-39.0016791],[-68.4120456,-39.0015966],[-68.4117985,-39.0014612],[-68.4113879,-39.0012557],[-68.4108649,-39.0010296],[-68.4103677,-39.0008194],[-68.4062702,-38.9990603],[-68.4056565,-38.9987968],[-68.4050783,-38.9985488],[-68.3881384,-38.9912813],[-68.3805137,-38.9880196],[-68.3797369,-38.9876977],[-68.3789784,-38.9874014],[-68.3780126,-38.9870495],[-68.3740689,-38.9855671],[-68.3740399,-38.9855563],[-68.366619,-38.9828072],[-68.3632602,-38.9815628],[-68.3559986,-38.9788727],[-68.3555955,-38.9787254],[-68.3525451,-38.9775916],[-68.3507388,-38.9768956],[-68.3439508,-38.9743798],[-68.3434334,-38.9741805],[-68.3423984,-38.9737654],[-68.3418664,-38.9735386],[-68.3412866,-38.9732733],[-68.340581,-38.9729371],[-68.3371195,-38.9712494],[-68.33548441,-38.97048177],[-68.33492931,-38.97020877],[-68.33464958,-38.97008292],[-68.3336992,-38.96964394],[-68.33324128,-38.96943243],[-68.33312694,-38.96937962],[-68.33245474,-38.96906688],[-68.33239989,-38.96904136],[-68.33199866,-38.96888152],[-68.33160218,-38.96875756],[-68.33120066,-38.96867698],[-68.33072863,-38.96856196],[-68.33027961,-38.96843823],[-68.32982999,-38.96827675],[-68.3291106,-38.96793123],[-68.32875773,-38.96771246],[-68.32841886,-38.96747622],[-68.32813064,-38.96723474],[-68.32779567,-38.96692701],[-68.32746208,-38.96667707],[-68.32707199,-38.96641892],[-68.32668726,-38.96620533],[-68.32574247,-38.96573533],[-68.32439141,-38.96502372],[-68.32014536,-38.96295349],[-68.31915246,-38.9625021],[-68.31817039,-38.96210654],[-68.31734614,-38.96181328],[-68.31646186,-38.96152795],[-68.31558969,-38.96128679],[-68.31541796,-38.96124313],[-68.31474428,-38.96107185],[-68.30897813,-38.9597395],[-68.30334371,-38.95843213],[-68.29908376,-38.95743055],[-68.29882831,-38.95737137],[-68.29752442,-38.95706931],[-68.29546144,-38.9565914],[-68.2937128,-38.95618275],[-68.29286936,-38.95599759],[-68.29171213,-38.95578539],[-68.29082997,-38.95564189],[-68.29069327,-38.95561965],[-68.28980676,-38.95548624],[-68.28873615,-38.95537265],[-68.28781523,-38.95528632],[-68.2863842,-38.95518896],[-68.27278219,-38.9552888],[-68.26727093,-38.95534393],[-68.2625377,-38.95537979],[-68.26030427,-38.95539672],[-68.25430496,-38.95541114],[-68.2526094,-38.95541406],[-68.25133074,-38.95545973],[-68.25056615,-38.95546048],[-68.24981256,-38.9554805],[-68.24891719,-38.95546818],[-68.24612022,-38.95548247],[-68.24551808,-38.95548304],[-68.24487062,-38.95550578],[-68.24404416,-38.9555733],[-68.24336542,-38.95565432],[-68.24311397,-38.95570303]]]},"geometry_name":"geom","properties":{"gid":1936,"rtn":"22","typ":47,"rst":1,"hct":1,"fdc":"Dirección Nacional de Vialidad","sag":"IGN"},"bbox":[-68.4202377,-39.0068425,-68.24311397,-38.95518896]}],"totalFeatures":2738,"numberMatched":2738,"numberReturned":2738,"timeStamp":"2026-08-04T12:26:37.065Z","crs":{"type":"name","properties":{"name":"urn:ogc:def:crs:EPSG::4326"}},"bbox":[-72.29875047,-54.97216443,-53.64079772,-22.05302651]}